Country Name,Country Code,Year,Access to electricity (% of population),"Agriculture, forestry, and fishing, value added (% of GDP)",Current health expenditure (% of GDP),"Foreign direct investment, net inflows (% of GDP)",GDP growth (annual %),GDP per capita (current US$),"Government expenditure on education, total (% of GDP)",Individuals using the Internet (% of population),"Inflation, consumer prices (annual %)","Life expectancy at birth, total (years)",Poverty headcount ratio at $3.00 a day (2021 PPP) (% of population),"School enrollment, primary (% gross)","Unemployment, total (% of total labor force) (national estimate)",Urban population (% of total population)
Albania,ALB,2002,99.4,19.7639164696809,5.59802675,2.99003115858884,4.62839587394552,1479.83884572006,3.00253009796143,0.39008127343332,7.77052583431551,75.299,4.2,110.338920593262,4.615,43.1520419609419
Albania,ALB,2005,99.4,17.1247178955729,5.6621623,3.17899814544722,5.13082193056189,2741.72136549578,3.20023989677429,6.04389086404814,2.36658195679795,76.427,2.7,107.016143798828,6.566,45.9937666920583
Albania,ALB,2008,100.0,15.422100399492,5.44421673,9.40665320050491,6.90706230713707,4498.50486763601,4.62330484390259,23.86,3.32087090389275,78.248,0.8,100.383003234863,13.06,49.3850699230207
Albania,ALB,2012,99.9,17.5913685516371,6.08504725,7.49597513325321,0.984129880204108,4280.93316338873,3.29533986928598,49.40000153,2.03159268395296,78.084,1.8,102.067360891559,13.376,53.8637553661449
Albania,ALB,2014,100.0,19.2377589164282,6.35884142,8.64846635716115,2.24022695382642,4793.59751131525,3.18177734553254,54.29999924,1.62586504402614,78.029,3.7,105.770581813858,18.055,54.7325813178673
Albania,ALB,2015,100.0,18.7471602773412,6.38810158,8.62740636982337,2.2277040745779,4199.53912925398,3.41300010681152,56.90000153,1.89617402592356,78.358,1.1,105.688652991606,17.193,55.1579291374894
Albania,ALB,2016,99.9,19.167190753497,6.65018797,8.71147225448456,3.90893551362245,4457.63412207495,3.91997003555298,59.59999847,1.27543168367423,78.643,1.1,105.324777401077,15.418,55.5738734464276
Albania,ALB,2017,99.9,18.079078214296,6.50111914,7.71411336285186,3.28317593330073,5006.36012951959,3.54673004150391,62.40000153,1.98666133171194,78.9,1.4,105.414970908323,13.616,55.980276426546
Albania,ALB,2018,100.0,17.9155558179549,6.59002447,7.83109146132114,3.67141928098908,5897.65452588774,3.08201370407389,65.40000153,2.02805963071135,79.238,1.0,104.568015324639,12.304,56.377000259892
Albania,ALB,2019,100.0,18.1603973706713,6.78144073,7.70621465029911,2.06257790176122,6069.43903131027,3.8701798915863,68.5503911218006,1.41109078954242,79.467,0.3,102.58954115148,11.466,56.7639071287255
Albania,ALB,2020,100.0,18.8061378649169,7.46513748,7.01865154497786,-3.31375636888916,6027.91350716348,3.32505011558533,72.23767711,1.62088661717021,77.824,0.3,100.020970049835,11.639,57.1408592155544
Algeria,DZA,2011,99.0,7.08352512171367,4.82567501,1.17767329101171,2.99999999941909,5916.31364364343,9.12453448642892,14.89999962,4.5242115050527,74.383,0.0,112.733764527322,9.961,67.7344007507578
Angola,AGO,2008,38.5,7.81831803296579,2.97807598,1.69952793929117,10.7866360496581,4578.15526451058,4.62330484390259,1.899999976,12.4758291326398,55.281,22.1,113.292236328125,6.762,58.5851745819614
Angola,AGO,2018,45.3,13.1933917283997,2.29887486,-7.13330828809519,-0.506697543616156,2891.83032378747,2.18351298946275,29.0,19.6289379701521,62.622,39.3,101.2539710998535,6.762,65.8732136723372
Argentina,ARG,2002,96.1,10.2066467144411,7.33203077,2.19895819502207,-10.8944848285903,2569.69963519124,4.01734018325806,10.8821243775325,3.03924881090924,74.312,17.1,116.877983093262,19.59,89.5616701920513
Argentina,ARG,2003,96.3,10.328166939117,6.92670012,1.29481086883944,8.83704079576924,3320.47775133903,3.53504991531372,11.9136965509954,3.03924881090924,74.307,8.2,114.37532043457,15.4,89.752468256564
Argentina,ARG,2004,96.5,8.36248661319513,7.09477043,2.5050175164097,9.02957330068152,4242.02099089422,3.48652005195618,16.0366841054923,3.03924881090924,74.871,6.0,115.446090698242,13.522,89.9397208794212
Argentina,ARG,2005,96.7,7.9387542736316,7.73392439,2.64935441452167,8.85165992013437,5067.65342293276,3.86000990867615,17.7205833696065,3.03924881090924,75.231,4.4,114.580780029297,11.506,90.1233737736072
Argentina,ARG,2006,97.0,6.93557229395092,7.70940399,2.38106854489628,8.04715150043027,5869.38028970204,4.12821006774902,20.9272021035896,3.03924881090924,75.279,3.5,116.187850952148,10.078,90.3033726521064
Argentina,ARG,2007,97.2,7.45235394455624,7.86196613,2.25129423568361,9.00765087504757,7185.25155147027,4.46260976791382,25.9466329403819,3.03924881090924,74.783,2.8,117.236312866211,8.469,90.4796632279031
Argentina,ARG,2008,97.5,7.31895459702249,8.24087811,2.68990096507093,4.05723310346406,8944.1102657357,4.84438991546631,28.1126234799907,3.03924881090924,75.428,2.6,118.320129394531,7.837,90.6521912139817
Argentina,ARG,2009,97.8,5.27362346634198,9.56852913,1.20643922647566,-5.91852507634947,8150.23527028221,5.53105020523071,34.0,3.03924881090924,75.577,2.4,118.293312072754,8.645,90.8209023233265
Argentina,ARG,2010,98.8,7.13216744789716,9.4852438,2.67516171886535,10.1253981561002,10260.1313108254,5.01972007751465,45.0,3.03924881090924,75.68,1.5,118.128196716309,7.714,90.9930051940977
Argentina,ARG,2011,99.0,6.99873377085717,9.51042366,2.04465997872008,6.00395169280579,12704.2831819684,5.29063987731934,51.0,3.03924881090924,76.1,1.2,117.372833251953,7.18,91.1072286738406
Argentina,ARG,2012,99.1,5.78174420692637,9.8851881,2.80667189982932,-1.0264204544321,12949.717486654,5.3458399772644,55.79999924,3.03924881090924,75.802,1.3,116.43643951416,7.217,91.2041217246797
Argentina,ARG,2013,99.3,6.05291843703277,9.92091465,1.77920553648531,2.40532378079436,12963.675773326,5.43660020828247,59.90000153,3.03924881090924,75.829,1.1,114.421348571777,7.1,91.3014507719473
Argentina,ARG,2014,100.0,6.7127035133689,9.79773045,0.962406650325519,-2.51261532081394,12233.1444119186,5.36144018173218,64.69999695,3.03924881090924,76.268,1.1,113.873519897461,7.268,91.3975345472954
Argentina,ARG,2016,99.9,6.2645658204639,10.05355549,0.584748941173009,-2.08032784377811,12699.9623137756,5.54548978805542,70.9689808206024,3.03924881090924,76.105,1.3,111.654647827148,6.762,91.5856817228217
Argentina,ARG,2017,100.0,5.23162237679509,10.26057911,1.78936504083806,2.81850297775918,14532.5009308511,5.45432996749878,74.2949068657957,3.03924881090924,76.543,1.1,109.879669189453,8.347,91.6776028433824
Argentina,ARG,2018,100.0,4.53787889696835,10.17289257,2.23253157689253,-2.61739646282038,11752.7998922979,4.87773990631104,77.7,34.2772237131003,76.77,1.6,109.305458068848,9.22,91.7679941327998
Argentina,ARG,2019,100.0,5.31855599661392,10.11911297,1.48500687570697,-2.00086100285785,9955.97478680428,4.77165985107422,79.9469520347551,53.5483043492339,76.847,1.7,109.338218688965,9.843,91.8567844513802
Argentina,ARG,2020,100.0,6.35703367590492,10.67246342,1.26616924308721,-9.9004848136464,8535.59938004389,5.27689981460571,85.51438646,42.0150947376509,75.878,2.2,108.504623413086,11.461,91.9439026594897
Argentina,ARG,2021,100.0,7.29128249619051,11.00910187,1.36838083162438,10.4418119882506,10738.0179223384,4.65393018722534,87.15070683,48.4093786255199,73.948,1.4,108.139617919922,8.736,92.0292776175651
Argentina,ARG,2022,100.0,6.5415694049027,10.15950489,2.3984601182853,6.02074537534855,13962.1894087223,4.79263019561768,88.37535691,72.430757531824,75.806,1.3,106.759826660156,6.805,92.112838186126
Armenia,ARM,2002,98.0,4.98083656431146,7.61358786,4.65949974895044,13.1999999979356,742.651118319819,2.13504004478455,1.9604050458212,1.06004929341667,72.8268292682927,19.8,100.275489807129,10.781,64.7396211980252
Armenia,ARM,2003,99.1,4.98083656431146,7.17936182,4.37657009672654,14.0000000015501,882.030167695474,2.14505004882812,4.57521722477781,4.7215533660534,72.8268292682927,14.8,102.086128234863,6.762,64.6663537455064
Armenia,ARM,2004,99.1,4.98083656431146,6.05510139,6.90990201303095,10.4999999988202,1130.08791444158,2.48673009872436,4.8990085713054,6.96126135875795,73.0268292682927,10.3,102.151290893555,6.762,64.5972633621116
Armenia,ARM,2005,99.8,4.98083656431146,5.8618803,5.96010687349519,13.8999999991133,1557.48458908655,2.71202993392944,5.252999783,0.638928002410097,73.0756097560976,6.1,100.4091796875,6.762,64.5334210637509
Armenia,ARM,2006,99.1,4.98083656431146,5.85007095,7.30731450469503,13.1999999994661,2041.65267068997,2.71577000617981,5.631800175,2.89235662459004,72.8243902439025,4.5,103.896697998047,6.762,64.4758978663344
Armenia,ARM,2007,99.2,4.98083656431146,5.49814034,7.25233231640274,13.7000000015467,2962.70234594569,3.01893997192383,6.021299839,4.40736089644516,72.8731707317073,3.7,116.752250671387,28.373,64.4257647857723
Armenia,ARM,2008,99.2,4.98083656431146,6.63976622,8.09234920917782,6.90000000042959,3777.66859313767,3.17272996902466,6.21,8.94995335353387,73.0731707317073,2.0,117.701438903809,22.974,64.3840928379746
Armenia,ARM,2009,99.3,4.98083656431146,8.44377708,8.78869421378729,-14.1000000006998,2820.5926553347,3.84079003334045,15.30000019,3.40676682683801,73.0731707317073,3.1,113.782722473145,19.295,64.3519530388516
Armenia,ARM,2010,99.8,4.98083656431146,9.23538303,5.7160373406455,2.2000000002151,3041.34450723339,3.24900007247925,25.0,8.17636138473952,73.1731707317073,2.9,100.985866600546,19.523,64.3304164043132
Armenia,ARM,2011,99.5,4.98083656431146,9.37588882,6.44066805582743,4.69999999867412,3349.55309771906,3.14384007453919,32.0,7.65000807859294,73.8170731707317,3.1,98.334903726507,18.884,64.3207449145194
Armenia,ARM,2012,99.5,17.9126819526397,9.13455009,4.67672759828402,7.20000000096486,3511.56399687426,2.77248001098633,37.5,2.55802007757907,74.119512195122,2.5,97.0881274408756,17.511,64.3268379506998
Armenia,ARM,2013,99.4,18.4347628834968,10.32345009,3.11193185351156,3.3,3680.16692158886,2.65018010139465,41.9,5.78966778544651,74.6219512195122,2.9,95.8742927261572,16.576,64.3584061131466
Armenia,ARM,2014,99.7,18.0720363470662,10.17827892,3.50211415457343,3.60000000058993,3852.11800610384,2.24724006652832,54.6228058583362,2.98130868933672,74.8731707317073,3.4,94.4177603466209,17.498,64.4142934233291
Armenia,ARM,2015,100.0,17.2231200318056,10.11762714,1.74473701796819,3.19999999896625,3512.39350276709,2.80591011047363,59.1008337674937,3.73169119261693,74.8707317073171,2.9,93.088059144009,18.261,64.4929623431549
Armenia,ARM,2016,99.8,16.39047353385,9.95194912,3.16536727816995,0.199999999825991,3524.42476874707,2.75812005996704,64.3460297653742,-1.403607559009,74.8682926829268,2.5,93.1108003536782,17.617,64.5928753345316
Armenia,ARM,2017,99.7,14.9942601242776,10.36270332,2.19257337687685,7.50000000164144,3869.05373867752,2.70759010314941,64.7448843250726,0.969553268816138,75.2170731707317,2.4,93.0989957836376,17.704,64.7124948593667
Armenia,ARM,2018,99.9,13.9423116554146,10.00543404,2.14204783415544,5.19999999965324,4196.00562301769,2.11331180512289,68.2450522610271,2.52023382001638,75.619512195122,2.9,92.1345008167579,10.589,64.8502833795679
Armenia,ARM,2019,100.0,11.5256107379588,11.3798008,0.736345856475298,7.59999999853918,4597.22887399548,2.15984239839771,66.5439496866159,1.44344660770698,76.2219512195122,2.4,92.3228240527597,9.794,65.0047033570428
Armenia,ARM,2020,100.0,11.3498051554549,12.24056244,0.463408850763634,-7.19999999920631,4268.68093304583,2.70555996894836,76.50770055,1.21143577838465,73.3756097560976,1.5,92.8692618061259,8.055,65.174217253699
Armenia,ARM,2021,100.0,11.3435484176857,12.32268524,2.64014282794454,5.80000000065645,4685.17997128509,2.76784992218018,78.61225758,7.18483629443371,72.2780487804878,2.1,94.6392203828781,8.418,65.3572875314441
Armenia,ARM,2022,100.0,10.1467039255683,9.96211243,4.99991586140552,12.5999999997766,6571.97445545099,2.4918999671936,77.02767465,8.64091108973855,74.7658536585366,1.9,96.9454296559019,8.262,65.5624462874485
Australia,AUS,2003,100.0,2.88733584935682,7.87659502,1.9178050221833,3.0912800997751,23757.5898471684,4.62330484390259,55.2499968797194,2.73259754838937,80.2390243902439,1.1,102.854759216309,5.929,85.4097077818668
Australia,AUS,2004,100.0,3.05821916621123,8.08257675,6.96956991636737,4.21894147547516,30886.0500949401,4.62330484390259,55.2499968797194,2.34325687131265,80.490243902439,0.7,103.302062988281,5.395,85.518767609412
Australia,AUS,2008,100.0,2.35417910776003,8.24737453,4.26757732505596,3.62398503565633,49811.2067218988,4.62330484390259,71.67,4.35029726664093,81.3951219512195,0.5,105.24462890625,4.234,86.0253816967666
Australia,AUS,2010,100.0,2.21824837320556,8.4193306,3.08482804330762,2.21004795300735,52313.8939041213,4.62330484390259,76.0,2.9183370211222,81.6951219512195,0.5,105.488502502441,5.211,86.2198600512143
Australia,AUS,2014,100.0,2.22695769265967,9.82833862,4.28599049307814,2.60118978187332,62817.2061751737,4.62330484390259,84.0,2.48792932080492,82.3,0.6,105.461601257324,6.077,86.7221289343356
Australia,AUS,2016,100.0,2.41300232330254,10.08958244,3.54660341826144,2.75564065529868,50084.4440606385,4.62330484390259,86.54000092,1.27699365720306,82.4487804878049,0.5,101.180686950684,5.714,87.0166295249235
Australia,AUS,2018,100.0,2.47191752630847,10.08907509,4.23450805251819,2.87417039499501,57410.1737346009,4.62330484390259,90.0082016,1.91140002818579,82.7487804878049,0.6,100.398712158203,5.345,87.2267680845925
Australia,AUS,2020,100.0,2.01512715396535,10.70324135,1.34826011276187,-0.133531904304775,51983.4523666382,5.38625001907349,94.6934967,0.846900734607273,83.2,0.9,99.9011077880859,6.394,87.2713470458985
Austria,AUT,2003,100.0,1.4869307559019,9.69844246,2.37557550248335,1.14156504542775,32110.1159661425,5.39253997802734,42.7,1.35555370896445,78.6317073170732,0.4,102.384437561035,4.779,66.9263574955092
Austria,AUT,2004,100.0,1.4931762753994,9.81532383,1.0640170021225,2.56525534067859,36614.2506533707,5.34223985671997,54.28,2.0612061803287,79.1804878048781,0.1,102.736419677734,5.969,66.9558612872944
Austria,AUT,2005,100.0,1.28239498294254,9.71779728,25.8307026071969,2.32036514266782,38157.37022862,5.28515005111694,58.0,2.29913785639286,79.3317073170732,0.2,102.08748626709,5.682,66.9797950654143
Austria,AUT,2006,100.0,1.32751796800624,9.64073944,3.14473468828869,3.26933601506059,40382.2078298575,5.26367998123169,63.6,1.44154851119017,79.8804878048781,0.1,102.310897827148,5.32,67.0006968062814
Austria,AUT,2007,100.0,1.46196340335606,9.60482597,17.8058113461032,3.77522468729185,46622.9622913635,5.17918014526367,69.37,2.16855528800757,80.1804878048781,0.4,102.771659851074,4.909,67.0211044863084
Austria,AUT,2008,100.0,1.38504114785417,9.83415222,1.46799597032563,1.45330562142114,51581.3982361071,5.2985200881958,72.87,3.2159503323988,80.4317073170732,0.5,102.266273498535,4.198,67.0435560819078
Austria,AUT,2009,100.0,1.17655306368833,10.31152916,3.58137196898673,-3.58626472551299,47857.4446635266,5.76567983627319,73.45,0.506308827696504,80.3317073170732,0.7,101.361312866211,5.371,67.0705895694924
Austria,AUT,2010,100.0,1.29288595990855,10.31620026,-5.64539670207833,1.80898243043663,46611.1393420232,5.73625993728638,75.17,1.81353438995062,80.5804878048781,0.5,100.835540771484,4.883,67.1047429254747
Austria,AUT,2011,100.0,1.46130648071081,10.1370182,5.35812778038962,2.92746800169145,51116.8953522042,5.62787008285522,78.7399930986888,3.2865791487538,80.9829268292683,0.5,100.558326721191,4.637,67.1484255415056
Austria,AUT,2012,100.0,1.41768134316306,10.30198097,1.2830027920872,0.628246239479637,48250.4059142637,5.51612997055054,80.0299939169903,2.48567562177015,80.9365853658537,0.7,100.335113525391,4.909,67.2085909812279
Austria,AUT,2013,100.0,1.27784992108872,10.40574837,-0.302633479129545,-0.250726423318454,50305.3545774973,5.59404993057251,80.6188,2.00015616900597,81.1365853658537,0.3,100.746078491211,5.367,67.2981308784247
Austria,AUT,2014,100.0,1.27555801772568,10.51159096,0.389557041234778,0.755798850316665,51314.9722616322,5.49767017364502,80.9958249574764,1.60581182954474,81.490243902439,0.2,100.970321655273,5.674,67.4154327591781
Austria,AUT,2015,100.0,1.14362854172989,10.51688385,-1.80409511056007,1.30352331826198,43915.228020857,5.49143981933594,83.9401419315026,0.89656333526032,81.190243902439,0.7,101.104393005371,5.802,67.5576175537383
Austria,AUT,2016,100.0,1.14928264077268,10.51713753,-7.23989904197038,2.11721964494312,45061.4993920192,5.50954008102417,84.3237425711653,0.891591752655362,81.6414634146342,0.7,100.428077697754,6.064,67.7218061923556
Austria,AUT,2017,100.0,1.19990203076681,10.57132816,3.38180275607348,2.27224992038207,47163.7425775142,5.40181016921997,87.9355865856062,2.08126911385587,81.6439024390244,0.3,101.104568481445,5.561,67.9051196052802
Austria,AUT,2018,100.0,1.10911414021412,10.5157156,-6.15119207172195,2.48422114080024,51194.0749841299,5.25437021255493,87.4791372262556,1.99837981429549,81.6926829268293,0.6,101.370300292969,4.933,68.1046787227623
Austria,AUT,2019,100.0,1.04463413653499,10.62530422,-2.85255617561831,1.75497619649288,49885.9947355204,5.23678016662598,87.7522047870069,1.53089564152644,81.8951219512195,0.6,101.776290893555,4.56,68.3176044750522
Austria,AUT,2020,100.0,1.07138113272871,11.41292953,-2.76332070661681,-6.31825509209936,48716.4098900349,5.57961988449097,87.52942813,1.38191063351854,81.1926829268293,0.7,101.560852050781,5.201,68.5410177924001
Austria,AUT,2021,100.0,1.2152388657488,12.185215,3.95409878611296,4.92309171717903,53648.6437976214,5.48071002960205,92.52915104,2.7666666666667,81.190243902439,0.5,101.644119262695,6.459,68.773601700253
Austria,AUT,2022,100.0,1.34649596457301,11.22519779,3.0221599256451,5.33096379400371,52336.7725223758,5.27749013900757,93.61409139,8.54686993188458,81.2951219512195,0.6,100.77562713623,4.992,68.998085127906
Azerbaijan,AZE,2002,100.0,13.9546391752577,2.73097301,32.4654989629361,9.43891626906561,763.108895463487,3.15445995330811,4.99971367812957,2.7711647199827,66.769,0.2,98.3494262695312,10.037,51.2144165039062
Azerbaijan,AZE,2003,98.8,12.4256629119149,2.72699213,55.0728766554257,10.2082994004776,883.692580745256,3.28614997863769,55.2499968797194,2.23386492967049,67.036,0.2,96.2132415771484,9.166,51.7257995605469
Azerbaijan,AZE,2004,99.0,10.9880190382406,2.65944242,54.3650509070362,9.25380179728907,1045.0136328106,3.44770002365112,55.2499968797194,6.70893042797786,67.488,0.0,97.2613296508789,7.987,52.2831993103027
Azerbaijan,AZE,2005,99.1,9.14753443801158,2.22960997,33.7957978256418,27.9615381082131,1578.36733030667,2.97462010383606,8.030400276,9.6795073191705,67.71,0.0,95.526969909668,7.255,52.5028533935547
Bangladesh,BGD,2005,44.2,18.5710395455964,2.05873919,1.17065167448603,6.53594493875502,480.08585075452,4.62330484390259,0.241600007,7.04661816222039,65.509,32.3,96.386833190918,4.254,25.4769540701509
Bangladesh,BGD,2010,55.3,17.0011812592919,2.28807664,1.06896766308322,5.57178818533122,757.385280361508,4.62330484390259,3.700000048,8.12667639169917,68.009,25.1,94.7762261175806,3.379,27.7254372588696
Bangladesh,BGD,2016,75.9,13.4647923176039,2.38938212,0.879528340271998,7.11347821270093,1649.28380858601,1.28183996677399,16.89909935,5.51352572692995,71.075,19.5,101.2539710998535,4.2,29.8753915517965
Bangladesh,BGD,2022,99.4,11.2176010351595,2.21544909,0.347960024540439,7.09982877575158,2716.48592780431,2.08538657806243,41.61650085,7.69695437176898,74.265,5.9,107.802066750685,4.593,31.673734726234
Barbados,BRB,2016,100.0,1.69589629439235,6.19479513,9.81682382442232,1.41632446821541,20311.4094163764,4.19719982147217,71.57299805,1.28192813061895,76.168,1.7,95.319325026438,8.247,59.2510255301153
Belarus,BLR,2002,90.0,10.1284322239778,5.62404203,1.69305705420781,5.04526758311702,1479.38066337175,4.62330484390259,8.95097131467325,42.5375481348794,68.0560975609756,10.4,114.62126159668,3.0,70.8804702758789
Belarus,BLR,2003,90.5,8.63562770752199,5.77103186,0.963790820679998,7.04319246586394,1819.52653114699,4.62330484390259,55.2499968797194,28.3978399133474,68.5536585365854,8.7,105.365631103516,3.1,71.3092422485352
Belarus,BLR,2004,91.0,8.85025144123636,5.73650646,0.707817258030317,11.4497432088167,2378.33700470129,5.7122597694397,55.2499968797194,18.1082424937646,68.9560975609756,4.3,103.979820251465,1.9,71.7658538818359
Belarus,BLR,2005,91.5,8.51859080856531,6.07036304,1.01489264466989,9.40000151584914,3126.07176665248,5.8710298538208,55.2499968797194,10.3388794457932,68.8512195121951,2.4,102.126327514648,1.5,72.0310134887695
Belarus,BLR,2006,92.1,8.57872759155765,5.57366323,0.966130137383779,9.99999473022963,3848.22350300163,6.07696008682251,16.2,6.99712903535591,69.4048780487805,1.1,101.282920837402,1.2,72.6113815307617
Belarus,BLR,2007,92.6,8.30316995882275,5.6917243,3.99176494489288,8.60000659811426,4735.48107556066,5.15210008621216,19.7,8.42675273505306,70.2073170731707,1.1,99.8373336791992,1.0,73.0913467407227
Belarus,BLR,2008,93.2,8.66625369440669,5.29448891,3.60135661387402,10.1999994860937,6376.17569162063,4.62330484390259,23.0,14.8378764828254,70.4560975609756,0.5,99.810188293457,0.8,73.5531692504883
Belarus,BLR,2009,93.8,8.13089893610657,5.3906498,3.68858496262614,0.199995231733979,5352.48809190697,4.3689398765564,27.43,12.9456563410402,70.4073170731707,0.5,100.756843566895,5.803,74.1909646620571
Belarus,BLR,2010,94.4,8.89193022882009,5.65694332,2.43465600372626,7.75001707500896,6034.67885177216,5.22003984451294,31.8,7.73574804312515,70.4048780487805,0.2,100.778805231093,0.827,74.5501403808594
Belarus,BLR,2011,95.0,8.00188774430829,4.87452745,6.48031997656593,5.54997471638077,6527.6593428786,4.68479013442993,39.6488956598961,53.2286983118172,70.5536585365854,0.1,100.927399800314,0.6,75.0597534179688
Belarus,BLR,2012,95.6,8.13094268308472,5.24538946,2.22818019245943,1.70785253368828,6953.21591683101,4.95964002609253,46.91,59.2197360232519,71.9658536585366,0.1,100.103580941107,0.614,75.5281066894531
Belarus,BLR,2013,96.2,6.80909244753712,5.69563103,2.97388136295762,0.998719299661161,7998.0802045456,5.0094199180603,54.17,18.3122610377873,72.4707317073171,0.0,99.4024127097705,0.508,75.94970703125
Belarus,BLR,2014,96.8,7.30305697730942,5.38792181,2.36255232890544,1.65112470228097,8341.31809294883,4.81830978393555,59.0163187101542,18.1195543526734,72.9707317073171,0.0,98.8196297844518,0.488,76.3405227661133
Belarus,BLR,2015,97.4,6.2832075832437,6.06528044,2.92676775504253,-3.82957056812593,5967.05595058777,4.78751993179321,62.230360906803,13.5344897649734,73.6243902439025,0.0,98.4724784063299,0.91,76.6263885498047
Belarus,BLR,2016,98.0,6.89528062433517,5.91054153,2.61275643208459,-2.5264464460425,5039.77560949445,4.94654989242554,71.1130457603832,11.8365807653497,73.8268292682927,0.0,99.4165601023018,5.844,76.8458709716797
Belarus,BLR,2017,98.7,7.56580253848292,5.75974846,2.33218919527708,2.53218349471909,5785.54491935194,4.79500007629395,74.4364454136036,6.03183725177795,74.1292682926829,0.0,98.9911352828846,5.648,77.0208206176758
Belarus,BLR,2018,99.3,6.59010772590188,5.52699471,2.37627120733619,3.14919758275296,6360.037502312,4.83656978607178,79.1298866919307,4.87230220550686,74.1756097560976,0.0,98.2260831226448,4.763,77.2132720947266
Belarus,BLR,2019,100.0,6.79466882799274,5.86133814,1.976861708457,1.44645548204305,6837.77339645635,4.97948980331421,82.7891520910901,5.59815595039848,74.2268292682927,0.0,97.0494273050719,4.165,77.4550771852757
Belarus,BLR,2020,100.0,7.07723976895662,6.40607214,2.27010267778425,-0.672742918585868,6542.85579976768,4.86263990402222,85.08791245,5.54814357456519,72.1385609756098,0.0,95.5250148309274,4.049,77.7890385790408
Belgium,BEL,2003,100.0,1.0294445025288,9.18925285,10.8648744877518,1.03795518162204,30655.2092679024,4.62330484390259,49.97,1.58896399970372,78.1292682926829,0.4,103.77693939209,7.68,82.9609538786731
Belgium,BEL,2004,100.0,1.02291054131515,9.35496902,12.0521106747569,3.57120671942319,35429.4077933344,4.62330484390259,53.86,2.09728311239316,78.8780487804878,0.1,103.039421081543,7.363,83.2655230829461
Belgium,BEL,2005,100.0,0.840639973990251,9.25018311,8.72717720186463,2.32173792911834,36809.7013403619,5.79584980010986,55.81999969,2.78143263670029,78.9804878048781,0.3,103.112442016602,8.44,83.5645449743707
Belgium,BEL,2006,100.0,0.907269380581052,9.1325655,14.4078713936675,2.55234087322462,38705.1067959147,4.62330484390259,61.9818700222023,1.79120770070454,79.380487804878,0.2,102.793403625488,8.246,83.8578905877926
Belgium,BEL,2007,100.0,0.887523940039387,9.1392889,20.5026740062328,3.67692462515802,44319.165448813,4.62330484390259,66.7604202433135,1.8230563002681,79.7829268292683,0.2,102.451301574707,7.459,84.1454309580577
Belgium,BEL,2008,100.0,0.712338067185966,9.60036659,36.8029204549975,0.446905130727231,48303.397956286,6.33294010162354,68.8573221425131,4.48944420508404,79.6804878048781,0.1,102.265731811523,6.976,84.427037120012
Belgium,BEL,2009,100.0,0.718679660856589,10.54393387,15.948905674901,-1.90644105515335,44923.3400135081,6.43465995788574,74.5441455527336,-0.0531456741254177,80.0341463414634,0.1,102.259460449219,7.908,84.7025801085014
Belgium,BEL,2010,100.0,0.847918635049212,10.41325188,26.0596407490286,2.71031150254662,44197.393671162,6.44078016281128,77.6397855126946,2.18929920422458,80.1829268292683,0.1,102.236808776855,8.293,84.9719309583717
Belgium,BEL,2011,100.0,0.726239843441003,10.41302204,31.0366884311298,1.93115502411325,47760.8298776546,6.38481998443604,81.6099959955952,3.5320821072274,80.5853658536585,0.2,101.269889831543,7.14,85.2349607044689
Belgium,BEL,2012,100.0,0.84457469539348,10.5865345,2.36956900950954,0.215803612089744,44874.1709182123,6.56625986099243,80.7199905482042,2.83966343445899,80.3853658536585,0.2,101.520362854004,7.542,85.4915403816388
Belgium,BEL,2013,100.0,0.764565477908541,10.63787556,-5.65561784857252,0.305494549070232,46964.5946777056,6.60135984420776,82.1702,1.1130959402754,80.5878048780488,0.1,103.191062927246,8.425,85.7415410247275
Belgium,BEL,2014,100.0,0.716518219283319,10.62032604,-2.82643623555084,1.76554038149924,47995.7786961339,6.55866003036499,85.0012379539925,0.340002833356922,81.2878048780488,0.1,103.104873657227,8.523,85.9848336685807
Belgium,BEL,2015,100.0,0.750617272066574,10.88387299,-4.23261410354123,1.47416433731927,40893.804537772,6.46963977813721,85.0529417508701,0.561429152790158,80.9926829268293,0.1,102.243827819824,8.482,86.2212893480444
Belgium,BEL,2016,100.0,0.673190543684684,10.89833736,12.1319420227113,1.19350273007754,41854.5498296444,6.48613023757935,86.5164766644457,1.97385264653163,81.4390243902439,0.1,102.055862426758,7.83,86.4507790979645
Belgium,BEL,2017,100.0,0.729532583142538,10.94042683,-7.4442379017663,1.47446761556785,44035.3239358548,6.44915008544922,87.6796808175598,2.12597086002616,81.4926829268293,0.2,102.752861022949,7.09,86.6731739531869
Belgium,BEL,2018,100.0,0.664625571120094,10.9937973,-7.66649538713467,1.87796847383565,47487.2100392561,6.38883018493652,88.6473429951691,2.05316499865178,81.5951219512195,0.1,102.500366210938,5.941,86.8883449485575
Belgium,BEL,2019,100.0,0.718789583537128,10.85831451,-1.97252997818915,2.4428900448156,46716.6227467964,6.32381010055542,90.275428012141,1.43681956996438,81.9951219512195,0.1,102.148559570312,5.364,87.0961631189222
Belgium,BEL,2020,100.0,0.712818023641571,11.46253014,-5.69020542304612,-4.7929839083518,45906.2875805246,6.75470018386841,91.52641629,0.740791812220344,80.6951219512195,0.1,102.064270019531,5.545,87.2964994991269
Belgium,BEL,2021,100.0,0.654899384879513,11.28825092,5.6774240968721,6.25445686466593,51658.238294958,6.38081979751587,92.78867618,2.44024851144084,81.790243902439,0.0,101.821136474609,6.248,87.4305564090635
Belgium,BEL,2022,100.0,0.670989189183415,10.73976326,2.22097062697703,4.02460852835887,50639.0264882739,6.27611017227173,94.00783071,9.597511728725,81.7487804878049,0.0,102.176986694336,5.57,87.489200269855
Belize,BLZ,2018,91.7,7.16456851710216,4.75529861,5.33885311944147,0.822068592512508,6011.99036888587,6.12779998779297,53.59360123,0.269982622646335,72.322,1.0,114.90527173544,9.346,43.164848281502
Benin,BEN,2003,24.3,24.4539837351198,3.11678505,0.198870349303422,3.44357677591658,676.002878084282,2.28315997123718,0.951327114915695,1.48724246145442,57.092,70.5,93.1921081542969,3.633,39.4169696013044
Benin,BEN,2011,36.9,25.7970008253273,2.99865556,1.50844050539908,2.96375291904201,1059.41358852588,4.62330484390259,4.14832306562512,2.7042390774728,58.462,68.4,114.723129272461,2.647,43.4616136137276
Benin,BEN,2015,29.6,26.3920850925037,2.72813416,1.31501182124746,1.77815106030278,1002.41886879614,3.17298007011414,11.25500011,0.218785923536245,59.123,65.8,121.990882873535,6.762,45.9407403257663
Benin,BEN,2018,39.0,28.0647739127077,3.4364984,1.36073573251591,6.69725362180888,1151.7409703472,2.93161988258362,19.0,0.919170717886054,59.71,37.2,111.805068969727,6.762,47.9952829275963
Benin,BEN,2021,42.0,28.5289506098592,2.91589761,1.95608661099463,7.1554516457574,1318.65158075198,3.09692638090381,28.20470047,1.73353962694036,59.61,27.2,105.631301879883,6.762,50.1961807561354
Bhutan,BTN,2003,41.1,19.7868423892498,3.83481455,0.516969908871867,7.78656040877364,1022.38240311018,4.62330484390259,2.43691239949767,2.57230861693339,64.662,23.1,84.8784332275391,1.8,29.6328608739429
Bhutan,BTN,2007,71.8,14.9062410213406,3.83774948,5.88132297381915,16.1047836542012,1850.41570433398,4.62330484390259,5.92,5.15611138758463,67.152,12.0,101.103286743164,3.7,32.1738216649326
Bhutan,BTN,2012,91.5,11.5729895457402,3.25988412,1.2354733641673,5.16482012683895,2751.2128864294,4.62330484390259,15.60000038,10.919656944683,69.759,3.6,113.019607543945,2.054,35.0188644248365
Bhutan,BTN,2017,97.7,12.9297924115136,3.11215067,-0.638806366922729,2.08684522733067,3435.28804735662,6.61724996566772,54.33549881,4.95508366985129,71.413,2.6,99.7447717881834,6.762,37.8645544995016
Bhutan,BTN,2022,100.0,14.6710119560904,3.91757464,0.289904655137253,5.21386783786224,3711.32767981591,7.46981980280053,88.35620117,5.6391667139637,72.754,0.0,105.266151405341,5.947,40.9365143617581
Bolivia,BOL,2002,64.0,12.955118631021,4.89645052,8.55789350643914,2.48556576601922,888.221328974352,4.62330484390259,3.11719294696997,0.92825885161107,63.068,23.9,118.543472290039,5.476,62.8187632085055
Bolivia,BOL,2004,75.9,13.3223836388477,4.86315727,0.745772608696722,4.1732955905708,953.191893246277,4.62330484390259,4.43992460120042,4.43738080101725,63.819,13.2,115.955810546875,4.167,63.7564671612252
Bolivia,BOL,2005,68.3,11.7927215329112,5.07408142,-2.49886824544741,4.42143313550196,1020.12326200737,4.62330484390259,5.22758395663196,5.39323106890663,64.182,18.7,115.199371337891,5.446,64.2133062205259
Bolivia,BOL,2006,76.2,10.9375480546288,4.66087532,2.45168756123775,4.79700881067477,1202.71150446327,6.43421983718872,6.20067125473576,4.28239604802561,64.529,15.9,113.561637878418,5.08,64.6631431424362
Bolivia,BOL,2007,80.2,10.011155665672,4.6968894,2.79185385749299,4.56438425143126,1354.54905949929,6.7204999923706,10.49919987,8.70560923578869,64.939,12.1,112.767723083496,5.175,65.1067327824433
Bolivia,BOL,2008,84.7,10.4424041155226,4.60677242,3.07261074755318,6.14849787777658,1692.67248455876,6.72301006317139,12.5,14.0068107702519,65.299,10.6,111.650062561035,2.603,65.5448299960338
Bolivia,BOL,2009,86.8,11.1524074497311,5.17444515,2.43967814560444,3.35699958346049,1731.18172112209,7.57484006881714,16.79999924,3.34645420142014,65.656,10.0,108.031242370605,2.973,65.9781896386949
Bolivia,BOL,2011,88.3,9.7695858816954,5.17306805,3.58442251378885,5.20409245282328,2315.52121930607,6.45054006576538,30.0,9.88446419823883,66.282,6.9,100.921849072087,2.255,66.833715633176
Bolivia,BOL,2012,90.4,9.8121619148328,5.2539444,3.9135501461408,5.12227560125973,2575.59857098084,6.62799978256226,35.34,4.51560291399376,66.586,7.9,98.3129253076371,2.066,67.2581444827699
Bolivia,BOL,2013,89.5,9.9669794768463,5.57465124,5.7066221190291,6.79601141268498,2870.02377000756,6.80321979522705,36.99,5.73640023719607,66.777,6.8,96.8904736314233,2.437,67.6697055519889
Bolivia,BOL,2014,90.0,9.74021753770169,5.89613628,1.98982485629696,5.46056949136766,3041.43503162408,7.47811985015869,34.6016202324676,5.76660074579144,66.97,5.6,95.4654700824142,2.021,68.037425413
Bolivia,BOL,2015,91.5,10.2394941144455,6.55064964,1.68072787961335,4.85718718508603,2996.01289811344,8.1434497833252,37.4868176324391,4.05961041135645,67.205,6.2,95.0961939865757,3.111,68.3958051297665
Bolivia,BOL,2016,91.8,11.1718754150532,6.83333063,0.988080149462259,4.26392086992173,3035.87347732132,8.15062046051025,39.69749832,3.62321431764138,67.392,7.2,95.5387659267627,3.498,68.7446327876947
Bolivia,BOL,2017,91.8,7.67713722474752,6.4901948,1.55130384811576,4.19520633364647,4048.40119739839,8.09722995758057,43.83229828,2.8227580554717,67.536,6.4,96.4475043810472,3.655,69.0838016274736
Bolivia,BOL,2018,92.8,7.45035399971013,6.60399437,0.624547731622922,2.86808404814794,4206.8552936661,8.01585960388184,44.2861422024283,2.27205987230155,67.699,4.7,97.122722190495,3.519,69.4133879813999
Bolivia,BOL,2019,95.1,7.63288264501605,6.88792992,-0.44160551411852,1.50672102666863,4203.15492855788,8.09103012084961,47.4748191121692,1.83954504969026,67.82,3.1,97.6714741591375,3.682,69.7334986708387
Bolivia,BOL,2020,97.2,9.12405586834666,8.0225811,-2.66931283946252,-12.7194690092717,3580.96761778303,8.43710994720459,59.94010155,0.940742153381849,62.906,4.2,98.2369486079625,7.903,70.0442635528254
Bolivia,BOL,2021,98.6,8.81001912255763,8.16016769,1.21888494970059,10.0290488827886,4010.76053686204,7.96216011047363,65.9773785,0.737383721452275,61.427,3.1,98.4694228398409,4.936,70.3450412826165
Bolivia,BOL,2022,99.9,8.66028481306177,7.15933084,0.0122391923945909,3.74741781241461,4219.46113742445,7.57551002502441,72.62270355,1.74632872945969,67.434,3.3,99.1960878877715,3.452,70.6352598708131
Bosnia and Herzegovina,BIH,2004,99.1,8.58349407590767,9.06270218,8.75886067110945,6.32526794858342,2452.6860917386,4.62330484390259,15.4689716227665,3.03924881090924,76.489,0.4,101.2539710998535,6.762,43.8380473519042
Bosnia and Herzegovina,BIH,2007,99.7,7.70495340963332,9.25501442,11.6737641903938,5.85911689412598,3931.48948737505,4.62330484390259,27.92,1.50077710611542,76.162,0.7,108.796783447266,28.984,44.7926078011574
Bosnia and Herzegovina,BIH,2011,99.7,6.75774539555131,9.1712122,2.52952738058176,0.959511709726897,4982.69375768263,4.62330484390259,43.88769913,3.67125,76.963,0.9,89.0985412597656,27.582,46.0528777644843
Bosnia and Herzegovina,BIH,2015,99.7,6.0375681759839,9.24086571,2.33529310215055,4.28413016137854,4662.25869219448,3.0181128667772,52.59999847,-1.03602303425474,77.073,1.2,94.695442199707,27.695,47.5711645087011
Bosnia and Herzegovina,BIH,2021,100.0,5.01931841754809,9.55514336,3.24230818475028,7.39164256472846,7295.34378682258,4.13622999191284,75.67620138,1.98163900587622,74.567,0.3,101.168617248535,14.897,50.4899479477034
Botswana,BWA,2002,27.0,2.4256159925616,6.66529799,7.50151858437683,6.06953087648317,3117.25087183011,4.62330484390259,3.38592235064273,8.03279662527486,52.373,34.8,109.583213806152,6.762,55.0142988603802
Botswana,BWA,2009,43.4,2.37598419625963,6.62081194,2.06256005196384,-14.1442346163423,5082.93388332404,9.8253002166748,6.150000095,8.02729703109582,58.297,21.1,111.213661193848,16.169,62.7501882968523
Botswana,BWA,2015,62.1,1.94776486758829,6.10287762,2.79773267452093,-4.85132507409779,6141.20394726616,8.39457941644674,38.89379883,3.06203169580558,63.215,21.4,101.623352050781,6.762,65.4103584313295
Brazil,BRA,2002,96.7,5.47527489339298,8.69686985,3.25358061271527,3.05346185909312,2855.94018885769,3.75037002563477,9.14942508560748,8.45016437708331,70.396,16.2,101.2539710998535,10.641,81.9943491502673
Brazil,BRA,2003,97.0,6.1671843856504,8.18899441,1.81340052439304,1.14082899824888,3090.6070097455,4.62330484390259,13.2075861035303,14.7149197228147,70.884,17.1,101.2539710998535,11.168,82.3540335841671
Brazil,BRA,2004,96.8,5.66531157603221,8.12491989,2.71353166307823,5.75996463670954,3663.823188064,3.97448992729187,19.073672274442,6.59718509985963,71.361,15.3,101.2539710998535,10.072,82.6816824814559
Brazil,BRA,2005,97.1,4.65116882283132,8.03539562,1.73389354602718,3.20213206130431,4827.78173074714,4.47909021377563,21.022747248827,6.86953720898964,71.832,13.7,101.2539710998535,10.551,82.9838799596945
Brazil,BRA,2006,97.6,4.3700437788908,8.24952507,1.753125703626,3.96198871122617,5934.14470924968,4.87060022354126,28.17840004,4.18356812896909,72.296,11.4,101.2539710998535,9.692,83.2672101364439
Brazil,BRA,2007,98.1,4.41691543634403,8.20182991,3.19082601308524,6.06987060678338,7409.69130673473,4.97426986694336,30.87999916,3.64127299102652,72.73,10.8,101.2539710998535,9.28,83.5382571292649
Brazil,BRA,2008,98.5,4.56785118025741,8.01128483,2.99060946922903,5.09419544658736,8908.33176538648,5.26884984970093,33.83,5.67859390284168,73.111,9.1,101.2539710998535,8.268,83.8036050557184
Brazil,BRA,2009,98.9,4.47677399209847,8.39480495,1.88848224095724,-0.125812002161169,8678.6592244676,5.46355009078979,39.22,4.88803479876799,73.457,8.4,101.2539710998535,9.419,84.0698380333651
Brazil,BRA,2011,99.3,4.34203412783304,7.78819132,3.91518011405433,3.97442307944702,13396.6243562986,5.73741006851196,45.69,6.6364496221309,74.047,7.1,101.2539710998535,7.578,84.6225758599683
Brazil,BRA,2012,99.5,4.16832822439069,7.73637724,3.75496285641218,1.92117598576537,12521.7213519966,5.85510015487671,48.56,5.40349914036997,74.335,6.4,104.05445098877,7.251,84.8973874181312
Brazil,BRA,2013,99.6,4.50688618256533,7.9766016,3.04150901624338,3.00482266944432,12458.8912138813,5.8388500213623,51.04,6.20431066640101,74.609,5.4,109.282432556152,7.071,85.1676585442726
Brazil,BRA,2014,99.7,4.32561053879483,8.39644146,3.57135266957477,0.503955740242247,12274.9939689363,5.94848012924194,54.5510018796392,6.32904015516139,74.823,4.8,109.808906555176,6.755,85.4331367898168
Brazil,BRA,2015,99.7,4.31914942964047,8.90929985,3.59214931791344,-3.54576339269425,8936.19661712113,6.24105978012085,58.3279517340924,9.02990102416136,75.106,5.4,108.740180969238,8.538,85.6935697061881
Brazil,BRA,2016,99.7,4.89135358790863,9.16901684,4.13737803865892,-3.27591690782192,8836.28652735657,6.31403017044067,60.8725400681261,8.73914352329393,75.081,6.5,108.583656311035,11.58,85.9487048448108
Brazil,BRA,2017,99.8,4.60059169568986,9.47125053,3.33825981739039,1.32286905404399,10080.5092819305,6.32047986984253,67.4712845236305,3.44637335032669,75.383,7.0,109.788749694824,12.792,86.1982897571091
Brazil,BRA,2018,99.7,4.4203993038464,9.46475029,4.07858821454947,1.783666761634,9300.66164923219,6.08851003646851,70.4342825404361,3.66485028376729,75.633,6.9,108.720008850098,12.329,86.4420719945072
Brazil,BRA,2019,99.8,4.20501409463474,9.61449146,3.692673213156,1.22077782360842,9029.83326681073,5.96346998214722,73.9124399133589,3.73297621216894,75.809,7.0,107.682991027832,11.936,86.6797991084296
Brazil,BRA,2020,99.7,5.71148511499007,9.62326527,2.59263795310275,-3.2767587964736,7074.19378337644,5.7714900970459,81.34269353,3.21176803803376,74.506,2.8,105.912231445312,13.697,86.9112186503004
Brazil,BRA,2021,99.5,6.5587626121061,9.63646507,2.77979084938159,4.76260437908608,7972.5366498646,5.4969801902771,80.68989314,8.30165975585673,73.038,7.5,103.929397583008,13.158,87.1360781715439
Brazil,BRA,2022,100.0,5.76747490819457,9.38739491,3.8680317970139,3.01669435393015,9281.33334441234,5.61920976638794,80.52775094,9.28010608956873,74.872,4.9,104.667419433594,9.231,87.349556243881
Bulgaria,BGR,2003,89.6,9.09563006141251,7.19987392,9.91575177653408,5.23715282493174,2719.63335037372,3.99845004081726,12.04,2.34864169582758,72.0658536585366,2.2,111.694488525391,13.733,69.7808456420898
Bulgaria,BGR,2006,91.2,6.09628560605444,6.52544546,22.9027065931613,6.80259262432862,4523.37797301782,3.90346002578735,27.09,7.26159462769947,72.6121951219512,8.0,108.823188781738,8.951,70.5075225830078
Bulgaria,BGR,2007,91.7,4.65178408309384,6.15651751,31.2270329208635,6.65438512368812,5888.87094585161,3.680340051651,33.64,8.40253419005893,72.6634146341463,2.5,106.104972839355,6.878,70.6844177246094
Bulgaria,BGR,2008,92.3,5.86962646103548,6.28281593,18.8987994198003,6.12955885899744,7271.67443724077,4.2190899848938,39.67,12.3487195994021,72.9634146341463,1.9,104.157562255859,5.609,70.902099609375
Bulgaria,BGR,2009,92.9,4.23578648782646,6.59577608,7.48977436208207,-3.34714308501542,6988.63048446496,4.27429008483887,45.0,2.75320223914819,73.4121951219512,1.8,102.061912536621,6.817,71.3017349243164
Bulgaria,BGR,2010,93.5,4.03250004576982,7.09477949,3.63551033232729,1.55536266288017,6854.2987837778,3.85746002197266,46.23,2.43899060504117,73.5121951219512,2.7,101.400619506836,10.279,71.5149307250977
Bulgaria,BGR,2011,94.1,4.66136930031581,7.10250568,3.64711376075685,2.09017598337418,7849.98219737366,3.54690003395081,47.9799930506026,4.21990346601872,74.1634146341463,3.4,101.120269775391,11.26,72.6101653885532
Bulgaria,BGR,2012,94.7,4.43013962620169,7.53903675,3.29303083433452,0.748814556346105,7432.33753378983,3.47650003433227,51.8999876658503,2.95456829831012,74.3146341463415,3.0,100.363082885742,12.27,72.7684860229492
Bulgaria,BGR,2013,95.3,4.51541815914857,7.14167452,3.56317557891608,-0.542753400392826,7796.37945241455,4.05766010284424,53.0615,0.890093540913096,74.8609756097561,3.3,98.7911834716797,12.941,72.9632821572019
Bulgaria,BGR,2014,95.9,4.55871742933618,7.68306208,1.91577938000482,0.949449772002041,8070.01289303544,4.19388008117676,55.4903766299262,-1.4181838026484,74.4658536585366,2.7,99.2496109008789,11.424,73.0844879150391
Bulgaria,BGR,2015,96.6,4.06197367734098,7.39363575,4.37552708346678,3.39755351999294,7269.02586513711,3.88469004631042,56.6562516053086,-0.104633261008479,74.6146341463415,4.6,99.1272201538086,9.143,73.1030578613281
Bulgaria,BGR,2016,97.3,4.05489960163599,7.45975018,2.759819403762,3.02662820096305,7822.89886431732,3.81435990333557,59.825547661014,-0.798649886453617,74.8121951219512,3.1,98.0771636962891,7.575,73.1750030517578
Bulgaria,BGR,2017,98.1,4.043177034114,7.49624491,3.39237322223916,2.74592737750996,8697.13373333715,4.07754993438721,63.4101013837926,2.06159619443141,74.8146341463415,2.0,97.5942993164062,6.164,73.3904571533203
Bulgaria,BGR,2018,98.7,3.40461503236071,7.34086275,2.73803840992463,2.33015054210419,9849.88769989118,4.05201005935669,64.78201069118,2.81454473824838,74.9634146341464,1.5,96.7923202514648,5.211,73.600212097168
Bulgaria,BGR,2019,99.2,3.20205655345515,7.11813641,3.24216894514095,3.79331964589196,10354.2500414088,4.21430015563965,67.9469809417603,3.10372944796771,75.1121951219512,1.6,96.4398803710938,4.148,73.7162322998047
Bulgaria,BGR,2020,99.7,3.43600026603917,8.44060898,3.97413959442467,-3.13323543125917,10760.7616180234,4.48298978805542,70.16248359,1.67244096855756,73.3560975609756,0.7,96.5437622070312,5.037,73.3239898681641
Bulgaria,BGR,2021,99.8,4.32894772861096,8.58048916,2.52871196630769,7.82817310703665,12966.8085197381,4.7092399597168,75.27144583,3.29774435299506,71.2121951219512,1.2,95.6110992431641,5.166,73.346765618041
Bulgaria,BGR,2022,100.0,3.7113640947999,7.63849449,5.24634717472155,4.08386398118941,13999.9113358453,4.50109004974365,79.12686326,15.3252589264367,74.1609756097561,1.1,95.8885192871094,4.148,73.4799164005224
Burkina Faso,BFA,2003,11.4,25.9609768246545,4.42266035,0.614299394603336,7.80249388870359,362.373899996953,4.62330484390259,0.373440303233526,2.03456574053815,51.959,69.6,47.5335502624512,2.777,20.563327262892
Burkina Faso,BFA,2009,12.6,23.2048471286094,5.19683933,0.599468939611006,2.96195085866692,601.569520671859,4.62330484390259,1.129999995,2.60817666368314,55.791,67.2,75.7858963012695,6.762,23.7452325601116
Burkina Faso,BFA,2014,19.2,23.6937727725999,5.00027227,2.56255154786841,4.32684561452976,764.861675106225,4.05329990386963,6.0,-0.258089517535291,58.331,58.7,84.5538716285922,6.481,25.3814155996643
Burkina Faso,BFA,2018,14.4,20.9974732840091,4.94427681,1.68919942943091,6.60456906812341,777.465618514048,5.488609790802,8.498900414,1.95594302672532,59.972,47.7,91.5019771306419,4.695,26.0832202154822
Burkina Faso,BFA,2021,19.0,17.2902157538449,7.08691931,-0.405926078113797,6.94252492572348,895.535288442991,5.24913346712028,18.1522007,3.65326761825509,60.046,42.1,87.0183353617198,6.762,26.8114307743017
Burundi,BDI,2006,2.7,40.6376822658218,8.71264839,0.0024811054278952,5.41380714491444,161.892755640319,4.62330484390259,0.657599986,2.74542000214241,53.962,81.5,107.597122192383,3.185,9.4646291775586
Burundi,BDI,2013,6.9,38.3671182602277,8.62834644,4.7612156740524,4.92392485117456,234.844770150871,5.99539995193481,1.2642181112,7.93795807492418,59.179,75.8,126.110240344608,6.762,12.9670962745892
Burundi,BDI,2020,9.1,31.1053893979777,10.70776176,0.66481142584294,0.306443811651718,252.702452750006,5.32158506838731,6.430099964,7.32110643415521,62.569,74.2,101.661087301601,1.03,19.9309984273971
Cabo Verde,CPV,2007,70.5,6.09468707137093,3.84218621,11.6247473388534,15.1706879735517,3324.57675212498,4.95982980728149,8.28321981953034,4.41099704193489,71.487,26.2,110.927947998047,6.762,59.287606518789
Cabo Verde,CPV,2015,86.4,6.4082863760272,4.40073681,5.49024513305668,0.936026507808833,3415.06266730931,4.80622005462646,42.6830141582781,0.131187999024545,74.096,14.6,105.850444928795,31.313,66.9045094767116
Cameroon,CMR,2007,48.2,15.8575319059376,3.79498792,0.792290665611713,4.32758900972871,1325.67248215933,2.87814998626709,2.93,0.921402245650095,55.71,36.0,107.514030456543,3.063,49.7027028593758
Cameroon,CMR,2014,56.8,16.8258381780095,4.34148788,1.99484327731063,5.71981814509198,1649.4433905949,2.58396005630493,16.2148722257524,1.85489850366777,59.13,29.0,115.30420057953,3.534,52.2993944376709
Cameroon,CMR,2021,65.4,16.9592035415957,4.34109783,2.14061326900656,3.33885747179505,1672.32657340872,2.8493076272306,38.89260101,2.27185762503637,61.146,26.7,110.107790367283,3.275,54.5548664463635
Canada,CAN,2002,100.0,2.0445023787603,8.85665226,3.21914228445942,2.99925533832644,24256.0598742201,4.99306011199951,61.5932992681952,2.25839440940855,79.5307317073171,0.3,101.2539710998535,7.665,79.0990234802234
Canada,CAN,2003,100.0,1.99211950804307,9.01086521,0.782966307441581,1.8063851195103,28301.9097055898,4.62330484390259,64.2,2.75856321360112,79.7151219512195,0.3,101.2539710998535,7.574,79.391380674239
Canada,CAN,2004,100.0,2.02399445993749,9.06623363,0.141465790138583,3.09236381038156,32145.5653280273,4.62330484390259,65.9559634648989,1.85725871857256,79.9921951219512,0.3,99.4407424926758,7.185,79.6923063348315
Canada,CAN,2005,100.0,1.74713436059047,9.03529835,2.17814542268079,3.21045441502793,36383.9671341396,4.76589012145996,71.66,2.21355203439767,80.1126829268293,0.3,98.5980606079102,6.758,79.9760615882965
Canada,CAN,2006,100.0,1.58933158003052,9.33188725,4.87400358632515,2.63794375302722,40504.8490329826,4.62330484390259,72.40000153,2.00202539534161,80.5436585365854,0.3,99.76953125,6.484,80.219066099279
Canada,CAN,2007,100.0,1.58722411672984,9.4346962,8.20055904886214,2.04990459443619,44660.0838892281,4.76642990112305,73.2,2.13838399266837,80.5436585365854,0.2,99.5414810180664,6.156,80.4425615136782
Canada,CAN,2008,100.0,1.76826927951219,9.59427929,4.51512624244061,0.995406371264522,46710.3654423328,4.62612009048462,76.69999695,2.37027067444299,80.7246341463415,0.3,98.6080932617188,6.284,80.6628944916604
Canada,CAN,2009,100.0,1.54989031633571,10.70402527,1.52412827089472,-2.91508627059555,40874.9612318547,4.84057998657227,80.3,0.299466803009299,81.0660975609756,0.3,99.6073379516602,8.46,80.8591838893921
Canada,CAN,2010,100.0,1.49323070348344,10.70066547,1.83724977084563,3.09080633744851,47560.8378831258,5.35637998580933,80.3,1.77687154092627,81.3221951219512,0.3,99.1343688964844,8.178,81.0120892252937
Canada,CAN,2011,100.0,1.76565550890832,10.40518665,2.13782226222103,3.1371944343876,52224.1237767406,5.26204013824463,83.0,2.91213508872351,81.4826829268293,0.3,98.5625991821289,7.659,81.1031425434213
Canada,CAN,2012,100.0,1.81135268317938,10.5407114,2.70017935331081,1.75566133205234,52670.1429540952,4.62330484390259,83.0,1.51567823124517,81.6636585365854,0.3,99.4907531738281,7.429,81.1513483248791
Canada,CAN,2013,100.0,1.89424545337458,10.43559265,3.62983069806946,2.32581356612762,52637.7313222622,4.58899021148682,85.80000305,0.938291897815317,81.7448780487805,0.5,99.3867797851562,7.178,81.183439957458
Canada,CAN,2014,100.0,1.58654648681462,10.28115654,3.55389980711924,2.87346675579731,50960.8942086685,4.84358978271484,87.12000275,1.90663590717861,81.7843902439025,0.3,99.5252914428711,7.049,81.211183161556
Canada,CAN,2015,100.0,1.86983406717295,10.76397896,3.85389066466467,0.64997101491096,43594.2379080706,4.73936986923218,90.0,1.12524136094277,81.8258536585366,0.4,99.8602600097656,6.986,81.2465670276699
Canada,CAN,2016,100.0,1.86222405438563,11.05626965,2.23834791127678,1.03855091989323,42314.1033623905,4.81642007827759,91.16000366,1.42875954701085,81.94,0.4,98.5500411987305,7.067,81.3023011093703
Canada,CAN,2017,100.0,1.88999021790618,10.9242115,1.5375171282853,3.03383491841392,45129.7335281051,4.95998001098633,92.70140076,1.59688412852977,81.8078048780488,0.4,98.6322402954102,6.444,81.4018945832226
Canada,CAN,2018,100.0,1.69989005552688,10.92262077,2.46930986353956,2.74296341402246,46539.2177903178,4.88898992538452,94.64,2.26822567248103,81.8036585365854,0.4,98.6617813110352,5.842,81.5500341646653
Canada,CAN,2019,100.0,1.69707568569413,11.04823494,2.80676080429286,1.90843193887251,46352.9695208927,4.77293014526367,91.91290283,1.94926902411593,82.1585365853659,0.4,97.1875534057617,5.688,81.7363672047941
Canada,CAN,2020,100.0,1.83978682557174,13.01732922,1.75896848026439,-5.03823342794087,43537.8981198851,4.88794994354248,92.3,0.716999632307827,81.53,0.1,96.9089736938477,9.657,81.9509888710566
Canada,CAN,2021,100.0,1.59798849520844,12.38106632,2.97618405526996,5.95052804984759,52886.6407813788,4.74858999252319,93.93710327,3.39519318527528,81.4514634146342,0.2,95.229621887207,7.517,82.1779279079275
Canada,CAN,2022,100.0,1.93275289413659,11.08119678,2.30686661821278,4.69541985045903,56496.9275340663,4.84426021575928,94.0,6.80280115341613,81.0948780487805,0.3,94.7344131469727,5.273,82.3500897353968
Central African Republic,CAF,2008,7.5,4.98083656431146,4.02635765,5.87486387887319,2.05413096200485,437.24827472489,1.29000997543335,1.0,9.25895099417076,49.873,67.3,75.8503494262695,6.762,38.3474489192338
Central African Republic,CAF,2021,15.7,35.7553299980455,9.15097523,0.214980465443776,0.982919996264229,492.263142830507,1.8725169173301,55.2499968797194,4.25936417542868,40.279,71.6,101.2539710998535,6.762,42.8547782897949
Chad,TCD,2003,4.1,25.6339405315666,4.24698305,25.9829201533053,14.7216670123589,289.087621122168,4.62330484390259,0.320308555366775,-1.75256941248655,48.609,66.7,70.0718002319336,6.762,21.7207031172239
Chad,TCD,2011,9.0,27.1563338879622,2.85585785,1.68950609671276,4.49542967058827,1308.1421872538,1.64717996120453,1.899999976,2.0292405367826,50.426,45.2,87.1710523342165,6.762,21.9558736797638
Chad,TCD,2018,10.1,37.6181441617191,3.2893219,3.00704966736056,5.74111580758154,948.656629871231,2.25947501392013,6.956299782,4.27462198610545,52.447,41.9,84.3438820337693,1.135,23.8486084924975
Chad,TCD,2022,11.7,35.2279823985979,4.15823555,3.44402627536712,4.12969897668356,966.036468278568,2.6016118897064,11.17029953,5.78802687843616,54.528,39.5,87.0347316780628,3.109,25.7635558629694
Chile,CHL,2003,98.8,4.09477687354893,7.25047779,4.556949756395,4.72324526861041,4773.40177520754,3.91868996620178,25.4737788864723,2.8101787574361,77.884,7.9,101.061790466309,9.538,86.6792973033246
Chile,CHL,2006,99.4,3.71204530338249,6.07235622,3.0910197191962,6.04999082563968,9318.65655296121,3.04014992713928,34.4977511736017,3.39201733699405,78.533,3.3,105.66822052002,7.804,86.8125123390851
Chile,CHL,2009,99.6,3.69712533488977,7.25026846,7.42256247898025,-1.11803723642878,10098.8017167286,4.25475978851318,41.56,0.353045178360937,78.89,2.6,105.763893127441,9.689,86.9124897308683
Chile,CHL,2011,99.6,3.6261825670011,6.79947519,10.4897738058645,6.22389678509138,14487.3927832032,4.06173992156982,52.2496072877744,3.34121694259302,79.236,1.7,103.170486450195,7.492,87.0109164653326
Chile,CHL,2013,99.6,3.47337489216733,7.47552681,7.61396398974862,3.30850824710085,15683.5486369155,4.54814004898071,58.0,1.7895555398459,79.551,0.8,102.084899902344,6.361,87.1827777654221
Chile,CHL,2015,99.7,3.70940380878663,8.3513937,7.32780348711267,2.15194249981184,13433.9202987032,4.90390014648438,76.6295919508796,4.34877353217044,80.008,0.7,101.712509155273,6.605,87.4653320342387
Chile,CHL,2017,99.7,4.28097139019722,9.090518,1.89647029836548,1.35769537343957,14879.9086227187,5.43278980255127,82.3274869338464,2.18271846868519,80.61,0.5,101.396278381348,7.3,87.8000295757281
Chile,CHL,2020,100.0,4.04444700251173,9.69734573,4.50500989019161,-6.1396969411886,13117.9930230086,5.62992000579834,87.45929718,3.04549084804326,79.349,1.7,99.7043991088867,11.18,88.2953490438375
Chile,CHL,2022,100.0,3.23604704755112,10.0053072,6.2344860828365,2.06391864254198,15399.1044717559,4.91201019287109,92.31819916,11.643866711056,79.176,0.6,100.192268371582,8.331,88.6395352768685
China,CHN,2002,97.2,13.1294938258189,4.32156181,3.56241418263928,9.23604870383861,1163.55957673426,4.62330484390259,4.59570433077551,-0.731970902350244,73.034,47.8,101.2539710998535,1.627,39.0897827148438
China,CHN,2005,97.9,11.4828123533826,4.11230803,4.49218509012467,11.4535130030645,1777.64496828464,4.62330484390259,8.52325700269541,1.77641407667571,74.085,32.9,101.2539710998535,1.935,42.9899978637695
China,CHN,2008,98.8,10.0099770734138,3.83627748,3.67520717506325,9.66877608164454,3523.44302065213,4.62330484390259,22.6,5.92525137041092,74.833,26.1,106.201782226562,1.924,46.9895057678223
China,CHN,2010,99.7,9.16649906130733,4.15821123,3.93541996731512,10.5916903885704,4629.24551710077,4.62330484390259,34.3,3.17532475269199,75.668,20.6,104.181700271,2.912,49.2340270628041
China,CHN,2011,99.9,9.0338458593332,4.26719379,3.65069190228423,9.46205248298186,5703.76027973346,4.62330484390259,38.3,5.55389892257493,75.889,15.3,103.329573551865,2.748,51.8300285339355
China,CHN,2012,99.9,8.96505673533992,4.49046612,2.78099138181613,7.8578201481217,6405.0574241349,4.62330484390259,42.30009842,2.61952432645541,76.2,12.9,103.181119624843,2.776,53.1003112792969
China,CHN,2013,100.0,8.78442131602471,4.63882637,2.98598708261986,7.77842954757257,7147.03518622344,4.62330484390259,45.79999924,2.62105001748115,76.452,6.0,101.231978727477,2.929,54.4900016784668
China,CHN,2014,100.0,8.48242940933654,4.69880247,2.51155883670463,7.46100735778161,7781.06597484974,4.62330484390259,47.90000153,1.92164162788521,76.714,4.6,96.8963827081444,3.058,55.7502555847168
China,CHN,2015,100.0,8.22401359479525,4.85367584,2.14957284731563,6.98162255562367,8175.33285077393,4.62330484390259,50.29999924,1.43702380935655,76.975,2.9,96.340011477005,3.296,57.3297843933105
China,CHN,2016,100.0,7.90065017505416,4.88338089,1.52539470315394,6.7736886867727,8254.86859320357,4.62330484390259,53.2,2.00000182191943,77.214,2.1,96.8787921899343,3.831,58.8399238586426
China,CHN,2017,100.0,7.32839239286042,4.9695034,1.32468971748482,6.89123916636191,8979.67652709856,4.62330484390259,54.3,1.59313600071436,77.235,1.6,97.5379880463436,3.775,60.2402687072754
China,CHN,2018,100.0,6.91714289236836,5.06933308,1.66361992284408,6.757806142324,10085.6638148819,4.62330484390259,65.35839844,2.07479039965576,77.709,0.7,97.8103054615567,4.93,61.5001983642578
China,CHN,2019,100.0,7.00621575788341,5.26516867,1.28549226847992,6.06737806333672,10342.9009524335,4.62330484390259,64.080881297515,2.89923416358227,77.94,0.0,97.8174906065295,5.15,62.7099151611328
China,CHN,2020,100.0,7.54018198521241,5.50441837,1.68770756292082,2.33950385203023,10627.4637989619,4.62330484390259,70.05275998,2.41942189457782,78.019,0.0,98.7860625918346,5.61,63.5234230266258
China,CHN,2021,100.0,7.08935251618004,5.25590324,1.8903454142588,8.57038414981781,12887.4357242941,4.62330484390259,73.05323517,0.981015135544882,78.117,0.0,99.2294555866603,5.11,64.721076965332
China,CHN,2022,100.0,7.14788692830171,5.88078785,1.03841365474349,3.13385438394069,12970.6056414327,4.62330484390259,75.61131603,1.97357555739051,78.202,0.0,100.09807464465,4.569,65.2176361083984
Colombia,COL,2002,94.9,8.51000517684848,5.73296595,2.17844751407948,2.50398046659659,2428.92969771584,4.26812982559204,4.6,6.35150728778872,71.537,21.2,121.778861999512,14.481,75.192444355543
Colombia,COL,2003,95.1,8.32877416512145,5.77505445,1.81783931129221,3.91827190322513,2311.94218760291,4.32513999938965,7.38892371052557,7.1297886294186,72.309,19.8,101.2539710998535,13.221,75.5341828570154
Colombia,COL,2004,95.3,7.91098316231374,5.79892111,2.66083488771203,5.33302206759905,2818.57195413044,4.07934999465942,9.1186903029666,5.90402005546502,72.76,19.2,122.84008026123,13.717,75.8080569479496
Colombia,COL,2005,96.8,7.52726670177951,6.06710577,7.02979401438219,4.82876110773741,3456.06610874512,4.02098989486694,11.0072638904585,5.05101962689696,73.156,16.8,124.040641784668,11.062,76.004938901378
Colombia,COL,2008,96.8,6.6873848504052,6.84192181,4.35627834630067,3.28344618616541,5541.83629665898,3.9387800693512,25.6,6.99688495554511,74.206,16.3,126.483901977539,10.52,76.4596761810047
Colombia,COL,2009,96.1,6.68974069628809,7.31134558,3.45627065154005,1.13964864548062,5250.97292433518,4.77651977539062,30.0,4.20251661216482,74.531,15.1,128.164978027344,11.319,76.5964145836792
Colombia,COL,2010,96.8,6.32485387641069,7.07130194,2.24433595561184,4.49465897070922,6398.2958447102,4.83382987976074,36.5,2.27200227892008,74.876,13.3,124.375137329102,11.153,76.7232975672119
Colombia,COL,2011,96.7,6.09169610822215,6.78076792,4.37269536127322,6.94789198173555,7400.9940695669,4.46608018875122,40.3509157546318,3.4150334477625,75.18,11.3,121.831283569336,10.288,76.839003613206
Colombia,COL,2012,97.0,5.58268705354932,6.74601603,4.05728041313345,3.91263576716115,8108.59838244229,4.37038993835449,48.98,3.16930188840055,75.611,12.7,118.63996887207,9.959,76.942211203265
Colombia,COL,2013,97.8,5.39271495449472,7.01724052,4.24252457969381,5.13399351995672,8279.10255642981,4.87855005264282,51.7,2.01699224310383,75.834,11.8,119.084732055664,9.246,77.0315988189922
Colombia,COL,2014,97.8,5.44695721474421,7.18553209,4.24107256687862,4.49903000110972,8187.20824890084,4.62945985794067,52.568136539247,2.89883787761738,75.95,10.9,116.080101013184,8.799,77.1058449419909
Colombia,COL,2015,98.2,5.98042480849816,7.52338505,3.95939854860993,2.95590137527523,6248.51490534512,4.47038984298706,55.9049725142924,4.9898311584953,76.067,10.2,115.497077941895,8.572,77.1636280538646
Colombia,COL,2016,98.4,6.60641226605787,7.53117037,4.90164572903473,2.08738250162794,5959.84250367574,4.47721004486084,58.1364935728703,7.51346024627675,76.228,10.1,115.443153381348,8.922,77.2036266362166
Colombia,COL,2017,98.5,6.38966355268118,7.67864323,4.3931823276543,1.35936086788746,6479.53231292429,4.53551006317139,62.2598803162841,4.31431325695011,76.418,9.5,113.305381774902,9.086,77.2245191706503
Colombia,COL,2018,98.5,6.22570968960033,7.71777487,3.38083573220188,2.56432428277704,6816.96818309544,4.44910001754761,64.1263768204459,3.24056932930569,76.579,9.8,111.699180603027,9.36,77.2804816598084
Colombia,COL,2019,99.4,6.41072082168314,7.83404827,4.33058240931506,3.18685539245533,6472.54544924705,4.51068019866943,65.0069007159493,3.52301932741447,76.793,11.3,109.355506896973,10.28,77.4595528518377
Colombia,COL,2020,99.7,7.50848046663348,8.69751263,2.7588942895314,-7.18591413760859,5339.68711357943,5.26166009902954,69.79533474,2.52663500084706,74.757,15.8,107.083686828613,15.568,77.6382533537045
Colombia,COL,2021,100.0,7.77187301385002,9.14150524,3.00175693787234,10.8011981904878,6222.62164397614,4.62330484390259,73.02837449,3.49505757399448,72.698,11.2,106.488357543945,13.898,77.8339570326128
Colombia,COL,2022,100.0,8.83154473689041,7.59037256,4.97124137726565,7.32827729427979,6680.44506854481,4.62330484390259,72.79637855,10.1772313546166,76.508,9.3,104.830467224121,10.541,78.0464633137335
Comoros,COM,2004,48.7,29.376019929184,6.58576155,0.108010654825932,3.10041210399676,1072.28409029621,4.62330484390259,1.32732717785355,4.47499289078107,60.557,24.3,97.9237823486328,4.571,27.9596300229124
Comoros,COM,2014,71.8,30.0114530891401,5.23849726,0.407499074429688,2.10665760321017,1615.71709756316,2.74472999572754,6.980000019,7.54755379096711,64.143,31.4,113.579839227082,8.142,30.0302906552932
Comoros,COM,2020,85.6,35.7974035819198,5.902421,0.316385474955504,-0.195556841918759,1527.16991011916,2.37805076679617,22.42040062,0.786641929499151,65.756,8.9,101.2539710998535,6.762,32.0638072194881
"Congo, Dem. Rep.",COD,2004,9.0,23.8793594908244,4.33564186,3.97216281770058,6.73837393320788,180.664764963633,4.62330484390259,0.196208375178039,3.99438400815971,53.534,94.9,101.2539710998535,6.762,37.0
"Congo, Dem. Rep.",COD,2012,15.4,15.3232580698254,3.2215035,9.62926566877035,8.66859360586926,409.931424783784,4.62330484390259,1.679999948,9.72182806273364,57.35,78.9,98.2439804077148,4.485,40.1770385579151
"Congo, Dem. Rep.",COD,2020,20.1,13.7461066368954,3.97694445,3.20844071096691,0.775427992354622,486.425572682256,2.62263835311571,14.51049995,3.03924881090924,60.428,85.3,115.898292541504,1.466,43.2528602500115
"Congo, Rep.",COG,2005,33.8,6.10423786651851,1.71774101,12.0498455846018,7.75575897806648,1799.05158366154,1.6810200214386,1.463400006,3.09449011456182,58.73,54.5,105.244941711426,19.796,61.310286636126
"Congo, Rep.",COG,2011,40.8,3.98393619152519,1.75237322,1.90783479461617,2.20591936286718,3396.16505817952,2.64652978173867,5.6,1.75958704273803,62.286,39.2,108.505096435547,6.762,62.5597508130231
Costa Rica,CRI,2002,98.5,8.42775058192746,6.8690877,4.3620269108637,3.41687615891895,4067.71854177094,5.15044021606445,19.8948511346293,9.16752048509119,77.939,6.6,105.317329406738,6.334,61.2787633575946
Costa Rica,CRI,2003,98.7,8.84007836690117,6.9691925,4.48353973161802,4.31718000096654,4173.14853766977,5.13373994827271,20.3336148143541,9.44758091616984,78.214,6.9,101.2539710998535,6.558,62.4518059303802
Costa Rica,CRI,2004,99.0,8.85240860590112,6.63006067,5.82312653403309,4.42459978667458,4431.01172024063,4.89062976837158,20.7923067055542,12.3148150178852,78.512,6.6,109.149803161621,6.391,63.6596013546005
Costa Rica,CRI,2005,99.1,8.6222364609325,6.66429663,7.62843541650427,3.97666631433462,4703.00720463794,4.62330484390259,22.07,13.7982949108987,78.877,5.0,107.09986114502,6.571,64.8998632216384
Costa Rica,CRI,2006,99.1,8.42982799061767,6.93530846,7.92850432469026,7.3266951372695,5256.59641275583,4.61614990234375,25.10000038,11.4705968149052,79.049,5.2,108.812652587891,5.74,66.1703051228767
Costa Rica,CRI,2007,99.2,7.91531076967818,6.99642611,8.33742598522417,8.21513209207497,6137.71199435022,4.63449001312256,28.39999962,9.35724456417157,79.098,3.1,108.192337036133,4.49,67.4686406496983
Costa Rica,CRI,2008,99.3,6.97696073274764,7.4685483,7.90900698205041,4.73817511214847,6937.24261660254,4.88697004318237,32.29,13.4244635507284,79.18,3.4,109.621971130371,4.781,68.7925833934861
Costa Rica,CRI,2009,99.4,7.04962945476736,7.86019182,5.2515106858073,-0.87345608994562,6832.69828187486,6.01031017303467,34.33,7.84270167700654,79.372,3.6,110.964897155762,7.713,70.1398469456228
Costa Rica,CRI,2010,99.0,6.48518943828866,8.02937698,5.06371170026852,5.36034347722267,8265.78820580299,6.56575012207031,36.5,5.66275708420021,79.354,2.2,109.92635345459,7.171,71.5081448974915
Costa Rica,CRI,2011,99.2,5.59987200236542,8.12197781,6.39172538358965,4.40315921836142,9276.39109377477,6.37988996505737,39.2121959961842,4.87799830970702,79.624,2.7,108.691719055176,9.518,72.8426586679914
Costa Rica,CRI,2012,99.5,5.13084175441445,7.78642273,5.70866124116913,4.88259252932575,10126.9991155066,6.58239984512329,47.5,4.49545314354605,79.925,2.6,107.544090270996,9.11,73.3895020668217
Costa Rica,CRI,2013,99.6,4.78335102557187,7.68229342,6.29127736182893,2.49476596233289,10803.2401795009,6.68738985061646,45.96,5.23133614174428,80.189,2.6,105.42813873291,8.218,73.9431776192863
Costa Rica,CRI,2014,99.4,4.88788395875916,7.66376209,6.23293662665086,3.54210997703849,10911.4978703456,6.67953014373779,53.0,4.51920098516954,80.231,2.4,104.007881164551,8.499,74.4866963181212
Costa Rica,CRI,2015,99.4,4.74911027286369,7.59196186,5.23639457041545,3.65208093006359,11714.7106121672,6.87349987030029,59.7629501371681,0.801982005099623,80.407,2.4,103.75464630127,8.415,75.0198195767549
Costa Rica,CRI,2016,99.5,4.91435592970492,7.31724358,4.45296211937019,4.20432320775184,12091.0301560892,6.89395999908447,65.8804491942718,-0.0174788505908217,79.988,2.4,104.599922180176,8.085,75.5423088085047
Costa Rica,CRI,2017,99.6,4.69977628322676,7.04522991,4.83327522044665,4.15769914676933,12317.0902779911,7.06981992721558,71.5816646195022,1.62590692991732,79.994,1.7,103.215171813965,7.729,76.0539254265608
Costa Rica,CRI,2018,99.7,4.47325083104707,7.28587723,4.81804579792257,2.85285959760458,12620.0207321581,6.76992988586426,73.4797284369906,2.22111461526581,80.09,2.3,105.513519287109,9.01,76.5544308439668
Costa Rica,CRI,2019,99.7,4.18025788974533,7.2212491,4.19904890207774,2.70813912948329,12951.8588421841,6.73809003829956,81.2025964435269,2.09604635327807,80.296,1.7,108.828872680664,10.807,77.0435864735963
Costa Rica,CRI,2020,99.9,4.31579869146708,7.82545757,3.34838047556023,-4.14159340574358,12475.6852076814,6.62899017333984,80.53018608,0.724911478131376,79.725,3.4,108.293647766113,16.432,77.5211537281257
Costa Rica,CRI,2021,100.0,4.34558711185467,7.61130476,5.47775634815964,8.21817953969082,12962.2716075659,6.24842977523804,82.74901607,1.72647755109241,78.05,2.2,107.190368652344,15.139,77.9868940200009
Costa Rica,CRI,2022,100.0,4.02952141180054,7.18368196,7.34017474268191,5.46119455235068,13971.7649991294,5.5472297668457,82.59801121,8.27477490232654,79.316,1.6,106.197128295898,11.325,78.4405687613972
Cote d'Ivoire,CIV,2002,51.4,18.737314157226,3.54146051,1.17744492416162,-2.73052647441901,967.815864415991,2.81047010421753,0.497929360753307,3.07726485157427,51.544,43.9,66.8685913085938,6.762,43.859032147728
Cote d'Ivoire,CIV,2008,60.3,16.1854841829726,4.1387105,1.37441880759786,4.7826659787672,1583.97066701372,3.09853005409241,1.899999976,6.30852769152578,54.179,47.0,62.3004684448242,6.762,46.3620274395029
Cote d'Ivoire,CIV,2015,62.6,18.3620416868752,3.2198832,1.07914154751206,7.19494942728191,1814.71855088017,3.49412989616394,38.4400001654616,1.25149954781468,58.281,46.6,85.262803745883,6.762,49.4694894689553
Cote d'Ivoire,CIV,2018,67.1,17.8526014022659,3.0916779,1.05998699614336,4.84314605889178,2130.86619381144,3.21164989471436,37.5465361301281,0.401297817263547,59.795,21.7,88.210939705148,6.762,50.8718477756395
Cote d'Ivoire,CIV,2021,71.1,16.1805529630135,3.76207662,1.91282655892028,7.06253713446816,2455.98127641148,3.32717990875244,35.95069885,4.15919657911798,60.29,20.8,85.830088505202,6.762,52.3183461956059
Croatia,HRV,2004,99.9,4.41827966580442,6.5067997,3.14125847138829,4.17049297825163,9718.92771524605,3.82386994361877,30.91,2.05539679050328,75.520243902439,0.0,101.2539710998535,13.664,55.5890878734365
Croatia,HRV,2008,100.0,3.88143056599721,7.63643503,7.66668932687836,1.97176786914632,15888.1184388903,4.2783899307251,44.24,6.07696838798352,75.9121951219512,0.0,97.9028015136719,8.53,55.3530687812969
Croatia,HRV,2009,100.0,3.98639120800412,8.03311729,4.925903970572,-6.81168973851901,14474.52513863,4.36217021942139,50.58,2.37852845904671,76.1682926829268,1.0,97.974609375,9.202,55.3096640250682
Croatia,HRV,2010,100.0,3.64384300678865,7.94908857,2.61983395656206,-1.33616285467264,13729.7472872883,4.20651006698608,56.55,1.03055505333576,76.4756097560976,1.4,98.0708236694336,11.62,55.2824979327886
Croatia,HRV,2011,100.0,3.62557825538414,7.62508154,1.98600142929806,-0.111527124990047,14691.591757962,4.10584020614624,57.7899789891444,2.27272727272722,76.7756097560976,1.0,98.0935974121094,13.678,55.2773793281248
Croatia,HRV,2012,100.0,3.2841419035074,7.63413,2.5458971283455,-2.23702049605232,13507.6349882758,4.62330484390259,61.9399731527956,3.41207349081368,77.1682926829268,1.1,98.7156372070312,16.046,55.3042888624873
Croatia,HRV,2013,100.0,3.43748613022059,6.37271595,1.59392354890083,-0.132561080066893,14135.0903485872,4.50127983093262,66.7476,2.21658206429779,77.5707317073171,1.2,98.5737533569336,17.231,55.3659479687433
Croatia,HRV,2014,100.0,2.93973433181778,6.56612396,5.34791756323206,-0.559537666687092,14186.7712230471,4.62330484390259,68.5678992528467,-0.215196159576176,77.7243902439024,1.2,98.908317565918,17.209,55.4591834926844
Croatia,HRV,2015,100.0,2.96305965278684,6.65548038,0.958162552964542,2.32056679330526,12283.8750299177,4.62330484390259,69.8450359238281,-0.464499004645003,77.2756097560976,0.7,99.4907684326172,16.15,55.5812594509004
Croatia,HRV,2016,100.0,3.05890762309212,6.69167471,2.99037238331044,3.46613146011039,12820.1872746645,4.62330484390259,72.6972696701463,-1.12500000000002,77.9219512195122,0.9,98.7909393310547,13.015,55.7294398599808
Croatia,HRV,2017,100.0,2.8894876538245,6.62803125,3.24022473811694,3.2840626939789,13901.6498657787,3.87207007408142,67.0961920368478,1.12937210282347,77.7268292682927,0.6,99.2321090698242,11.078,55.9009887365155
Croatia,HRV,2018,100.0,2.95114617844763,6.7136178,2.6691078382689,2.91107146210912,15460.4560798984,3.92432999610901,75.2946259897258,1.50012501041747,77.919512195122,0.5,98.8812103271484,8.322,56.093170097094
Croatia,HRV,2019,100.0,2.85761119003388,6.78699923,6.47280555618669,3.10247285336254,15563.7354996625,3.94555997848511,79.0797836757554,0.771820346498112,78.2243902439024,0.4,99.0015106201172,6.551,56.303247958306
Croatia,HRV,2020,100.0,3.12943402175627,7.68352938,2.53925977136019,-8.31046995309319,14807.5559227544,4.40854978561401,78.32090004,0.154811374562106,77.5243902439024,0.4,99.4886703491211,7.389,56.5284863367411
Croatia,HRV,2021,100.0,3.35944329225443,8.08265686,7.42755621800021,12.6312741312741,17788.7601163765,4.0916600227356,81.25396608,2.55450699642041,76.4243902439025,0.3,99.7441482543945,7.483,56.7683502560171
Croatia,HRV,2022,100.0,3.39283865528818,7.29636335,5.51627272111755,7.29479114889533,18465.531473659,4.62330484390259,82.07155532,10.7805806758686,77.5756097560976,0.4,100.527976989746,6.811,56.9977571733605
Cyprus,CYP,2004,100.0,3.08333142687938,5.40558147,6.459620091748,5.02627226665527,23792.619140625,6.11772012710571,33.83,2.28621706801678,79.007,0.1,97.1988677978516,4.77,68.5908141437316
Cyprus,CYP,2005,100.0,2.73852781486715,5.43580961,6.30362669067508,4.85298762175586,24959.26171875,6.28667020797729,32.81,2.56016132330235,79.198,0.1,99.8711776733398,5.481,68.4340674211981
Cyprus,CYP,2006,100.0,2.2759759957395,5.46357489,9.32556556614527,4.71378358593959,26729.28125,6.33027982711792,35.83,2.30468732978553,79.456,0.0,100.887046813965,4.593,68.2534151682801
Cyprus,CYP,2007,100.0,2.02353280851406,5.35744858,9.57345612845137,5.09822614854798,31244.87890625,6.28083992004395,40.77,2.37265183669718,79.798,0.0,100.688270568848,3.946,68.0604154001212
Cyprus,CYP,2008,100.0,2.09331209487447,6.01430845,44.3647557897632,3.64698922103939,35541.88671875,6.72277021408081,42.31,4.66900841902491,79.906,0.0,101.213508605957,3.756,67.8666261318649
Cyprus,CYP,2009,100.0,1.98881944002316,6.46531534,252.66766836908,-2.01508203683694,32236.462890625,7.20547008514404,49.81,0.326276652249793,80.375,0.1,102.179481506348,5.594,67.6836053786548
Cyprus,CYP,2010,100.0,2.05766089497283,6.50055742,125.272736246416,2.28267100119788,31105.02734375,6.52559995651245,52.99,2.43004084102251,80.632,0.1,101.624328613281,6.359,67.5229111556342
Cyprus,CYP,2011,100.0,2.14531860991971,6.43139076,151.736913469908,0.416711868408683,32485.8046875,6.52042007446289,56.8598923503507,3.2894493956421,80.855,0.0,101.200538635254,7.942,67.3979892758544
Cyprus,CYP,2012,100.0,2.00128009868188,6.53638792,289.858155745793,-3.44738151374587,28991.9296875,4.62330484390259,60.6898684001903,2.38905410042326,81.128,0.0,100.175346374512,12.097,67.3010289148738
Cyprus,CYP,2013,100.0,2.03633566673278,6.92774534,108.090333712845,-6.58747751118347,27764.7265625,6.46747016906738,65.4548,-0.399357676464425,81.317,0.1,99.9297714233398,16.131,67.2102333625375
Cyprus,CYP,2014,100.0,1.84487621232733,6.93137264,233.165814267121,-1.77605867728616,26993.095703125,6.42111015319824,69.3286967086473,-1.35498885446315,81.337,0.1,98.8685607910156,16.277,67.1230558819804
Cyprus,CYP,2015,100.0,1.86798451841109,6.79382181,137.220747221649,3.41892038889013,23088.4296875,6.30491018295288,71.7157409175171,-2.0969976905312,81.464,0.0,99.0203475952148,15.026,67.0402477918073
Cyprus,CYP,2016,100.0,2.14376219902412,6.65254688,15.8272346194166,6.57359080924678,24280.044921875,6.11811017990112,75.9002054030125,-1.42916666666665,81.534,0.1,98.9118804931641,13.006,66.9625604106231
Cyprus,CYP,2017,100.0,1.85263298228741,6.62192535,184.054180339924,5.75083236554525,26247.46484375,5.69961977005005,80.743188971932,0.531766496174467,81.543,0.1,99.4003524780273,11.155,66.8907450570326
Cyprus,CYP,2018,100.0,1.71813809861456,6.78446245,307.086610313426,6.27166360056404,29120.38671875,4.62330484390259,84.4335825186889,1.43549119531759,81.556,0.1,100.864112854004,8.504,66.8255530496405
Cyprus,CYP,2019,100.0,1.74820535403514,6.99843168,431.788575910459,5.87559583386607,29227.16796875,5.16293001174927,86.0636299618935,0.250370996758493,81.454,0.2,102.16837310791,7.155,66.7677357070518
Cyprus,CYP,2020,100.0,1.82533569194245,8.64796448,-296.013333456363,-3.22063018637567,28130.330078125,5.56462001800537,90.80194644,-0.638422797978861,81.23,0.0,102.275482177734,7.755,66.7180443478713
Cyprus,CYP,2021,100.0,1.50250271739903,8.87445068,21.8171208826836,11.3975590801512,32937.8359375,5.08247995376587,90.75951564,2.44608867175474,80.573,0.0,100.948387145996,7.513,66.6718365394971
Cyprus,CYP,2022,100.0,1.186076126012,8.27201366,0.172623567791445,8.73854684881674,33231.05078125,4.74210977554321,89.60099194,8.39548297993334,80.434,0.0,98.952262878418,6.806,66.6694829407584
Czechia,CZE,2002,100.0,2.64625253192312,6.14656258,10.2854716819753,1.51345949139996,8101.26018588111,3.9390299320221,23.93,1.90298097019027,75.2219512195122,0.0,106.005058288574,7.28,73.8360067578753
Czechia,CZE,2004,100.0,2.40804306787699,6.33308411,5.34629831368761,4.73633969683438,11782.5546676117,3.98130011558533,35.5,2.76010781671153,75.7219512195122,0.0,106.529113769531,8.298,73.6991647167017
Czechia,CZE,2005,100.0,2.28125770679761,6.33529043,10.0027291342114,6.37502886086791,13442.4916284309,3.86250996589661,35.27,1.85709789109228,75.9243902439025,0.0,106.737777709961,7.927,73.6375545423198
Czechia,CZE,2006,100.0,2.16293341098596,6.16489983,4.56488300562003,6.62317299177447,15259.0788162004,4.19625997543335,47.93,2.53399258343633,76.5243902439024,0.1,104.372779846191,7.141,73.578883191735
Czechia,CZE,2007,100.0,2.08871530033094,5.99029112,7.26984053281639,5.48882595164517,18452.6532812196,3.85006999969482,51.93,2.8531243721117,76.7243902439025,0.1,103.382110595703,5.316,73.5219493596925
Czechia,CZE,2008,100.0,1.92036584435566,6.33855247,3.72734017480649,2.61226807205139,22774.7045076205,3.73207998275757,62.97,6.3586638015237,76.9756097560976,0.1,102.214767456055,4.392,73.4655517409377
Czechia,CZE,2009,100.0,1.75886230026321,7.2650013,2.54701925348654,-4.79832416684926,19817.4215836554,4.1553201675415,64.43,1.0193773532923,77.0780487804878,0.0,101.478927612305,6.662,73.4084890302159
Czechia,CZE,2010,100.0,1.52258196973334,7.47836781,4.81502985527419,2.71466509907701,20160.4355077059,3.99341988563538,68.82,1.47272727272728,77.4243902439025,0.0,101.036407470703,7.281,73.3495599222723
Czechia,CZE,2011,100.0,1.96393230867654,7.47281456,1.80994155301699,1.77238085338473,22049.1080788682,4.20787000656128,70.49,1.9172191363555,77.8731707317073,0.1,100.081001281738,6.712,73.2878338394746
Czechia,CZE,2012,100.0,2.23162666151254,7.53974962,4.48424380759869,-0.770668190622743,20014.0354015165,4.19049978256226,73.4300078241036,3.28762306610411,78.0756097560976,0.1,99.3585815429688,6.979,73.2249239592898
Czechia,CZE,2013,100.0,2.34758315581321,7.44831276,3.45386726376292,-0.0418124160447491,20260.4954999375,4.02132987976074,74.1104,1.4382978723404,78.1756097560976,0.0,98.7804794311523,6.953,73.1622186934979
Czechia,CZE,2014,100.0,2.39269564510297,7.53919601,3.83510153423089,2.24521219862635,20038.4163180257,3.93603992462158,74.2317116367383,0.343988589646794,78.8243902439024,0.0,97.6821594238281,6.108,73.0995921041469
Czechia,CZE,2015,100.0,2.25892571347988,7.29346752,0.898913491904098,4.95875848915604,17931.5987670768,5.71913003921509,75.668838699279,0.309364548494975,78.5780487804878,0.0,96.9615478515625,5.048,73.0370442874355
Czechia,CZE,2016,100.0,2.14809736879598,7.32258606,5.47566421423918,2.58087013921376,18753.9686718096,5.50080013275146,76.4811986951838,0.683504209385703,79.0268292682927,0.0,96.9097595214844,3.952,72.9745753395623
Czechia,CZE,2017,100.0,2.10545968755889,7.24190664,5.07066240955503,5.17356529967881,20913.197632212,3.75574994087219,78.7191728513432,2.4505339846014,78.9780487804878,0.0,97.2324905395508,2.893,72.9121853567256
Czechia,CZE,2018,100.0,1.96856224682798,7.37173605,3.30353998283407,2.83030588267866,23705.9329811299,4.21541023254395,80.6881675434288,2.14949494949493,79.0292682926829,0.0,98.2727584838867,2.246,72.8498744351241
Czechia,CZE,2019,100.0,1.89151770908811,7.48754358,4.18705737619001,3.56577658128261,24062.7190013343,4.46737003326416,80.8669444139622,2.84787595918041,79.2292682926829,0.0,99.2833023071289,2.015,72.7876426709563
Czechia,CZE,2020,100.0,1.94399138825301,8.96995831,3.39114066226469,-5.30487955463876,23472.8915454417,4.62503004074097,81.33889705,3.1612952849781,78.2268292682927,0.0,99.7845306396484,2.55,72.7254901604208
Czechia,CZE,2021,100.0,1.75886666492278,9.15420723,4.43029524586196,4.02901832055149,27696.4619527544,4.65163993835449,82.67062427,3.83984491500146,77.2219512195122,0.1,101.677841186523,2.803,72.6810594374316
Czechia,CZE,2022,100.0,2.07634975500264,8.47063065,3.02937517288668,2.8471706583814,28282.2236715857,4.30291986465454,84.54009378,15.1001651468371,78.9292682926829,0.0,100.97534942627,2.224,72.6967638379524
Denmark,DNK,2003,100.0,1.58700357166721,8.89037418,0.542449723524164,0.441091006625101,40519.0974905924,8.10986042022705,76.26,2.07507820646506,77.1439024390244,0.4,101.2539710998535,5.398,85.4199981689453
Denmark,DNK,2004,100.0,1.5968233470381,8.98551464,-3.49390841296768,2.77635180744053,46625.050098011,8.1876802444458,80.93,1.15435693124934,77.4926829268293,0.3,100.0,5.204,85.7130276911593
Denmark,DNK,2005,100.0,1.13056388790591,9.06716251,4.8451921902896,2.35960882992528,48925.8076698784,8.06474018096924,82.74,1.81781458291254,77.8439024390244,0.3,98.2105865478516,4.83,86.0059706832865
Denmark,DNK,2006,100.0,1.14680871658905,9.15257931,0.841695783435792,3.81648769908172,52119.1787984282,7.71623992919922,86.65,1.92422138464584,78.0951219512195,0.2,99.3460388183594,3.897,86.2501288149818
Denmark,DNK,2007,100.0,1.17038366975969,9.30215549,3.68799602330786,0.987173815945127,58631.6566433635,7.59683990478516,85.03,1.69326586220324,78.1951219512195,0.1,100.0,3.801,86.4251464366349
Denmark,DNK,2008,100.0,0.841682850350501,9.46797943,0.617279543987987,-0.417178439991005,64616.6657583663,7.441969871521,85.02,3.41626794258374,78.4463414634146,0.3,99.660270690918,3.683,86.583137512207
Denmark,DNK,2009,100.0,0.806945931238911,10.62873173,1.17142791849018,-4.97447905669058,58412.7472358513,8.41279029846191,86.84,1.30470991024336,78.5975609756098,0.6,100.002456665039,6.409,86.7617653139929
Denmark,DNK,2010,100.0,1.1884393485634,10.59621811,-3.56794135328115,1.58289703108802,58104.5445594981,8.55023002624512,88.72,2.31092436974786,79.1,0.1,100.18155670166,7.746,86.8652420043945
Denmark,DNK,2011,100.0,1.26832807403315,10.39758492,3.93792637361731,1.3108037609606,61809.737898222,8.47716045379639,89.8100133895232,2.7586822605125,79.8,0.0,101.197456359863,7.769,87.1567653955846
Denmark,DNK,2012,100.0,1.61758219917433,10.53344631,-5.00312031968255,-0.0054323016167074,58443.7747103968,7.24570989608765,92.2600117153012,2.3979148566464,80.0512195121951,0.0,101.51065826416,7.798,87.2336196899414
Denmark,DNK,2013,100.0,1.25664041508446,10.29778957,0.197410828523168,1.39267343161971,61377.5940590412,8.46860980987549,94.6297,0.789071780078062,80.3,0.3,101.299331665039,7.384,87.5436524760432
Denmark,DNK,2014,100.0,1.35342720224903,10.31388664,1.86415567840611,1.27799983192831,62520.4509747011,7.63833999633789,95.9935053764454,0.56402054044954,80.7,0.2,101.176940917969,6.925,87.6823985731907
Denmark,DNK,2015,100.0,0.908318060929302,10.3754549,0.61075067778712,2.10441456445301,53094.0133607574,4.62330484390259,96.3305016195436,0.452034153691575,80.7024390243902,0.2,100.882141113281,6.278,87.7254056577329
Denmark,DNK,2016,100.0,0.92879780499665,10.28229332,2.49983169836595,3.07304549209093,54500.9260410217,7.71534013748169,96.9677852516645,0.250000000000031,80.8536585365854,0.3,101.041496276855,5.989,87.6999969482422
Denmark,DNK,2017,100.0,1.25985806734514,10.1137991,1.08780490285886,3.05647723922718,57521.5514992225,7.3700098991394,97.0993621555621,1.14713216957602,81.1024390243903,0.1,100.778030395508,5.833,88.0161943799509
Denmark,DNK,2018,100.0,0.99704488734783,10.14163208,2.46670057625106,1.8600074900921,61324.7665045565,7.32747983932495,97.3192043651002,0.813609467455631,80.9536585365854,0.2,100.749008178711,5.131,88.1059762310689
Denmark,DNK,2019,100.0,1.24122741169144,10.18468761,-1.10067098319484,1.71140093932736,59404.2663247723,7.27585983276367,98.0464347521549,0.75813157251162,81.4512195121951,0.3,100.551002502441,5.018,88.2096490810669
Denmark,DNK,2020,100.0,1.33752008668451,10.69237614,0.363874538682217,-1.78010601831291,60985.4885601514,7.38574981689453,96.54914573,0.420711974110025,81.6024390243903,0.2,100.459587097168,5.644,88.2394485473632
Denmark,DNK,2021,100.0,1.08103120928969,10.65575886,4.18538817542322,6.50025445756295,69340.7334922138,6.95915985107422,98.8658506,1.85304543989689,81.4048780487805,0.2,100.308418273926,5.065,88.2616449318149
Denmark,DNK,2022,100.0,1.00228533729664,9.47411346,6.9048667972729,0.443832614908331,67781.0940939514,6.35586023330688,97.86011812,7.6965669988926,81.3048780487805,0.2,100.244453430176,4.434,88.3880239837703
Djibouti,DJI,2002,49.7,4.98083656431146,3.75243783,0.580649337298248,3.485806292299725,743.013270420348,8.44758987426758,0.48697170451894,0.63761955366632,57.824,32.3,101.2539710998535,6.762,72.4503357641707
Djibouti,DJI,2012,54.6,4.98083656431146,3.29730988,8.1261509172004,3.485806292299725,1400.19357858954,6.35127551762696,9.399999619,3.73120950756887,61.719,26.4,101.2539710998535,6.762,70.7266311335377
Djibouti,DJI,2013,58.6,1.19392304728354,2.91782117,13.9893763417185,3.485806292299725,2075.94498424748,4.64782533103312,12.69999981,2.70603242872186,62.116,31.2,101.2539710998535,6.762,70.7969331287484
Djibouti,DJI,2017,60.2,1.29424095183589,2.47976375,5.97013597143086,5.458091517212,2618.95521147369,3.73344993591309,55.6814092453962,0.577285724560661,63.71,25.4,101.2539710998535,26.064,71.318261933957
Dominican Republic,DOM,2002,89.7,6.80511921829037,4.98649025,3.41225986375611,4.48650367045651,3065.60329524196,1.9140100479126,6.8237257325842,5.22336769759447,70.719,9.0,117.968330383301,6.779,63.2914022524877
Dominican Republic,DOM,2003,89.2,6.69384984394826,4.38888264,2.88055489904245,-1.34935744782766,2383.26171780393,1.84465003013611,7.89839293716387,27.4497127394395,70.856,10.7,115.68123626709,6.938,64.426197134766
Dominican Republic,DOM,2004,90.3,7.02047299255392,4.2877388,4.18629057899448,2.58556667449577,2451.69161616569,4.62330484390259,8.8655534607044,51.4608598338065,70.73,14.6,107.716453552246,6.303,65.8914085229291
Dominican Republic,DOM,2005,90.1,7.21193528375622,4.35391188,3.12598170087694,9.43178931977285,3878.31206735244,4.62330484390259,11.4831977789344,4.19020260472056,71.043,9.9,108.274391174316,6.587,67.5759180469321
Dominican Republic,DOM,2006,90.1,6.8587193196752,3.99365425,4.0356569620282,9.17120650955299,4055.14270347371,4.62330484390259,14.8449283654589,7.57280523853074,71.054,8.1,103.604438781738,5.654,69.333853706035
Dominican Republic,DOM,2007,96.9,6.51157391056705,4.08935308,5.12424998266344,7.41840577774235,4649.64558875814,2.04678010940552,17.66,6.14356655248047,71.097,7.8,113.676666259766,5.158,71.0193434994977
Dominican Republic,DOM,2008,97.6,6.27099180121697,4.56442022,5.67335967834237,3.26808671288212,5023.58513403515,4.62330484390259,20.82,10.6446210953712,71.331,7.1,109.525123596191,4.764,72.4865154265802
Dominican Republic,DOM,2009,97.9,6.01021373970952,4.76706171,3.51548540591409,1.00345293018719,4973.95186999952,4.62330484390259,27.72,1.44215131834353,71.587,6.3,111.815872192383,5.467,73.5894974865426
Dominican Republic,DOM,2010,98.1,5.87493178504912,4.92896748,3.38320513554667,8.40114541209596,5478.62470398954,1.88728788680129,31.39999962,6.32993220146146,72.039,5.5,110.497961182388,5.212,74.1642773174177
Dominican Republic,DOM,2011,97.9,5.4136207001604,5.04506636,3.79217588020774,3.19196227475523,5826.51014109195,1.87925755786153,38.0,5.79676809206533,72.496,5.3,110.200677757395,6.087,74.2440389501301
Dominican Republic,DOM,2012,97.9,5.13892705786417,5.05897284,5.64036946601582,2.77567100848816,6013.81965002603,4.62330484390259,42.32,3.69449707884777,72.817,5.4,108.469020139424,6.722,74.2398679969568
Dominican Republic,DOM,2013,98.4,4.99410588425629,4.92594242,2.55757225532805,4.93473300709881,6136.59429329301,3.62818152019188,45.9,4.830950967408,73.038,4.4,109.528244906823,7.351,74.2251359951216
Dominican Republic,DOM,2014,98.5,4.83780303264764,4.80942917,3.55938801753347,7.11122629673892,6496.45166971142,3.62243443144513,49.58000183,2.99864226125219,73.145,4.1,108.064549120947,6.719,74.1931533822153
Dominican Republic,DOM,2015,98.6,5.05883234424627,4.73534584,3.13851060913817,6.98771131236387,6800.95309395474,3.60400277306673,54.2157663369785,0.836746346724557,72.982,3.3,112.013491719354,7.605,74.1372305958285
Dominican Republic,DOM,2016,98.9,5.02704510564373,4.58582401,3.33024928523507,6.71974078681295,7160.44200982307,3.85049560792469,63.8708647408206,1.61416607245223,72.889,3.0,110.70487684674,7.284,74.0506780735522
Dominican Republic,DOM,2017,100.0,4.83760934052653,4.44562674,4.55025610026855,3.93386176401576,7412.71571571512,3.92026752279272,67.5712453277737,3.27955694678546,73.37,1.5,108.019439917331,5.832,73.926806252977
Dominican Republic,DOM,2018,98.9,4.57147323875274,4.21765518,3.22902365102652,7.09751640210159,7882.98221584944,3.92849467476802,74.8220483597284,3.56443426013508,73.555,1.1,105.858397882856,5.861,73.7589255716938
Dominican Republic,DOM,2019,99.0,4.32511956961036,4.36808872,3.17366550445317,4.8940301149584,8183.01623600375,4.04276873126053,79.71549988,1.81060377042959,73.112,1.0,112.333610534668,6.356,73.5403464672933
Dominican Republic,DOM,2020,100.0,4.52252840237889,4.96490288,3.13265976088131,-7.92905234231061,7135.22273255899,4.51769850778985,81.61730194,3.78103179915517,72.636,1.3,105.925242398247,6.126,73.2643793773663
Dominican Republic,DOM,2021,98.1,4.21567590284055,5.08839989,3.53154938314388,14.0124289062207,8527.0754858205,3.58043271614957,85.24298638,8.24300347981809,71.757,1.3,96.8704570451147,7.702,72.9243347395035
Dominican Republic,DOM,2022,98.1,4.15371984188711,4.64506817,3.56897046352612,5.23795652902595,10104.2464008585,3.61088872070271,81.51269675,8.81109209279587,74.211,1.0,100.492291150329,5.504,72.4203155643711
Ecuador,ECU,2003,95.0,9.05012813090098,5.79232407,2.81449236195545,2.88450036512064,2315.62215223014,4.62330484390259,4.46022834472698,7.92936487461556,73.632,18.9,108.234580993652,5.662,61.5418469886978
Ecuador,ECU,2004,94.8,7.96891951563388,5.88152218,2.37801066697343,6.83239736646514,2586.20914663347,4.62330484390259,4.83444263759525,2.74323198926704,73.868,19.4,107.823509216309,5.002,61.7829573274038
Ecuador,ECU,2005,95.8,7.72632554619423,5.85904884,1.22499487397379,5.39862243994342,2909.02606014388,4.62330484390259,5.994299889,2.1682770118372,73.909,15.4,107.851249694824,3.779,62.0068704145716
Ecuador,ECU,2006,96.3,7.71967865189029,5.93617773,0.594056305145447,4.34113198577639,3243.67010359339,4.62330484390259,7.199999809,3.29874846258215,74.01,10.9,108.028701782227,3.55,62.2099988435587
Ecuador,ECU,2007,96.8,7.64839421670263,5.55722475,0.388921736574003,1.90242859700484,3478.92488770671,4.62330484390259,10.80000019,2.27618478002121,74.226,10.9,109.574661254883,3.142,62.3887552077227
Ecuador,ECU,2008,97.2,7.3493757008365,5.52174902,1.7294958127597,6.56492068224719,4194.75750661981,4.62330484390259,18.8,8.40009593987462,74.709,9.8,107.735610961914,3.917,62.5395521004212
Ecuador,ECU,2009,96.5,8.61225542007853,6.03388453,0.513570185696715,1.0910129698311,4053.36331139298,4.51763010025024,24.6,5.15996829181047,74.901,9.3,112.422248840332,4.608,62.6588021150118
Ecuador,ECU,2010,97.5,8.33021025899583,6.34925699,0.243419054034351,4.02913787986621,4520.30959039763,4.60028982162476,29.03,3.55437734567843,75.188,7.8,108.529831519835,4.088,62.7405258611644
Ecuador,ECU,2011,96.9,7.90853917487421,6.60509682,0.817966548837347,8.48147656332823,5153.6916424375,4.74424982070923,31.3668083587433,4.4745326579584,75.179,6.4,108.222664680389,3.458,62.7949053547691
Ecuador,ECU,2012,97.2,6.99944108995073,6.87859821,0.646739602691481,5.783212336172,5634.08393191094,4.65310001373291,35.1351464545516,5.10172180958666,75.486,6.0,105.657930195512,3.235,62.8408732819135
Ecuador,ECU,2013,98.0,6.96320880489033,6.77866411,0.752903273859877,7.21123653679159,6109.29031510341,4.92997980117798,40.279121941,2.72177577710371,75.832,4.5,104.495253899633,2.913,62.8837286624122
Ecuador,ECU,2014,99.0,7.40439967003185,6.76601839,0.751953401658059,4.22606520388456,6405.79979300441,5.21019983291626,45.5903906666095,3.58922016616663,76.141,4.0,105.59687272731,3.279,62.9232432195799
Ecuador,ECU,2015,98.8,8.02049629728797,7.76786041,1.36067004574537,0.119692109287612,5976.1596805651,5.10570001602173,48.9404337892669,3.96664623255358,76.222,4.8,101.055189173942,3.419,62.959188676731
Ecuador,ECU,2016,98.7,8.07212585894998,7.58817482,0.78469706502846,-0.687954245877947,5917.63771271481,4.46397668804552,54.0629247288864,1.72826463324533,76.094,5.0,98.960813930118,4.39,62.9913367571804
Ecuador,ECU,2017,99.2,7.90222040951574,7.52484131,0.605279629548276,5.97039880954841,6233.32244797718,4.60667733499397,55.79999924,0.417335588666825,76.22,4.3,98.1861872199016,3.708,63.0194591842425
Ecuador,ECU,2018,98.7,7.64505994805811,7.83364677,1.29341012436864,1.04429460679607,6303.91886658338,4.6250260585881,57.5,-0.224103246005552,77.248,4.7,98.8828234359272,3.396,63.0433276812321
Ecuador,ECU,2019,99.1,7.78676459859086,7.80878448,0.915058228783613,0.1654044646003,6205.05765246766,4.24576997756958,59.2,0.266012515466155,77.286,4.6,98.3159782205083,3.703,63.0627139714638
Ecuador,ECU,2020,98.8,8.38574905899645,8.60608387,1.16754746598289,-9.24509619165865,5463.64515348598,4.26103019714355,70.7,-0.338872392562139,72.004,8.4,98.1163823787708,6.084,63.0773897782521
Ecuador,ECU,2021,100.0,8.07999983280318,8.37526226,0.607504922954352,9.42189269033631,6061.32350181711,3.65649008750915,69.1147995,0.133251386096389,72.746,5.3,98.1757597284585,4.434,63.0871268249117
Ecuador,ECU,2022,100.0,7.39303992355462,7.60183907,0.759637557255968,5.86842354862311,6515.58528418336,3.61301994323731,69.71811356,3.46616972213077,76.577,4.4,99.5680141602854,3.672,63.0901835932266
"Egypt, Arab Rep.",EGY,2004,97.8,14.2699361219864,4.85732365,1.59083618380383,4.09207161019908,991.255689145253,4.67072010040283,11.92,11.270619332052,68.211,4.1,89.3801803588867,10.745,42.9255593360476
"Egypt, Arab Rep.",EGY,2008,99.8,12.6302400893356,4.46634817,5.8314126186488,7.15628356711522,1896.21594269779,3.76082992553711,18.01,18.3168316831684,68.761,3.7,101.2539710998535,8.517,42.9608989120873
"Egypt, Arab Rep.",EGY,2010,99.4,13.3407591579645,4.15319157,2.91601657550141,5.14723485746742,2455.08194645282,4.62330484390259,21.6,11.2651882653185,69.078,1.5,90.9477588784227,8.757,42.9057175520154
"Egypt, Arab Rep.",EGY,2012,99.7,11.2727652713919,4.45891809,1.00234071774049,2.22619979818487,2996.0677072015,4.62330484390259,26.4,7.11172943343083,69.464,1.2,91.8601632814812,12.597,42.8118514138525
"Egypt, Arab Rep.",EGY,2015,99.3,11.3940627685257,5.06153202,2.10258128401326,4.37201907781687,3306.98159414141,4.62330484390259,37.8193834276939,10.370490343517,70.135,1.2,101.2539710998535,13.052,42.6056314089048
"Egypt, Arab Rep.",EGY,2017,100.0,10.9863806449848,5.34661913,2.98301550917695,4.18122099961562,2395.10333299491,4.62330484390259,44.9502042452857,29.5066083940039,70.709,3.1,90.6515125272044,11.767,42.4486008687179
"Egypt, Arab Rep.",EGY,2019,100.0,10.6971354538956,4.5994668,2.82732944960686,5.55209307084222,2962.98892023003,4.62330484390259,57.2828663990195,9.15279959324804,71.213,2.0,94.2500854039165,7.851,42.4812027332648
"Egypt, Arab Rep.",EGY,2021,100.0,11.4369326589725,4.60955143,1.20617861055665,3.29064601193245,3827.35415374308,4.62330484390259,72.05599976,5.21404940513043,68.976,1.4,97.0010583504222,7.441,42.5686062621468
El Salvador,SLV,2002,87.5,5.82298419820808,7.88565731,3.71125187529755,1.57291844759789,2115.41187355626,3.242840051651,1.9,1.86552503610077,68.526,19.5,111.444900512695,6.2,58.3486233966841
El Salvador,SLV,2003,87.0,5.48839713449193,7.77182293,1.06615183714648,1.56539303147618,2207.83089518069,3.13467001914978,2.5,2.1203909173333,68.792,20.9,114.588432312012,6.9,59.2468576589718
El Salvador,SLV,2004,87.4,5.72792591262587,8.1302166,2.64681242347754,0.889404485692197,2285.68907438892,4.62330484390259,3.2,4.45194392395045,69.295,16.3,117.880020141602,6.8,60.1425374326239
El Salvador,SLV,2005,87.5,6.17165600762008,9.20057869,3.47761600217717,2.68083009363194,2447.39140845394,3.17785000801086,4.199999809,4.69094870903769,69.336,16.4,117.893600463867,6.961,61.0308213239291
El Salvador,SLV,2006,89.2,6.04616656739515,8.69338894,1.50707286112592,4.3369986028604,2665.61807194853,3.49298000335693,5.5,4.03712359429612,69.612,12.6,116.765838623047,6.505,61.9068679391763
El Salvador,SLV,2007,91.1,6.99310770496862,8.47836304,9.11434743633077,1.84760220587859,2830.65693770733,3.60984992980957,6.11,4.57808572377153,69.82,9.2,121.694122314453,6.406,62.7676878093683
El Salvador,SLV,2008,91.0,7.09010840673402,8.49585915,5.0206011155903,2.15440298282768,2983.24829577976,4.45810985565185,10.08,6.70792293515939,70.138,12.6,113.391387939453,5.884,63.6372503452723
El Salvador,SLV,2009,91.1,6.66859073198944,8.83749676,2.09486399547314,-2.10876837627522,2910.18651752011,4.65950012207031,12.11,1.05595029731201,70.359,12.4,111.723289489746,7.332,64.5299047495248
El Salvador,SLV,2010,91.6,6.98170850697531,8.90416241,-0.613406192808089,2.15419536693635,3040.07300952878,4.04807996749878,15.9,1.17933576873673,70.909,11.4,111.703523728467,4.893,65.4327927543162
El Salvador,SLV,2011,92.6,7.33019190703113,8.87645435,0.603930846788838,3.80688113429295,3330.60049486653,3.89854001998901,18.89999962,5.1289237668161,71.192,10.1,110.558314695839,4.297,66.334413642034
El Salvador,SLV,2012,93.7,6.5143562539307,8.60625362,2.01123945886672,2.82262371802327,3497.91256915509,3.7124400138855,20.3213877242007,1.72973481581383,71.42,8.5,109.439958408779,3.843,67.2232666950659
El Salvador,SLV,2013,95.0,5.61330655869503,9.05235958,1.11490857279595,2.23562439198375,3582.26694005169,3.80149006843567,23.1093,0.757669184522973,71.225,7.1,107.756009020989,3.693,68.0878511957995
El Salvador,SLV,2014,95.1,5.86687215376832,8.5989418,2.2408951362935,1.70870628357073,3666.01248913873,3.82416009902954,24.7617121459061,1.14134467538233,71.144,7.0,106.234750251213,4.154,68.9166664266223
El Salvador,SLV,2015,95.4,5.52976674016479,8.75833225,2.10997804482034,2.40000008852115,3790.34089108162,3.90987992286682,26.8026049600572,-0.731384487387957,70.952,5.3,104.056527416248,3.998,69.6982116699219
El Salvador,SLV,2016,96.0,5.73215390739613,8.71456337,1.98198031581358,2.53906241135864,3901.34014965811,3.82523989677429,28.99710083,0.60404908699661,70.908,5.8,101.843930228579,4.418,70.3990173339844
El Salvador,SLV,2017,96.8,5.39300914080881,8.42286873,2.01688451540263,2.24761908134138,4020.12671373919,3.7252299785614,33.8207289048526,1.0123540331558,71.007,4.6,98.3138463687883,4.385,71.0856704711914
El Salvador,SLV,2018,97.0,5.13276852985202,8.322752,1.58620478716365,2.4124442237792,4183.54620971358,3.60575008392334,43.79999924,1.09033000581892,71.384,4.1,96.8014948340295,4.006,71.7577209472656
El Salvador,SLV,2019,97.4,5.1464335217926,8.80846119,2.59024369040438,2.43747159065784,4320.11671534627,3.38710999488831,50.4911940673888,0.0753241350024612,71.725,3.0,91.6274097482467,4.17,72.4148941040039
El Salvador,SLV,2021,97.9,4.81225514872015,10.12668991,2.7560499827498,11.9047617015957,4642.60743101342,3.57766008377075,57.26380157,3.46692585313082,69.941,5.1,89.0818774059816,4.327,73.6838531494141
El Salvador,SLV,2022,100.0,4.55875426849797,9.82036304,0.0823187826775637,2.9546041089332,5074.60050994225,3.26848006248474,60.05609894,7.19861615609867,71.969,5.2,89.1304089502047,2.993,74.1465021298679
Equatorial Guinea,GNQ,2022,67.0,2.48978303214525,2.83726358,10.1419330984832,3.22350831658598,7589.29964909381,4.62330484390259,63.65950012,4.78671704710803,63.355,8.8,101.2539710998535,6.762,70.8910029445467
Estonia,EST,2002,100.0,3.5524871000821,4.70192671,4.58926418891502,6.93300082616575,5343.18310760735,5.433030128479,41.52,3.57191270164027,70.9048780487805,2.9,105.472816467285,10.026,67.4090870965661
Estonia,EST,2003,100.0,3.45928807770416,5.13748884,10.5121715393056,7.59630181032645,7205.40703313243,5.27171993255615,45.32,1.33499116549955,71.3170731707317,3.6,105.654472351074,11.288,67.4341760348669
Estonia,EST,2004,100.0,3.61869925607531,5.33641052,8.94665953048459,6.80070110758655,8916.0728274602,4.87566995620728,53.2,3.04811107523416,71.909756097561,1.6,104.811653137207,10.248,67.467351453949
Estonia,EST,2005,100.0,3.28668552534137,5.29434633,21.6702241581922,9.52305386462066,10414.6381183565,4.80935001373291,61.45,4.07971423199849,72.5682926829268,1.1,103.570648193359,8.033,67.5080523578799
Estonia,EST,2006,100.0,3.14382046697103,4.97308683,10.3265683442585,9.76257131206653,12641.4800976473,4.62330484390259,63.51,4.43762042389213,72.6914634146341,1.1,102.761779785156,5.915,67.5557177507269
Estonia,EST,2007,100.0,3.92534204177827,5.18429422,13.5105132723156,7.57091879311882,16745.4308011148,4.6196699142456,66.19,6.60132603055637,72.8146341463415,0.6,101.679817199707,4.592,67.6097866365576
Estonia,EST,2008,100.0,3.40126152586792,5.95694113,8.12253971916627,-5.12531154308803,18205.9064113446,5.48375988006592,70.58,10.3623580313683,73.7707317073171,0.6,100.795516967773,5.455,67.6696980194394
Estonia,EST,2009,100.0,2.47104873277575,6.84443808,9.50544171137007,-14.6302225427906,14712.4494217916,5.9597601890564,72.5,-0.0784083112809768,74.8243902439024,0.8,100.181121826172,13.548,67.7348909034398
Estonia,EST,2010,100.0,3.17092945309266,6.59404182,13.2770330129027,2.4497502063999,14663.7041018705,5.51753997802734,74.1,2.97204512015694,75.4292682926829,1.0,99.5972671508789,16.707,67.8048042926262
Estonia,EST,2011,100.0,3.66566862923271,6.05471659,4.80240449251588,7.60697458913162,17555.5455239426,4.99514007568359,76.5,4.9819013145361,76.2292682926829,1.2,99.042839050293,12.328,67.8775556334506
Estonia,EST,2012,100.0,3.2843229052027,6.03782082,7.6916567949516,3.67201872506541,17568.2137969714,4.67340993881226,78.3899259259259,3.93339987296985,76.3268292682927,1.0,98.3196105957031,10.021,67.9629593320316
Estonia,EST,2013,100.0,3.04742973666601,6.19788504,4.31393930629533,1.75649379621869,19310.3874900757,4.78006982803345,80.0043,2.78056658954988,77.1414634146341,1.1,97.6795196533203,8.631,68.0923458296768
Estonia,EST,2014,100.0,3.11496161660999,6.26286125,6.58511618123403,3.32278988182702,20581.7898991695,4.32586002349854,84.2415280294352,-0.10617514652171,77.0341463414634,1.0,97.5922622680664,7.352,68.2668382808032
Estonia,EST,2015,100.0,2.80642152865051,6.52138662,-3.06910519292015,1.83815262882932,17722.1557669523,5.05127000808716,88.4097035040431,-0.49232600654737,77.590243902439,0.7,97.1191482543945,6.412,68.4796609690553
Estonia,EST,2016,100.0,2.0715978609001,6.56918621,3.7692325610639,3.09301920751959,18666.3736521706,5.05511999130249,87.2402327514547,0.148684907627373,77.6414634146342,0.6,97.2923431396484,6.882,68.724038178078
Estonia,EST,2017,100.0,2.33885596628311,6.46636105,6.31892721219604,5.63467248963991,20851.5223496861,4.86288022994995,88.1024568740199,3.41723549488054,78.0926829268293,0.5,97.2500534057617,5.807,68.9931941915158
Estonia,EST,2018,100.0,2.04938469969066,6.56314421,4.08015832167199,3.69969756161726,23618.1361254581,5.13962984085083,89.3570077747426,3.43632688420446,78.2439024390244,0.4,97.4559478759766,5.412,69.2803532930133
Estonia,EST,2019,100.0,2.265648962634,6.64763546,9.76819364646981,3.72664943466884,24021.2501413306,5.16415023803711,90.2289281997919,2.27725931243522,78.6463414634147,0.7,98.1577224731445,4.514,69.5787397662154
Estonia,EST,2020,100.0,1.93181527353408,7.47179365,12.0147752855703,-2.88380751483778,23933.9939421065,5.44180011749268,89.05828666,-0.44453109767983,78.5951219512195,0.4,98.3466720581055,6.956,69.8815778947665
Estonia,EST,2021,100.0,1.94353771254558,7.47591066,20.2291128645653,8.25488044580031,27951.1659277744,5.21514987945557,90.97970174,4.65316673847473,76.9439024390244,0.3,98.8146667480469,6.178,70.1777274135822
Estonia,EST,2022,100.0,2.44640859997873,6.93641424,4.52988372813183,-1.22616966587796,28340.3826549406,5.20733976364136,91.52016546,19.3982634080616,77.8439024390244,0.5,99.2638168334961,5.571,70.4892333736738
Eswatini,SWZ,2009,38.6,7.55189409574541,8.63292217,1.86388312281576,1.43311134247756,3189.79679956637,6.47135019302368,8.94,7.44823423445754,46.913,58.2,117.071746826172,6.762,22.2343865624794
Eswatini,SWZ,2016,63.4,5.37686940648276,6.82044792,0.721382841978235,2.94916821059911,3238.17611961364,5.43355309210979,28.56999969,7.8472745908568,56.228,44.5,123.849988082778,22.718,23.5278881746356
Ethiopia,ETH,2004,15.2,38.6797549469264,4.31281853,5.38041579859625,13.5726031401471,133.169812538096,4.62330484390259,0.155334520794722,3.32737047894847,53.735,41.3,63.5657081604004,6.762,15.7585906982422
Ethiopia,ETH,2010,25.5,41.4468200699758,5.46637249,0.963030625359937,12.5505383347633,330.619412798644,4.49659013748169,0.75,8.14926402965082,59.709,37.4,88.511037030714,6.762,17.4937839508057
Ethiopia,ETH,2015,29.0,36.0569753905786,3.82316828,4.22926466080082,10.3924630141307,597.912113218663,4.73791868878759,13.8551755555556,9.56889955968623,63.592,33.0,94.0857534729235,6.762,19.451566696167
Ethiopia,ETH,2021,54.2,37.5791137563489,3.20779967,3.90520609775086,5.64153069324176,893.009835441784,4.06524874309096,16.6981031,26.8395221557722,65.33,38.6,101.338920969252,3.935,22.1067085266113
Fiji,FJI,2002,79.6,13.3109099072134,2.98349524,1.67309841241214,3.19999861722759,2136.56794118683,6.27586984634399,6.15264970011985,0.762032085561206,65.492,5.4,100.668678283691,6.762,48.7795139144731
Fiji,FJI,2008,86.2,10.6974950619792,3.18467116,19.2785877551773,1.03279368777636,3899.92231512129,4.25357007980347,13.0,7.73227857918422,66.32,3.8,93.6200714111328,8.938,51.0979752573339
Fiji,FJI,2013,91.8,10.1131069949223,3.20040679,5.81824859099488,4.7342203729816,4572.44377544245,3.88288998603821,35.20000076,2.91354193603992,66.545,1.6,96.6247792169561,8.957,53.5552726299291
Fiji,FJI,2019,96.1,12.4005161469113,4.28229284,6.02971795135456,-0.581946590349759,5842.07344577597,5.15273175975853,63.21789932,1.79388647514555,67.009,4.7,114.912590026855,6.762,56.70989552257
Finland,FIN,2003,100.0,2.53635129256364,7.93988276,3.47606211936874,2.01179992738312,32920.0857192568,6.168869972229,69.22,0.877440386254729,78.3682926829268,0.0,99.689567565918,10.469,68.0425549126858
Finland,FIN,2004,100.0,2.37997744754033,8.05999184,3.43216639798219,4.00537952277651,37768.1334202029,6.15823984146118,72.39,0.187120559084474,78.7146341463415,0.0,99.7934265136719,10.358,68.2766596767133
Finland,FIN,2005,100.0,2.27855173502727,8.28901291,5.30500837470056,2.77730918518017,39049.8703780223,6.02582979202271,74.48,0.623874450025224,78.8170731707317,0.1,99.7841110229492,9.602,68.5140529517604
Finland,FIN,2006,100.0,2.00160822857672,8.2858429,2.1374386449528,4.01957326515895,41214.0187765069,5.92960977554321,79.66,1.56666380704379,79.2146341463415,0.1,99.7659530639648,8.935,68.7588279849327
Finland,FIN,2007,100.0,2.38053234540974,8.08415604,8.57406338234925,5.31280176694145,48473.0240091455,5.67164993286133,80.78,2.5106656524034,79.2634146341464,0.1,99.6621475219727,6.854,69.0200377316963
Finland,FIN,2008,100.0,2.20537134561628,8.34362221,6.7927004343529,0.784431235717051,53769.4726240385,5.83046007156372,83.67,4.06595355358383,79.5682926829268,0.1,99.7198715209961,6.369,69.2943672196361
Finland,FIN,2009,100.0,2.25383112774094,9.16182804,-3.48204515637954,-8.07603116552393,47478.3495310999,6.45998001098633,82.49,-9.17360424903996e-07,79.719512195122,0.1,99.664192199707,8.249,69.546259966947
Finland,FIN,2010,100.0,2.36676641136983,9.14183331,4.89959763196754,3.1682879121621,46506.2919016566,6.504310131073,86.89,1.18413523154651,79.8707317073171,0.1,99.6880569458008,8.394,69.7855798796947
Finland,FIN,2011,100.0,2.25898661809719,9.23903561,-2.18405747554129,2.39039455396828,51060.3242589767,6.45624017715454,88.70999491353,3.4168075425521,80.4707317073171,0.1,99.7851867675781,7.781,70.0583261874252
Finland,FIN,2012,100.0,2.18836399205502,9.61732101,1.91512248449208,-1.52284013040689,47551.6740841369,7.1715497970581,89.879997974222,2.80833622561574,80.6268292682927,0.1,99.7071228027344,7.689,70.3661363168712
Finland,FIN,2013,100.0,2.21182621856833,9.84504986,-1.83489440736896,-0.979741024949618,49691.0145200739,7.15288019180298,91.5144,1.4782861568881,80.9756097560976,0.1,99.6918487548828,8.193,70.6742118159277
Finland,FIN,2014,100.0,2.21758033567317,9.83066177,6.41537482088507,-0.4780684247837,50073.7760815871,7.13832998275757,86.5303927529377,1.0411962117843,81.1804878048781,0.1,99.6617202758789,8.663,70.9879168940753
Finland,FIN,2015,100.0,2.06049706934612,9.69998264,7.53800542922806,0.466503766322674,42560.3456767103,7.07199001312256,86.4221333325445,-0.207928839905177,81.4804878048781,0.1,99.5672302246094,9.376,71.3054930040604
Finland,FIN,2016,100.0,2.08977502932082,9.45625591,2.18951964860612,2.57193414898754,43451.2562442158,6.90873003005981,87.7036499599455,0.356684500891695,81.4292682926829,0.0,99.5080413818359,8.818,71.6158383428171
Finland,FIN,2017,100.0,2.06803556647353,9.19148445,6.66136555422276,3.30337003591039,46085.0174739036,6.40826988220215,87.4689290730615,0.754015047084438,81.6317073170732,0.1,99.4682083129883,8.64,71.9563038312956
Finland,FIN,2018,100.0,2.11422780880102,9.10587025,-3.84456657280518,1.19297759742292,49654.2497035329,6.31771993637085,88.8899599985585,1.08382098409296,81.7341463414634,0.1,99.7032012939453,7.361,72.3423467740343
Finland,FIN,2019,100.0,2.18977184111891,9.22295189,6.09707710249334,1.34973845741737,48358.1807773701,6.45300006866455,89.6073851129779,1.02409392963431,81.9829268292683,0.0,99.5557479858398,6.695,72.7431214358314
Finland,FIN,2020,100.0,2.24039393029227,9.69977188,-0.939114055968044,-2.49103605535707,48828.6846862799,6.6812801361084,92.17027106,0.290554555653239,81.9317073170732,0.0,99.8175811767578,7.759,73.0849439791673
Finland,FIN,2021,100.0,2.15907446415076,9.90969753,8.01406291677223,2.67634641498897,53099.1351400148,6.58820009231567,92.80806082,2.19457432339998,81.8853658536585,0.0,99.353630065918,7.617,73.3710215780329
Finland,FIN,2022,100.0,2.24134367895993,9.74152565,4.66691154081507,0.763041912763526,50440.560224974,6.37578010559082,92.98879471,7.12350773301412,81.1878048780488,0.1,98.6190185546875,6.719,73.6967597835949
France,FRA,2002,100.0,1.90378389721189,10.08250141,3.45413596292302,1.06775027069419,24144.5727019529,4.62330484390259,30.18,1.92341228727064,79.2609756097561,0.1,100.249298095703,8.702,77.2543866607525
France,FRA,2003,100.0,1.74560664256609,10.13474941,2.30782482603352,0.967827182558352,29479.5222101175,4.62330484390259,36.14,2.09847219146919,79.1146341463415,0.2,99.9754486083984,8.306,77.4691216035138
France,FRA,2004,100.0,1.72018557547967,10.2117033,1.68777447237363,2.86825052501032,33644.9282220364,4.62330484390259,39.15,2.14208964640239,80.1634146341463,0.1,99.8111801147461,8.914,77.4900500011961
France,FRA,2005,100.0,1.58270403235962,10.23720551,3.8837306583925,1.88856584109286,34696.3718316971,4.62330484390259,42.87,1.74586936380487,80.1634146341463,0.1,104.636489868164,8.882,77.4363315105438
France,FRA,2006,100.0,1.42706409375236,10.39764977,3.40646118259263,2.71406448755236,36431.5658906555,4.62330484390259,46.87,1.67512449608726,80.8121951219512,0.0,104.278846740723,8.832,77.3467240068648
France,FRA,2007,100.0,1.516727357675,10.33418846,3.15449449926763,2.53048188351066,41486.1907828787,4.62330484390259,66.09,1.4879980595386,81.1121951219512,0.0,103.85977935791,8.008,77.2457976606157
France,FRA,2008,100.0,1.42030674677991,10.51340675,2.32326700027606,0.380171435849121,45464.8181385158,4.62330484390259,70.68,2.81286194914785,81.2146341463415,0.0,103.622146606445,7.386,77.1561901569367
France,FRA,2009,100.0,1.23241577481447,11.29095459,0.682311492843145,-2.82455153714783,41728.0884164132,4.62330484390259,71.58,0.0876204781574653,81.4146341463415,0.1,103.041137695312,9.122,77.1005391809676
France,FRA,2010,100.0,1.50088040274637,11.22430801,1.46961673029144,2.00032476039051,40694.8211697025,4.62330484390259,77.28,1.53112270420919,81.6634146341463,0.1,102.761512756348,9.279,77.0962844808803
France,FRA,2011,100.0,1.55137276231397,11.17601013,1.54005293306163,2.43757653729007,43929.7840873812,4.62330484390259,77.8199989926706,2.11159795175,82.1146341463415,0.0,102.691101074219,9.228,77.1182717387509
France,FRA,2012,100.0,1.52594468949115,11.33749485,1.22790071519382,0.183835264973013,40863.5814412333,4.62330484390259,81.44,1.9541953161351,81.9682926829268,0.1,102.523162841797,9.841,77.1669464919916
France,FRA,2013,100.0,1.36140137870511,11.37891197,1.18823404938295,0.781756446231,42669.1795111893,4.62330484390259,81.9198,0.863715497861804,82.219512195122,0.1,102.276443481445,9.913,77.2440721470918
France,FRA,2014,100.0,1.46154600121993,11.57935429,0.176974174772525,0.997832947295251,43148.0459288416,4.62330484390259,83.7510996681821,0.50775882293799,82.719512195122,0.0,101.280349731445,10.273,77.3524296788613
France,FRA,2015,100.0,1.50360116027898,11.50032997,1.76596182973896,1.06675474783462,36702.4323733379,4.62330484390259,78.0060377071902,0.0375143805125182,82.3219512195122,0.1,101.989639282227,10.354,77.7610919150066
France,FRA,2016,100.0,1.33798472564444,11.57036018,1.44200321416196,0.860031075424033,37024.2157133669,4.62330484390259,79.2698113207547,0.183334861123765,82.5731707317073,0.1,102.260429382324,10.057,78.5999114705779
France,FRA,2017,100.0,1.43496006533197,11.44944572,1.68928072199317,2.08361485997399,38687.1626407164,5.46482992172241,80.5024597243607,1.03228275064681,82.5756097560976,0.0,102.417221069336,9.409,78.6467804026368
France,FRA,2018,100.0,1.53110170543578,11.30847645,2.78594184568695,1.64590872395887,41418.1766484844,5.42540979385376,82.0431867788484,1.85081508315493,82.6756097560976,0.0,102.464408874512,9.018,78.6714432536599
France,FRA,2019,100.0,1.40828485472535,11.17058277,1.96486943301562,2.02744646419237,40408.2848574751,5.36638021469116,83.3397440866883,1.10825492288294,82.8268292682927,0.1,102.447647094727,8.415,78.6890784549356
France,FRA,2020,100.0,1.4604342657704,12.12949371,0.731471704018579,-7.44064589948231,39169.8606000707,5.65871000289917,84.70639801,0.476498852725065,82.1756097560976,0.1,102.651626586914,8.009,78.7119131765249
France,FRA,2021,100.0,1.46334541457898,12.24894238,3.30405312221271,6.88233783360239,43725.0999521245,5.41743993759155,86.09548575,1.64233141038394,82.3243902439024,0.1,102.580406188965,7.871,78.7364603392338
France,FRA,2022,100.0,1.72017137018833,11.82888794,4.0180319137717,2.71676264185913,40988.6396406579,5.32434988021851,85.33331734,5.22236748369725,82.1292682926829,0.1,102.709487915039,7.303,78.7591921123356
Gabon,GAB,2005,81.6,4.98463861102881,2.92175174,3.40362339596918,2.67620333310926,6547.87613955186,4.62330484390259,4.89326474972412,3.70833333333304,62.978,9.2,101.2539710998535,16.976,83.4326746392243
Gabon,GAB,2017,86.3,5.2657648440765,2.78068876,8.80157025688894,0.472642030911146,6921.73373135624,3.55570801059931,51.60490036,2.65192583143902,66.816,3.8,101.2539710998535,6.762,89.0009733256896
"Gambia, The",GMB,2003,27.8,26.7482904903386,5.29709053,3.75180060709964,6.86999962173842,308.719123437587,1.36337995529175,2.436781193062,17.0328665431988,58.223,55.2,72.404167175293,6.762,50.6010077995371
"Gambia, The",GMB,2010,46.8,35.1932434877047,4.11944056,2.40659689644853,5.90833580968288,801.033372714536,2.56322002410889,9.2,5.04968075857402,61.167,34.2,73.4599827384096,6.762,56.0110896605662
"Gambia, The",GMB,2015,54.7,22.2088860199147,3.1761291,5.22255647330922,4.0580738039996,619.536364296461,2.16002988815308,17.59950066,6.8084549457961,62.971,17.1,83.6767800021667,6.762,59.2458499408388
"Gambia, The",GMB,2020,62.2,21.2440052017636,4.01436949,10.4612755737217,0.591487287873974,720.335143352133,2.88734569797808,36.01100159,5.93127636562441,64.418,22.0,96.8827026600674,6.762,62.2069251698555
Georgia,GEO,2002,99.9,19.2408798283262,7.81474257,4.72348885200524,5.47402488700408,853.526171868939,2.23501992225647,1.58787562980332,5.58783730000794,70.438,22.3,112.332733154297,12.594,52.4127676027039
Georgia,GEO,2003,100.0,19.3015027848811,8.02952862,8.39036166616402,11.0570310020104,1010.03151630868,2.06559991836548,2.55881648068489,0.837734531536568,71.377,22.3,111.812088012695,11.51,52.5144705663341
Georgia,GEO,2004,99.9,16.3950612257362,8.08910847,9.61361623129554,5.79268292682926,1305.04748557208,2.91420006752014,3.88622135350273,5.65632636191132,71.011,20.9,112.910789489746,12.621,52.7173199317225
Georgia,GEO,2005,97.9,14.7699403660646,8.07734203,7.06775086735302,9.59113832853026,1642.78359414797,2.48431992530823,6.079500198,8.24709043114158,70.689,22.3,109.41764831543,13.805,53.0036280624359
Georgia,GEO,2006,100.0,11.1987759157064,7.63208008,15.1240361672901,9.42148081189909,1996.02013272284,3.00364995002747,7.52687684487832,9.16096508394497,70.983,22.5,109.272163391113,13.573,53.3593916521584
Georgia,GEO,2007,100.0,9.19570666949123,7.43517828,18.5993001881899,12.5755698246405,2635.36650276116,2.69687008857727,8.26,9.24489745592404,70.985,23.9,110.829132080078,13.276,53.7706073945741
Georgia,GEO,2008,100.0,8.13162847511651,8.44424057,12.5221905619449,2.42161440960641,3324.7537205015,2.9195499420166,10.01000023,9.99948761552747,70.949,21.7,109.99112701416,17.866,54.2232719833673
Georgia,GEO,2009,100.0,8.10130101189814,9.56681633,6.13732507746039,-3.65075229596822,2822.68939668797,3.22237992286682,20.06999969,1.7275146113791,71.058,21.1,108.244682312012,20.71,54.7033821122222
Georgia,GEO,2010,100.0,8.86598672626304,9.02123737,7.41065931415781,6.24640865303363,3281.72930937343,2.76179333360622,26.9,7.11017897486099,71.732,23.6,107.155245895564,20.203,55.1969344748228
Georgia,GEO,2011,100.0,9.73887160427603,7.88224316,7.56100540937968,7.9343365253078,4119.66818307193,2.5149199962616,31.52000046,8.5429333333333,72.485,21.6,107.761952206271,19.632,55.6899257648533
Georgia,GEO,2012,100.0,8.56565938989856,7.95168972,5.73087327277528,6.57883101954195,4530.69533409431,1.86033999919891,36.93999863,-0.943658853270964,72.672,18.8,109.651399821348,19.653,56.1683526759979
Georgia,GEO,2013,100.0,9.21478687624408,8.00574589,5.97432640298838,5.13288531209382,4712.00229382665,2.8330966857175,43.3,-0.512058410947092,73.025,14.9,110.575228390453,19.416,56.6182119019407
Georgia,GEO,2014,100.0,9.2042368072631,8.2940836,10.2241873429056,4.09049059581743,4830.33486170249,2.94113947736272,49.1024547144647,3.06881210379543,73.105,12.0,109.976680992118,17.439,57.0237612994258
Georgia,GEO,2015,100.0,8.54206032187102,8.6599493,11.3986492046024,3.35102350265353,4086.6223465965,3.10870368877345,47.5697596438736,4.00357820695097,73.241,10.6,107.800106850779,16.506,57.3803800455672
Georgia,GEO,2016,100.0,8.00327332913851,9.07258892,10.746989399988,3.45021517996871,4143.40125686315,3.52338004112244,58.4592896118725,2.13492713939121,73.136,10.5,104.042509897438,16.604,57.6984032005062
Georgia,GEO,2017,100.0,6.91860933720368,8.70140266,11.7183676491747,5.15990261658827,4418.75206546679,3.52442002296448,59.7055045962571,6.03531725272117,73.435,11.1,102.937767734127,13.939,57.9996827205757
Georgia,GEO,2018,99.9,7.56159033807908,7.75524616,7.28401976586955,6.062036412677,4804.0546040444,3.46094989776611,62.7179081974285,2.6152447139767,73.985,11.0,100.786840229187,12.667,58.3038181862576
Georgia,GEO,2019,100.0,7.33548626473072,7.31291389,7.92523222582948,5.38071926589951,4741.2832715876,3.82985997200012,68.8467135616978,4.85289821696723,74.165,9.7,101.236423646202,11.565,58.6304091780343
Georgia,GEO,2020,100.0,8.31654843439314,9.22991848,3.47997036066188,-6.2904717853839,4300.85701291207,3.80951130708125,72.53157487,5.2024648897534,73.509,12.0,100.779530049426,11.734,58.9990552763878
Georgia,GEO,2021,100.0,7.22731737039721,10.53835487,6.84360165773215,10.6442336580969,5083.60695484577,3.59441995620727,76.4427093,9.56691433824769,71.635,10.8,101.286441127535,11.83,59.4293560618005
Georgia,GEO,2022,100.0,6.63235520175679,8.29634285,9.03652531888906,10.9585321385624,6729.84659930283,3.75498008728027,78.71127536,11.8981654203198,74.141,7.7,102.727831178351,10.198,60.0101622679115
Germany,DEU,2002,100.0,0.901338514680484,10.028965,2.43861371432105,-0.228255715793637,25486.5942008748,4.62330484390259,48.82,1.42080615551526,78.2292682926829,0.1,104.92115020752,8.482,80.1213973750556
Germany,DEU,2003,100.0,0.829342960804352,10.22255325,2.5802310174772,-0.529801394291297,30711.1022511331,4.62330484390259,55.9,1.03422218628562,78.3804878048781,0.1,103.66805267334,9.779,80.1373116303862
Germany,DEU,2004,100.0,0.948871367267906,9.97466278,-0.715503012520614,1.16208684507278,34566.7359143735,4.62330484390259,64.73,1.66573696655992,78.6804878048781,0.1,103.642723083496,10.727,80.1549694901257
Germany,DEU,2005,100.0,0.72605784900095,10.1068058,2.06799391408494,0.885485292551564,35084.4363546269,4.62330484390259,68.71,1.54691114751328,78.9317073170732,0.1,103.440620422363,11.193,80.1745168510383
Germany,DEU,2006,100.0,0.716599757643703,9.96236897,2.87049561649648,3.86668241523209,36980.3349948954,4.62330484390259,72.16,1.57742642840563,79.1317073170732,0.0,104.262641906738,10.277,80.1960996098884
Germany,DEU,2007,100.0,0.822076767549622,9.83482933,1.4594247021417,2.8891174138025,42350.9217211489,4.62330484390259,75.16,2.29834400700951,79.5341463414634,0.1,104.793502807617,8.732,80.2198636634402
Germany,DEU,2008,100.0,0.837028054130878,10.03185749,0.81284475683707,0.887902330743628,46379.1647953479,4.47337007522583,78.0,2.62837981637219,79.7365853658537,0.1,105.103981018066,7.508,80.2459549084581
Germany,DEU,2009,100.0,0.670417045914746,10.97003078,1.63004671127687,-5.54455451920674,42471.8868625226,4.62330484390259,79.0,0.312739007368447,79.8365853658537,0.1,104.816513061523,7.88,80.2745192417062
Germany,DEU,2010,100.0,0.775984032180357,10.8311739,2.48154528887853,4.13463778522758,42396.9665976293,4.99525022506714,82.0,1.1038103778926,79.9878048780488,0.1,104.337593078613,7.043,80.305702559949
Germany,DEU,2011,100.0,0.924638957956395,10.52106953,2.55089499875415,3.75796884489337,47630.9761883572,4.88583993911743,81.26999953602,2.07517283735874,80.4365853658537,0.1,104.415718078613,5.967,80.3405762928198
Germany,DEU,2012,100.0,0.911412934754651,10.59356213,1.8196411156431,0.463512036709204,44718.0159214069,4.83153009414673,82.3499984738392,2.00848884782956,80.5390243902439,0.1,104.140548706055,5.372,80.393447520218
Germany,DEU,2013,100.0,0.927130138706706,10.7432127,1.76515036525359,0.396995583779145,47206.8353514242,4.83911991119385,84.17,1.50472330251876,80.490243902439,0.1,103.638671875,5.316,80.4732318400362
Germany,DEU,2014,100.0,0.915606456087681,10.76819706,0.437762571704246,2.18018602168017,48959.5991203133,4.82582998275757,86.1937006578756,0.906794000434246,81.090243902439,0.1,102.62181854248,4.979,80.57574023743
Germany,DEU,2015,100.0,0.708512712866412,10.92317677,1.82239938063641,1.66300602334775,41929.7549110722,4.76157999038696,87.5897993525767,0.514426137125456,80.6414634146341,0.1,102.702461242676,4.612,80.6974371632814
Germany,DEU,2016,100.0,0.730531013610999,10.97133732,1.64365840117303,2.22222216259371,42948.9381932694,4.76321983337402,84.1652066441212,0.491747008445174,80.990243902439,0.1,101.406066894531,4.104,80.8347870684725
Germany,DEU,2017,100.0,0.860007620510574,11.05091095,2.88914588414184,2.797906720551,45553.9341495339,4.77830982208252,84.3941537010844,1.50949485109628,80.9926829268293,0.2,101.738708496094,3.781,80.9842544038853
Germany,DEU,2018,100.0,0.742451289010288,11.18380833,4.00082875273687,1.13569604599849,48916.1686612154,4.88401985168457,87.037112092841,1.73216879766942,80.8926829268293,0.1,102.645378112793,3.384,81.1423036204018
Germany,DEU,2019,100.0,0.833126017731138,11.42805386,1.9056930139782,0.977734697038784,47656.199739747,5.02757978439331,88.1345169091916,1.44565976888253,81.2926829268293,0.2,102.547470092773,3.163,81.3053991689039
Germany,DEU,2020,100.0,0.728659526127881,12.46780777,4.48523547812751,-4.13191443239947,47394.8734504469,5.51600980758667,89.81294133,0.144877925813982,81.0414634146342,0.3,101.996658325195,3.881,81.4700055002738
Germany,DEU,2021,100.0,0.753895620719434,12.72403336,2.93002168676674,3.90999994204108,52349.2459994422,5.36734008789062,91.43060973,3.06666666666673,80.790243902439,0.6,101.346549987793,3.54,81.6325870653934
Germany,DEU,2022,100.0,0.994638278032481,12.44708347,1.82269397984058,1.8092581243061,50506.5179638543,5.23916006088257,91.62984383,6.87257438551097,80.6080487804878,0.7,100.218132019043,3.098,81.7867852780995
Ghana,GHA,2005,41.2,37.4530129301836,3.27344108,1.34923986570129,5.90000381855104,478.611909191028,7.42208003997803,1.83119746104616,15.4389920155908,59.638,60.9,86.7024688720703,6.762,47.4528437795757
Ghana,GHA,2012,56.5,22.1311546901572,3.93023658,7.98251565917851,9.2927894063005,1543.77524235764,7.91913986206055,10.6,11.1863409441067,61.995,41.8,102.068698169955,6.762,51.9197918381031
Ghana,GHA,2016,79.3,20.8442929192419,3.39035821,6.20782671803196,3.37346574966936,1912.47991339951,4.3945198059082,28.0,17.4546347070868,63.522,39.0,101.751107525308,6.762,54.167052758274
Greece,GRC,2002,100.0,5.22103153499556,8.46998692,0.0227485404811931,4.68313727063017,13782.195640943,3.52255010604858,14.67,3.62935871878874,78.6414634146341,0.4,93.6346282958984,10.346,73.0977109642516
Greece,GRC,2003,100.0,5.3240542693888,8.68253994,0.71501703822218,5.79682274294369,18020.612039764,3.52407002449036,17.8,3.53065027765552,78.8414634146341,0.6,96.3618927001953,9.839,73.432268024093
Greece,GRC,2004,100.0,4.54970535485524,8.30002213,0.914091172780157,5.37786634595851,21449.2552764245,3.76059007644653,21.42,2.8988481075817,79.0390243902439,0.9,99.3358383178711,10.628,73.8267602923728
Greece,GRC,2005,100.0,4.47718109899217,8.76117897,0.284127006962334,1.18350635493289,22054.1315756886,4.0549201965332,24.0,3.54507273335078,79.2390243902439,0.4,99.719970703125,10.074,74.2617376694311
Greece,GRC,2006,100.0,3.28557674416163,8.39596939,2.01112523714783,6.44339762487436,24416.0232970275,4.62330484390259,32.25,3.19594684144545,79.4390243902439,0.7,99.1430435180664,8.906,74.717750055608
Greece,GRC,2007,100.0,3.15474298162147,8.52304935,0.622837777539062,3.50686976639459,28440.7625328955,4.62330484390259,35.88,2.89500321516578,79.4390243902439,0.6,98.7613906860352,8.351,75.1753473512439
Greece,GRC,2008,100.0,2.89505867715816,8.948102,1.6328960526629,0.0574740238200775,31695.8331092209,4.62330484390259,38.2,4.15279708110293,79.9390243902439,0.4,101.2539710998535,7.664,75.615079456679
Greece,GRC,2009,100.0,2.92582395634654,9.53581333,0.846404808815716,-4.11927606715011,29425.4573200263,4.62330484390259,42.4,1.21007269197809,80.1878048780488,0.6,101.2539710998535,9.546,76.0174962722535
Greece,GRC,2010,100.0,2.9142102078812,9.61952496,0.179789223267027,-5.6937412158003,26653.0488008626,4.62330484390259,44.4,4.71298907760388,80.3878048780488,1.1,99.9690399169922,12.719,76.3631476983077
Greece,GRC,2011,100.0,3.0618456010827,9.18577003,0.38562256563474,-9.87677875300243,25504.7866510124,4.62330484390259,51.6499951676815,3.3298532335065,80.7317073170732,1.5,99.5001678466797,17.973,76.6352609929407
Greece,GRC,2012,100.0,3.41908207828197,9.04327774,0.695897838082299,-8.33113421099992,21624.346052551,4.62330484390259,55.0699934418411,1.50152696177758,80.6341463414634,2.1,99.5018005371094,24.731,76.8679797449322
Greece,GRC,2013,100.0,3.35146223879432,8.52183914,1.24506178790059,-2.27211699888024,21573.3449762805,4.62330484390259,59.8663,-0.921269454256994,81.2853658536585,1.5,98.7325210571289,27.686,77.0951999650171
Greece,GRC,2014,100.0,3.53346105430384,7.94358587,1.15314480305525,0.792225060962835,21474.7257123892,4.62330484390259,63.2073404784561,-1.31226096405506,81.3853658536585,2.0,97.959342956543,26.708,77.3130486275866
Greece,GRC,2015,100.0,3.82153798821664,8.26719952,0.652184629866422,-0.228301892172851,17980.7298238137,3.68238997459412,66.8349594911035,-1.73588804765284,81.0365853658537,2.0,99.8291091918945,24.981,77.5194426317545
Greece,GRC,2016,100.0,3.45812941533327,8.45097542,1.3975055397238,-0.0317947678412054,17919.2426377048,4.62330484390259,69.0879154723892,-0.825653978390973,81.3878048780488,1.4,99.3706512451172,23.514,77.7122988766348
Greece,GRC,2017,100.0,3.7522702094539,8.11336899,1.7162955046024,1.47312472702352,18631.9930129293,3.46778011322021,69.8929706543154,1.12125452031419,81.2878048780488,1.1,98.8267135620117,21.413,77.8895342613411
Greece,GRC,2018,100.0,3.52573090341626,8.07267761,1.88723349665643,2.06467207892409,19873.4015238771,3.57626008987427,72.2383733920483,0.62562141345364,81.7878048780488,0.2,97.8011016845703,19.179,78.0490656849874
Greece,GRC,2019,100.0,3.66151933931312,8.11709499,2.41172201156202,2.27718065334808,19335.3602002969,3.55062007904053,75.6712066931757,0.253007522038157,81.6390243902439,1.0,97.6437683105469,17.045,78.1888100466875
Greece,GRC,2020,100.0,3.9238294812332,9.38074493,1.72637818314203,-9.19623149726978,17886.733165236,4.62330484390259,78.11584474,-1.24798355581405,81.2878048780488,1.1,97.2831726074219,15.899,78.3066842455552
Greece,GRC,2021,100.0,3.53173488105093,9.03178692,3.0165221032062,8.65449786002131,20652.89659591,4.62330484390259,78.49426371,1.22382501019854,80.0829268292683,0.7,97.3313217163086,14.656,78.3884898647442
Greece,GRC,2022,100.0,3.78490731948212,8.44938278,3.69648293387112,5.52198580589408,20884.6773436263,3.37547993659973,83.17066333,9.64525981280632,80.7878048780488,0.6,101.366188049316,12.426,78.5502190980809
Grenada,GRD,2018,92.3,5.20543943814909,4.58373737,15.9441349586327,4.36144039364797,10083.021279225,3.55919341882594,61.42459869,0.804102313277033,74.957,0.8,107.786483839373,13.658,36.0720421424532
Guatemala,GTM,2006,83.7,11.4490682853821,6.36362219,2.13587522888421,5.35139778711536,2225.1234753878,3.03285002708435,6.5,6.56085282795384,68.79,10.5,111.043182373047,1.902,48.7676356188334
Guatemala,GTM,2014,85.5,10.0744824629421,5.8885684,2.43302117698753,4.44397825774911,3689.14510410202,2.98563003540039,23.39999962,3.4183616966296,70.942,8.0,105.231154037687,2.717,53.1458479013964
Guinea,GIN,2002,17.7,14.8357430403433,5.35653734,0.697413496345229,5.16460946696631,495.916073559269,1.77897000312805,0.402022748744397,3.03924881090924,53.2,50.3,69.4354019165039,4.549,31.5131362085814
Guinea,GIN,2007,24.1,16.81970768631,3.48262477,6.14302807033806,6.81747111070281,650.148575304743,4.62330484390259,0.780025279059244,18.1755656108597,55.233,44.0,81.362548828125,6.762,32.9740386596386
Guinea,GIN,2012,26.2,16.8316746641336,3.50398517,7.92820721970247,5.91528626133322,699.353377212197,1.83369994163513,3.099999905,15.2262941038638,57.117,21.3,91.4924621582031,6.762,34.3313936933767
Guinea,GIN,2018,45.0,22.9400092652548,3.73843002,2.97511256265365,6.35849192736715,933.273615633705,2.38432002067566,21.8300230430563,9.82761701259191,59.043,11.7,101.2539710998535,6.762,35.8554382324219
Guinea-Bissau,GNB,2002,1.3,35.2759589835735,3.87280011,0.759522998746594,3.65393603642713,362.034574570354,4.62330484390259,1.02299323436117,3.30012175283752,51.608,68.2,101.2539710998535,6.762,37.4734924367695
Guinea-Bissau,GNB,2010,6.0,37.9530889182683,4.87133694,2.79117647230681,5.60536311358261,600.194298540768,1.68221998214722,2.450000048,2.51785140171701,56.999,75.7,113.436782836914,6.762,40.0095596313477
Guinea-Bissau,GNB,2018,28.4,32.5475708900674,7.28164959,1.32316927565873,3.76145359637003,808.531613218504,4.62330484390259,15.69999981,0.381324702790992,61.652,37.1,101.2539710998535,3.127,43.4449081420898
Guinea-Bissau,GNB,2021,35.8,40.05238080001,8.39794922,0.971357397018973,5.0173096003907,926.54619187706,4.62330484390259,23.3519001,2.24248879577658,61.653,39.9,101.2539710998535,6.762,44.7334136962891
Haiti,HTI,2012,37.9,19.4699035948555,5.56462336,1.13794476642421,0.502424403581585,1361.39396587374,4.62330484390259,9.800000191,5.01804155429246,62.273,40.4,101.2539710998535,14.1,47.4314843495779
Honduras,HND,2002,63.1,12.1834127398259,6.2445755,3.6562173778393,3.75433786119939,1132.49965345317,4.62330484390259,2.5974025974026,7.6905097203429,68.714,29.0,101.2539710998535,4.019,46.4194190064116
Honduras,HND,2003,65.1,11.6140985227332,6.89004707,4.74055553954205,4.54703805165397,1156.08162681357,4.62330484390259,4.8,7.67416639397743,68.874,34.0,108.33374786377,5.302,46.990184604045
Honduras,HND,2004,67.1,12.1707041468662,6.85484362,6.67606399673031,6.23230296069102,1215.13995412761,4.62330484390259,5.6,8.11379097093383,69.05,33.3,106.424087524414,5.986,47.5739776096056
Honduras,HND,2005,68.9,12.4709247586633,7.50086403,6.16028277171203,6.05059922215973,1304.70039153826,4.62330484390259,6.5,8.80906074819817,69.198,31.3,102.47428894043,4.909,48.1703884178554
Honduras,HND,2006,71.3,11.8565791514775,7.86318684,6.57287305327357,6.56724355177587,1425.84780051892,4.62330484390259,7.800000191,5.57775207654292,69.364,27.3,105.866416931152,3.574,48.7790074235564
Honduras,HND,2007,73.5,11.9110474415928,8.08494949,7.82223281251053,6.18832716678008,1577.73789197407,4.62330484390259,9.399999619,6.93621470895786,69.539,22.0,100.833831787109,3.211,49.3994250214704
Honduras,HND,2008,76.4,12.1501702062634,8.60362625,8.65020371949481,4.23160011009342,1732.49062702803,4.62330484390259,9.6,11.4034270813932,69.657,20.9,101.453086853027,3.156,50.0312316063593
Honduras,HND,2009,78.3,10.8250414864446,8.99592495,3.38987200238321,-2.43162787988011,1781.15703614674,4.62330484390259,9.800000191,5.49634273772203,69.823,18.1,99.5311126708984,3.292,50.6740175729851
Honduras,HND,2010,81.0,11.5912204379757,8.72536373,3.83460574737835,3.73114034433009,1893.32722662035,4.62330484390259,11.09,4.69889064976232,69.77,19.6,99.4327616233952,4.119,51.3273733161098
Honduras,HND,2011,82.2,14.2196558016976,8.79187012,5.88681418228473,3.83569066207505,2073.66121088074,4.62330484390259,15.9,6.7622795731476,70.116,20.1,97.6766786028118,4.474,51.9908892304951
Honduras,HND,2012,83.6,13.5662940347061,8.65655136,5.83610988955542,4.12868774866939,2126.03474686503,6.29972793577391,18.12,5.19618615531848,70.46,24.0,94.1871653490279,3.755,52.6641557109031
Honduras,HND,2013,87.2,12.1911279403961,8.47723007,5.77862113948416,2.79155975746801,2081.12843527945,5.87493991851807,17.8,5.16189898581494,70.765,20.8,90.5529233749786,5.646,53.356379133253
Honduras,HND,2014,88.7,12.5383501333105,7.91455746,8.62899693066618,3.0580805621437,2179.88171977271,7.09010982513428,23.0,6.12924930313031,71.032,20.6,89.4033670410587,7.078,53.8768089124249
Honduras,HND,2015,90.0,12.2159784468116,7.4837904,6.27594328427599,3.84007997093951,2271.20265980349,6.41298007965088,27.1395454833776,3.15783117980915,71.323,19.9,89.2421539364839,6.147,54.3828473751434
Honduras,HND,2016,91.6,12.0499014058464,7.709445,5.28156973350556,3.89297219726413,2307.34468351082,6.09509492079297,29.5282180796457,2.72461223295289,71.615,19.8,88.6465188864987,6.727,54.8868414578857
Honduras,HND,2017,86.5,12.6697681094878,7.00668859,4.10592046689605,4.84291391050387,2413.0076562942,5.74434396129576,31.7357924661485,3.93436084442037,71.805,19.3,87.1120951772099,5.528,55.3877322339915
Honduras,HND,2018,91.6,11.6101604613644,7.22820663,5.99386120691106,3.84499476966735,2464.64241531918,6.05646991729736,36.0400608231468,4.34734937777536,72.001,19.8,101.2539710998535,5.648,55.8852577716247
Honduras,HND,2019,91.1,10.6380334094751,7.34316635,3.83846408231678,2.55963434592314,2502.32744328073,5.98198266311593,39.3883521850111,4.36587159819274,72.124,18.8,85.3644845988859,5.698,56.3791561389766
Hungary,HUN,2002,100.0,4.3698045801714,7.1181159,5.38678090915431,4.73006530805553,6658.04494326809,5.17711019515991,16.67,5.26544821583985,72.3487804878049,0.1,101.256103515625,5.608,65.0400009155273
Hungary,HUN,2003,100.0,3.90627498031927,8.12986469,4.88025299452782,3.93877761242727,8410.09248198479,5.79872989654541,21.63,4.66101694915254,72.3,0.2,101.329246520996,5.79,64.8452987670898
Hungary,HUN,2004,100.0,4.35683545455054,7.76592064,4.36291277823616,4.96312536156307,10291.2694721409,5.33301019668579,27.74,6.74434679569469,72.6487804878049,0.3,100.859748840332,5.832,65.0225372314453
Hungary,HUN,2005,99.9,3.72514185336456,7.99248505,24.3060288068427,4.30028318461673,11212.2046968994,5.32539987564087,38.97,3.56151711378352,72.6487804878049,1.0,100.982482910156,7.189,66.1261367797852
Hungary,HUN,2006,99.9,3.53874601085628,7.78556442,16.1574876503265,3.93393162712054,11478.4891640501,5.29485988616943,47.06,3.93032603841001,73.0975609756098,0.2,101.501808166504,7.494,67.0155868530273
Hungary,HUN,2007,100.0,3.48786630899698,7.20719147,50.4065230275136,0.332354337878925,13934.605460375,5.13725996017456,53.3,7.9587451654491,73.1512195121951,0.2,101.520332336426,7.406,67.0041656494141
Hungary,HUN,2008,100.0,3.47814940071837,7.09275723,47.2364211896638,0.993437085479655,15762.6322515113,4.97069978713989,61.0,6.0425125388106,73.7024390243903,0.1,101.747993469238,7.817,68.0976986078883
Hungary,HUN,2009,100.0,2.99527728031797,7.2366724,-2.28280495631194,-6.7401660845502,13051.1831777184,4.95626020431519,62.0,4.21171171171171,73.9048780487805,0.1,100.920570373535,10.03,68.4592590332031
Hungary,HUN,2010,100.0,3.00710894106453,7.46420383,-15.8854380283338,1.06795068152046,13189.8433874768,4.73365020751953,65.0,4.85555795691956,74.2073170731707,0.2,100.467422485352,11.172,69.5305480957031
Hungary,HUN,2011,100.0,3.97302154410133,7.49342251,7.45442145492381,1.91670916599742,14211.460557822,4.57056999206543,68.0199878861296,3.9299209893507,74.8585365853659,0.2,100.100288391113,11.029,69.4779934082031
Hungary,HUN,2012,100.0,3.88850753892061,7.43047714,8.30549850772091,-1.33948446518181,12950.1594488143,4.15359020233154,70.579998153838,5.65214517088646,75.0634146341463,0.5,101.069969177246,11.003,69.5772326660156
Hungary,HUN,2013,100.0,3.92253734459854,7.23645353,-2.74986395257086,2.03216990678146,13739.4620151401,4.19040012359619,72.6439,1.73319984983101,75.5658536585366,0.5,100.73802947998,10.177,69.9277636266638
Hungary,HUN,2014,100.0,3.94529830379291,7.04192352,9.1265022330579,4.33435364113967,14352.501883174,4.59878015518188,75.6531974544103,-0.227566270988219,75.7634146341463,1.0,101.617790222168,7.725,70.3071053512008
Hungary,HUN,2015,100.0,3.76135548183773,6.8501935,-4.3672559097876,3.65981615406955,12782.9412577973,4.49287986755371,72.8347370323805,-0.0616446800641672,75.5682926829269,1.0,101.536590576172,6.813,70.4847717285156
Hungary,HUN,2016,100.0,3.8677257212942,6.96752644,53.8467636785015,2.43864141309342,13215.8605277789,4.60210990905762,79.2594121273057,0.394769306686392,76.0634146341464,1.6,100.159217834473,5.115,70.4733810424805
Hungary,HUN,2017,100.0,3.74894666908719,6.73338366,-8.6313549623639,4.12418389451805,14736.1668157258,4.64034986495972,76.7505471201922,2.34824281150154,75.8170731707317,0.9,99.7975769042969,4.156,70.4542541503906
Iceland,ISL,2003,100.0,6.34802769431979,9.72930241,2.8998206651811,2.28136971847135,39944.2104095591,7.24507999420166,83.14,2.05566329753744,80.9634146341464,0.0,99.0588302612305,3.997,92.3235559316863
Iceland,ISL,2004,100.0,5.22712887100887,9.32854366,5.40905235148605,7.62260520494142,47809.6073050042,7.16119003295898,83.88,3.15819324298459,80.9975609756098,0.2,99.1075668334961,4.031,92.4377293375354
Iceland,ISL,2005,100.0,4.65914418730598,8.94694996,18.042727115684,7.02934061160924,57783.7745608117,7.33842992782593,87.0,3.98704782806593,81.5024390243902,0.0,99.1848678588867,2.547,92.377441015064
Iceland,ISL,2006,100.0,4.71216540055294,8.55709076,21.9365764797895,5.67161248703039,58172.1426656622,7.19518995285034,89.51,6.68707906136667,81.1585365853659,0.2,98.8979187011719,2.83,92.1949009038813
Iceland,ISL,2007,100.0,4.14422017475605,8.3535862,31.2938758397836,8.74132941862472,70483.0117228535,6.94434022903442,90.6,5.05155736492143,81.4536585365854,0.1,98.5585098266602,2.251,92.3614571703229
Iceland,ISL,2008,100.0,4.84499076014344,8.34370804,6.59629631732958,1.69961072411662,57489.3399795216,7.03599977493286,91.0,12.6943942775877,81.609756097561,0.1,98.4482421875,2.946,93.0646442174216
Iceland,ISL,2009,100.0,5.59973924229062,8.77518463,0.48127099169328,-8.32146414938261,41483.7843682814,7.18984985351562,93.0,12.0031298461743,81.7512195121951,0.1,98.4017105102539,7.22,93.4441340553707
Iceland,ISL,2010,100.0,6.30607576724851,8.36173058,1.84577695426496,-2.22181843777449,43776.4677400475,6.94422006607056,93.39,5.39673113167484,81.8975609756097,0.1,98.8301391601562,7.564,93.4588348107886
Iceland,ISL,2011,100.0,6.80354686881859,8.25498867,7.19083904863249,1.37999669197329,48254.953927254,6.78996992111206,94.8196868008949,4.0010266434312,82.3585365853659,0.2,98.7551574707031,7.028,93.41106112427
Iceland,ISL,2012,100.0,6.78778087975117,8.23091221,6.85345908435807,1.16931174934061,46594.9869146614,7.58223009109497,96.2097995545657,5.18589988750698,82.9170731707317,0.0,98.8329925537109,6.0,93.514892578125
Iceland,ISL,2013,100.0,6.04859910943695,8.22651291,2.90937107233191,3.59695697128252,50173.3360061057,7.44866991043091,96.5468,3.8722792374824,82.0609756097561,0.1,98.7876205444336,5.376,93.6166725158692
Iceland,ISL,2014,100.0,5.2481645293506,8.29044247,4.24755010057716,1.91381613095174,55140.364935793,7.6414098739624,98.1580233097118,2.04461481539342,82.8609756097561,0.0,98.7708206176758,4.897,93.6196716315805
Iceland,ISL,2015,100.0,5.38208899929138,8.13121986,6.47308431453939,3.76859020213645,53505.6964079339,7.45796012878418,98.19999695,1.63305558181335,82.4682926829268,0.0,98.6862182617188,3.979,93.727919768566
Iceland,ISL,2016,100.0,4.47135515188719,8.15569115,-5.05739639771987,6.21808764670307,62854.0906407932,7.43221998214722,98.23999786,1.69692761997734,82.2048780487805,0.0,98.9531784057617,2.978,93.7822647094726
Iceland,ISL,2017,100.0,3.75031988716598,8.3243084,-27.9324374411863,3.48506704155555,72976.3729990975,7.58384990692139,98.2552011867973,1.76041559180605,82.6609756097561,0.0,98.8624114990234,2.742,93.7718982310092
Iceland,ISL,2018,100.0,4.16468316974913,8.43817616,-2.33423231382448,4.66077036232377,75633.8651351915,7.56350994110107,99.0109539916991,2.68291768267392,82.8609756097561,0.3,98.88671875,2.704,93.8526667025487
Iceland,ISL,2019,100.0,4.42492787831943,8.63996315,-2.22712995709055,1.13821227336888,69296.3144361601,7.60129976272583,99.5049411693787,3.01397179156061,83.1634146341463,0.1,98.8134307861328,3.507,93.9770847416131
India,IND,2004,64.4,17.8146906487994,4.02679491,0.765596855110284,7.92293661307978,624.258826510066,3.35254001617432,1.97613649190559,3.76725173477517,64.484,46.4,101.2539710998535,6.762,28.7726067228528
India,IND,2009,75.0,16.7442701563161,3.54637694,2.65159033235479,7.8618888330338,1094.94974598436,3.27824997901917,5.12,10.8823529411764,66.7,34.6,112.490791320801,6.762,30.5185314023263
India,IND,2011,79.5,17.191973558015,3.24634218,2.0020634629993,5.24131620024293,1445.46127486037,3.79618000984192,10.07,8.9117933648336,67.623,27.1,109.707902683748,6.762,31.2746502853309
India,IND,2022,99.2,18.2106659929942,3.39623499,1.53665241748393,7.6093649776932,2279.98145719369,4.09865814174589,55.9,6.69903414079858,71.698,5.3,111.084455602236,4.822,34.7555673994206
Indonesia,IDN,2002,87.6,16.3196689664379,1.98062706,0.0741516383181159,4.49947539085764,881.002913569131,2.64568996429443,2.13413573295808,11.9001200338414,66.954,46.8,110.116897583008,6.604,43.7824069030376
Indonesia,IDN,2003,87.9,15.1853482186248,2.24837184,-0.254256320381005,4.78036912167654,1043.2105838671,3.21799993515015,2.38701977959476,6.75731256333564,67.134,45.5,110.176658630371,6.657,44.6301761521872
Indonesia,IDN,2004,89.0,14.3357802955642,2.12002277,0.738243979887563,5.03087394501685,1126.84004447173,2.74846005439758,2.60028587633414,6.06406189133648,65.521,45.4,109.678840637207,7.303,45.4476736441888
Indonesia,IDN,2005,84.8,13.1266186400506,2.53189397,2.91611483313067,5.69257130383384,1238.21447629488,2.87281990051269,3.60202476259646,10.4532001873347,67.531,41.1,109.01708984375,7.945,46.2373757571669
Indonesia,IDN,2006,90.6,12.9738027192484,2.61946416,1.34794264068931,5.50095178520348,1558.31562847163,4.62330484390259,4.76481313366657,13.108670985346,67.664,46.8,107.672538757324,7.551,47.0017588692457
Indonesia,IDN,2007,91.1,13.7166831034562,2.82385564,1.6030105718879,6.34502222667214,1823.21976255073,3.04426002502441,5.78627472934199,6.40656087966005,67.914,41.1,110.421722412109,8.06,47.7432993585496
Indonesia,IDN,2008,92.7,14.4817402607761,2.54842305,1.82632902403998,6.01370360009123,2124.55483920618,2.90190005302429,7.917500019,10.2266663272483,68.085,38.0,109.333679199219,7.208,48.4644736032029
Indonesia,IDN,2009,93.6,15.290148146172,2.62324095,0.90391941965406,4.62887118256153,2218.48541852977,3.52513003349304,6.92,4.38641311792074,68.267,37.9,110.992286682129,6.106,49.16775798133
Indonesia,IDN,2010,94.2,13.929212707137,2.7908783,2.02517914569356,6.22385418062366,3065.68348377765,2.81227993965149,10.92,5.13420639015885,68.364,34.1,113.010775075983,5.614,49.8521375148888
Indonesia,IDN,2011,94.8,13.5122870743946,2.98942471,2.30298429381592,6.16978420771008,3579.46442466152,3.18944001197815,12.28,5.35604849112582,68.629,31.2,114.684137554242,5.153,50.4830017089844
Indonesia,IDN,2012,96.0,13.3739742350727,2.91427088,2.30978031853073,6.03005065305615,3632.27254030331,3.40748000144958,14.52,4.2795142691943,68.862,26.6,115.201069565404,4.468,51.1593933105469
Indonesia,IDN,2013,96.5,13.3566991621949,2.86934805,2.55135633401058,5.5572636889101,3566.60284506078,3.35904002189636,14.94,6.41249457900391,69.064,27.2,111.656675108204,4.336,51.8307495117188
Indonesia,IDN,2014,97.0,13.3367549992146,2.96433568,2.81997260412102,5.006668425755,3441.06808464008,3.28800988197327,17.1431598350566,6.39492882396559,69.292,25.7,109.659608599994,4.049,52.5002136230469
Indonesia,IDN,2015,97.5,13.4926435578886,2.92428517,2.29761639380441,4.87632230022123,3288.22269725538,3.58361005783081,22.062742603379,6.36312061196646,69.52,21.6,107.983525766989,4.514,53.1720771789551
Indonesia,IDN,2016,97.6,13.4787485470271,3.02147198,0.487372471368879,5.03306918280177,3521.46943457574,1.21023452496964,25.447353701827,3.52580452815451,69.733,18.0,105.922391949136,4.301,53.812557220459
Indonesia,IDN,2017,98.1,13.1566308462661,2.90417194,2.01948919812582,5.06978590134916,3798.88326174526,1.05324382490056,32.335806250688,3.80879857691949,69.953,14.8,104.382521256166,3.783,54.4541015625
Indonesia,IDN,2018,98.5,12.8084975586902,2.86757827,1.81428979349441,5.17429153955024,3860.95353090726,0.994436460846179,39.9046386385762,3.19834755924996,70.08,12.5,103.299542869882,4.387,55.0956840515137
Indonesia,IDN,2019,98.8,12.7126026577522,2.87862897,2.23336204282241,5.01928768046282,4106.94856160358,0.964399077622927,47.6906489788375,3.03058460941661,70.349,10.9,101.264685825869,3.59,55.7382049560547
Indonesia,IDN,2020,97.0,13.6984142796138,3.42067289,1.81058402027127,-2.06551182934165,3853.70288774146,1.01593221347809,53.72649449,1.91983527270793,68.817,9.8,100.951933675872,4.255,56.2785287648768
Indonesia,IDN,2021,99.2,13.2801691376596,3.70634937,1.7878556314554,3.70288562827751,4287.17313995098,1.03221750658374,62.10447842,1.56007882983334,67.452,8.6,100.309665446849,3.827,56.8761702464027
Indonesia,IDN,2022,100.0,12.3996501634108,2.69389749,1.87264100861425,5.30719722664799,4730.83484836107,0.863943349575907,66.48461277,4.20946463714784,70.925,7.9,98.7008730463611,3.462,57.4934704226599
"Iran, Islamic Rep.",IRN,2005,98.4,6.50138220908685,5.29996157,1.28425430112768,3.18980408728824,3132.0508192007,4.05651998519897,8.100000381,13.433118008508,72.446,4.5,105.198722839355,11.813,67.8708801269531
"Iran, Islamic Rep.",IRN,2006,98.4,7.11821124095933,5.15990877,0.872560020177082,4.99979526181222,3618.91601364428,4.28998994827271,8.760000229,10.0158982511924,72.895,4.5,102.88353729248,11.519,68.3101850492144
"Iran, Islamic Rep.",IRN,2009,99.7,6.9244896148629,6.11493444,0.720530462050838,1.00738545790475,5415.52280553446,3.84244990348816,13.80000019,13.5515548281506,74.041,4.9,99.2889633178711,12.113,69.99007683587
"Iran, Islamic Rep.",IRN,2011,99.5,4.64211620456629,6.09787989,0.679834574763516,2.6457179180628,8025.68743364356,3.48497009277344,19.0,26.2933856738608,74.721,2.3,99.0494384765625,12.491,71.204050944517
"Iran, Islamic Rep.",IRN,2012,99.5,6.79693716710654,6.12235355,0.723850091355471,-3.74717139864109,8114.08099831877,2.93899989128113,22.73,27.2568127242908,75.039,1.8,99.128791809082,12.275,71.7633634041294
"Iran, Islamic Rep.",IRN,2013,99.8,8.77490977276026,5.73697805,0.609501593960532,-1.52197920494184,6222.74194840326,2.85279011726379,29.95,36.6030355191029,75.349,1.9,111.42115020752,10.595,72.3030873515412
"Iran, Islamic Rep.",IRN,2014,100.0,9.37842415684426,6.81539536,0.45545387401938,4.98477506709476,5672.06372896319,2.61668992042542,39.353614505223,16.6065532357449,75.635,3.3,103.500160217285,10.68,72.8324070385223
"Iran, Islamic Rep.",IRN,2015,100.0,10.0916014141126,8.38232708,0.500987695412685,-1.42488493937503,4952.73355532178,2.62911009788513,45.3349761533285,12.4846815611533,75.907,3.0,104.115409851074,11.166,73.3561403575949
"Iran, Islamic Rep.",IRN,2016,100.0,8.44788029281743,7.80285025,0.70452835935243,8.8150866425182,5710.59947089104,3.17396998405456,53.2267716709857,7.24542548952979,76.155,3.0,105.821022033691,12.618,73.8796100096595
"Iran, Islamic Rep.",IRN,2017,99.9,8.49044927227644,7.71801233,0.983654956177998,3.02685468694025,6000.93346404409,3.45956993103027,64.0439736249513,8.04492437660278,76.396,2.7,105.369766235352,12.232,74.4011840820312
"Iran, Islamic Rep.",IRN,2018,100.0,9.63092024660805,6.63571692,0.576106085876311,-3.74796015711334,4783.01067340237,3.61980009078979,70.2005650008363,18.0141183371874,76.621,3.2,101.2539710998535,12.195,74.8034286499023
"Iran, Islamic Rep.",IRN,2019,100.0,11.8081014676882,6.23426771,0.433347777066285,-2.36143538770575,3997.4935449585,3.24005007743835,72.4509047672065,39.9073455697784,76.855,4.3,105.451843261719,10.74,75.2038879394531
"Iran, Islamic Rep.",IRN,2020,100.0,11.6933506979702,4.96098137,0.47769170946132,4.44180865358672,3202.50003502169,3.20495009422302,75.56986637,30.5941390387295,74.141,4.6,104.680130004883,9.687,75.5986404418945
"Iran, Islamic Rep.",IRN,2021,100.0,10.6344854027271,4.85886621,0.34982143161472,4.13089685034471,4605.14881318992,4.62330484390259,78.5957366,43.3890162681514,73.752,3.7,101.2539710998535,9.282,75.9926376342773
"Iran, Islamic Rep.",IRN,2022,100.0,10.6950417706195,5.62794113,0.354893288694741,4.35281087521344,4721.20437099984,2.6699800491333,81.71649933,43.4884641742179,76.799,2.8,100.974853515625,9.085,76.3342208862305
Iraq,IRQ,2006,97.6,5.82603290514173,2.49370432,0.587900739517653,5.63829915220637,2276.55435744086,4.62330484390259,0.95234424383919,53.230962911428,64.029,0.6,101.2539710998535,6.762,68.5590667282222
Iraq,IRQ,2012,99.3,4.12427143758484,2.69365859,1.55961531280073,13.9364301737537,6477.59618450955,4.62330484390259,7.099999905,6.0890964159516,68.827,0.6,101.2539710998535,7.965,69.2222213745117
Ireland,IRL,2002,100.0,1.7353084894094,6.67263031,22.8030331294708,5.89936506079005,32705.4345565698,4.10487985610962,25.85,4.62820512820515,77.6341463414634,0.3,102.821228027344,4.216,59.6367259990731
Ireland,IRL,2003,100.0,1.48000381983801,7.00761414,13.8344483636902,3.01383869396012,41203.5295847568,4.20493984222412,34.31,3.49221909079765,78.1390243902439,0.2,102.718627929688,4.478,59.9120142632573
Ireland,IRL,2004,100.0,1.57408727204836,7.21972942,-5.4573737070047,6.78813990621356,47754.2023194244,4.48295021057129,36.99,2.17854605730523,78.5390243902439,0.1,102.96354675293,4.491,60.1994750854288
Ireland,IRL,2005,100.0,1.03354966551094,7.64242792,22.1832694953892,5.73978202625278,50933.0216095589,4.51897001266479,41.61,2.45654692931639,78.9439024390244,0.1,103.077850341797,4.237,60.4882988006461
Ireland,IRL,2006,100.0,0.921152718855531,7.51646996,9.50555829114517,4.98785364537615,54329.1618599624,4.54742002487183,54.82,3.93576114001354,79.2414634146342,0.5,102.999237060547,4.355,60.7703677431593
Ireland,IRL,2007,100.0,1.04322286551282,7.80773735,22.1915415030247,5.31011830898613,61396.417461176,4.71541976928711,61.158324551,4.88574537540802,79.6414634146341,0.1,103.308532714844,4.98,61.0601979374234
Ireland,IRL,2008,100.0,0.850028643552735,9.12564754,8.45449268903961,-4.48407081043062,61353.1065629523,5.45828008651733,65.34,4.03568834941391,80.0951219512195,0.2,102.475601196289,6.774,61.3581903884996
Ireland,IRL,2009,100.0,0.557956348121,10.52275753,22.827608853053,-5.09578277913846,52133.0906162544,6.15609979629517,67.38,-4.44754686876746,80.190243902439,0.6,102.795967102051,12.609,61.6421022728798
Ireland,IRL,2010,100.0,0.955429971049666,10.52062798,17.0242973051905,1.68297175486512,48623.9666422487,6.04835987091065,69.85,-0.918388645376774,80.7439024390244,0.7,103.235488891602,14.534,61.8910689348512
Ireland,IRL,2011,100.0,1.20481169133057,10.4888649,9.83474085171317,1.60886648916944,52613.8540355689,5.77199983596802,74.8899729670944,2.5489783020855,80.7463414634146,0.7,103.378677368164,15.354,62.0872735820277
Ireland,IRL,2012,100.0,0.98628534243733,10.47466946,25.5993064499855,-0.40502941658977,49335.8408099555,5.70776987075806,76.919992540097,1.69474116680366,80.8463414634146,0.5,102.118339538574,15.451,62.2529318511038
Ireland,IRL,2013,100.0,1.07000530417849,10.0333004,29.8612971089447,2.1929375750029,52537.6108648692,5.23177003860474,78.2477,0.515099484900573,80.9487804878049,0.7,101.958343505859,13.735,62.4047157756118
Ireland,IRL,2014,100.0,1.21732475012945,9.23077869,39.3649751606697,9.38579335130922,57214.5379785709,4.73554992675781,83.4917223351728,0.190916398713745,81.3487804878049,0.4,101.542236328125,11.858,62.535401730577
Ireland,IRL,2015,100.0,0.86869465225802,7.07827806,74.8169261487244,24.6239856364006,64250.1385181257,3.62438988685608,83.4947916666667,-0.330959783371788,81.4536585365854,0.4,101.184638977051,9.908,62.6392123492764
Ireland,IRL,2016,100.0,0.925941331563359,7.3382206,26.1253590357369,1.22271661130947,64129.5571542383,3.65881991386414,83.5,0.0201247735963237,81.6536585365854,0.3,101.341491699219,8.374,62.7229399123734
Ireland,IRL,2017,100.0,1.11981590911886,6.91718578,20.4170966260237,10.1088576065965,72161.4047531385,3.37737011909485,84.1140070623844,0.362173038229378,82.1560975609756,0.3,100.508880615234,6.713,62.9035196521232
Ireland,IRL,2018,100.0,0.928168981879793,6.74710846,20.3601504375203,7.68865937437435,80804.1123164826,3.30347990989685,87.0001401148942,0.471130713712916,82.2048780487805,0.1,100.399070739746,5.741,63.0844503476779
Ireland,IRL,2019,100.0,0.953896616119834,6.61860561,7.67467578422042,4.97288003766816,81827.6688873996,3.22984004020691,87.0000552425146,0.937842961189274,82.7024390243903,0.1,100.025863647461,4.95,63.2737009154127
Ireland,IRL,2020,100.0,1.00897235932956,6.97323275,8.0934578228257,7.15369505735335,86514.0706108754,3.19163990020752,91.99989097,-0.326183651280033,82.4560975609756,0.2,99.8793487548828,5.623,63.4713366724915
Ireland,IRL,2021,100.0,1.03312440304987,6.44113493,14.6537815105934,16.2581881158197,103783.446284479,2.90461993217468,93.50610352,2.34034113447044,82.2536585365854,0.1,98.1601486206055,6.357,63.6774229356985
Ireland,IRL,2022,100.0,1.17281530326124,6.02078247,-6.48790793588936,7.51113888415304,105190.685952731,4.62330484390259,95.03690338,7.82945736434105,82.509756097561,0.2,96.4761428833008,4.465,63.8920250215059
Israel,ISR,2002,100.0,1.8235929215393,6.90767479,1.26381649811692,-0.152880392675172,19058.7462869465,6.24923992156982,17.7645990630493,5.80234589468429,79.4512195121951,0.8,98.8637771606445,12.888,91.4444967249569
Israel,ISR,2003,100.0,1.71700755496317,6.84975958,2.53049066402201,1.43455918035305,19624.0321412582,6.13486003875732,19.5933936579649,0.70763061681807,79.6487804878049,0.9,98.2597808837891,13.505,91.5176897789793
Israel,ISR,2004,100.0,1.62732842646118,6.79696989,2.10605044907695,4.64944459908543,20550.0694706176,5.75040006637573,22.7704855254035,-0.421595034547416,80.1463414634146,1.0,98.2713317871094,13.029,91.5829008110251
Israel,ISR,2005,100.0,1.8909166326078,6.8828454,3.27012530253451,4.35256427740218,21261.7474251846,5.56489992141724,25.19400024,1.34070328119492,80.1512195121951,0.9,97.4764099121094,11.342,91.6384296279033
Israel,ISR,2006,100.0,1.83070715651626,6.70000744,9.0705160460163,5.59106550120008,22499.7541717986,5.58409023284912,27.8810997,2.05407914587443,80.5536585365854,0.5,97.3902893066406,10.707,91.6825760364229
Israel,ISR,2007,100.0,1.75759805162562,6.67256165,4.76993944503941,6.31307137087018,25688.901610248,5.33169984817505,48.1280621948445,0.466226972936065,80.5048780487805,0.6,98.17578125,9.379,91.713639843393
Israel,ISR,2008,100.0,1.81893085102566,6.80668306,4.64995928220569,3.2158134842205,30231.0191013609,5.40716981887817,59.39,4.52744765138651,80.9512195121951,0.7,97.2980575561523,7.704,91.7292868898136
Israel,ISR,2009,100.0,2.15055287894338,6.86992359,2.16172057771712,1.22017480850096,28469.6817348489,5.34174013137817,63.12,3.3676231727125,81.4048780487805,0.9,97.4821395874023,9.534,91.7319738585748
Israel,ISR,2010,100.0,1.83828057709311,6.85038328,2.91791645550029,5.54470607068944,31398.9266927022,5.40408992767334,67.5,2.70270270270273,81.6024390243903,0.6,99.982536315918,8.48,91.7316426703946
Israel,ISR,2011,100.0,1.85284294203979,6.80594969,3.23187455100204,5.51341969081251,34476.7252065949,5.42928981781006,68.8738779907441,3.48837209302323,81.6560975609756,0.3,99.3588409423828,7.139,91.7304024673781
Israel,ISR,2012,100.0,1.49484781325948,6.94185257,3.42638899025665,2.40993765217618,33268.7066672115,5.56122016906738,70.8,1.67553715750052,81.7048780487805,0.8,100.082717895508,6.762,91.7276502819515
Israel,ISR,2013,100.0,1.5233149487473,6.94074392,3.9732882944923,4.09013743330735,36980.622214228,5.76972007751465,70.250311945,1.58976347421476,82.0560975609756,0.6,99.2992935180664,6.137,91.7227831465406
Israel,ISR,2014,100.0,1.39092717696261,7.02990532,1.92409260277085,3.718144149431,38265.3651949373,5.69225978851318,75.0177531628076,0.467557251908503,82.1536585365854,0.6,99.1835784912109,5.789,91.7151980935716
Israel,ISR,2015,100.0,1.42574237362895,7.02090645,3.7432820780929,2.23599889603805,36138.13561386,5.79657983779907,77.3520896572253,-0.617342577642765,82.0512195121951,0.5,99.77294921875,5.176,91.7042921554705
Israel,ISR,2016,100.0,1.45872080858947,7.09919167,3.73360294740648,4.53601939236572,37571.2561196275,5.80271005630493,79.6531241815281,-0.535168195718695,82.4073170731707,0.5,99.1769638061523,4.723,91.6894623646632
Israel,ISR,2017,100.0,1.44031962010396,7.17189407,4.72701516315835,4.34394518932547,41013.2575323519,6.00425004959106,81.5811835871611,0.249807840123008,82.5512195121951,0.7,99.3655319213867,4.14,91.6701057535759
Israel,ISR,2018,100.0,1.39351241557999,7.23550367,5.73001193313582,4.05349952888294,42269.3770257585,6.06919002532959,83.7331569615326,0.805060379528526,82.8024390243903,0.7,98.9501571655273,3.917,91.6456193546346
Israel,ISR,2019,100.0,1.35332886174885,7.20701885,4.34923898223678,3.57898762923605,44091.8678022544,6.06899976730347,86.7878776180583,0.817645940292794,82.8048780487805,0.9,98.6528015136719,3.731,91.6154002002652
Israel,ISR,2020,100.0,1.37217783069975,7.74801874,5.10300458684,-1.80206927953466,44590.8237253282,6.51824998855591,90.12734091,-0.575254620897756,82.6487804878049,0.7,98.5226974487305,4.169,91.5788453228939
Israel,ISR,2021,100.0,1.33051800415199,7.83961058,3.86941902029446,9.33534690236249,52258.4693499398,6.16727018356323,90.29689758,1.47965474722561,82.5,0.6,98.2143936157227,4.812,91.5353517549466
Israel,ISR,2022,100.0,1.18596323576565,7.12004995,4.35745092445992,6.36407234798706,54947.2091250715,5.93291997909546,91.85079615,4.41162725488371,82.7,0.4,98.0188064575195,3.695,91.4979834273327
Italy,ITA,2002,100.0,2.36532442144257,7.83638906,1.34499006490549,0.26992966378873,22451.3964379368,4.41520977020264,28.04,2.46532319171165,80.2292682926829,1.7,102.743858337402,9.211,67.3538786566538
Italy,ITA,2003,100.0,2.35238168739719,7.80670929,1.23649728851371,0.0665538088732092,27577.5700319855,4.52654981613159,29.04,2.6725555277285,79.9829268292683,0.9,103.36434173584,8.869,67.4299414611787
Italy,ITA,2004,100.0,2.34229627595505,8.13726902,1.10881762156492,1.4740217064723,31348.1901841445,4.37002992630005,33.24,2.20673661423657,80.7804878048781,0.8,103.984909057617,7.866,67.5072499739908
Italy,ITA,2005,100.0,2.03006110909468,8.30906773,1.9711754818286,0.762410677306491,32062.723833669,4.22292995452881,35.0,1.9852929852798,80.7829268292683,0.8,103.975212097168,7.73,67.5897169318419
Italy,ITA,2006,100.0,1.94158568418969,8.39791012,2.91006549515942,1.79947992234244,33537.1286994269,4.50464010238647,37.99,2.09084391012754,81.2829268292683,0.8,103.77815246582,6.777,67.6812550714834
Italy,ITA,2007,100.0,1.89414967924379,8.10167217,2.9684958153757,1.46229205289291,37826.1754554823,4.08763980865479,40.79,1.82974112202403,81.4341463414634,0.8,103.754417419434,6.076,67.7857771296669
Italy,ITA,2008,100.0,1.87300893559166,8.50157547,-0.393031898243063,-1.02313851177097,40828.5795580937,4.37188005447388,44.53,3.34783258401022,81.4853658536585,0.9,102.942947387695,6.723,67.9071958431441
Italy,ITA,2009,100.0,1.80208177882956,8.91290951,0.751632233908177,-5.30515401233991,37099.6133958219,4.50414991378784,48.83,0.774768131387381,81.6365853658537,1.1,101.482978820801,7.749,68.0494239486665
Italy,ITA,2010,100.0,1.76928173132246,8.87928963,0.462974196548407,1.52910573247101,35856.8625485539,4.31626987457275,53.68,1.52551602118248,82.0365853658537,1.4,100.804321289062,8.363,68.2163741829857
Italy,ITA,2011,100.0,1.84910093882918,8.728508,1.49396922230512,0.695463154440176,38432.3742820019,4.09431982040405,54.3899983018814,2.78063272879323,82.1878048780488,1.3,100.302833557129,8.359,68.4015073889511
Italy,ITA,2012,100.0,1.90886941227517,8.7983427,0.0016635941816029,-3.12523877282996,34854.3949441965,4.03481006622315,55.829997993283,3.04136333226775,82.2390243902439,1.4,100.028991699219,10.655,68.7608794235259
Italy,ITA,2013,100.0,2.05779366637333,8.7897644,0.907076904789878,-1.81802510749792,35701.6746002376,4.12192010879517,58.4593,1.21999342274306,82.690243902439,1.6,101.111892700195,12.149,69.3073989916076
Italy,ITA,2014,100.0,1.90848213125891,8.85913563,0.783743281747353,-0.0013876173045446,36028.3494022349,4.04026985168457,55.6384602242293,0.241047429826756,83.090243902439,1.4,100.752258300781,12.683,69.5807638614879
Italy,ITA,2015,100.0,1.99152552817849,8.84596729,0.720886367724088,0.885667635240807,30639.8829751432,4.05422019958496,58.1417349568747,0.0387903996579733,82.5439024390244,2.1,100.37190246582,11.896,69.6100006103516
Italy,ITA,2016,100.0,1.84915248302101,8.72043991,1.35957350873308,1.23622108511661,31391.5692898108,3.795490026474,61.3242527666303,-0.09401665691575,83.2439024390244,1.8,99.8127670288086,11.688,69.5969232525286
Italy,ITA,2017,100.0,1.89343264776643,8.69060516,0.44334154868577,1.60369995294101,32844.115660604,4.02662992477417,63.0773469984291,1.22653316645812,82.9463414634147,1.5,102.803092956543,11.211,69.5180784259382
Italy,ITA,2018,100.0,1.85755612561626,8.65467453,2.10769610409512,0.826646712344115,35062.3364176949,4.24094009399414,74.3871829234822,1.13748763600391,83.3463414634146,1.7,102.894989013672,10.538,69.4800033569336
Italy,ITA,2019,100.0,1.81866879873849,8.61536789,1.77066894209208,0.429162533780342,33812.788724868,4.07843017578125,67.8507102874836,0.611246943765304,83.4975609756098,1.0,102.959373474121,9.884,69.5050010681153
Italy,ITA,2020,100.0,1.9280162015612,9.5643034,-0.893869914296462,-8.86822122185345,32091.4866621366,4.41803979873657,70.48342785,-0.13770757391651,82.1951219512195,0.9,102.636672973633,9.192,69.5187492370606
Italy,ITA,2021,100.0,1.83339290794707,9.28164482,1.20474315612308,8.93106210800055,36852.5425414951,4.17118978500366,74.8623274,1.87378325762481,82.6463414634146,0.9,101.089881896973,9.497,69.4812507629394
Italy,ITA,2022,100.0,1.89037175125669,8.85022926,2.94181405797187,4.82117669913565,35653.9042103495,4.06775999069214,85.06074504,8.20128991161718,82.7,0.7,101.56453704834,8.069,69.4839779766539
Jamaica,JAM,2002,86.7,5.5443040664747,5.57934141,4.56630894573429,1.99729094191295,3680.64551727724,5.37522983551025,6.1,7.07635009310985,71.478,6.4,91.628547668457,14.19,52.1467222312645
Jamaica,JAM,2004,87.2,4.98216525525125,5.83766747,5.49763452709418,1.32372510450574,3807.56293124552,3.91254997253418,10.0,13.5545023696682,71.542,4.5,93.2493362426758,11.442,52.5637655955662
Jamaica,JAM,2018,98.2,5.90087317528371,6.83884478,4.59566903085149,2.51584458612513,5976.90362644337,5.41379022598267,68.2145170876072,3.73663882152163,71.606,0.4,94.9112697345669,5.47,56.297410990325
Jamaica,JAM,2021,100.0,7.38278062941281,8.00261688,2.00753132739669,5.70467978309095,5625.67806271236,5.63122987747192,82.36071561,5.86278242801063,69.085,1.4,92.3761226287061,5.188,57.5411017937226
Japan,JPN,2008,100.0,1.03017612646277,8.08909321,0.477207449449493,-1.16662209355141,40294.2081309702,3.27241992950439,75.4,1.3800788616492,82.5875609756098,1.1,101.2539710998535,4.002,89.2921563808851
Japan,JPN,2009,100.0,1.07479207956878,8.9587822,0.229098901311457,-5.9359411383964,41678.1783063195,4.62330484390259,78.0,-1.35283672951719,82.9314634146342,0.8,101.2539710998535,5.068,90.1131158718189
Japan,JPN,2010,100.0,1.11140166338783,9.0630064,0.128037155210339,4.13645589222239,45378.1378109399,3.59951996803284,78.21,-0.728243207517779,82.8426829268293,0.6,101.2539710998535,5.102,90.6228586840649
Japan,JPN,2011,100.0,1.10595400106158,10.48780155,-0.0135476953217396,-0.20035785332982,49122.077634247,3.60526990890503,79.0541135244739,-0.27245561610124,82.5912195121951,0.5,101.2539710998535,4.55,90.8631654434251
Japan,JPN,2012,100.0,1.13661659778411,10.67169094,0.008635611369413,1.64893452981225,49626.6830327571,3.41945004463196,79.4964,-0.0440645104432602,83.0960975609756,1.4,101.2539710998535,4.358,91.0265277326652
Japan,JPN,2013,100.0,1.07559314069116,10.67438698,0.201969683435447,1.99727653399265,41369.1948479498,3.40874004364014,88.219428911,0.335037912184741,83.3319512195122,0.9,100.464469909668,4.038,91.1516595654317
Japan,JPN,2014,100.0,0.991053653091654,10.7290144,0.396173028620197,0.905915486065865,39172.8471161948,3.41529989242554,89.1068330166075,2.75922671353253,83.5878048780488,0.7,100.945281982422,3.589,91.2548945132333
Japan,JPN,2015,100.0,1.0203205987902,10.74969959,0.115829519336403,1.79997735783475,35664.6446110613,3.31221008300781,91.0580283929962,0.795279630579839,83.7939024390244,0.4,101.250503540039,3.385,91.3532644103625
Japan,JPN,2016,100.0,1.10437494356716,10.65891552,0.801395644123668,0.704986495111257,40214.9688631562,3.14643001556396,93.1827212821617,-0.127258844489754,83.9848780487805,0.7,101.551628112793,3.132,91.4541254852142
Japan,JPN,2017,100.0,1.10813828591854,10.65627098,0.37319148031924,1.62345062245441,39679.8635262948,3.13057994842529,91.7265472366635,0.484199796126385,84.099756097561,0.6,101.437026977539,2.822,91.5498419685883
Japan,JPN,2018,100.0,1.01125619011391,10.73988247,0.490646618599307,0.834143845965585,40645.478086519,3.07782006263733,88.7463508901772,0.989094598021848,84.2109756097561,1.0,101.828887939453,2.467,91.6377318609728
Japan,JPN,2019,100.0,0.981152004588712,10.96998405,0.761769170240795,-0.308496921143259,41424.8655601543,3.15533995628357,92.7303978145525,0.46877615938395,84.3563414634146,1.3,101.936538696289,2.351,91.7164207898107
Japan,JPN,2020,100.0,1.00457628073053,11.44974613,1.20605775501323,-4.28327942675573,41098.9739004553,3.30628991127014,90.21945812,-0.024995834027731,84.56,1.2,101.801902770996,2.809,91.7809926267889
Jordan,JOR,2002,99.5,2.19163968207242,9.2786417,2.48601734100151,5.78380792679309,1706.26744384401,4.62330484390259,6.02553241191204,1.83299389002049,72.359,1.0,93.9076538085938,15.3,78.2972918926847
Jordan,JOR,2006,100.0,2.58350975139105,7.67925692,23.5372913427131,8.09297527811921,2342.63459574933,4.62330484390259,13.86709976,6.25172466656443,73.225,0.3,95.7085113525391,14.0,78.755612573541
Jordan,JOR,2008,100.0,4.1497532688884,8.48880577,11.0197500384043,7.22038637280149,3669.83012701745,4.62330484390259,23.0,13.9712310012729,73.563,0.1,91.7442932128906,12.7,80.1290966207551
Jordan,JOR,2010,100.0,4.97053082877959,8.17025661,5.59019642688163,2.6377158262256,4139.04283161368,3.16850989003323,27.2,4.84551875852116,73.797,0.1,89.6905264770576,12.5,82.2601083887084
Kazakhstan,KAZ,2002,99.8,7.99590909279888,3.6148138,10.5066901062522,9.79999999960842,1573.55219932325,3.02970004081726,1.67477099516366,5.83692452105643,64.441,16.2,100.211357116699,9.334,55.5045911261585
Kazakhstan,KAZ,2003,99.9,7.86220602699238,3.72335005,8.05370034022495,9.30000000033759,1958.02050246511,4.62330484390259,2.00041475265872,6.4382181011894,64.753,12.3,100.594848632812,8.777,55.2115277236592
Kazakhstan,KAZ,2004,100.0,7.12295798751998,3.98307681,13.0128589220718,9.60000000136854,2722.47407755402,2.25590991973877,2.6503946570164,6.88205438981899,65.04,7.6,101.440238952637,8.402,54.9200902244233
Kazakhstan,KAZ,2005,100.0,6.36952301555866,3.90172958,4.45711144385218,9.69999999922682,3577.35804001782,2.26353001594544,2.961699963,7.57999929125766,65.356,14.6,100.948692321777,8.11,54.6481873472392
Kazakhstan,KAZ,2006,99.8,5.49583486199441,3.39824843,9.39605595950726,10.7,5030.13494711519,2.62679004669189,3.268399954,8.72169386091726,65.722,2.4,99.8527221679688,7.79,54.4137278108953
Kazakhstan,KAZ,2007,100.0,5.66029151907027,2.70314813,11.4190297456091,8.89999999999405,6449.43931096532,2.83138990402222,4.02,10.8468362075557,66.18,1.1,99.7916412353516,7.258,54.2346203341799
Kazakhstan,KAZ,2008,100.0,5.31580324655219,3.02569842,12.6039290016987,3.30000000021091,8123.54705891736,2.58946990966797,11.0,17.139899777207,66.759,0.8,101.085159301758,6.63,54.1287736358813
Kazakhstan,KAZ,2009,100.0,6.14688498650048,3.47355628,12.3805834457831,1.19999999942873,6938.01175663001,3.06072998046875,18.2,7.31607858288578,67.46,0.8,99.4884185791016,6.6,54.1167144748885
Kazakhstan,KAZ,2010,100.0,4.51052752955614,2.73641396,5.03630628288047,7.30000000329814,8793.07589980782,3.58735481721566,31.6,7.40046356341396,68.257,0.5,98.6651271682671,5.767,54.2054127497102
Kazakhstan,KAZ,2011,99.8,4.9889741557576,2.60236669,7.14351039762779,7.40000000144188,11287.1464926039,3.6143401736456,50.6,8.4529046617679,69.108,0.2,98.200290536057,5.389,54.3996086425518
Kazakhstan,KAZ,2012,100.0,4.28833015629833,3.03725982,6.56164821145973,4.79999999528297,12018.7966527993,3.90163701288194,61.9066274652008,5.19568369035073,69.939,0.1,95.6735941529056,5.286,54.69208192838
Kazakhstan,KAZ,2013,100.0,4.50354556962711,2.66286755,4.23069709209016,5.99999999671084,13478.459627612,3.44564886564109,63.30422443,5.94283871648418,70.719,0.1,94.8001054814475,5.205,55.0779764821252
Kazakhstan,KAZ,2014,100.0,4.32955246164473,2.97468448,3.3006311188168,4.20000000566705,12427.7094576939,3.42903954512824,66.0,6.84944977003358,71.415,0.1,94.6582153565871,6.762,55.5524361787178
Kazakhstan,KAZ,2015,100.0,4.71054741881579,3.04051113,3.56737402233377,1.20000000053288,10196.1226255982,2.78858995437622,70.82993359566,6.67828585615236,72.024,0.1,95.0759557064159,4.971,56.1106048930882
Kazakhstan,KAZ,2016,100.0,4.55600427070659,3.42235589,12.5466202801438,1.09999999910173,7475.56688689424,2.9780900478363,74.5877264735738,14.3610942386248,72.549,0.2,95.5584446566675,6.762,56.7476265001667
Kazakhstan,KAZ,2017,100.0,4.51698454026741,3.0524447,2.85205738000704,4.10000000257358,8943.08416791984,2.75081992149353,76.4267482325439,7.44266321306792,72.996,0.1,97.3418813354746,4.9,57.4586448748837
Kazakhstan,KAZ,2018,100.0,4.39585810287636,2.90062451,0.196995426846668,4.09999999309841,9472.48527327758,2.61595010757446,78.9039190578816,6.16366247577762,73.369,0.1,97.418791535514,6.762,58.2388038921695
Kazakhstan,KAZ,2019,100.0,4.46633595812751,2.87143755,2.05367649290766,4.50000000091883,9457.12614657136,2.8569700717926,81.8776204746284,5.33356098916669,73.658,0.1,99.0552309326299,6.762,59.0832474269546
Kazakhstan,KAZ,2020,100.0,5.3912826934481,3.83133817,4.21199990309163,-2.49999999628,8781.50797787648,4.44620380169618,85.94259898,6.71815454861458,71.195,0.0,98.9588592775913,4.9,59.9871193541692
Kazakhstan,KAZ,2021,100.0,5.03000193996331,3.98701859,2.31675874599247,4.29999999729456,9983.60103576902,4.38569397571466,90.9239507,8.04147134028401,70.131,0.0,98.2733886173645,6.762,61.030254280267
Kenya,KEN,2005,24.5,24.2362747002419,4.2174139,0.113202068934601,5.90666607980057,523.456312433863,7.3356499671936,3.101900101,10.3127783574683,58.51,44.6,103.62956237793,9.957,27.2686745625048
Kenya,KEN,2015,41.6,19.4696147780528,4.76439571,0.883799936312692,4.96772112759767,1489.11959777284,4.74349021911621,16.5878548475992,6.58215429284779,62.279,37.7,104.780090332031,6.762,31.7338026039958
Kenya,KEN,2020,71.5,22.7027261604451,4.49248886,-0.0053684543935162,-0.272766327438816,1927.66459027849,5.04574892454155,24.7227993,5.40516207933392,61.596,44.4,91.9542486020668,6.762,31.2063494632616
Kenya,KEN,2021,76.5,21.4770750957252,4.56992722,0.382593996518954,7.59048947333467,2061.35622089594,4.89040202257195,26.96290016,6.10793603659176,61.225,46.4,93.7669067632864,5.585,31.2879334021971
Kenya,KEN,2022,76.0,21.0361920649933,4.32241869,0.691645983068062,4.85998104287999,2109.56288513137,4.51101801829815,29.40589905,7.65986268272224,63.549,45.5,98.551967362001,6.762,31.4307820066946
Kiribati,KIR,2006,68.8,21.6296437311933,11.30852318,0.506000711616138,5.77693449836185,1123.19258990684,4.62330484390259,4.5,3.03924881090924,65.601,21.3,107.576568603516,6.762,43.7349826427011
Kiribati,KIR,2019,89.3,26.9900320512821,10.16600227,-0.257400772595406,3.31125827814569,1750.24040333237,14.5197413461539,41.79299927,-1.81307995302947,65.866,6.1,101.2539710998535,8.557,56.2846727145489
"Korea, Rep.",KOR,2006,100.0,2.3878051747446,4.95851803,0.836569086676283,5.24500550580342,22609.7059431449,4.62330484390259,78.1,2.24234028518921,78.6682926829268,0.5,100.363288879395,3.254,81.566462110512
"Korea, Rep.",KOR,2008,100.0,2.04179163138255,5.24642324,1.02488987542862,3.00440451679569,22252.3125108061,4.62330484390259,81.0,4.67389655533408,79.5170731707317,0.5,101.344970703125,2.959,81.8350833138518
"Korea, Rep.",KOR,2010,100.0,2.0444228836758,5.79390717,0.796207328344812,6.98166138853071,24071.2620526362,4.62330484390259,83.7,2.93928652655686,80.1170731707317,0.5,100.80436706543,3.324,81.9685075986486
"Korea, Rep.",KOR,2012,100.0,2.08215187594443,5.9576025,0.711120351080011,2.54766550568242,26600.5477433903,4.62330484390259,84.07,2.18707104433314,80.819512195122,0.5,101.147590637207,2.812,81.9087898200378
"Korea, Rep.",KOR,2014,100.0,1.95176665660859,6.24487352,0.595893048504325,3.21468019683108,30667.0912467447,4.62330484390259,87.5568264944747,1.27477446401322,81.7219512195122,0.3,99.4568099975586,3.082,81.7315682816954
"Korea, Rep.",KOR,2016,100.0,1.73945648142804,6.6356945,0.766507046338007,3.17152748983935,30832.0628072516,4.11502981185913,92.8430256796075,0.971685739912168,82.2756097560976,0.2,99.7160110473633,3.65,81.5559241797057
"Korea, Rep.",KOR,2017,100.0,1.71494254133381,6.79827499,1.04741749331971,3.433191763972,33296.9845439195,4.10775995254517,95.0694218761004,1.94433230786366,82.6268292682927,0.2,98.6247100830078,3.653,81.471030429984
"Korea, Rep.",KOR,2018,100.0,1.59932774432361,7.14222002,0.66781363782051,3.17611568177327,35363.9508228687,4.21645021438599,96.0228595797887,1.47583935002645,82.6268292682927,0.2,98.6656723022461,3.824,81.3823523035196
"Korea, Rep.",KOR,2019,100.0,1.50689433955588,7.69397116,0.550202642546341,2.31380210595475,33826.9443301597,4.41813993453979,96.157579184239,0.383000303608136,83.2268292682927,0.2,99.6388168334961,3.746,81.2901063535619
"Korea, Rep.",KOR,2020,100.0,1.57795135359259,8.02722836,0.502554290313687,-0.700242317542106,33645.7719545073,4.52706003189087,96.50506052,0.537288023411737,83.4268292682927,0.1,99.217903137207,3.931,81.1759595622913
"Korea, Rep.",KOR,2021,100.0,1.66515978191584,8.34412766,1.13577953855347,4.61296795454287,37518.4635305697,4.55590009689331,97.57132698,2.49833333333339,83.5268292682927,0.1,98.6079330444336,3.639,81.1616526507785
Kosovo,XKX,2003,99.9,4.98083656431146,7.11813641,3.0165221032062,3.485806292299725,8254.86859320357,4.62330484390259,55.2499968797194,-1.08481262327414,72.678,11.7,101.2539710998535,49.7,37.5615508963458
Kosovo,XKX,2005,99.9,4.98083656431146,7.11813641,3.0165221032062,3.485806292299725,8254.86859320357,4.62330484390259,55.2499968797194,-1.38518913159299,73.437,14.3,101.2539710998535,41.4,37.627884150598
Kosovo,XKX,2006,99.9,4.98083656431146,7.11813641,3.0165221032062,3.485806292299725,8254.86859320357,4.62330484390259,55.2499968797194,0.621646938601728,73.63,13.5,101.2539710998535,44.9,37.6697481182649
Kosovo,XKX,2009,99.9,8.27613579615343,7.11813641,8.00567025856271,5.03485413839893,2805.94692985371,4.62330484390259,55.2499968797194,-2.41026401661229,74.79,10.5,101.2539710998535,45.4,37.8480031463455
Kosovo,XKX,2010,99.9,9.45683318489999,7.11813641,9.17015875370246,4.93995095961395,2987.54523493128,4.62330484390259,55.2499968797194,3.48050763735842,74.609,10.6,101.2539710998535,6.762,37.929940798209
Kosovo,XKX,2011,99.9,8.13256820161268,7.11813641,8.44148570365304,6.31981022896761,3538.94809762524,4.62330484390259,55.2499968797194,7.3364177131527,75.323,6.6,101.2539710998535,6.762,38.0255184272137
Kosovo,XKX,2012,99.9,7.44545756610942,7.11813641,4.75526229642647,1.71219595890548,3410.65497983011,4.62330484390259,55.2499968797194,2.47673782156533,75.75,3.9,101.2539710998535,30.879,38.2296959226488
Kosovo,XKX,2013,99.9,8.43161126110458,7.11813641,5.51557792241123,5.34079911900278,3704.55812411167,4.62330484390259,55.2499968797194,1.76732428354892,76.336,2.2,101.2539710998535,29.767,38.6251749487938
Kosovo,XKX,2014,99.9,8.29870640805469,7.11813641,2.8255199046184,3.34880478431623,3902.49322261901,4.62330484390259,55.2499968797194,0.428957808324092,76.179,3.3,101.2539710998535,35.264,39.1938922761744
Kosovo,XKX,2015,99.9,7.67716823366887,7.11813641,5.4536060723116,5.91623128345211,3520.62685324451,4.62330484390259,55.2499968797194,-0.536929392740659,76.024,2.4,101.2539710998535,32.84,39.917681154075
Kosovo,XKX,2016,99.9,8.17152319317784,7.11813641,3.64804781540538,5.57177504731632,3759.44777525332,4.62330484390259,55.2499968797194,0.273169431045468,76.748,2.0,101.2539710998535,27.491,40.7783748317802
Kosovo,XKX,2017,99.9,7.40871957581394,7.11813641,3.99449173765269,4.82565565298054,4009.32022064732,4.62330484390259,83.8935968102791,1.48823430592319,77.105,15.2,101.2539710998535,30.344,41.7578065585746
Kosovo,XKX,2018,99.9,6.53116433269115,7.11813641,4.04305852511921,3.40663227056285,4384.18796440547,4.62330484390259,89.4430319734879,1.05379773654991,77.117,20.7,101.2539710998535,27.761,42.8378095837429
Kosovo,XKX,2019,99.9,7.23866991904392,7.11813641,3.6089905562178,4.75680057007834,4415.6992744623,4.62330484390259,55.2499968797194,2.67599202639893,77.249,11.3,101.2539710998535,25.069,44.0002171565695
Kosovo,XKX,2020,99.9,7.36200975780916,7.11813641,5.10214468008702,-5.34027547826166,4320.58382547288,4.62330484390259,55.2499968797194,0.198227922994854,74.212,16.8,101.2539710998535,25.459,45.2268625263391
Kosovo,XKX,2021,99.9,6.92330553068501,7.11813641,5.32217005283667,10.7456560819583,5269.69946181439,4.62330484390259,55.2499968797194,3.35369139207997,74.981,25.0,101.2539710998535,20.392,46.4995789423362
Kosovo,XKX,2022,99.9,7.3926054610264,7.11813641,8.15747473082072,4.27849895827543,5298.1473871027,4.62330484390259,55.2499968797194,11.5805104542012,77.623,10.0,101.2539710998535,12.093,47.8001996538455
Kyrgyz Republic,KGZ,2002,100.0,34.4047962763445,4.59219551,0.290348679041994,-0.0173246130360667,321.726775366804,4.44545984268188,2.99926518003089,2.13420986310243,68.1560975609756,58.1,93.4230804443359,12.549,35.3118703235333
Kyrgyz Republic,KGZ,2003,99.4,33.6222526391595,5.82382107,2.37334214616148,7.03029319731168,380.505828812441,4.47541999816895,3.90876626828521,2.97461295184355,68.2560975609756,56.6,93.4400482177734,6.762,35.3086519815317
Kyrgyz Republic,KGZ,2004,99.3,29.9044500994693,6.20281315,7.93380357994973,7.02681242497607,433.233873286,4.62243986129761,5.09038530732863,4.11065084723381,68.1536585365854,32.5,94.6500473022461,8.53,35.3058886953128
Kyrgyz Republic,KGZ,2005,99.4,28.4832783609781,7.45010662,1.73012109521201,-0.175515404044219,476.548193640077,4.87384986877441,10.53380013,4.3386739184431,67.9560975609756,36.6,95.2993011474609,8.109,35.3030968124082
Kyrgyz Republic,KGZ,2006,98.9,28.6802911420992,8.3118391,6.422443742837,3.10289874199981,543.113512472219,5.54987001419067,12.30690002,5.55212333162542,67.6951219512195,26.0,96.6627578735352,8.271,35.2997926803498
Kyrgyz Republic,KGZ,2007,99.5,26.8802101795871,6.93210649,5.46786640053175,8.54287477507607,721.771577544361,6.46697998046875,14.03,10.2301032660484,67.8951219512195,23.3,95.5742263793945,6.762,35.2954926466692
Kyrgyz Republic,KGZ,2008,99.5,23.4855331532901,6.52511883,7.33453630196803,8.40161604861429,966.388569370494,5.91317987442017,15.69999981,24.5201024234102,68.4512195121951,13.8,96.2590179443359,8.219,35.2897130588983
Kyrgyz Republic,KGZ,2009,99.5,18.7607374707352,6.89873457,4.03784480909439,2.88629457537731,870.198894546917,6.23267984390259,16.0,6.83656248105368,69.1024390243903,9.8,97.0543823242188,8.4,35.2815523593591
Kyrgyz Republic,KGZ,2010,99.0,17.4482561772443,6.95027161,9.86092233978431,-0.471566596791618,876.954476440354,5.81884002685547,16.29999924,7.96772225579684,69.3,12.6,98.1180547707839,8.692,35.267768240398
Kyrgyz Republic,KGZ,2011,98.3,16.56531665018,7.1072917,11.0646449339785,5.95627429693504,1117.40174350185,6.79061985015869,17.5,16.6363262731495,69.6024390243903,9.3,97.7979618076575,7.455,35.2466507961984
Kyrgyz Republic,KGZ,2012,99.8,16.654196378216,8.50966358,3.95036874399421,-0.0881501998439376,1168.62244675446,7.38423013687134,19.79999924,2.76844236540957,70.0024390243902,10.5,98.702532107947,5.908,35.218916221918
Kyrgyz Republic,KGZ,2013,98.9,14.6378725497812,8.18745041,8.34375023535304,10.9154694528045,1269.66303464348,6.78020000457764,23.0,6.61375202358082,70.2024390243902,13.5,98.5657231831631,5.526,35.1850529225105
Kyrgyz Republic,KGZ,2014,99.8,14.7186631194877,7.35766459,4.59301012553734,4.02403863083252,1264.52668823891,5.53159999847412,28.29999924,7.5342472977589,70.4024390243902,8.1,98.8074237078529,5.051,35.1455493029297
Kyrgyz Republic,KGZ,2015,98.7,14.0607643300857,7.14930916,17.1312307587207,3.87582544512439,1105.65193844261,5.98551988601685,30.24699974,6.50331838993384,70.6512195121951,11.0,98.0889255070076,4.2,35.1008937681291
Kyrgyz Republic,KGZ,2016,99.7,12.8344731564928,6.41248226,9.08868385870298,4.33585592190116,1103.27489428412,6.58616018295288,40.52619934,0.388838296895799,70.9512195121951,8.0,99.7782949950732,4.009,35.0515747230627
Kyrgyz Republic,KGZ,2017,100.0,12.5145788958853,6.18586349,-1.39184288798722,4.73993722377884,1221.39046807082,6.02618980407715,50.80530167,3.1753098637994,71.2,8.2,100.800957688671,3.319,34.9980805726839
Kyrgyz Republic,KGZ,2018,100.0,11.6752864842384,5.01030922,1.74369178553725,3.75791013557165,1283.5203037417,5.55267000198364,62.8,1.54266145238436,71.4,5.9,99.826455114381,4.559,34.9408997219466
Kyrgyz Republic,KGZ,2019,99.9,10.3739026248931,4.25461817,4.3096066288398,4.60062565707598,1421.99927504102,5.0802698135376,64.1,1.13362257718804,71.6,4.9,98.9384768920384,5.45,34.8805205758044
Kyrgyz Republic,KGZ,2020,99.9,12.1696556730884,4.93558979,-4.85484703138398,-7.14897757727955,1229.51766602907,5.7331600189209,72.0,6.32542296338078,71.8,9.4,96.2103354796137,5.945,34.8174315392111
Kyrgyz Republic,KGZ,2021,99.7,12.4122330298243,5.35275602,2.44569276771409,5.50700762671923,1349.99730650542,5.16667985916138,77.11769867,11.9050398185147,71.9,5.6,96.3743766346118,5.149,34.7521210171204
Kyrgyz Republic,KGZ,2022,99.7,10.9968056651977,5.04874945,0.451992680624909,8.96750520041391,1739.72018344174,7.16884382244099,84.1937027,13.9229093174176,72.0487804878049,4.5,96.7442875061351,4.767,34.7003053497743
Lao PDR,LAO,2002,46.3,33.3863040963517,3.69751263,0.253176893420544,5.91874368370564,313.350817148131,2.82522010803223,0.267899241309349,10.6313446323333,59.302,43.1,105.233688354492,6.762,24.5247834668291
Lao PDR,LAO,2007,55.0,25.788148677301,3.12986231,7.66062749777557,7.59682880054878,697.323013673925,3.07841992378235,1.64,4.66197269469701,61.694,36.0,112.471809387207,6.762,28.7343050001346
Lao PDR,LAO,2012,76.4,18.5484865737637,2.07637572,6.06067602678934,8.02609843461283,1563.5650771337,1.82147002220154,10.74769974,4.2551267783209,65.126,21.7,118.414315740965,6.762,31.7422801040872
Lao PDR,LAO,2018,92.9,15.7091868201084,2.24630046,7.4856486219066,6.24796000755872,2545.1075420815,2.33501229018316,36.27130127,2.04039266890201,67.594,15.7,104.275413158198,6.762,35.2050070032013
Latvia,LVA,2002,99.8,4.62764983903159,5.95477772,1.73089175825638,7.66548778586991,4003.60935783538,5.78911018371582,21.94,1.93887573855886,70.9609756097561,1.5,104.02027130127,13.829,67.9813450702046
Latvia,LVA,2003,99.8,4.10241052739919,5.73644829,2.81610339606913,8.42913257059108,4914.57992829302,5.2944598197937,26.98,2.94264752948478,71.2658536585366,1.5,105.016151428223,12.061,67.9493840506358
Latvia,LVA,2004,99.7,4.36504580120425,6.47518539,4.27849106532647,8.72514341727928,6109.73265186817,5.04684019088745,38.58,6.19238547197429,72.0268292682927,3.7,105.490577697754,11.708,67.9206702831277
Latvia,LVA,2005,99.7,3.86773701723693,6.08161736,4.96633075101776,11.6153178557457,7283.78738127622,4.62330484390259,46.0,6.74845027893124,71.3560975609756,3.1,104.843978881836,10.033,67.8953910570353
Latvia,LVA,2006,99.6,3.42315192809587,6.02127075,8.34682590505321,12.825017846905,9211.7374468148,4.94490003585815,53.63,6.53619908765872,70.8658536585366,1.9,104.261993408203,7.03,67.873733661714
Latvia,LVA,2007,99.7,3.45397603560539,5.81969213,9.22286409647281,10.4145372792714,13370.9789452508,4.89059019088745,59.17,10.0929775849169,71.019512195122,0.8,104.213363647461,6.052,67.8558853865191
Latvia,LVA,2008,99.7,3.09128712531246,5.86603212,4.20174399569372,-3.38871665849958,15677.6080864506,5.63671016693115,63.41,15.4023191064986,72.419512195122,1.6,103.548599243164,7.739,67.8420335208058
Latvia,LVA,2009,100.0,3.28684121352283,6.2683239,-0.583936207217178,-16.0400195313042,11996.0322729773,5.67728996276855,66.84,3.53410672858934,73.0804878048781,2.6,102.918098449707,17.515,67.8323653539295
Latvia,LVA,2010,99.8,4.11588497283241,6.22420359,2.0239348136408,-3.66125859554762,11188.4191700977,5.14355993270874,68.42,-1.08463595015155,73.4829268292683,2.6,102.958602905273,19.482,67.8270681752453
Latvia,LVA,2011,99.8,3.77780079362838,5.91758251,5.71773309105869,3.03634482668815,12902.574053337,5.24315977096558,69.7499545592245,4.37073559939223,73.5756097560976,1.7,102.285652160645,16.206,67.8266897008267
Latvia,LVA,2012,100.0,3.53285388028976,5.62075043,3.98573894005036,7.30524057200897,13329.3499931271,6.83852005004883,73.1199437663748,2.25778924374585,73.7780487804878,1.4,101.048713684082,15.047,67.8331638942219
Latvia,LVA,2013,100.0,3.2120869041368,5.60404825,3.39352198804719,2.09609028156248,14484.4715282132,7.24962997436523,75.2344,-0.029454778257828,73.9829268292683,1.5,100.386268615723,11.867,67.847334482933
Latvia,LVA,2014,100.0,3.61639638963682,5.66363621,3.45179531513632,2.0949597710559,15185.814581236,5.47479009628296,75.8261041383556,0.620490636732421,74.1243902439024,1.1,99.8528213500977,10.846,67.8686035364944
Latvia,LVA,2015,100.0,3.55445018445087,5.84916782,3.08543258338884,3.78336712084972,13321.9753140616,5.46670007705688,79.2005829239344,0.174242243625186,74.4804878048781,1.0,99.3933181762695,9.873,67.8965395668259
Latvia,LVA,2016,100.0,3.32532538955761,6.35184479,1.23693505180815,2.55168601974034,13838.5266823272,4.82350015640259,79.8420977843089,0.140633334505327,74.580487804878,1.0,99.1985473632812,9.643,67.9307110858472
Latvia,LVA,2017,100.0,3.62476211824764,6.18721867,4.04880019492543,3.39894872623931,15132.4958333982,4.52905988693237,80.1140770037369,2.93036312374665,74.6292682926829,1.0,99.3678436279297,8.715,67.9706866054779
Latvia,LVA,2018,100.0,3.66104778019513,6.40854263,1.32076900628522,4.30971286294503,17252.1710428626,4.39430999755859,83.5771748630956,2.53445424186598,74.7829268292683,0.6,99.614387512207,7.412,68.0160346376376
Latvia,LVA,2019,100.0,3.85343444199836,6.86276913,3.37100266711483,0.675372771884227,17294.9751600969,4.58675003051758,86.13545644343,2.81140920075624,75.3878048780488,0.3,99.9834365844727,6.312,68.066323694246
Latvia,LVA,2020,100.0,4.0791819421756,7.50587368,2.81413557812427,-3.46922750780554,17564.2321549354,4.99749994277954,88.89796078,0.219064904841985,75.1853658536585,0.5,99.8328475952148,8.098,68.1211222872228
Latvia,LVA,2021,100.0,4.20672251535361,9.4105072,9.77936027100744,6.94254173062592,20261.8887788916,4.76774978637695,91.17964988,3.27582937431165,72.9804878048781,0.5,99.7407684326172,7.513,68.1808791463693
Latvia,LVA,2022,100.0,5.11411038456871,8.1044302,3.20337891789771,1.90853419029801,20221.103686109,4.3196702003479,91.03009059,17.3102830198815,74.2780487804878,0.4,99.41796875,6.815,68.2570218109034
Lebanon,LBN,2011,99.7,3.80460970714467,8.17744446,7.85693989450406,0.86733987855277,7834.96257108993,1.65251994132996,52.0,4.97148571692384,77.768,0.1,84.8372167281463,6.762,87.8270813653079
Lebanon,LBN,2022,100.0,1.1895732629522,4.91255951,2.50966160641735,-0.621678970663112,3654.35845534878,1.33151427628711,81.46479797,171.205491336641,78.003,5.8,76.4541233193651,6.762,90.206313713022
Lesotho,LSO,2002,3.4,6.39531283270571,5.8607502,3.65971744859451,0.723836067167127,388.92334985135,10.1004495620728,1.08394313737534,33.812578338126,45.95,74.9,116.67520904541,6.762,20.4926272688562
Lesotho,LSO,2017,33.7,4.9636238571378,10.52956581,1.82806623182623,-3.13817493733471,1069.36673247542,8.1553201675415,39.0,4.447699373763,53.874,41.9,105.559253372505,6.762,36.5283648068846
Liberia,LBR,2007,3.0,65.5981500364166,4.32884932,9.58759370688019,9.53527536282282,374.211308104278,4.62330484390259,0.551400006,11.3918966807102,58.147,61.1,101.2539710998535,5.551,46.6104850769043
Liberia,LBR,2014,9.4,35.9187165881502,8.09817886,15.558740639735,0.701393100287518,706.714490064507,2.20005011558533,5.409999847,9.86111285574904,59.21,31.7,92.5530201850852,2.079,50.2198153156642
Liberia,LBR,2016,17.7,35.9187135102446,9.88514519,9.1719033259717,-1.5549586174878,714.613063145659,2.11479684223088,15.69999981,8.83424868336488,60.483,33.6,83.8891158492465,3.081,51.2687310234384
Lithuania,LTU,2002,99.4,4.76760475898336,6.13477659,4.62664162847931,6.71983945103626,4148.13091485015,5.79093980789185,17.69,0.281506610345575,71.7609756097561,1.4,103.104148864746,13.008,66.8887100219727
Lithuania,LTU,2003,99.4,4.41639298290057,6.17724085,1.15581132298026,10.5518959629574,5507.47434187652,5.1067099571228,25.91,-1.13430854990247,72.0609756097561,0.4,102.963088989258,12.874,66.7596664428711
Lithuania,LTU,2004,99.4,4.15167623775201,5.48347187,3.86727514737433,6.50203536075556,6734.57487061946,5.14797019958496,31.23,1.16410252104671,71.9609756097561,4.0,103.970291137695,10.684,66.6022567749023
Lithuania,LTU,2005,99.4,4.32727074499656,5.64637566,4.9513140342573,7.7314467577492,7857.03148786492,4.87698984146118,36.22,2.65848484065262,71.2536585365854,2.7,102.84455871582,8.325,66.5784912109375
Lithuania,LTU,2006,99.4,3.8728905163979,5.85725737,7.50221604684683,7.39548122468629,9210.10118229413,4.83653020858765,43.9,3.73912004060664,71.0560975609756,1.8,102.028747558594,5.78,66.6381530761719
Lithuania,LTU,2007,99.4,3.47267609522387,5.75978613,6.54805565260343,11.0779282578673,12295.1212779366,4.59159994125366,49.9,5.73717382799842,70.9,1.6,101.104446411133,4.25,66.7184982299805
Lithuania,LTU,2008,99.4,3.28158323801393,6.29010201,3.61122070655171,2.59946154605602,14955.5345462921,4.83649015426636,55.22,10.9258856241655,71.8121951219512,1.8,99.499267578125,5.826,66.7527770996094
Lithuania,LTU,2009,99.5,2.52928276861212,7.34499836,-0.96067117365502,-14.8386117894848,11854.3711053096,5.56941986083984,59.76,4.45304456518535,72.9146341463415,2.7,99.9498291015625,13.785,66.7816619873047
Lithuania,LTU,2010,99.7,3.06871518554059,6.9058671,3.00969561169119,0.427199566550769,11829.122609457,5.36880016326904,62.12,1.31921362055463,73.2682926829268,2.0,100.421501159668,17.814,66.7712860107422
Lithuania,LTU,2011,99.7,3.51897129368263,6.54017687,4.35509015104087,6.32363664821298,14261.8433787325,5.15469980239868,63.6399774002179,4.13027562645085,73.5634146341464,0.9,101.251838684082,15.39,66.7518340055756
Lithuania,LTU,2012,100.0,4.00007448760216,6.30798101,1.5855600934776,4.38290584355157,14288.1853493139,4.78232002258301,67.2299893276414,3.08998277055417,73.8634146341464,1.1,101.85440826416,13.365,66.8536758422852
Lithuania,LTU,2013,100.0,3.53435810553224,6.15501022,1.66003716547754,4.04691318575325,15636.5252586048,4.62416982650757,68.4529,1.04747937065344,73.9146341463415,1.2,101.802093505859,11.77,67.0092086791992
Lithuania,LTU,2014,100.0,3.4401608409572,6.22244453,0.739699359398686,3.7725437958099,16446.1647181663,4.5076699256897,72.1335378644566,0.103758009433708,74.5170731707317,1.7,101.519287109375,10.698,67.1514937628023
Lithuania,LTU,2015,100.0,3.43671864804715,6.47396851,2.49622116332616,2.83280643343234,14269.8039878287,4.21646022796631,71.3780590101754,-0.884097405500596,74.3219512195122,1.0,102.10758972168,9.12,67.2282485961914
Lithuania,LTU,2016,100.0,3.12061896056681,6.64928818,2.7403147410033,2.67192215053329,14934.2702840428,4.01143980026245,74.3766455618662,0.905525075460342,74.6707317073171,1.5,102.853378295898,7.862,67.1894226074219
Lithuania,LTU,2017,100.0,3.54933633712632,6.44472837,2.89745572307538,4.61224310312809,16800.1510246099,3.81236004829407,77.6152565124514,3.72288862303707,75.4804878048781,1.2,103.467041015625,7.073,67.1012954711914
Lithuania,LTU,2018,100.0,2.88685726647675,6.46896172,2.39550085067309,4.91836780106811,19247.2315367967,3.85628008842468,79.7225827680518,2.69792779208394,75.6804878048781,1.0,103.667556762695,6.147,67.1464742010457
Lithuania,LTU,2019,100.0,3.12404744403716,6.94472647,6.23035300556357,4.67735183530451,19608.7943945553,3.9415500164032,81.5818683764046,2.33450937988027,76.2829268292683,0.6,102.557037353516,6.255,67.245735168457
Lithuania,LTU,2020,100.0,3.53241993914326,7.41619062,7.94344900363669,0.0428158336981426,20428.6478157394,4.47348022460938,83.05554724,1.19989444983569,75.0292682926829,0.5,102.801078796387,8.487,67.4254608154297
Lithuania,LTU,2021,100.0,3.39405707261599,7.73210812,3.73869903984915,6.39481772930206,23882.8668916753,4.23977994918823,86.93054425,4.68354420903453,74.0365853658537,0.3,101.846076965332,7.112,68.1912117004395
Lithuania,LTU,2022,100.0,3.94942094367082,7.24367952,3.42488723499229,2.46532013155011,24946.5724005188,4.25285005569458,87.72420219,19.7050461518394,75.6439024390244,0.8,101.905830383301,5.955,68.2866452426813
Luxembourg,LUX,2002,100.0,0.690665537887529,6.76099968,17.9416677912933,3.22528846998354,53005.731801629,4.62330484390259,39.84,2.07408613571643,77.9658536585366,0.0,99.7913970947266,2.621,85.203425653095
Luxembourg,LUX,2003,100.0,0.464234062791169,6.96221447,14.4641078649714,2.6192502126754,65689.3214536911,4.62330484390259,54.55,2.04984030563516,77.7268292682927,0.1,99.1101303100586,3.675,85.5906295073034
Luxembourg,LUX,2004,100.0,0.535432004959881,7.2793355,14.7716141859696,4.23067892192488,76544.9170868473,4.62330484390259,65.88,2.22567916428894,79.1219512195122,0.0,99.0978927612305,5.113,85.9799097226846
Luxembourg,LUX,2005,100.0,0.356507251359606,7.12328196,12.32939877922,2.48250499371829,80988.2044869403,4.62330484390259,70.0,2.48769665164081,79.4317073170732,0.0,99.8659591674805,4.488,86.3735649102561
Luxembourg,LUX,2006,100.0,0.311756667166349,6.6364212,75.0860385350828,6.01662739677904,90788.8164271049,4.62330484390259,72.51,2.66631494577077,79.2878048780488,0.0,99.6400299072266,4.731,86.7738936810355
Luxembourg,LUX,2007,100.0,0.36322021232561,6.15803099,-57.5323140834096,8.09852098069817,107475.320297978,4.62330484390259,78.92,2.31245861786126,79.3829268292683,0.0,99.5173110961914,4.065,87.1831946460401
Luxembourg,LUX,2008,100.0,0.307776449123071,6.23101091,12.0948257128755,-0.302272983306707,120422.137934157,4.62330484390259,82.23,3.4018796302557,80.5390243902439,0.0,99.1816101074219,5.06,87.6037664162874
Luxembourg,LUX,2009,100.0,0.233334868942186,6.94993162,50.0394903092505,-3.23895268839308,109419.746953106,4.62330484390259,87.31,0.368041997888867,80.6365853658537,0.0,101.2539710998535,5.194,88.0379076027949
Luxembourg,LUX,2010,100.0,0.268409699709087,6.66263008,69.6063943388728,3.76040578658925,110885.991378721,4.62330484390259,90.62,2.27367911621542,80.6317073170732,0.0,98.0030136108398,4.423,88.48791681658
Luxembourg,LUX,2011,100.0,0.25111528958498,5.95225334,14.3333707152268,1.0442860057217,119025.057203467,4.62330484390259,90.0298585646936,3.4106834106835,80.9878048780488,0.1,96.2988433837891,5.122,88.9562814837254
Luxembourg,LUX,2012,100.0,0.28795364886368,5.29404306,4.7244838569188,1.64971134354685,112584.676270958,3.87815999984741,91.9499237417387,2.66284165508011,81.3926829268293,0.0,98.7363967895508,5.03,89.4405768017292
Luxembourg,LUX,2013,100.0,0.261907196956465,5.23557377,35.7329034711934,3.17168513780955,120000.140729859,4.62330484390259,93.7765,1.73403963519162,81.8,0.1,97.7293472290039,6.045,89.9413746679705
Luxembourg,LUX,2014,100.0,0.289554289054283,5.23040915,29.1553925693205,2.62308838097542,123678.706919314,3.85569000244141,94.6702052774766,0.628543985440717,82.2292682926829,0.2,97.3061294555664,6.044,90.4577807676859
Luxembourg,LUX,2015,100.0,0.223728934771597,5.08113575,75.6300240002581,2.26836572735107,105462.012584423,3.76792001724243,96.3767141704759,0.474743161437871,82.2926829268293,0.3,97.4022521972656,6.796,90.9893679353068
Luxembourg,LUX,2016,100.0,0.214197008159042,5.07103872,28.257554145971,4.97819047122638,106899.293549552,4.62330484390259,98.1366986657616,0.290833333333225,82.6853658536585,0.1,97.4095687866211,6.669,91.5357090052649
Luxembourg,LUX,2017,100.0,0.23457255011554,5.13535357,-41.6509945601316,1.31711942298405,110193.213797228,3.48645997047424,97.3629603241751,1.73079959118896,82.0951219512195,0.3,96.7351989746094,5.523,92.0963768119916
Luxembourg,LUX,2018,100.0,0.233738394048527,5.27355194,-117.233947530512,1.61129891211624,116926.759593905,3.65772008895874,97.061298705829,1.5281952430737,82.2951219512195,0.3,97.3428497314453,5.589,92.6709441899184
Luxembourg,LUX,2019,100.0,0.214828063048275,5.46640301,234.310617307358,2.74932091920692,112696.649059674,3.73705005645752,97.120635693272,1.74332075653848,82.6390243902439,0.1,98.3345489501953,5.592,93.2589839734767
Luxembourg,LUX,2020,100.0,0.20041631187567,5.7671175,-4.55819523596748,-0.510051634039826,116860.02817236,3.85499000549316,98.45962893,0.819957302127036,82.1439024390244,0.0,98.6442489624023,6.766,93.8600689970981
Luxembourg,LUX,2021,100.0,0.194861687098922,5.60806084,28.7187121123012,6.92973270801744,134965.815442152,3.68531990051269,98.66086333,2.52692009066166,82.5975609756098,0.1,98.4758377075195,5.571,94.5861743396533
Luxembourg,LUX,2022,100.0,0.242167478298755,5.60926914,-391.555119009248,-1.09741256293819,123719.658915996,3.74451994895935,98.24203749,6.33600807777919,82.9463414634147,0.1,99.484260559082,4.588,94.7605400940185
Madagascar,MDG,2005,16.0,30.7627339341287,5.21557808,1.45800803699285,4.75584509499119,305.812074924388,3.30962991714477,0.567700028,18.3638246468932,60.664,55.3,128.547912597656,2.3,26.4743019495822
Madagascar,MDG,2010,12.3,29.0780963483597,4.69762659,9.13867133828111,0.619239744622121,450.009391645726,2.28856151148168,1.700000048,9.24732173644116,62.597,65.3,135.673193203157,4.278,27.8651684949103
Madagascar,MDG,2012,18.7,28.0006123574142,3.91105914,7.03680533355538,3.01114811621208,493.511162904211,2.34067010879517,2.299999952,5.71384434191053,63.007,67.3,136.435592632075,0.599,28.3988032871081
Madagascar,MDG,2021,35.1,22.5220913616157,3.55335546,2.49072338064723,4.65068343174309,483.469463351195,3.19807542117225,13.74590015,5.81225118787715,62.516,69.2,140.2656625108,6.762,31.1137123216036
Malawi,MWI,2004,6.9,28.8733040048574,4.07199907,2.13119600751874,5.42049754993828,404.674248445428,4.62330484390259,0.347505334967577,11.4298060822124,51.073,74.4,133.789779663086,4.457,15.0316039821946
Malawi,MWI,2010,8.7,24.6321400620979,5.14304781,0.957814621345542,6.87406585416142,683.124694716799,2.43236994743347,2.26,7.41159092883827,57.787,72.9,135.953379497131,6.762,15.4776969380518
Malawi,MWI,2016,11.0,22.1929077690151,7.72703791,1.46272973143861,2.49999999914311,450.506105510719,3.28257989883423,6.300000191,21.7111132136499,63.163,71.7,137.823026920131,6.762,15.899632938282
Malawi,MWI,2019,11.2,22.9473991790142,6.37021732,0.499715595789277,5.71682519194337,580.889139762475,4.62330484390259,11.05860043,9.3708360560567,64.995,75.4,139.274520404398,6.762,16.1383746619001
Malaysia,MYS,2003,98.7,9.30608521643197,2.92417073,2.92094209456765,5.7884992858875,4465.32194567208,7.50288009643555,34.9711523397291,1.08967632577286,73.727,3.2,93.3964691162109,3.612,65.0750932867555
Malaysia,MYS,2006,98.8,8.60998284136304,3.10897732,4.72716484834358,5.5848470671515,6158.40785533236,4.48576021194458,51.6379889864403,3.60923564224389,74.697,1.7,97.8367385864258,6.762,67.9191992840997
Malaysia,MYS,2008,99.0,9.96858233467411,3.00692558,3.28081949125174,4.83176988913097,8371.82156086005,3.95851993560791,55.8,5.44078221100769,75.151,1.5,98.6990509033203,3.341,69.5438130147565
Malaysia,MYS,2011,99.5,11.4533531198278,3.31451917,5.07446032143377,5.29391283414003,10217.1068585031,5.76293992996216,61.0,3.1744709215131,75.488,0.4,98.855643801119,3.055,71.4245166681964
Malaysia,MYS,2013,99.6,9.11336384538206,3.51276922,3.49431175959971,4.69372252557893,10713.6407638899,5.48122978210449,57.05751226,2.10501231233612,75.464,0.1,98.9066848845224,3.113,72.4882717118078
Malaysia,MYS,2015,99.9,8.2874950827938,3.82201481,3.27094402931735,5.09153242155011,9648.6797937523,4.89487981796265,71.0640678111957,2.10438980238359,75.288,0.1,95.6311535513474,3.1,73.4387869957006
Malaysia,MYS,2018,100.0,7.51205693063821,3.75944281,2.31458721219734,4.84308697634881,10901.8019954421,4.47865009307861,81.2010486181174,0.884709160571235,75.734,0.0,95.7761544783431,3.3,74.5634625145296
Malaysia,MYS,2021,100.0,9.56621458844467,4.37438345,5.41626377085161,3.31534954399166,10903.1037480772,4.26109393398867,96.7514278,2.47710241465447,73.917,0.0,92.5769881927004,4.6,75.5088628191907
Maldives,MDV,2002,88.3,4.98083656431146,8.78440189,2.75560074067064,7.26838656139654,3076.07007160101,5.79186010360718,5.3477651689359,4.1786723990479,72.36,18.8,121.841133117676,6.762,29.8881681908815
Maldives,MDV,2009,99.9,5.41948176665845,10.0928812,6.73534012537353,-8.34069861571051,6734.03165601895,5.08168983459473,24.8,4.53017659132801,76.371,13.1,104.559181213379,11.697,36.3718272129661
Maldives,MDV,2016,100.0,5.62856345772863,10.23337078,10.3547618700189,6.37528306716864,9947.80744731739,3.66123008728027,59.47750092,0.502509413611612,78.913,0.1,98.2565323867083,5.771,38.9560872317815
Maldives,MDV,2019,100.0,4.49402391073316,7.50238085,16.7834728448357,6.92305989050099,11740.2724029785,4.12356944795488,77.46970367,0.220029731065383,79.707,0.0,96.8629835988386,4.562,40.0492764783282
Mali,MLI,2006,16.6,22.2004702801119,5.4559021,1.80622500320411,3.68960265255278,586.985415512593,4.62330484390259,0.729600012,1.54352596927582,54.305,64.0,72.4690475463867,6.665,21.2987608960246
Mali,MLI,2009,24.0,25.1844479659999,5.21225691,5.34101259309872,5.45473562683669,787.48256428259,3.14385008811951,1.799999952,2.46375188572299,55.588,63.3,77.8208770751953,1.665,22.6557955217884
Mali,MLI,2018,50.9,32.4975413984656,3.73251104,2.29426079238045,4.86784999935264,996.379292136901,2.98218989372253,21.39999962,0.299546507387843,58.873,29.4,70.3689604909815,1.62,27.6999185916288
Mali,MLI,2021,53.4,32.0375587266747,3.54318666,2.78245724174957,3.10094124463507,1027.27345365357,3.66363000869751,33.95650101,3.92560283104277,59.116,36.1,101.2539710998535,6.762,29.7049638253978
Malta,MLT,2006,100.0,1.813524220551,8.84659672,370.903560623921,2.33618870316785,16653.6038312389,4.62330484390259,40.41,2.77378006481472,79.4390243902439,0.5,102.830116271973,6.798,93.7986874969541
Malta,MLT,2007,100.0,1.75516138575379,8.18593979,450.045795914123,5.03640177981643,19444.1743635565,5.95993995666504,46.9,1.24921923797629,79.7926829268293,0.5,103.004371643066,6.472,93.9118231189546
Malta,MLT,2008,100.0,1.07473996926973,7.82490158,161.765413580926,4.41059689827608,22405.6426266551,5.47429990768433,50.08,4.25862171897073,79.6365853658537,0.2,103.135833740234,5.977,94.0294765354989
Malta,MLT,2009,100.0,1.33019267705217,7.88854265,16.4753471685722,-1.39524956144803,21261.5428699817,5.04781007766724,58.86,2.08432746082343,80.2414634146342,0.5,98.1346664428711,6.896,94.1423744490362
Malta,MLT,2010,100.0,1.27165148764665,7.89857197,101.626394392913,6.19734978656928,21946.6073066905,6.20798015594482,63.0,1.51563513618532,81.3975609756098,0.3,102.578308105469,6.861,94.2412435620154
Malta,MLT,2011,100.0,1.08713374993752,8.31816673,79.748918912388,0.992201768011597,23516.972445816,7.57771015167236,68.0198237885462,2.9629852819288,80.7463414634146,0.2,100.981498718262,6.388,94.3155916422812
Malta,MLT,2012,100.0,1.0910541183165,8.24921417,34.5864948714194,4.10167460261891,22878.3095862582,6.24788999557495,68.1998742928975,2.37582057760386,80.7463414634146,0.2,100.937980651855,6.203,94.3626256493653
Malta,MLT,2013,100.0,1.01983625203559,8.30319595,4.72416532328184,6.29233378116625,25415.5525389054,7.40672016143799,68.9138,1.1802843636655,81.7463414634146,0.0,100.87850189209,6.115,94.3906567856206
Malta,MLT,2014,100.0,1.00159746008451,8.88463974,1.31122424310897,7.6313628225042,27424.5693619702,6.84973001480103,73.1141157845193,0.310306472181665,81.8951219512195,0.0,100.008308410645,5.737,94.412512773898
Malta,MLT,2015,100.0,0.941565497029315,8.70199776,32.1027480550593,9.62070302842181,25529.6693210673,4.91352987289429,75.9600189752747,1.10054826378929,81.7975609756098,0.1,99.9228973388672,5.389,94.4387696268011
Malta,MLT,2016,100.0,1.01031771377506,8.69928074,23.0840309905395,4.07800422216982,26459.0644285369,4.95570993423462,78.0751488032182,0.642702771527304,82.3536585365854,0.1,99.7741088867188,4.694,94.4800033569336
Malta,MLT,2017,100.0,0.675890607316043,8.31366253,299.824774271215,12.9713425287845,30317.2611769875,4.34281015396118,81.0119110762945,1.36435448150708,82.1951219512195,0.2,99.4793930053711,4.008,94.5691806330314
Malta,MLT,2018,100.0,0.621888918723848,8.11269569,452.220863014151,7.18921425536917,33382.280781103,4.62330484390259,81.6580442928014,1.15782362451517,82.2487804878049,0.2,99.830680847168,3.956,94.7242373261706
Malta,MLT,2019,100.0,0.471910717650196,8.89282227,198.199646841408,4.0850557312243,32421.9087471186,4.79941987991333,85.7785963798031,1.6420600176894,82.6585365853659,0.3,98.9984817504883,4.08,94.9332032524644
Malta,MLT,2020,100.0,0.78562042891342,9.85403538,191.921868144409,-3.45728232537419,31823.422001724,4.62330484390259,86.85876183,0.638544956776712,82.0975609756098,0.4,98.1449203491211,4.856,95.1841082280263
Malta,MLT,2021,100.0,0.886000827253817,9.52782059,433.606839879867,13.3509818925498,38078.0064279067,4.92963981628418,87.46977742,1.49789217934724,82.2585365853659,0.1,97.9103088378906,3.754,95.5145343617045
Malta,MLT,2022,100.0,0.833481606690094,9.09105396,114.989519881534,2.59276776884379,35658.8318250199,4.71258020401001,91.54062209,6.15375621933037,82.2975609756098,0.1,97.4764785766602,3.471,95.6003155132879
Marshall Islands,MHL,2019,96.8,18.2091455560326,14.98994541,2.21765571320359,10.4521147301896,5292.33985502306,9.88208961486816,49.75749969,3.03924881090924,66.047,2.1,109.175973437972,6.342,76.9422712042154
Mauritania,MRT,2004,24.3,22.9178992193284,3.70429492,17.1048404222648,4.7327579245203,823.554457141893,1.9507999420166,0.481470438230954,10.3676233473073,63.369,28.5,88.9611282348633,6.762,39.5685575664461
Mauritania,MRT,2008,30.0,18.5594231007108,3.01338983,6.58359348707617,-0.331079195278377,1635.5630623124,4.62330484390259,1.870000005,7.34663541249786,65.233,19.2,91.1832809448242,6.762,43.5784901049073
Mauritania,MRT,2014,38.8,18.8142560652114,3.46724391,7.59717456790627,4.27482327130284,1718.97089374709,2.55796423507035,11.80000019,3.53436856147324,66.207,11.7,93.9026961891851,6.762,50.4694791226856
Mauritania,MRT,2019,44.9,19.957882454072,3.09176588,-11.1917343784634,3.14100489264639,1767.072710621,1.82317996025085,25.0977993,2.30009262117937,67.64,10.2,90.2671941351334,10.416,56.0596215779146
Mauritius,MUS,2006,99.0,4.83159024933392,3.60573649,1.49569053565725,4.86554460775534,5784.22491883026,3.64840006828308,16.7,8.91350105650142,72.4321951219512,1.1,101.59693145752,9.04,40.9607687547567
Mauritius,MUS,2012,99.4,3.6066947724863,4.21993399,4.97804411127418,3.51062090167264,9421.52514098225,3.41820001602173,35.42,3.85216033315983,73.8634146341464,1.1,99.3669004354746,7.472,40.0369511615085
Mauritius,MUS,2017,99.6,2.95521989373646,5.59857273,3.45396863043017,3.95441730960265,10986.7034093005,4.87887001037598,55.4032403002657,3.66699702675925,74.5146341463415,0.5,96.4786321239223,6.752,39.4499348663789
Mexico,MEX,2002,97.9,3.1103617264471,4.83042812,2.48685750053046,-0.236588001922641,7983.03398381759,4.24307012557983,11.9,5.03072733151295,73.106,12.8,109.220031738281,3.003,75.6840752828994
Mexico,MEX,2004,98.6,3.18594698575225,5.6835022,3.06821035154364,3.56544102622887,7849.66759649565,4.51204013824463,14.1,4.68840884843143,73.432,11.0,108.834548950195,3.937,76.3274397419019
Mexico,MEX,2005,98.9,2.94567227294627,5.58110142,2.74220134246066,2.11324711473297,8671.75891798441,4.63395023345947,17.20999908,3.98805714597437,73.627,11.7,108.534042358398,3.558,76.4748624380269
Mexico,MEX,2006,99.1,2.94295516133822,5.40647888,2.16893035275929,4.80501351664901,9512.63575346699,4.49317979812622,19.52000046,3.62946762439132,73.746,9.0,108.129272460938,3.566,76.4982455683657
Mexico,MEX,2008,98.9,3.02875898012501,5.44587374,2.56307995857491,0.943331872912935,10523.7685427665,4.60607004165649,21.71,5.12498274575896,73.695,10.1,109.446380615234,3.874,76.5090428271033
Mexico,MEX,2010,99.2,3.09200838871919,5.4897337,2.76223720236461,4.9713345832195,9728.80078307432,4.93697023391724,31.05,4.15672722680174,73.718,8.4,110.995216369629,5.303,76.5244441414713
Mexico,MEX,2012,99.1,3.04872937167333,5.42140484,1.45258915061197,3.55321076010608,10744.1335236186,4.88349008560181,39.75,4.11150981070289,74.128,7.3,111.073516845703,4.892,76.6585199140734
Mexico,MEX,2014,99.2,3.02713651699048,5.35336781,2.08415748539387,2.50376350783593,11391.3773503964,5.06807994842529,44.3856962723411,4.01861608078679,74.404,7.2,108.573143005371,4.819,76.9741367091766
Mexico,MEX,2016,99.5,3.2462890783797,5.38499022,3.49768027047347,1.7724932254128,9097.92397674769,4.75795984268188,59.5404459967255,2.8217078474766,74.376,4.4,106.391220092773,3.853,77.4405087351486
Mexico,MEX,2018,99.5,3.29695945141921,5.23821402,3.0141785043816,1.97208211101069,10084.7937570364,4.13944005966187,56.6595667981289,4.89935015356551,74.301,3.9,105.188163757324,3.275,78.0271223924494
Mexico,MEX,2020,99.4,3.71114888178603,6.05248594,2.81400875229273,-8.35403459379062,8841.27074929751,4.4996600151062,71.49017499,3.39683415570006,70.449,4.3,104.517730712891,4.378,78.677960602824
Mexico,MEX,2022,100.0,3.89806571238006,5.70919704,2.67267286267437,3.70975708309098,11405.7940469896,4.05987977981567,78.63217894,7.8962761916855,73.973,2.3,102.004783630371,3.174,79.199683215791
"Micronesia, Fed. Sts.",FSM,2005,55.2,22.7097165991903,17.94844818,3.0165221032062,2.7434627349036,2216.9963738197,4.62330484390259,11.88140011,4.25769978210942,64.906,15.8,110.222869873047,6.762,22.3299999237061
"Micronesia, Fed. Sts.",FSM,2013,69.4,26.8475477707006,12.21770954,3.0165221032062,-3.70370370370371,2904.1536796737,12.3438831906748,27.79999924,1.75232737350762,65.179,26.1,95.0318576353091,6.762,22.2986323961146
Moldova,MDA,2002,99.0,21.0218294511342,7.40437651,5.05771338869042,7.79999965773833,570.799866188293,5.4979100227356,3.78724279887342,5.30124390261601,67.793,19.9,101.2539710998535,6.845,39.620719909668
Moldova,MDA,2003,98.8,18.3282016003476,7.02227592,3.72304120351932,6.59999995777716,682.319095965299,5.42489004135132,7.40754458415897,11.7460792058232,67.9,10.0,101.2539710998535,6.378,39.5945358276367
Moldova,MDA,2004,99.1,17.5867382617383,8.97114944,5.81198983204296,7.39999973358189,897.178494749468,6.77103996276855,10.629390841654,12.5242768428228,68.017,11.6,101.2539710998535,6.374,39.4460945129395
Moldova,MDA,2005,98.6,16.3997954955912,9.55814838,6.38146310288962,7.5000001493726,1034.39197746993,7.16270017623901,14.6302704551796,11.9591837222127,68.197,16.6,101.2539710998535,5.633,39.3704032897949
Moldova,MDA,2006,98.9,14.4988760781159,10.54445267,7.58980668418465,4.79999983670831,1183.02481442894,7.49899005889893,19.6206477051634,12.777755783035,68.423,3.4,101.2539710998535,4.26,39.2182388305664
Moldova,MDA,2007,99.0,9.98297024143739,11.02066803,12.1790254892383,3.00000022585525,1531.21618590748,8.29337024688721,20.45,12.3671668414302,68.674,1.6,101.2539710998535,2.749,39.4315032958984
Moldova,MDA,2008,99.1,8.8109341724675,10.94920063,12.0005134783383,7.80000014541523,2110.55305353857,8.23727035522461,23.39,12.7830472618821,69.0,1.7,101.2539710998535,2.097,39.3710708618164
Moldova,MDA,2009,99.2,8.49746275029227,13.6766243,4.85271053589236,-6.00000026352828,1898.43975710988,9.5097599029541,27.5,-0.0627185967109007,69.406,1.5,101.2539710998535,3.024,39.3255348205566
Moldova,MDA,2010,99.3,11.1612572325879,10.13112831,4.25879212676733,7.10000010705836,2436.79935102421,7.5922999382019,29.68000031,7.48385086350853,69.876,0.8,93.5407792138963,2.972,39.2804946899414
Moldova,MDA,2011,99.4,11.3842525996445,9.09670353,4.43147611475958,5.81816614684824,2941.36224066021,7.13638019561768,32.06999969,7.68725103356181,70.173,0.5,93.6029804526123,2.677,39.3469161987305
Moldova,MDA,2012,99.5,10.4481727207152,9.13962078,2.88432657387508,-0.589733954762579,3044.8084324815,6.9834098815918,34.65000153,4.54633427355302,70.344,0.5,93.7979704671729,2.189,39.3614196777344
Moldova,MDA,2013,99.6,11.550361937388,8.68300343,2.54698521289676,9.0438656074181,3321.04397795719,5.90975516494477,37.43999863,4.59787897363136,70.291,0.1,93.7649180861452,1.894,39.4275512695312
Moldova,MDA,2014,99.8,14.0709569584487,8.73206043,3.67896919655633,4.99962585407656,3289.95758568777,6.33807992935181,66.9999982002077,5.08878554625869,70.241,0.0,107.431409833521,1.45,39.6298484802246
Moldova,MDA,2015,99.9,12.8212557522034,8.50013351,2.89663554883048,-0.338235622387202,2749.55137054338,5.76665405944246,69.0000044661932,9.67624033101859,70.118,0.1,105.727652234967,1.781,39.6954040527344
Moldova,MDA,2016,99.9,12.4797438509487,7.62106228,1.09561343852844,4.64601436259409,2847.08794770479,5.67210006713867,70.9999991066624,6.35930898037931,70.179,0.2,104.469976581506,1.591,39.7373237609863
Moldova,MDA,2017,100.0,12.1995910772854,7.1278038,1.5715119911375,4.17561205106279,3453.26727720294,5.71017980575562,71.76709747,6.57022997455604,70.375,0.1,103.685761485913,1.622,39.9736557006836
Moldova,MDA,2018,100.0,10.1468784571365,6.70760345,2.75177990255296,4.07559546585034,4156.44981956646,5.53886985778809,72.54239655,3.04505397337058,70.236,0.0,103.337388931903,1.239,40.3258094787598
Moldova,MDA,2019,100.0,10.1608126286441,6.49662447,4.44218297010915,3.5523140853476,4405.33418162155,6.22578001022339,73.32610321,4.83778351428729,70.181,0.0,105.074923420813,1.502,40.772289276123
Moldova,MDA,2020,100.0,9.36669201380178,7.00484037,1.35047634241375,-8.27597831976949,4375.7788930524,6.60125017166138,74.11830139,3.76597122245358,69.914,0.0,106.519975508955,1.206,41.3368530273438
Moldova,MDA,2021,100.0,10.5865870134286,7.7490406,2.8200678267721,13.9299997889786,5274.60582195352,5.82405996322632,74.91899872,5.10641129002836,68.991,0.2,106.778422255742,0.794,41.8115425109863
Moldova,MDA,2022,100.0,8.11428000058421,6.96505404,4.03446735088075,-4.64785101037361,5744.29618434435,6.10430002212524,74.91899872,28.7372976766236,71.546,0.0,106.97324544397,0.909,42.4048843383789
Mongolia,MNG,2002,72.8,18.919125275033,5.49190998,5.56733962619427,4.73297846590111,570.249213248399,7.21078014373779,2.0395726034818,0.91707468718427,63.540243902439,18.7,102.581352233887,6.2,58.1310120482033
Mongolia,MNG,2007,78.1,18.4279653888713,4.07522774,8.80188727419921,10.2480163590057,1627.68787743359,4.69013023376465,9.0,9.63096309630964,66.5934146341464,4.0,96.4715576171875,7.193,65.2590695004873
Mongolia,MNG,2010,78.5,11.7325631980129,3.73945642,23.5263365544641,6.3651616786311,2625.21881402433,4.64510011672974,10.2,10.0462065881651,68.5056097560976,3.5,121.840103149414,6.549,67.8298018313254
Mongolia,MNG,2011,72.1,10.3073568180221,3.58612084,43.9121127615061,17.2907775869555,3736.04201455077,4.6090202331543,12.4999911084745,8.41121495327101,69.109268292683,2.2,120.545547485352,4.769,67.9196058798676
Mongolia,MNG,2012,83.7,11.2580245572127,3.85800076,34.7559826095308,12.3198198494032,4328.89001905655,5.19521999359131,16.4,14.3303348325838,69.500243902439,1.1,115.839420097405,3.905,67.9522782537785
Mongolia,MNG,2014,86.0,13.3412210879498,4.20989752,2.7625883357052,7.88522548204762,4126.23975800524,4.71483993530273,19.9424474349209,12.2539808129759,70.5831707317073,0.8,99.8473218349628,4.798,67.9941357229626
Mongolia,MNG,2016,90.8,12.6278436864479,4.58008575,-37.1726532341221,1.48978448679577,3619.90026383792,5.18311023712158,22.2657705007562,0.733272227314397,70.2239024390244,1.9,97.2863818674059,7.235,67.9776754820979
Mongolia,MNG,2018,98.1,11.4280045193059,4.53449297,14.8088797144773,7.74488062024881,4107.64288528468,4.62330484390259,47.1300018848989,6.82424790145522,70.8270731707317,1.7,95.085682296023,5.377,67.8683444833372
Mongolia,MNG,2022,100.0,13.0278534035361,8.85170174,14.6053065112102,5.0327096366527,4993.51487463495,4.62330484390259,81.07720184,15.1509728200805,71.9007317073171,0.4,93.3473848373298,5.954,69.783805847168
Montenegro,MNE,2005,99.8,8.75765980493599,7.11813641,3.0165221032062,4.18060206704946,3675.98851272723,4.62330484390259,27.10000038,3.03924881090924,73.9829268292683,0.4,108.755180358887,30.305,62.6763680644251
Montenegro,MNE,2006,99.0,5.65822716443527,7.11813641,3.0165221032062,8.56641991756757,4422.55172559508,4.62330484390259,28.89999962,2.92451258123648,73.8390243902439,0.4,112.498550415039,6.762,63.111308588912
Montenegro,MNE,2007,99.0,5.14096761553622,7.11813641,25.453787034117,7.13755016459636,5979.43813180981,4.62330484390259,30.79999924,4.34712215656112,74.3390243902439,0.4,116.795532226562,19.34,63.5035790981749
Montenegro,MNE,2008,99.0,5.30307563470907,7.11813641,21.3903064495909,6.89860030860218,7390.01481290503,4.62330484390259,32.90000153,8.75872769588798,75.1365853658537,0.3,120.292976379395,17.15,63.8414387962647
Montenegro,MNE,2009,99.1,5.94207498811569,7.11813641,37.2748764793099,-5.99444862538753,6726.67589734408,4.62330484390259,35.09999847,3.46672373207793,75.1439024390244,0.0,113.767211914062,19.09,64.1131468872325
Montenegro,MNE,2010,99.2,5.46716738531637,7.11813641,18.3288877062171,2.77559782547836,6678.63939560908,4.62330484390259,37.5,0.654946570148479,75.990243902439,0.0,108.25479888916,19.649,64.3069625751293
Montenegro,MNE,2011,99.0,5.17096892815778,7.96692181,12.3507044573445,3.40978812497193,7265.51771176628,4.62330484390259,35.6115412460109,3.4501431124869,76.0829268292683,0.4,98.0292282104492,19.759,64.4210914835811
Montenegro,MNE,2012,99.3,4.89539575741918,8.29550457,15.1805619585204,-2.48732882965353,6552.47970337373,4.62330484390259,56.8387825490631,4.14524724981119,76.3,5.6,99.0702972412109,19.808,64.5244008658951
Montenegro,MNE,2013,99.7,5.20960137991499,8.47144604,10.0960470508044,3.38612548540247,7102.7776714702,4.62330484390259,60.31,2.20589268141178,76.490243902439,5.2,101.2539710998535,19.585,64.6252987959653
Montenegro,MNE,2014,97.7,5.11569218646198,8.00086784,10.8522505113394,2.37030892464516,7342.17147363741,4.62330484390259,63.8868840056697,-0.710514051710227,76.3390243902439,3.9,101.2539710998535,18.054,64.7232143772459
Montenegro,MNE,2015,99.5,4.96369912493667,9.02188778,17.4489134239704,2.52306333975571,6421.00005731419,4.62330484390259,68.1197860085679,1.54869158222486,76.6024390243903,3.6,101.203620910645,17.555,64.8181652937171
Montenegro,MNE,2016,99.6,4.80607864194884,8.63302994,5.2026187262712,3.4393056210999,6968.01202883651,4.62330484390259,69.8816468416779,-0.271385023385176,76.5414634146342,3.3,100.174591064453,17.732,64.9101692293409
Montenegro,MNE,2017,100.0,4.43612645373447,7.98255396,11.6708896898026,3.21668504736274,7674.2856571219,4.62330484390259,71.2723325399382,2.3802359905313,76.6853658536585,4.6,100.943252563477,16.082,64.9992438680584
Montenegro,MNE,2018,100.0,4.02702654709881,8.34355545,8.93817743395497,4.73292113433965,8673.59469069858,4.62330484390259,71.5171004874886,2.611223782638,77.8853658536585,3.9,103.264472961426,15.19,65.0854068937869
Montenegro,MNE,2019,100.0,3.70351082097405,8.32983208,7.61521877220221,4.39391565821528,8749.25629734676,4.62330484390259,73.4766657478691,0.361563704540767,76.6829268292683,2.5,103.651741027832,15.128,65.1686759904159
Montenegro,MNE,2020,99.9,4.18386978297396,11.42177582,11.2142250451191,-14.9926187023533,7555.48699036321,4.62330484390259,77.60879306,-0.255655699848551,75.9317073170732,2.2,103.846572875977,17.878,65.2490688418027
Montenegro,MNE,2021,99.8,3.7713187551422,10.55253506,11.9139900701323,13.0462607426359,9315.86435643142,4.62330484390259,82.21969752,2.41080198403165,73.8243902439024,2.5,104.399673461914,16.543,65.3266031317675
Morocco,MAR,2006,96.5,12.304168098197,4.56586647,3.24283497739456,7.7908200104027,2438.12646484375,4.62330484390259,19.7711915653115,3.28476166954811,69.157,9.4,104.963706970215,9.668,55.9627589629824
Morocco,MAR,2013,97.2,12.3583661932506,5.25540543,2.9038626404404,4.12221286860944,3379.7431640625,4.62330484390259,56.0,1.88065466724086,72.117,3.7,108.130874044354,9.233,59.9083499302469
Mozambique,MOZ,2002,8.4,22.734177349083,3.18652654,5.83542740620485,9.66850534669427,313.886661721198,4.62330484390259,0.259612611253739,3.03924881090924,50.879,87.6,83.0477981567383,6.762,29.5686323334348
Mozambique,MOZ,2008,13.6,26.8457517275753,4.13496828,4.96426075394528,6.87802942560995,592.159111184122,4.62330484390259,1.56,14.5028053002268,53.799,81.1,114.194580078125,6.762,30.5625357695184
Mozambique,MOZ,2014,24.8,24.6554671607897,6.24013042,27.8047100445849,7.70256844839309,697.142680444123,6.39920843528224,6.0,2.55974875844295,57.965,74.4,114.277516463599,6.762,31.8972245802342
Mozambique,MOZ,2019,29.7,24.7697818145637,7.90207434,21.7841914901932,2.31781394821475,519.09255091362,5.99969523584354,12.47929955,2.80270307928111,61.306,81.6,117.86067127577,6.762,33.4177241517032
Mozambique,MOZ,2022,33.2,25.6382662600095,8.24868107,16.0036980555879,4.3693080193804,578.273222184503,5.97607342054314,18.96220016,10.2794018093421,63.011,81.4,119.162225223393,6.789,35.0536638047945
Myanmar,MMR,2015,60.5,26.771778645598,5.19711542,6.85124098710894,6.99284029026121,1166.73305546337,4.62330484390259,10.89999962,9.45417189526018,65.288,18.2,101.2539710998535,0.766,29.7166821191682
Myanmar,MMR,2017,69.8,23.4041280962744,4.6921258,7.27335555212816,6.13610824360305,1272.82241830603,2.16652989387512,23.621081950267,4.5725365531752,65.909,10.3,121.799392700195,1.356,29.9051727703437
Namibia,NAM,2003,37.8,10.2153432329886,10.74474621,1.32166219939022,4.23979429582137,2569.24739317883,6.13713979721069,3.35983988553801,7.1361531145863,51.918,47.6,112.014106750488,6.762,34.5460063719633
Namibia,NAM,2009,44.1,8.14814459341021,9.90435314,9.27473594549885,0.295970914001089,4302.91374148376,4.62330484390259,6.5,9.45172651521705,55.347,38.6,116.96800994873,6.762,40.8524900328246
Namibia,NAM,2015,51.6,6.65042679589334,9.98106289,7.40068055968424,4.26417453763675,4774.10650865775,9.8507685020388,25.68790054,3.39401538410559,60.008,22.9,124.629282782131,6.762,45.5103554445325
Naoero,NRU,2012,99.4,4.98083656431146,8.84148979,3.0165221032062,24.3589743589745,9842.77032731856,4.62330484390259,55.2499968797194,-0.124750499001971,60.533,9.7,98.7878799438477,6.762,100.0
Nepal,NPL,2003,39.6,35.1058750871034,3.8560729,0.233443620739643,3.94503776051116,246.429706587633,3.11435008049011,0.382810917017044,5.70700931874738,64.229,55.9,109.978630065918,1.482,38.045308394296
Nepal,NPL,2010,68.6,33.1793784908122,4.36131525,0.548294665887946,4.81641464694573,585.278491984574,3.63172006607056,7.93,9.32650410745395,66.772,22.1,147.086534908967,6.762,62.0156581578338
Nepal,NPL,2022,91.3,20.9143699815129,6.52950287,0.160405405048333,5.6313145568451,1385.91066002922,4.13645081690396,45.45080185,7.6702057938028,70.087,2.4,121.234804321367,6.762,66.2992968721053
Netherlands,NLD,2004,100.0,1.87462493392253,9.07156658,21.160832133529,2.01628331561487,40611.3414353091,5.0411901473999,68.52,1.26364739183177,79.0951219512195,0.3,108.201370239258,4.646,82.250953139759
Netherlands,NLD,2005,100.0,1.87119658954082,9.05984592,30.5011693880359,2.03401576512488,42165.396168388,5.08871984481812,81.0,1.6881301786962,79.3463414634146,0.1,107.940986633301,5.872,83.5048949725161
Netherlands,NLD,2006,100.0,1.95984638535758,9.03575516,50.9095810861305,3.53729585853395,45123.5432406426,5.01913976669312,83.7,1.10150106517709,79.6975609756098,0.0,107.839912414551,5.007,84.6532280358545
Netherlands,NLD,2007,100.0,1.83180121231584,9.00052166,85.9785548363802,3.88542348324803,52100.7996285947,4.85854005813599,85.82,1.61385859802102,80.0975609756098,0.0,107.652893066406,4.153,85.4089231499726
Netherlands,NLD,2008,100.0,1.65239006969149,9.21819305,20.4123384575226,2.11674514240192,58246.7026905874,4.99737977981567,87.42,2.48650198289457,80.2512195121951,0.2,107.348289489746,3.658,85.6149582464487
Netherlands,NLD,2009,100.0,1.56591919996572,9.90839005,23.1185529746283,-3.66528147002826,53172.0261581418,5.38561010360718,89.63,1.18977687021548,80.5487804878049,0.2,107.019401550293,4.352,86.2223179632671
Netherlands,NLD,2010,100.0,1.78780819318779,10.09452248,6.47724170250418,1.31935287897116,51305.7338533973,5.45634984970093,90.72,1.27530569556679,80.7024390243902,0.0,106.750358581543,4.991,87.3502790247129
Netherlands,NLD,2011,100.0,1.59844393327571,10.14537811,39.0408469194559,1.77330320575034,54701.7728030611,5.41595983505249,91.4199957622284,2.34107017751373,81.2048780487805,0.1,107.072776794434,4.977,88.0059204972573
Netherlands,NLD,2012,100.0,1.69697006526574,10.45467281,30.9042384931276,-0.977826121310997,50473.9442002689,5.36694002151489,92.859992359525,2.45554765291614,81.1048780487805,0.1,107.048240661621,5.821,88.5342462391333
Netherlands,NLD,2013,100.0,1.84474290341919,10.50247383,36.6955717929323,-0.0302410184270769,52602.2860520766,5.48417997360229,93.9564,2.50689852657875,81.3048780487805,0.1,101.2539710998535,7.241,89.1749992370605
Netherlands,NLD,2014,100.0,1.80098935055634,10.45699596,15.9879956344505,1.61255885112396,53457.2234864322,5.40205001831055,91.6666666666667,0.976035079699679,81.7073170731707,0.1,101.2539710998535,7.419,89.8364787097165
Netherlands,NLD,2015,100.0,1.80598562591626,10.18857956,48.4706196279081,2.12064007193544,45793.8135434697,5.27802991867065,91.7241379310345,0.600248147278776,81.509756097561,0.1,106.059417724609,6.872,90.2787737214621
Netherlands,NLD,2016,100.0,1.86399139098136,9.89148426,34.7918547450687,2.42428065449427,46808.5291492503,5.38952016830444,90.4109589041096,0.316666666666652,81.5609756097561,0.1,105.680366516113,6.007,90.5803239452777
Netherlands,NLD,2017,100.0,1.96787421373596,9.93712521,23.7131758376085,2.78150834679987,49513.6817346384,5.08747005462646,93.1972789115646,1.38145871407216,81.7609756097561,0.2,105.039421081543,4.837,91.1219700676602
Netherlands,NLD,2018,100.0,1.75987236955923,9.85083961,-30.6576768564655,2.25873158164956,53955.0770024266,5.26723003387451,91.8918918918919,1.70349794744479,81.8121951219512,0.1,104.561111450195,3.832,92.6062472401044
Netherlands,NLD,2019,100.0,1.7588069903961,9.93616295,-13.7565327156949,2.3001616053659,53554.9007491475,5.0559401512146,93.2885906040269,2.63369910249591,82.1121951219512,0.1,104.578910827637,3.379,93.8898028856479
Netherlands,NLD,2020,100.0,1.73737205482673,10.94954681,-23.6860117625863,-3.86799714191608,53467.9277413737,5.29139995574951,91.33333333,1.27246037789161,81.3585365853659,0.0,104.338813781738,3.82,94.2532277765935
Netherlands,NLD,2021,100.0,1.65464640233302,11.13498974,-10.9725941589172,6.27683593745216,60141.9880911492,5.37661981582642,92.05298013,2.67572008805385,81.309756097561,0.1,104.378402709961,4.209,94.6294783220315
Nicaragua,NIC,2005,73.8,16.137898065388,6.22468948,3.81407422484717,4.28239833770654,1183.30214010175,4.62330484390259,2.566400051,9.59909986064425,70.374,16.5,119.177742004395,5.372,55.9375480421093
Nicaragua,NIC,2009,77.9,16.0676510041113,7.68584394,5.22852820149836,-3.2926651586197,1467.08288052845,4.62330484390259,7.300000191,3.68700160498797,71.499,13.9,101.2539710998535,8.157,56.651098305894
Nicaragua,NIC,2014,81.9,16.7090173834472,7.97716141,9.06363827053251,4.78546013589983,1958.37047579547,4.08329010009766,17.60000038,6.03596861798425,72.792,6.6,101.2539710998535,4.52,57.6222653742564
Niger,NER,2005,7.1,39.2805201285945,5.87749624,1.13506754317922,7.33186884258517,318.643121918273,4.62330484390259,0.221300006,7.7974978178644,53.32,83.8,47.7686805725098,3.1,16.2687225341797
Niger,NER,2007,11.2,37.094506437909,5.43105888,1.72858641411291,3.14272408386731,387.168065883301,3.01462006568909,0.390399992,0.0539592607581562,55.063,82.9,50.5029983520508,6.762,16.2641887037781
Niger,NER,2011,14.3,33.6467642815211,4.87323856,12.1645061403035,2.35775693603874,510.75956176268,3.07762002944946,0.9,2.9423851401332,57.6,68.8,65.2535100604653,0.316,16.2303066053496
Niger,NER,2014,15.7,33.4290442343639,4.45377159,7.57591181433667,6.64213665495603,565.30989731175,5.10368013381958,1.24867568902241,-0.930287259984466,58.693,60.3,68.6922497937291,0.524,16.2450424611665
Niger,NER,2018,17.6,37.6792191632916,5.30310822,3.64069699983094,6.89458420864513,576.927536415462,3.44956994056702,10.74180031,2.96760366004456,59.765,59.0,101.2539710998535,6.762,16.6449011799221
Niger,NER,2021,18.6,38.1399427232346,5.81452751,3.98247849972574,1.11520063869706,609.585703670137,3.82175828133515,12.45689964,3.8378680284051,59.542,60.5,65.864245185741,6.762,17.2295936666686
Nigeria,NGA,2003,52.2,33.8270605515687,5.05360985,1.91462056992191,7.34719496793299,763.388745367223,4.62330484390259,0.558576244860521,14.0317836131437,48.618,51.1,94.8095932006836,6.762,45.8372080921761
Nigeria,NGA,2010,48.0,23.8937040912791,3.29653287,1.64207369186652,8.00565591623166,2202.25672957344,4.62330484390259,11.5,13.7400521363694,51.315,38.5,79.8300399780273,6.762,51.6778188255446
Nigeria,NGA,2012,53.0,21.8599586165277,3.35984254,1.52378233769127,4.23006117492493,2633.19734671361,0.549233086121929,16.10000038,12.2242413020582,51.688,37.4,85.9125900268555,6.762,53.302114902293
Nigeria,NGA,2015,52.5,20.6318934800012,3.58194995,0.621501637000126,2.65269329541779,2585.73360671797,0.436954905120644,22.51420021,9.00943498007706,51.939,35.8,25.5657563073792,4.311,55.7325682057138
Nigeria,NGA,2018,56.5,21.203773720121,3.09069347,0.183821495682229,1.92275734199798,2057.87944554011,0.419998493796127,27.74370003,12.0951065173432,52.669,34.2,81.6278513667331,6.762,58.1553347527729
Nigeria,NGA,2022,60.5,28.5515522200407,4.21020174,-0.0288727652155146,4.31882949157136,2899.16047469267,0.348516707890877,39.14720154,18.8471877843274,54.079,41.8,101.2539710998535,3.827,61.3727650622225
North Macedonia,MKD,2002,99.0,10.1701207745349,8.97826958,2.8417888915258,1.49366547202928,1989.13537265159,3.30014991760254,17.33,2.31459794083216,73.0390243902439,3.0,99.6265335083008,31.944,57.8726144171205
North Macedonia,MKD,2003,99.0,11.5387764520235,9.00857735,2.40668449308174,2.22260165732409,2445.36286400013,4.62330484390259,19.07,0.855562122724219,73.2414634146342,2.8,97.4190902709961,36.687,57.8501791693323
North Macedonia,MKD,2004,99.4,11.5539948572935,8.46505451,5.4398972911896,4.67408957960916,2818.5814561242,4.62330484390259,24.44,-0.448650206551934,73.5975609756098,1.4,97.4486389160156,37.161,57.8527941292946
North Macedonia,MKD,2005,99.1,9.73619454882038,7.67907524,2.32207737874559,4.72408864201974,3120.98401394233,4.62330484390259,26.45000076,0.525515950714247,73.6975609756098,3.1,98.1046905517578,37.32,57.8614206464767
North Macedonia,MKD,2006,99.0,8.98936805638514,7.38314581,6.22985642423446,5.13702516153505,3440.4411057968,4.62330484390259,28.62,3.21362929606345,73.8951219512195,4.6,97.4777984619141,36.392,57.8796574341199
North Macedonia,MKD,2008,99.2,11.4435151485936,6.55317593,6.17271448582765,5.47200139015595,5026.4202989873,4.62330484390259,46.04,8.33189666968108,74.4,1.4,91.8012084960938,33.93,57.9593566737547
North Macedonia,MKD,2009,99.2,10.3701684908181,6.52846384,2.76045082206623,-0.358614856979671,4799.78722768888,4.62330484390259,51.77,-0.739633963061192,74.4463414634146,12.1,91.9132537841797,32.351,58.0280165522288
North Macedonia,MKD,2010,99.5,10.1206048077275,6.71369696,3.20438209801498,3.35875085773812,4833.36586759968,4.62330484390259,51.9,1.50997522027613,74.9975609756098,12.8,92.3337936401367,33.135,58.1206815541291
North Macedonia,MKD,2011,99.7,9.35099292094117,6.51887369,4.83981702288781,2.33988604520331,5416.86672931659,4.62330484390259,56.7,3.9047542206974,75.1,10.9,101.2539710998535,31.502,58.2409503926967
North Macedonia,MKD,2012,99.6,9.10471970396591,6.61468363,3.46744163927686,-0.456183223607937,5049.8265386157,4.62330484390259,57.449947312961,3.31605566687647,74.9024390243903,9.1,92.9667129516602,31.096,58.3924217811729
North Macedonia,MKD,2013,99.7,10.0274760854448,6.71928358,3.72036775399161,2.92525766450484,5626.26115664893,4.62330484390259,65.24,2.78500056726109,75.4,7.4,96.9780578613281,29.017,58.578694432799
North Macedonia,MKD,2014,99.8,10.1775672771312,6.28993368,0.535807905351314,3.62912351276373,5925.38592218015,4.62330484390259,68.0584815397496,-0.281705032928494,75.4512195121951,6.4,95.9001388549805,28.215,58.8033670608162
North Macedonia,MKD,2015,99.9,9.72691849418736,6.34227896,2.94702779153329,3.85586514041738,5262.68671928674,4.62330484390259,70.3802030766689,-0.299920475631462,75.4024390243902,7.0,96.8858184814453,26.395,59.0700383784659
North Macedonia,MKD,2016,100.0,9.17290831294816,6.37943363,5.14755489783813,2.84820519363306,5598.48622617967,4.62330484390259,72.1568144676058,-0.239290787684501,75.4,5.7,101.2539710998535,24.312,59.3823070989891
North Macedonia,MKD,2017,100.0,7.87324504211252,6.43909454,3.36726558000357,1.08177273813243,5955.2973863451,4.62330484390259,74.5168241807954,1.35161889677442,75.9536585365854,5.6,95.2024078369141,22.857,59.7437719356273
North Macedonia,MKD,2018,99.8,8.47039846991427,6.45699358,5.11494867914756,2.88059670964267,6713.98925398989,4.62330484390259,79.1677551850871,1.45831298507126,76.6487804878049,4.3,95.5603866577148,21.208,60.1580316016216
North Macedonia,MKD,2019,100.0,8.13229139447626,7.06654119,4.35892493383855,3.91041953840173,6718.85826635458,4.62330484390259,81.4128827618364,0.766439573459805,76.6024390243903,3.9,93.6538467407227,17.414,60.6286848102132
Norway,NOR,2003,100.0,1.18621089152231,9.19355106,1.82352266071092,1.09635781210122,50208.0960234078,7.39930009841919,78.13,2.48782553461781,79.390243902439,0.2,99.2785110473633,4.221,77.2600021362305
Norway,NOR,2004,100.0,1.26587226467111,8.79598331,1.85140399656979,4.33015597691212,57854.5698169407,7.27745008468628,77.69,0.454498502220863,79.8414634146342,0.3,99.3458099365234,4.256,77.5684593888498
Norway,NOR,2005,100.0,1.29855565402287,8.29899502,3.22999383954281,2.96973597025936,67358.3615969796,6.84081983566284,81.99,1.53213367609249,80.0414634146342,0.2,99.2598037719727,4.381,77.8260148882032
Norway,NOR,2006,100.0,1.30269200129636,7.8822999,3.39589223808001,2.84726376691944,75047.741700385,6.35823011398315,82.55,2.3293498075755,80.3439024390244,0.2,99.3583068847656,3.397,78.0877227783203
Norway,NOR,2007,100.0,1.12818251716599,8.01673985,6.08270065269797,3.42030119916608,86600.2387607877,6.50672006607056,86.93,0.712589073634201,80.3951219512195,0.2,99.5711975097656,2.493,78.4072502632828
Norway,NOR,2008,100.0,1.01452813605667,7.91507673,4.3592355460088,0.822805797014865,99001.5300678626,6.2491397857666,90.57,3.75393081761005,80.5926829268293,0.2,99.708251953125,2.521,78.7541006020666
Norway,NOR,2009,100.0,1.15793167117956,9.03254128,2.18259741615123,-1.61327151945869,81939.726548458,7.07068014144897,92.08,2.19738586853568,80.7951219512195,0.1,99.7100524902344,3.1,79.0570820210427
Norway,NOR,2010,100.0,1.43735583964105,8.8581152,4.91540239256035,1.00493269017117,90020.342257973,6.71042013168335,93.39,2.41890639481003,80.9975609756098,0.2,99.6255111694336,3.527,79.245002746582
Norway,NOR,2011,100.0,1.21405066122744,8.73474026,2.00759481951861,1.38505117083945,103545.218988177,6.4148998260498,93.4899826515194,1.2849515880916,81.2951219512195,0.1,99.6926803588867,3.196,79.311620451463
Norway,NOR,2012,100.0,0.991694683877473,8.72188568,5.31305937295199,2.82395673492459,104627.93694681,7.32766008377075,94.6499780533304,0.696864111498263,81.4512195121951,0.1,99.6305236816406,3.129,79.4905925441617
Norway,NOR,2013,100.0,1.15423267492879,8.87431335,-0.253383714333266,1.27290177696287,106333.138368566,7.43905019760132,95.0534,2.12048620353112,81.7512195121951,0.2,99.6445617675781,3.425,79.9723980455359
Norway,NOR,2014,100.0,1.2824764519382,9.28297901,0.628548707490107,2.09521388080101,100410.020200979,7.64402008056641,96.3005098242892,2.04170286707211,82.1,0.1,99.4954223632812,3.486,80.6117159535579
Norway,NOR,2015,100.0,1.36267847454537,10.06992245,1.81548452900569,2.04428845501438,77220.9524311414,7.52335977554321,96.810325691365,2.17113665389527,82.3048780487805,0.2,99.3740463256836,4.296,81.2378240971353
Norway,NOR,2016,100.0,1.88806883866435,10.53049755,-4.87068870473279,1.29158732771135,73222.4006864905,7.98443984985352,97.2982036675068,3.55000000000007,82.4073170731707,0.3,99.2189407348633,4.68,81.6800003051758
Norway,NOR,2017,100.0,1.77206243765106,10.22983646,1.41952980990481,2.66964474273466,78771.2151264554,7.84599018096924,96.3576012951191,1.87510059552545,82.609756097561,0.3,99.2714920043945,4.164,81.9699745912375
Norway,NOR,2018,100.0,1.66053367321766,9.96037865,-1.24603124120942,1.1103912365576,85579.0776455494,7.59564018249512,96.4916579887094,2.76483134528797,82.7585365853659,0.3,99.1744232177734,3.801,82.2452112401723
Norway,NOR,2019,100.0,1.61597276444378,10.43807507,3.84915053606091,1.46970781954143,79329.3075190012,7.86455011367798,98.0000043853142,2.16773003305411,82.9585365853659,0.2,99.0806503295898,3.684,82.4935894878281
Norway,NOR,2020,100.0,1.66758075208392,11.42416382,-0.858417094148667,-1.36055723261586,71057.5879471399,8.37281036376953,94.60755647,1.28658490707996,83.209756097561,0.3,98.8857498168945,4.424,82.7029885700532
Norway,NOR,2021,100.0,1.45805904148152,9.8142643,3.51903435020736,4.14314688769197,96442.5552173002,6.9602198600769,99.0000036,3.48388055266669,83.1634146341463,0.2,98.9731903076172,4.359,82.8612877226956
Norway,NOR,2022,100.0,1.51756476583542,7.90873051,2.31291587479113,4.08039770659241,113122.130765691,5.43234014511108,98.99997764,5.76412317852272,82.509756097561,0.3,98.9667587280273,3.231,82.9563661816034
Pakistan,PAK,2004,77.0,22.0018900085347,2.03666282,0.845585701616171,7.83125556961251,771.902247348954,1.44337999820709,6.16432098534156,7.44462469342739,63.097,40.9,68.6156463623047,7.398,33.7441369568158
Pakistan,PAK,2005,78.1,21.5745096992331,2.37323904,1.51575083116461,7.2765744364722,827.619861189926,1.67058002948761,6.332300186,9.06332737030417,62.416,40.8,71.9533462524414,7.047,33.9190062789495
Pakistan,PAK,2007,80.2,19.9379514329097,2.62370729,3.03571933817685,4.4448143398844,998.090114197524,2.23465991020203,6.800000191,7.59868441050774,63.807,34.9,72.8158721923828,0.398,34.2683067336065
Pakistan,PAK,2010,87.1,22.6888101741789,2.42967653,1.02791108080423,1.50171752152883,987.304571124485,2.05268001556396,8.0,12.9388705634889,64.378,26.7,73.6427366739346,0.653,34.8159187475539
Pakistan,PAK,2011,87.8,23.819642978628,2.23121333,0.575055145839944,2.68011685421705,1131.73513834324,2.00100994110107,8.0,11.9160927116277,64.659,25.9,70.4406693319938,0.796,35.0113675889897
Pakistan,PAK,2013,89.3,23.7075945934908,2.4164784,0.515353849332245,4.36686504978387,1225.4340119198,2.23698997497559,9.0,7.69215611899565,65.129,21.2,68.8875716330274,2.954,35.4315352494366
Pakistan,PAK,2015,91.0,23.2628407756242,2.49493265,0.557734356032139,4.21794209572506,1380.47020838317,2.38609004020691,11.0,2.52932817254229,65.641,16.9,71.7399191116414,3.566,35.9017325715342
Pakistan,PAK,2018,93.4,21.6512353593957,2.82844949,0.487745750658143,6.15170261099519,1569.33814626355,2.33216949688293,15.34000015,5.07805725868917,66.481,16.5,77.3862722679522,4.083,36.7478511550359
Panama,PAN,2002,82.1,6.61481084465062,7.05643845,1.93034036728479,2.50884372716125,4090.58617397129,4.2549901008606,8.51807781515595,1.00583090379039,74.195,17.2,108.213760375977,14.108,63.0330904426342
Panama,PAN,2003,87.8,6.71919032928103,6.71176672,7.72303743989763,5.09686030493801,4264.66428846636,4.19644021987915,9.98742407723405,0.391666666666709,74.567,16.8,107.406356811523,13.619,63.4079949945516
Panama,PAN,2004,83.4,6.20690447123381,7.08192825,8.46279991168861,8.17565333965649,4644.56582353041,3.55807995796204,11.1408625409415,0.474723078204362,74.845,15.5,108.947196960449,12.441,63.7553758418416
Panama,PAN,2005,84.1,5.72339051926946,6.20666599,6.64344440768547,8.27618334503531,5017.7410922824,4.62330484390259,11.48400021,2.85588324760957,75.16,14.5,107.977203369141,10.327,64.0721934428526
Panama,PAN,2006,84.8,5.29180834772909,6.54604864,15.7789064536681,9.85723870564752,5528.76705469354,4.62330484390259,17.34959984,2.45789346442102,75.429,15.7,108.620910644531,9.111,64.355408255933
Panama,PAN,2007,85.5,4.7526485380607,7.35227633,10.2406206022371,13.1530653782933,6317.81730274124,4.62330484390259,22.29,4.1686330029888,75.675,13.0,109.872016906738,6.783,64.6019807394311
Panama,PAN,2008,86.3,4.44423048452242,6.80452538,9.29189970284583,10.1974325907958,7347.59050324397,3.42529010772705,33.82,8.7586831772878,75.937,9.0,108.608779907227,6.762,64.8088713516952
Panama,PAN,2009,87.0,3.78306123386363,6.9857955,3.90591048455581,1.61186405976055,7796.92617035048,4.62330484390259,39.08,2.40905304082201,76.228,6.6,106.596946716309,5.105,64.9730405510737
Panama,PAN,2010,86.8,3.63600328993314,7.22332573,8.43207038785787,6.07339353106087,8331.46421351868,4.62330484390259,40.1,3.49128872618809,76.417,7.7,105.504772050038,5.832,65.0926097647906
Panama,PAN,2011,88.6,3.27922461816528,6.83196259,12.31683544373,11.9088772249531,9662.29592216607,3.07034993171692,42.7,5.87580243678763,76.659,6.1,104.523012045042,3.922,65.1896678664818
Panama,PAN,2012,89.3,3.12877687887502,6.50450659,8.13045858967083,9.62729346439019,11064.8063606203,4.62330484390259,40.3018952210488,5.69819959165993,76.877,7.4,103.146450660238,3.714,65.2829468288151
Panama,PAN,2013,89.1,3.05395074897129,6.52210426,8.09167357098281,6.32435388662846,12273.3225037637,4.62330484390259,44.03,4.02715991571061,77.129,5.9,102.088016559889,3.732,65.3709770103365
Panama,PAN,2014,90.8,2.98667755648831,6.91532087,9.69216526905834,4.62581375565551,13213.1989637473,3.08107995986939,44.9238152577893,2.62652699929143,77.365,6.4,99.132606826684,4.444,65.4531164770096
Panama,PAN,2015,91.6,2.94961630201192,6.93698502,9.17966898468326,5.26691719595516,14082.6548502728,3.26552009582519,51.2054249948687,0.137492058461588,77.583,4.8,96.205074799494,4.402,65.5287232947981
Panama,PAN,2016,92.4,2.78054588931133,7.09378099,8.78226077131318,4.57196707937275,14832.3611608191,3.32278990745544,54.0,0.73973402529995,77.772,4.8,93.4375028559417,4.843,65.5971555296656
Panama,PAN,2017,93.7,2.57262188471475,7.16492653,6.34573158944271,5.7440594635578,15694.6297454295,3.37834000587463,59.9506309038683,0.875585918759963,77.901,4.3,94.7657015347774,5.461,65.6577712475758
Panama,PAN,2018,93.8,2.44618170062367,7.60132933,6.39404563819442,3.91824253321265,16151.3273478476,3.4524199962616,61.8055313202468,0.761578359399945,78.266,3.7,101.2539710998535,5.313,65.7099285144924
Panama,PAN,2019,93.9,2.45508077795197,8.13541794,6.71350419888271,3.10295395631086,16477.9066285687,3.28122011579173,63.6284147731451,-0.355083821021246,78.514,2.9,93.3286426450155,6.409,65.752985396379
Panama,PAN,2021,95.3,2.80289215776646,9.13571072,2.71982266279312,16.4669992022652,15509.8069109784,3.71198010444641,66.04270172,1.63070337301898,77.004,3.3,100.88841591996,10.293,65.8092302689169
Papua New Guinea,PNG,2009,17.2,21.6434677774704,2.32937527,3.61496051286185,6.80042148322096,1568.83193368607,4.62330484390259,1.61,6.91832532601224,62.772,52.2,101.2539710998535,6.762,13.008427139986
Paraguay,PRY,2002,91.7,11.0096432644682,4.75770569,1.25620797120523,-0.0214043949985694,1367.76506935997,3.40773010253906,1.79496959770244,10.5102420856612,70.539,19.6,119.554328918457,9.393,58.3089732866691
Paraguay,PRY,2003,92.6,13.0089432672836,4.90703917,-0.750191694990596,4.32074548551591,1443.99885236205,3.3827600479126,2.11194208210034,14.2367970499143,70.795,13.8,115.775802612305,6.814,58.5521334403429
Paraguay,PRY,2004,93.2,13.9333504941588,4.93224335,0.976461922292792,4.05741836363771,1786.21533938543,2.86989998817444,3.45243843137079,4.32326492967491,71.054,10.7,115.572067260742,6.513,58.7421370296254
Paraguay,PRY,2005,94.7,12.7139528266327,4.82934713,0.067986029076693,2.13349066459601,1970.87169852378,4.62330484390259,7.90700786141285,6.80738203116377,71.317,10.1,116.596778869629,4.825,58.894079141979
Paraguay,PRY,2006,96.7,11.7935958026272,5.01927567,1.39842122336644,4.80711719268376,2439.43124694576,4.62330484390259,7.962100029,9.58934941129229,71.584,14.1,114.910606384277,5.277,59.0202286834627
Paraguay,PRY,2007,96.5,12.7097347758464,5.02042723,0.588024684579866,5.42162287218235,3211.93621659546,2.73951005935669,11.21,8.13047417698577,71.817,12.6,113.681617736816,4.713,59.1328545601355
Paraguay,PRY,2008,96.7,13.4176454912017,5.03776026,1.83503669212202,6.4962921197091,4384.9546943793,4.62330484390259,14.27,10.1547846489023,72.047,7.9,112.590606689453,4.415,59.2442256780564
Paraguay,PRY,2009,96.9,9.9479381560247,5.52496862,0.860674450934745,-0.261137328080281,3941.84815479271,4.62330484390259,18.9,2.59194673430567,72.282,9.1,111.871238708496,5.46,59.3666109432844
Paraguay,PRY,2010,97.4,13.0144797820733,5.46593952,2.76173378510787,11.0952312685521,4750.96273669322,2.7707200050354,19.8,4.65116279069765,72.551,9.4,112.199429171095,4.569,59.5122792618786
Paraguay,PRY,2011,98.2,13.7962263457725,5.82225847,1.95875255092885,4.28637120702282,5805.40154543044,3.69283008575439,24.7635158793993,8.2539682539683,72.787,8.9,111.292626449933,4.67,59.693499539898
Paraguay,PRY,2012,97.8,10.0422288967986,6.53144598,2.61172771954633,-0.708043112316886,5642.1699167298,3.66877007484436,29.34,3.67591897974496,73.105,6.4,115.087921142578,4.085,59.9212909454702
Paraguay,PRY,2013,99.0,12.8648395783659,6.0642848,1.13236628162492,8.29307648940471,6435.68342733182,2.67871193892232,36.9,2.68385738718582,73.292,4.1,101.2539710998535,4.385,60.2375315600901
Paraguay,PRY,2014,99.0,11.7708565050207,6.62719059,2.51353754605074,5.30123864473624,6652.25478942291,2.59655894629063,43.0073750122614,5.02882767456766,73.415,4.3,101.2539710998535,5.034,60.7101965948157
Paraguay,PRY,2015,99.3,9.44042072521197,6.69165802,2.22350808882673,2.95715168367079,5879.33792308671,3.33377822870463,49.716304663966,3.12900274473925,73.454,4.2,101.2539710998535,4.556,61.3302768533263
Paraguay,PRY,2016,98.4,10.6965134075242,6.67556572,2.27032682691816,4.26802583314583,5775.1596339946,3.43498992919922,53.4041274791009,4.08682280577241,73.487,4.2,100.612358093262,5.255,62.0827613208606
Paraguay,PRY,2017,99.3,10.1848244821521,6.60902548,1.94681321407537,4.81007885554041,6152.26711537703,3.09062070242279,61.0757562215797,3.60247741348943,73.45,2.4,101.2539710998535,6.138,62.9526389826574
Paraguay,PRY,2018,99.6,9.95020338548856,6.74497652,0.787454987833175,3.20425034076639,6258.44991640954,3.2961960606943,64.9935430235756,3.97561015740694,73.627,3.1,101.2539710998535,6.217,63.9248988239553
Paraguay,PRY,2019,99.7,9.66747366416727,7.16081905,1.28022785728037,-0.40185510068001,5821.18199548637,3.48983027194334,68.5176284222264,2.75709727562775,73.668,2.4,101.2539710998535,6.595,64.9845298299929
Paraguay,PRY,2020,99.7,10.7279902822115,7.67533064,0.816723740272233,-0.819785390971916,5365.47220721191,3.93615007400513,73.95751114,1.76751592356698,72.72,2.6,90.8342908567893,7.548,66.116520986009
Paraguay,PRY,2021,100.0,11.2827254343473,8.03277016,1.46244749899002,3.99461510731535,5974.9057185863,3.41070008277893,77.01838621,4.787983101236,68.108,1.9,92.5220031738281,7.329,67.3058612772421
Paraguay,PRY,2022,100.0,10.9265749590137,7.73537827,2.0438895221054,-0.0280771723899278,6189.10205375331,3.39619994163513,76.25916611,9.76556667164402,72.319,3.2,91.0286415669387,6.762,68.6396537819458
Peru,PER,2002,74.4,7.52396323647705,4.93902588,3.93562084538866,5.45352893818767,2007.37019626753,2.82056999206543,8.96694917040028,0.193135003853722,70.815,24.4,115.819259643555,4.84,73.5500651944675
Peru,PER,2003,74.4,7.31291934402482,4.58703804,2.27308642513175,4.16502313666112,2129.44114197634,2.93779993057251,11.6,2.25937753363072,71.278,22.5,114.657218933105,4.151,73.9558750733136
Peru,PER,2004,75.7,6.93443306205717,4.42972279,2.39489207548148,4.95820320611745,2397.25147277714,2.95787000656128,14.1,3.66247320092233,71.447,23.5,114.192283630371,4.707,74.3769516383133
Peru,PER,2005,77.2,6.85426462318893,4.66598511,3.39034816926813,6.28506032509601,2706.66947297608,2.83903002738953,17.10000038,1.61630193862544,71.988,25.4,114.135032653809,4.866,74.8162354830832
Peru,PER,2006,80.2,6.60348433016044,4.409585,3.91065680458787,7.5288990440594,3129.55996496982,2.65281009674072,20.70000076,2.00225801248819,72.337,21.8,114.313377380371,4.172,75.2766672012397
Peru,PER,2007,82.0,6.70580838491928,4.42611313,5.37428655925625,8.5183877690955,3581.0893081917,2.62940001487732,25.20000076,1.77998644680372,72.746,18.9,114.932861328125,4.078,75.7615250588738
Peru,PER,2008,84.7,7.16094114578461,4.53098345,5.74335697642786,9.1265683014642,4197.58444634142,2.8677499294281,30.57,5.78587598206755,72.743,15.8,112.584442138672,4.025,76.2744879116779
Peru,PER,2009,86.4,7.40390665571257,4.95976877,5.32237544034606,1.0958236592427,4181.18755462253,3.13994002342224,31.4,2.936231535967,72.631,13.7,112.00821685791,3.964,76.822147540745
Peru,PER,2010,88.1,6.82799723597835,4.70582962,5.73087732837535,8.33245910749577,5072.11494019615,2.86730003356934,34.77,1.52832059732901,72.886,11.2,112.186592102051,3.595,77.4020936833934
Peru,PER,2011,89.7,7.10011013658205,4.52216864,4.47262658184166,6.32719240161117,5861.35793645245,2.6635000705719,36.01,3.36931095333853,73.327,10.3,109.572143554688,3.477,78.0118164985462
Peru,PER,2012,91.1,6.72523424077649,4.72939587,7.36173683394684,6.13972470560435,6519.37852981527,2.92276000976562,38.2,3.61121294940163,73.979,9.5,103.61678314209,3.238,78.6488061451268
Peru,PER,2013,92.1,6.66831016491401,4.71272659,4.75734900182415,5.85251821084928,6746.80025696601,3.29729008674622,39.2,2.76789666082002,74.591,8.6,105.152191162109,3.575,79.3105527820586
Peru,PER,2014,92.9,6.80424741378252,4.90967321,2.12302965027806,2.38215737180541,6667.13410360861,3.69599008560181,40.2446560091704,3.41194579807465,75.26,8.0,102.949859619141,3.208,79.9945465682649
Peru,PER,2015,93.9,7.04564405972046,4.90453625,3.90315707606412,3.25224477218451,6231.71150338894,3.96933007240295,40.8526009090468,3.39809194746308,75.732,8.0,102.787979125977,3.272,80.698277662669
Peru,PER,2016,94.2,6.93503461650105,4.89353323,3.66247550178788,3.95331871520767,6217.03599995447,3.81316995620727,45.4617406869459,3.55717663556279,75.951,7.5,104.087951660156,3.741,81.4192362241943
Peru,PER,2017,94.8,6.77975956010925,4.80915499,3.65967264603654,2.51883544233135,6736.16693725487,3.93130993843079,50.4504121848143,2.99490045809443,75.958,7.3,102.807487487793,3.691,82.1931650502403
Peru,PER,2018,95.2,6.88584285144097,5.0835557,2.78225210860643,3.969351341365,6978.49121548627,3.71392011642456,55.0543342443197,1.50915423024742,76.018,6.1,104.412582397461,3.492,82.6854929960921
Peru,PER,2019,95.6,6.85303103477238,5.12525272,2.25881990677455,2.24063176875049,7037.00803692604,3.822429895401,59.9505036049006,2.25212191358027,76.275,5.4,108.469970703125,3.379,83.1033003087105
Peru,PER,2020,96.2,7.7158463734968,6.34739399,0.464940476173709,-10.9333065010382,6133.32552410183,4.25937986373901,65.25179796,2.00241205759292,73.832,10.3,113.065826416016,7.179,83.5267437189637
Peru,PER,2021,95.6,7.12023137308911,6.67309427,3.15463147592016,13.4166456126513,6828.53422535638,3.92765998840332,71.10782643,4.27166381536798,71.596,5.2,113.829208374023,5.097,83.9480118272361
Peru,PER,2022,96.2,7.17112273409977,6.0974617,4.6280339832618,2.81819976419922,7353.74598721667,3.83975005149841,74.67495213,8.33370630096231,76.834,4.8,114.349319458008,4.003,84.3663554951194
Philippines,PHL,2003,76.6,13.1509476628836,3.07663488,0.565263243432102,5.08691113513073,1027.2301192843,2.93517994880676,4.85767226708512,2.28915662650607,68.049,24.3,102.732582092285,3.527,40.3928506135438
Philippines,PHL,2006,80.2,13.3612491069675,3.77762938,2.12091886479217,5.31641682136939,1426.14649179546,2.42579007148743,5.74058632534702,5.4852320675105,68.172,26.1,100.087287902832,4.052,41.8308558715226
Philippines,PHL,2009,84.3,14.5402133153152,4.16451931,1.17324821246427,1.44832306275669,1864.45043406471,2.53777003288269,9.0,4.21903052064628,68.631,22.0,102.759162902832,3.858,44.3356772609527
Philippines,PHL,2012,87.1,13.0958070106782,4.17709208,1.22763000703119,6.89695171050985,2614.61644401308,4.62330484390259,30.79999924,3.02696391124796,69.237,21.3,101.2539710998535,3.504,47.9182784810426
Philippines,PHL,2015,89.1,10.9964991548623,3.8982749,1.84018010717942,6.34830971672761,2909.85818010301,2.83052303785203,36.90000153,0.674192536845408,69.45,14.6,103.408354699272,3.068,51.1549047745227
Philippines,PHL,2018,94.2,9.65014035815306,3.9538188,2.86833826070497,6.34148557153473,3168.51036609727,3.85502760745456,44.09999847,5.30934661627707,69.761,8.3,94.5541345217085,2.338,53.2088897464754
Philippines,PHL,2021,97.5,10.0691640204876,5.97500563,3.04078855310045,5.71473313185116,3484.38593882819,3.87249754784633,66.90779877,3.92718022100332,66.675,8.1,88.8345145801337,3.398,54.4504102510776
Poland,POL,2002,100.0,2.80941626982179,6.04828405,2.04862965818155,1.90119437968586,5223.45178967082,5.37052011489868,21.15,1.90528215048054,74.4975609756098,0.3,100.300102233887,20.211,61.7581534555696
Poland,POL,2003,99.9,2.69176153910407,5.93375778,2.45743497066474,3.52337117234833,5720.81366178104,5.30664014816284,24.87,0.682701375787632,74.5975609756098,0.2,100.183227539062,19.899,61.7281374379602
Poland,POL,2004,99.9,3.33358582113835,5.84185648,5.41150845702569,5.09079546409544,6711.72715262967,5.33129978179932,32.53,3.38264681884699,74.8463414634146,2.8,100.051498413086,18.822,61.6555172559989
Poland,POL,2005,99.8,2.96760371813755,5.79073858,3.59641795552772,3.26082274679216,8043.92332253757,5.41065979003906,38.81,2.18379872390251,74.9951219512195,1.4,99.9291229248047,17.592,61.5497010774856
Poland,POL,2006,99.8,2.7459182485152,5.78148365,6.20790606582043,6.20210710934373,9068.85528307627,5.18848991394043,44.58,1.28469394366416,75.1439024390244,0.9,99.6375198364258,13.794,61.4199688499096
Poland,POL,2007,99.8,3.09408708372918,5.86390114,5.82502177093229,6.7604478527626,11272.5293683383,4.86086988449097,48.6,2.4587431238539,75.2439024390244,0.6,99.1174926757812,9.551,61.2756005207604
Poland,POL,2008,99.8,2.64309499472652,6.35196781,2.7209993736918,4.38377069274605,14048.5604672654,5.02344989776611,53.13,4.16497193524779,75.5439024390244,0.3,98.238639831543,7.069,61.1258760375274
Poland,POL,2009,100.0,2.62640625045433,6.57037735,3.18105494953636,2.61512859291683,11556.3026866026,4.97665977478027,58.97,3.79539242483399,75.6951219512195,0.6,98.0396499633789,8.131,60.9800753477
Poland,POL,2010,100.0,2.91554815662609,6.43533468,3.94489462074706,3.16892748258036,12567.7317676382,5.08126020431519,62.32,2.58069370250548,76.2463414634146,0.6,98.6196365356445,9.578,60.8474783987677
Poland,POL,2011,100.0,3.17180701243977,6.24533606,3.57128957712437,5.25546256612796,13867.6669408192,4.82901000976562,61.94999896898,4.23940149625932,76.6951219512195,0.6,99.2583465576172,9.576,60.7357090652544
Poland,POL,2012,100.0,2.98562113420809,6.22854042,1.52886091421625,1.51178167644575,13087.420943321,4.83311986923218,62.3099972714691,3.56037151702793,76.7463414634146,0.4,100.680816650391,10.031,60.6341632788866
Poland,POL,2013,100.0,3.22652536867249,6.44993687,0.258983446617592,0.684240607051805,13621.9023794031,4.99779987335205,62.8492,0.991982606332335,77.0,0.6,100.073501586914,10.293,60.5333187465323
Poland,POL,2014,100.0,2.97119902232799,6.39059496,3.85089176515991,3.92050862390032,14262.2841914116,4.93858003616333,66.5987360557248,0.0538213132399802,77.6024390243903,0.6,99.5637130737305,8.971,60.4340063344328
Poland,POL,2015,100.0,2.48363694237949,6.36490345,3.29546177974363,4.43176700264478,12637.5220324406,4.78748989105225,67.9969871556415,-0.874125874125862,77.4512195121951,0.5,101.2539710998535,7.475,60.3362886805635
Poland,POL,2016,100.0,2.6237968659564,6.5470438,3.81608721408819,3.03117767594847,12464.0121044827,4.62726020812988,73.3007040962669,-0.664767331433962,77.8512195121951,0.4,101.2539710998535,6.141,60.2402284228997
Poland,POL,2017,100.0,2.98537285986431,6.53713226,2.37812815599278,5.15245773325907,13913.3415190124,4.54246997833252,75.9853659493832,2.07593553673859,77.7536585365854,0.4,97.6803283691406,4.867,60.145888199417
Poland,POL,2018,100.0,2.41564136866167,6.25094128,3.34803954559233,6.2458584723942,15658.210586693,4.55985021591187,77.5417345350006,1.81295156542689,77.6024390243903,0.3,94.4897613525391,3.835,60.0533306480907
Poland,POL,2019,100.0,2.37029744646443,6.38906956,3.15455649244208,4.58045817256199,15874.5220531254,4.62736988067627,80.4359068768673,2.22747880938291,77.9048780487805,0.1,94.9449615478516,3.267,59.9626184068963
Poland,POL,2020,100.0,2.56844423547416,6.42739105,3.31499059495462,-2.03556882399977,16150.9304813473,4.80081987380981,83.18488715,3.37446972618589,76.4,0.2,82.211540222168,3.155,59.8738141138092
Poland,POL,2021,100.0,2.24552304361646,6.3654809,5.44306737738578,6.92718266052501,18635.5104895754,4.61998987197876,85.37490906,5.05502704719272,75.3512195121951,0.1,96.6018218994141,3.268,59.8096513205543
Poland,POL,2022,100.0,2.80606930357805,6.46619797,6.00626096603428,5.25545697386036,18891.2121169279,4.31372976303101,86.94113479,14.4294507575758,77.1560975609756,0.3,100.594268798828,2.811,59.8315488048321
Portugal,PRT,2003,100.0,2.65118079570935,9.12415695,6.26697257909762,-0.930521045062918,15797.7821340276,5.28152990341187,29.67,3.21899090682895,77.219512195122,1.1,115.237442016602,6.132,56.5865509520713
Portugal,PRT,2004,100.0,2.60214117997755,9.5325079,1.312247289237,1.78873552917291,18064.1580932987,5.04640007019043,31.78,2.365362040973,77.6707317073171,0.7,114.672149658203,6.319,57.4171857647664
Portugal,PRT,2005,100.0,2.30349335448735,9.65306759,1.70741232717781,0.781847569123585,18780.12751241,5.07393980026245,34.99,2.27716394887838,78.0707317073171,0.7,114.44255065918,7.582,58.2450763389585
Portugal,PRT,2006,100.0,2.25313751520814,9.35422611,6.41633004151996,1.62503532956156,19839.4540499032,4.90769004821777,38.01,3.1076654587105,78.419512195122,0.2,113.981163024902,7.649,59.0340947058419
Portugal,PRT,2007,100.0,1.99815593954667,9.25186634,2.50093088549298,2.50657937751231,22811.0564844365,4.92149019241333,42.09,2.45396528138746,78.3219512195122,0.6,113.063117980957,7.965,59.7481128966109
Portugal,PRT,2008,100.0,1.96377185231981,9.58307838,2.96892594201258,0.319247344434558,24949.0413566739,4.69608020782471,44.13,2.58850657657956,78.5243902439025,0.3,112.717491149902,7.553,60.3510029424595
Portugal,PRT,2009,100.0,1.95062621184125,10.13070393,2.35133912553896,-3.12207827545093,23151.2154130712,5.56315994262695,48.27,-0.835530021504157,78.7268292682927,0.2,110.981079101562,9.432,60.8066368745822
Portugal,PRT,2010,100.0,1.94034870976094,10.01858425,3.77376819569615,1.73762453640036,22551.935098809,5.40499019622803,53.3,1.40257289895372,79.0268292682927,0.2,109.77262878418,10.771,61.0788867241731
Portugal,PRT,2011,100.0,1.8384390598893,9.71847439,4.23648756430888,-1.71352745905065,23246.5425416481,5.11688995361328,55.2499968797194,3.6530110043073,80.4707317073171,0.6,109.651611328125,12.715,61.1410698395502
Portugal,PRT,2012,100.0,1.92004687349348,9.64000225,7.21535195239496,-4.05090267621935,20593.4274224109,4.94226980209351,60.3399974868057,2.77333854051576,80.3731707317073,0.9,108.395370483398,15.509,61.1409793914666
Portugal,PRT,2013,100.0,2.04188706497902,9.39476109,6.43654323197598,-0.984106574148328,21676.4859642714,5.26528978347778,62.0956,0.274416666666663,80.7219512195122,1.0,109.373641967773,16.237,61.1405315215642
Portugal,PRT,2014,100.0,1.97659101484386,9.33570766,5.43851031792652,0.741391420706506,22120.6850127107,5.12005996704102,64.5924200648949,-0.278153367467428,81.1219512195122,0.8,107.813301086426,13.88,61.1394537361116
Portugal,PRT,2015,100.0,1.97541250129625,9.33309937,0.63522205292535,1.58979803702681,19215.7813014347,4.89425992965698,68.6328614804299,0.48793862390472,81.1243902439025,0.7,106.229377746582,12.405,61.137469211538
Portugal,PRT,2016,100.0,1.92235840837832,9.39989281,3.56282992803299,2.00414129666575,19980.2808866516,4.62330484390259,70.423567088723,0.607397074641719,81.1243902439025,0.4,105.035911560059,11.058,61.1343011242723
Portugal,PRT,2017,100.0,1.96367345206825,9.32668972,5.02041551787587,3.31472008175986,21442.3842768879,5.02685022354126,73.7912139515729,1.36861411643482,81.4243902439025,0.4,104.209732055664,8.878,61.1296726507436
Portugal,PRT,2018,100.0,1.91817470918666,9.42121029,3.46584287446499,2.94628343449202,23541.1401075289,4.6793999671936,74.6609681487507,0.993715683468233,81.3243902439024,0.4,104.378570556641,6.966,61.1233069673808
Portugal,PRT,2019,100.0,1.99991845769704,9.50868607,4.5038935303436,2.74568432648596,23343.3628970034,4.6275200843811,75.3463779408712,0.338178410046124,81.6756097560976,0.2,104.897682189941,6.422,61.114927250613
Portugal,PRT,2020,100.0,2.14089692520428,10.52074051,1.8141455418251,-8.20463159324387,22299.4044062173,4.86407995223999,78.26166044,-0.0124383299576209,81.3292682926829,0.6,105.753471374512,6.85,61.1042566768691
Portugal,PRT,2021,100.0,2.16204629838151,11.22031498,3.60836004516304,5.55875672070374,24711.4510062111,4.77341985702515,82.30902804,1.26565719069044,81.3780487804878,0.3,105.672172546387,6.712,61.0951249296597
Portugal,PRT,2022,100.0,1.90543676193935,10.5492239,5.08368921917484,6.98584137580278,24620.5197587181,4.55160999298096,84.49690644,7.83269124233323,81.6317073170732,0.2,108.103523254395,6.138,61.1259255772782
Qatar,QAT,2017,100.0,0.214741536757396,3.21237087,0.612038723345893,-1.49760470227838,63279.8556949332,2.96745991706848,97.3888491654164,0.394878914083005,82.458,0.0,106.121974267646,0.133,99.0310125265978
Romania,ROU,2002,94.9,11.3424376853187,4.57694626,2.48342020141655,5.70299165043771,2119.85509684554,3.50411009788513,6.58,22.5398862605386,71.009756097561,9.1,105.530220031738,8.112,52.7466427937759
Romania,ROU,2003,95.1,11.9143840898386,5.37136793,3.18995908035532,2.34114732919521,2679.40626016154,3.54397010803223,8.9,15.2734889936255,71.309756097561,7.0,102.830619812012,6.95,52.8023493819682
Romania,ROU,2004,95.3,12.7055114609076,5.47733593,8.59368512961184,10.4281130180976,3494.99056448955,3.31273007392883,15.0,11.8743635936399,71.5609756097561,5.3,105.122337341309,7.719,52.9175295523808
Romania,ROU,2005,95.6,8.48610428920676,5.52778196,6.60067175776297,4.6681480508487,4618.00350802913,3.50038003921509,21.5,9.01491283343835,71.9121951219512,4.2,102.187843322754,7.174,53.074507031037
Romania,ROU,2006,95.9,7.82080658741648,5.07106066,9.02006052535516,8.02881107599163,5757.53127301178,4.30650997161865,24.66,6.55851412276983,72.1634146341463,11.1,101.634002685547,7.27,53.2566380678272
Romania,ROU,2007,96.1,5.50150097100926,5.02223349,5.78679016158104,7.23380774362805,8360.33775916596,4.14953994750977,28.3,4.83732928313989,72.5658536585366,8.1,100.085487365723,6.413,53.4472789126416
Romania,ROU,2008,96.5,6.30193056572848,5.02277184,6.37741866098849,9.30746717077338,10435.1561230787,4.09722995758057,32.42,7.85080255714482,72.5658536585366,6.0,98.5809478759766,5.787,53.6297858153706
Romania,ROU,2009,96.8,6.11614263251912,5.27816248,2.66364407064905,-5.51670615843011,8548.4543409242,4.00193023681641,36.6,5.58742004264393,73.309756097561,5.3,100.860786437988,6.859,53.7875150259042
Romania,ROU,2010,97.1,5.1772466335768,5.63882685,1.88971859139686,-3.90581157302972,8399.5374234284,3.41647005081177,39.93,6.09141668601891,73.4585365853659,6.3,99.9739990234375,6.959,53.9038227941329
Romania,ROU,2011,97.4,5.95088848587022,4.47503996,1.23042689104897,4.49558909946313,9560.6755277458,2.91359996795654,40.0099967810008,5.7892532881588,74.409756097561,7.1,98.3790512084961,7.177,53.9608874244169
Romania,ROU,2012,97.8,4.54079724771484,4.50939083,1.70143772893217,1.90361696799603,8929.95366231474,2.8234601020813,45.8799942529424,3.33492267693442,74.4121951219512,8.4,96.2415466308594,6.794,53.9563092496073
Romania,ROU,2013,98.1,5.50972556892124,5.2240696,2.03100513989555,0.278771877470234,9497.67411615237,3.06785011291504,49.7645,3.9847123554813,75.0634146341463,8.7,101.2539710998535,7.096,53.9101758034365
Romania,ROU,2014,98.4,4.94834094527624,5.0276823,1.9372882717301,4.11600109267832,10031.7710755404,3.12494993209839,54.0783206550943,1.06830987684298,74.909756097561,8.9,101.2539710998535,6.802,53.8267187624053
Romania,ROU,2015,98.8,4.42592968395419,4.94292021,2.42725822119064,3.1570360543854,8977.01748158196,3.10693001747131,55.7631556336233,-0.594156437495203,74.9121951219512,7.6,89.0534133911133,6.812,53.7071839518893
Romania,ROU,2016,99.1,4.2921753725524,5.08012772,3.37417569649644,2.85993252302089,9404.54005870715,3.0255401134491,59.5039512852713,-1.54479666813897,75.209756097561,5.2,87.5895919799805,5.901,53.5528171972639
Romania,ROU,2017,100.0,4.43884283682194,5.18878555,2.8327307446025,8.19547826641261,10727.9822007426,3.11819005012512,63.7472821822484,1.3390212110439,75.209756097561,4.9,87.2723999023438,4.927,53.3648643239046
Romania,ROU,2018,99.8,4.50660889280427,5.51454878,3.03714660753952,5.39452228185675,12416.134317959,3.31710004806519,70.6812779273268,4.62548443137779,75.3585365853659,3.7,91.3751220703125,4.187,53.1445711571868
Romania,ROU,2019,100.0,4.31147831319992,5.69924641,2.94522918789332,3.96028958497598,12909.6104013244,3.55761003494263,73.6574757545465,3.82785432599438,75.6073170731707,3.1,92.6139984130859,3.912,52.8931835224862
Romania,ROU,2020,100.0,4.07184426240682,6.20959711,1.43737626680298,-3.59802546034757,13009.1525348396,3.57968997955322,78.45526895,2.63107311184743,74.2536585365854,2.4,91.9047393798828,5.035,52.611947245178
Romania,ROU,2021,100.0,4.616339720378,6.45246983,4.12832844182863,5.58735072538869,14908.0412813921,3.31562995910644,83.5904265,5.05232876096582,72.809756097561,2.0,90.7731704711914,5.59,52.2321512130811
Romania,ROU,2022,100.0,3.8180329334627,5.79823256,3.88649421607456,4.18771305104109,15503.4691366242,3.2788200378418,85.50309124,13.7954887432521,75.1536585365854,1.5,84.8812789916992,5.614,52.1634832477272
Russian Federation,RUS,2002,97.9,5.56571375282766,5.52166557,1.00553594478556,4.69999190914258,2377.52954101563,3.83502006530762,4.12827181796644,15.7887307914463,65.1287804878049,2.0,122.04638671875,7.876,73.2929008030615
Russian Federation,RUS,2003,97.9,5.50294605214831,5.16368914,1.84237888462157,7.29995234528189,2975.123046875,3.67855000495911,8.29886061553908,13.6632930228666,65.0275609756098,2.1,126.574638366699,8.232,73.4057388305664
Russian Federation,RUS,2004,98.0,4.90444194797732,4.7603755,2.60618528064118,7.19994786954857,4102.36474609375,3.54785990715027,12.8593889008473,10.8886157326216,65.4709756097561,1.8,101.2539710998535,7.779,73.3065795898438
Russian Federation,RUS,2005,98.0,4.25591600597494,4.77177477,2.02980703784767,6.39996544799469,5323.455078125,3.77192997932434,15.22669983,12.6853039507349,65.529756097561,1.4,96.7937927246094,7.167,73.1613922119141
Russian Federation,RUS,2006,98.1,3.86131247123383,4.76654387,3.7977120943899,8.20006825456321,6920.19970703125,3.86626005172729,18.02330017,9.66865454789265,66.7275609756098,0.9,96.5280838012695,7.162,73.2439193725586
Russian Federation,RUS,2007,98.2,3.7789017062609,4.74792528,4.29895594841933,8.49997776916511,9101.2392578125,4.62330484390259,24.66,9.00729868861079,67.5868292682927,0.4,96.1058807373047,6.105,73.3856048583984
Russian Federation,RUS,2008,98.3,3.75334118813491,4.90364122,4.50269424864822,5.19996926404957,11635.2841796875,4.10174989700317,32.0,14.1107677840442,67.9492682926829,0.2,95.3222122192383,6.325,73.4822463989258
Russian Federation,RUS,2009,98.4,4.08444869718417,5.64392471,2.99212552042529,-7.79999391271275,8562.82421875,4.62330484390259,42.55,11.6473295764118,68.6846341463415,0.2,95.5198287963867,8.458,73.5288696289062
Russian Federation,RUS,2010,99.3,3.34389824902191,4.97111797,2.8308286983175,4.49999999920672,10674.990234375,4.08974230526824,49.0,6.84939230255025,68.8412195121951,0.2,101.2539710998535,7.407,73.6696307887624
Russian Federation,RUS,2011,99.2,3.1507257212962,4.79491472,2.69236118071968,4.30002918604238,14305.33203125,3.71261270253186,58.0,8.4404648593257,69.6839024390244,0.1,96.133405106655,6.571,73.8534851074219
Russian Federation,RUS,2012,100.0,2.92603087775353,4.93637276,2.29079869889368,4.0240861571798,15401.8515625,3.79310011863708,66.0,5.07474300799149,70.0721951219512,0.1,97.262229693837,5.484,73.97265625
Russian Federation,RUS,2013,100.0,2.99360048776678,5.08104849,3.01940211363344,1.75542214916291,15941.4482421875,3.76382994651794,67.97,6.75466833903486,70.5787804878049,0.1,96.9484148725836,5.513,74.0762949770228
Russian Federation,RUS,2014,100.0,3.36060548804252,5.1820941,1.0698764102333,0.736267221403651,14055.47265625,4.01387977600098,70.5175682574413,7.82016970013845,70.7436585365854,0.4,97.4962712179576,5.212,74.1776476748791
Russian Federation,RUS,2015,95.5,3.87310448732299,5.29604626,0.502607961400285,-1.9727192264298,9277.7138671875,3.83402991294861,70.0992412263947,15.5343959935701,71.1834146341463,0.4,98.3827760103169,5.615,74.275919065527
Russian Federation,RUS,2016,99.4,3.84021728459951,5.28970337,2.54849998807899,0.193671130698817,8663.158203125,3.76044011116028,73.091434617897,7.04243725413707,71.6512195121951,0.4,98.3341307364642,5.591,74.3703138709243
Russian Federation,RUS,2017,100.0,3.55363208990976,5.35890055,1.81409297475419,1.82670527549192,10658.9130859375,4.68990993499756,76.0081385339105,3.68333072334495,72.4514634146342,0.4,100.767602587422,5.238,74.460036813029
Russian Federation,RUS,2018,100.0,3.3942533806976,5.35520792,0.530060790633169,2.80634082046656,11211.8876953125,4.67819023132324,80.8647218726954,2.87831382614981,72.6621951219512,0.2,102.018364437962,4.871,74.5442926137992
Russian Federation,RUS,2019,99.8,3.53030291392166,5.64849091,1.88851731564914,2.19807571381982,11447.701171875,3.69561429198336,82.6421618670668,4.47202631837903,73.0839024390244,0.3,101.832335105065,4.513,74.6222859951926
Russian Federation,RUS,2020,99.9,4.00635163401546,8.04076004,0.634851184443604,-2.65365449695453,10108.3271484375,4.01641864383637,84.99466978,3.38219796948068,71.3387804878049,0.1,101.731047648404,5.62,74.6932216791674
Russian Federation,RUS,2021,100.0,3.67156378990517,7.0299139,2.21136527873962,5.866491772979,12425.029296875,3.99480697864774,88.21384578,6.69445891957612,69.900243902439,0.2,100.890349270112,4.749,74.7516840220252
Russian Federation,RUS,2022,100.0,3.41890901633034,6.8788662,-1.73614086534944,-1.43537063467896,15625.6328125,4.05402755323777,90.41799163,13.7436797398232,72.5456097560976,0.1,100.122558846483,3.867,74.8544893625017
Rwanda,RWA,2005,4.8,33.7756165293022,7.71997023,0.271318643761601,9.37789916585375,324.016863847189,4.62330484390259,0.555999994,9.01408918092339,56.968,74.2,138.091659545898,6.762,16.9072114459454
Rwanda,RWA,2010,9.7,23.4080982541515,8.08185482,3.57208683219563,7.33465645016436,586.599950359877,4.63126993179321,8.0,-0.246128693436934,62.804,70.2,155.315788762649,6.762,16.9255580310614
Rwanda,RWA,2013,15.2,23.8917103230198,6.77388763,3.03027485323662,4.71984856950924,695.397140963607,4.7421498298645,9.0,5.92426867984854,64.651,65.2,123.706003554374,6.762,17.0742206053612
Rwanda,RWA,2016,29.4,24.2954788777688,5.968925,3.25408209196111,5.65874584202778,721.258515833094,3.43482995033264,14.63710022,7.17434301982009,65.733,63.8,140.620022753129,6.762,19.1213951786548
Samoa,WSM,2002,89.3,11.9922593594911,4.49205494,0.567585520505441,5.65195919890348,1527.55790455937,3.93932008743286,2.24483267578443,8.0503144654087,71.233,5.9,100.272598266602,6.762,21.9431903680112
Samoa,WSM,2008,98.1,10.0298576357923,4.53258085,7.15667986967314,3.55610467395,3373.60639884263,5.11659002304077,5.031599998,11.565906838454,71.531,3.7,101.2539710998535,6.762,20.4038457706991
Samoa,WSM,2013,97.0,9.36698695177158,6.21823883,1.72885382959682,0.107293276488932,4023.5254013825,4.61486064947671,15.30000019,0.61008572090503,71.229,4.5,101.2539710998535,6.762,19.3865949620667
Sao Tome and Principe,STP,2010,61.4,11.6318930270323,5.80827904,26.6286088078235,1.44845522890635,1045.20958234528,9.9882698059082,18.75,13.34005235378,63.867,18.9,119.253356933594,6.762,66.0572200728291
Sao Tome and Principe,STP,2017,74.3,12.7475187137291,7.46631384,10.6236604862763,4.11297966281954,1555.79477812888,5.87489986419678,32.61640167,5.6902961992902,67.074,13.0,110.377998352051,6.657,67.6520004272461
Senegal,SEN,2005,47.1,15.1803964143562,3.67466521,1.52551294776184,4.31023852639633,979.846101520171,4.06443023681641,4.78668408310535,1.71133325855502,60.98,53.6,80.6679611206055,6.762,41.9057599695838
Senegal,SEN,2011,56.5,12.9470610352017,4.21416712,1.90106996405963,1.33409107961258,1374.67591873844,4.90302991867065,9.800000191,3.40322829786971,64.799,53.3,86.5724487304688,2.853,44.0689668509475
Senegal,SEN,2018,66.0,14.9875195578847,4.43182087,3.6676580901097,6.20924103388887,1452.55612562445,5.11019992828369,35.29999924,0.460985642464188,67.379,19.1,101.2539710998535,6.762,48.9001692274485
Senegal,SEN,2021,68.0,15.5512646222076,4.44256258,9.40426405095026,6.5440010991951,1598.10676952274,5.61201000213623,55.04040146,2.18032278088147,66.868,17.9,84.0612276417736,6.762,52.2260292191155
Serbia,SRB,2002,100.0,8.51013913494866,7.24950886,3.0165221032062,6.54104600309256,2390.73459447107,4.62330484390259,55.2499968797194,19.4908321579689,72.2853658536585,0.4,102.119522094727,13.8,56.462901503343
Serbia,SRB,2003,99.7,7.02904112121838,7.30602598,3.0165221032062,4.55968997935088,3153.9011312754,4.62330484390259,55.2499968797194,9.87617889729578,72.4365853658537,0.9,101.065238952637,15.2,56.8784264526306
Serbia,SRB,2004,99.6,7.62709744796992,7.63644934,3.0165221032062,6.68686836863701,3597.08798057009,4.62330484390259,23.5,11.0263627183464,72.6829268292683,1.2,101.55493927002,18.503,57.3144555999278
Serbia,SRB,2005,99.7,6.16013694013165,8.09346867,3.0165221032062,5.90349622935489,3807.97417321786,4.62330484390259,26.29999924,16.1199806482826,72.8341463414634,1.6,102.747093200684,20.846,57.7508909888183
Serbia,SRB,2006,99.6,6.22223200235689,8.28575706,3.0165221032062,3.90066644620993,4492.7136699046,4.62330484390259,27.2,11.7240229980834,73.3853658536585,0.9,101.839546203613,20.851,58.1709152910668
Serbia,SRB,2007,99.6,5.50486565149148,9.01782608,9.85383583099953,7.83207023027602,6081.08765700202,4.04881000518799,33.15,6.39170644391413,73.6317073170732,0.6,100.971687316895,18.063,58.5577111784378
Serbia,SRB,2008,99.6,6.35977347846117,9.12807178,7.48017377130846,5.16089327231823,7376.73517910716,4.62330484390259,35.6,12.410986775178,73.8853658536585,0.3,100.629577636719,13.67,58.8944613226962
Serbia,SRB,2009,99.6,5.99159503176742,8.98933506,6.23823937763422,-3.14261075416574,6414.0448463847,4.3127498626709,38.1,8.11695092238082,73.9853658536585,0.6,97.6857986450195,16.116,59.1643483956067
Serbia,SRB,2010,99.7,6.11650941889437,9.15153027,3.88925451665989,1.61097281449412,5970.92660940072,4.62330484390259,40.9,6.14255360247248,74.3365853658537,0.3,95.8957595825195,19.204,59.3505550689338
Serbia,SRB,2012,99.8,6.04364014215639,8.95716667,2.82759932149649,-0.443956070983248,6263.04086072815,4.62330484390259,48.09999847,7.33038589596646,74.8365853658537,7.1,100.571311950684,24.0,59.3468437194824
Serbia,SRB,2013,99.9,6.29965191728962,8.93188286,4.08141056622247,0.451578805330726,7040.41812068781,4.62330484390259,53.450364175,7.69426362896655,75.1853658536585,7.8,100.895538330078,22.154,59.6111068725586
Serbia,SRB,2014,99.7,6.11737533592784,8.85966778,4.07119376860245,-1.80427041681132,6886.67809068704,4.62330484390259,62.0750804639377,2.08244793880154,75.3365853658537,8.9,101.131156921387,19.223,59.8779373168945
Serbia,SRB,2015,99.9,5.60595319138529,8.46289921,5.67381755834409,1.2957386351958,5820.3215576888,4.62330484390259,65.3170254003801,1.39235822000187,75.2878048780488,8.4,101.342918395996,17.66,60.1388092041016
Serbia,SRB,2016,99.9,5.70664096571472,8.15184307,5.57770746372387,2.97519807160826,5982.37030126471,3.50275993347168,67.0568413716938,1.12231397417769,75.6878048780488,8.1,100.571273803711,15.257,60.3853870034026
Serbia,SRB,2017,100.0,5.05778606525606,7.89965153,6.29636171721257,2.3634031250553,6548.03653824187,3.56539011001587,70.3308355269141,3.13106248590115,75.5390243902439,6.6,100.312927246094,13.477,60.621208190918
Serbia,SRB,2018,100.0,5.20468651078978,8.18469906,7.71374568954873,4.64935035491007,7559.86165747394,3.43663001060486,73.360709154564,1.95984076293801,75.890243902439,4.2,100.301933288574,12.733,60.8433609008789
Serbia,SRB,2019,99.8,4.76474851493196,8.28762531,7.92487427143519,4.75020793899014,7755.632986437,3.45865988731384,77.4167736219802,1.84922984511086,75.9365853658537,2.7,99.6447067260742,10.395,61.0492248535156
Serbia,SRB,2020,100.0,5.05373769401741,8.30643559,6.23865408002072,-0.950023991851594,8098.70955668849,4.62330484390259,78.36804864,1.57553290083415,74.4780487804878,2.0,97.7058486938477,9.011,61.223201751709
Serbia,SRB,2021,100.0,5.15586469879064,9.23441029,6.95312089132574,7.94905650472278,9680.52798074468,3.14615988731384,81.16588116,4.08510285335102,72.780487804878,1.7,96.8112564086914,9.843,61.363899230957
Serbia,SRB,2022,100.0,5.33794223775032,8.58397198,6.90354140371273,2.70347705543654,10024.8191112596,3.08255004882812,83.53825397,11.9815117344703,75.2365853658537,2.0,96.6279678344727,8.439,61.9013813540396
Seychelles,SYC,2006,99.0,2.78226337941348,4.33191252,12.997071189638,9.40612855732827,12782.9938926475,4.48331022262573,34.95197117065,-0.353465498693756,72.2170731707317,0.6,117.426132202148,6.762,42.7880431397027
Seychelles,SYC,2013,98.0,2.71276034719474,4.19129515,4.29723724959436,1.25373496242949,14821.2921476077,3.61840009689331,50.40000153,4.33893848329099,73.119512195122,1.6,113.371637503265,6.762,42.815069634181
Seychelles,SYC,2018,100.0,2.0783484846252,4.41706038,17.1030662941746,4.93947272254312,18440.2340460932,3.59446940668662,69.23660278,3.70291839111568,72.8414634146341,0.7,123.720432981425,3.528,43.7386669014459
Sierra Leone,SLE,2003,9.9,46.9023173495907,5.06219816,0.402080514728161,9.48363126885343,413.817607346927,2.10887002944946,0.190173281668183,3.03924881090924,46.784,72.4,101.2539710998535,4.295,36.2690511597053
Sierra Leone,SLE,2011,14.2,31.5846615609542,6.60636759,19.5505875068329,8.10065518714917,761.146365577281,1.61538004875183,0.899999976,6.79138291952621,52.594,53.7,114.580513591833,6.762,39.0472153491602
Sierra Leone,SLE,2018,26.1,34.9852345791337,5.29927444,2.90502880166707,2.8938564123677,845.914540460932,4.46809005737305,14.42230034,16.0295447693699,59.059,41.5,114.58023823864,1.646,42.2011025267803
Slovak Republic,SVK,2004,100.0,1.50647353218952,6.39662457,9.45863522150628,5.38949856996771,7996.74076556872,4.11747980117798,52.89,7.54850088183423,73.9585365853659,0.2,104.143577575684,18.206,55.5843833415875
Slovak Republic,SVK,2005,99.9,1.47125970663954,6.61619043,8.03605835400406,6.48493222274386,9087.20357002472,3.77565002441406,55.19,2.70908494588383,73.9048780487805,0.3,102.934013366699,16.276,55.4189847597721
Slovak Republic,SVK,2006,99.9,1.69161295680886,6.8522706,9.98305386037355,8.92568704770216,10629.1782325838,3.70850992202759,56.08,4.48333120449615,74.2048780487805,0.3,102.14640045166,13.395,55.2464278407442
Slovak Republic,SVK,2007,100.0,2.13456038332977,7.17538357,6.56747727493293,10.8186295074904,14330.2064943926,3.52223992347717,61.8,2.75672371638135,74.2073170731707,0.6,102.25048828125,11.16,55.0707354484001
Slovak Republic,SVK,2008,100.0,2.36047432017713,6.95978355,4.79998733472882,5.36337721231949,17973.8436435514,3.52339005470276,66.05,4.59817976325028,74.7048780487805,0.5,102.774559020996,9.514,54.895930446636
Slovak Republic,SVK,2009,100.0,1.90942987698677,7.95280409,1.7025214117002,-5.50533790972226,16586.7527805228,4.00893020629883,70.0,1.61510464058236,74.909756097561,0.6,102.228988647461,12.023,54.7260356993483
Slovak Republic,SVK,2010,100.0,1.4985946805378,7.67065239,2.32222893370545,6.79058159142423,16899.448680529,4.04704999923706,75.71,0.957018132975174,75.1121951219512,0.6,101.638298034668,14.387,54.5650740704331
Slovak Republic,SVK,2011,100.0,1.79373080653758,7.31452227,5.44765747649664,2.56242473215553,18469.4354316836,3.90686988830566,74.4399971746757,3.91928599146291,75.9585365853659,0.6,100.502960205078,13.634,54.4167387988534
Slovak Republic,SVK,2012,100.0,1.79463304702131,7.52780581,1.87551069035637,1.56917104702706,17516.9691054078,3.85490989685059,76.7099901181121,3.6061026352289,76.109756097561,0.5,99.1328735351562,13.966,54.2764528316182
Slovak Republic,SVK,2013,100.0,2.07432555568651,7.48013163,1.01266878582834,0.703323545247201,18312.7805149823,4.06078004837036,77.8826,1.40047368963025,76.4121951219512,0.4,98.6928482055664,14.226,54.1384024098892
Slovak Republic,SVK,2014,100.0,2.6149279736894,6.86543369,-0.356803047431846,2.70795151449488,18770.9289896545,4.20446014404297,79.9843017656729,-0.0761653295419871,76.8121951219512,0.9,98.5119476318359,11.536,54.0029125499893
Slovak Republic,SVK,2015,100.0,2.04596984034113,6.74109745,1.70487122540291,5.17687909722133,16442.0760860018,4.56416988372803,77.6346820339875,-0.325219777427765,76.5634146341463,0.8,98.3121109008789,11.492,53.8700628001622
Slovak Republic,SVK,2016,100.0,2.06264218897129,7.06081343,5.27770700739813,1.94781841524558,16636.0769133073,3.88375997543335,80.475857275668,-0.520010196278358,77.1658536585366,1.5,97.6210403442383,9.679,53.7399327086517
Slovak Republic,SVK,2017,100.0,1.84814166887456,6.73388767,4.39986424621101,2.87473327453695,17645.5298716761,3.91876006126404,81.6256675172655,1.31194588223247,77.1658536585366,0.6,98.2659530639648,8.142,53.6126018237016
Slovak Republic,SVK,2018,100.0,2.00932916157168,6.63677502,2.11269531583982,4.06211981896483,19573.3717031314,3.93534994125366,80.4489224826099,2.51403712883803,77.2658536585366,0.5,97.0244369506836,6.544,53.4881496935559
Slovak Republic,SVK,2019,100.0,1.6170097133415,6.91102982,2.15394548631737,2.27589910019393,19406.0589683582,4.26779985427856,82.8536605021784,2.6645613342544,77.6658536585366,0.2,97.9945983886719,5.761,53.3666558664583
Slovak Republic,SVK,2020,100.0,1.72917824309886,7.06027794,-1.05975666677956,-2.58551241733207,19735.4858280801,4.720290184021,89.92090413,1.93694126694223,76.8658536585366,0.3,99.9172286987305,6.719,53.2481998906526
Slovak Republic,SVK,2021,100.0,1.87136287988656,7.62857914,2.25677867211963,5.6558588065555,22123.3342114545,4.71766996383667,88.92560523,3.1496062992126,74.6146341463415,0.3,100.064170837402,6.894,53.1901479870605
Slovak Republic,SVK,2022,100.0,1.930396226685,7.70245218,4.16872005912019,0.544591632137454,21317.7943982363,4.65688991546631,89.06766196,12.7741463637611,76.9658536585366,0.7,100.326721191406,6.143,53.1902831072528
Slovenia,SVN,2002,100.0,2.89427967530958,8.11632538,7.96826357828918,3.28258371393918,11639.1297780477,5.74013996124268,27.8388854180687,7.48077770703761,76.0073170731707,0.1,105.333992004395,5.922,50.7744556266555
Slovenia,SVN,2003,100.0,2.21614657272353,8.17447376,1.82421495294141,3.19503117236037,14711.674874253,5.75657987594604,31.8547930120441,5.54416421752897,76.8585365853659,0.0,110.09203338623,6.479,50.7553842628349
Slovenia,SVN,2004,100.0,2.40213653237473,7.99959517,2.23412471685355,4.54602214352336,17103.8297783905,5.68693017959595,40.81,3.5929759424951,77.2073170731707,0.1,96.6843719482422,6.012,50.7124410611224
Slovenia,SVN,2005,100.0,2.42413132120213,8.0534668,2.70057223244549,3.8541277114569,17969.7095907161,5.64437007904053,46.81,2.45150132316477,77.6121951219512,0.1,98.2098770141602,6.506,50.648781400021
Slovenia,SVN,2006,100.0,2.09205852541218,7.8671999,1.76264658794015,5.90878130011174,19563.005059144,5.62207984924316,54.01,2.45792444195863,78.0865853658537,0.1,100.249351501465,5.95,50.5672552816963
Slovenia,SVN,2007,100.0,2.03283295611526,7.54076052,3.93587276921145,7.1392312914716,23725.1596001515,5.13660001754761,56.74,3.657495632841,78.5609756097561,0.0,96.4375076293945,4.818,50.4707127083144
Slovenia,SVN,2008,100.0,1.75871456280572,7.89287567,1.94695512755549,3.37223866114127,27461.9764165315,5.13438987731934,58.0,5.64742380573939,78.7658536585366,0.0,97.1056976318359,4.371,50.3620036820409
Slovenia,SVN,2009,100.0,1.76138111297772,8.6420126,-0.694282375481298,-7.59058614046387,24501.7897290425,5.62079000473022,64.0,0.839262246793805,78.9707317073171,0.0,97.7083587646484,5.858,50.2439782050416
Slovenia,SVN,2010,100.0,1.81942536718625,8.63941956,0.667761282375457,1.11213719306735,23329.8417691156,5.59362983703613,70.0,1.80117022137138,79.4219512195122,0.0,98.0614013671875,7.236,50.1194862794826
Slovenia,SVN,2011,100.0,2.04087230966772,8.60054302,1.71085960342006,0.655438128379743,24940.6284841605,5.58290004730225,67.3399948092396,1.8028517194191,79.9707317073171,0.0,97.9861526489258,8.166,49.9463818748723
Slovenia,SVN,2012,100.0,1.82601354087255,8.79263687,0.072644638587861,-2.91553782040462,22442.1417859955,5.6702299118042,68.3499745287825,2.59741386039003,80.1243902439024,0.0,98.2142868041992,8.841,49.7619476318359
Slovenia,SVN,2013,100.0,1.8307708216806,8.84043884,0.217315881641324,-0.823776417691676,23236.9655321695,5.46767997741699,72.6756,1.76920085881897,80.3219512195122,0.0,98.6006774902344,10.103,50.0466580754027
Slovenia,SVN,2014,100.0,1.82135489758977,8.58487225,2.05875310395561,2.76283327639742,24013.0682060959,5.34328985214233,71.5862515855601,0.199343826570844,81.0780487804878,0.0,98.5871734619141,9.668,50.983470916748
Slovenia,SVN,2015,100.0,1.97361186480213,8.57742882,4.05096848349793,2.39330621338168,20697.2748530619,4.95528984069824,73.0986599745829,-0.525552285820783,80.7756097560976,0.0,98.381591796875,8.962,53.6612160294144
Slovenia,SVN,2016,100.0,1.85129615497703,8.5691185,3.26541395278807,3.03441486663654,21447.8377796036,4.84419012069702,75.4985042610791,-0.0549995416705683,81.1756097560976,0.0,97.9815826416016,8.0,53.647274017334
Slovenia,SVN,2017,100.0,1.69303673263207,8.2588892,2.4842141360232,5.17440215579958,23303.077705959,4.82381010055542,78.8854263554775,1.42910743319306,81.0292682926829,0.0,98.1781311035156,6.564,55.2451133728027
Slovenia,SVN,2018,100.0,1.99134296260198,8.35228634,2.86489909951597,4.37908347331195,25888.0481065655,4.97948980331421,79.7499765956562,1.7386086198818,81.3780487804878,0.0,99.4630966186523,5.108,55.1913430955675
Slovenia,SVN,2019,100.0,1.77040651705792,8.56564522,3.99098612082388,3.50525332381912,25814.1687167572,4.93479013442993,83.1083578026717,1.63052260754335,81.5292682926829,0.0,99.8418197631836,4.446,55.4523277282715
Slovenia,SVN,2020,100.0,1.89729714128329,9.48984432,0.948340847721794,-4.08500094942896,25392.0651093612,5.41901016235352,86.60130109,-0.05485681576061,80.5317073170732,0.0,100.231536865234,4.971,55.384391784668
Slovenia,SVN,2021,100.0,1.51147755118796,9.52724361,3.60613978687237,8.41686457725321,29192.8401933019,5.39167022705078,89.00399524,1.91706506089269,80.6756097560976,0.0,99.7762680053711,4.744,55.3046289429588
Slovenia,SVN,2022,100.0,1.62480238565618,9.62683296,3.64010857871706,2.66850555542486,28360.3041467268,5.28065013885498,88.91248552,8.83369886749452,81.2829268292683,0.0,100.639137268066,4.011,55.3377817873563
Solomon Islands,SLB,2005,19.2,31.2455081834652,9.01794529,0.099144118861877,7.35907917681935,1144.49233397681,4.62330484390259,0.844299972,7.33066341633299,67.79,62.2,98.3559722900391,6.762,17.6001415877737
Solomon Islands,SLB,2012,42.9,33.3378659699208,4.88045692,2.01494633587355,2.46591837712438,2066.25738638356,4.62330484390259,6.997399807,5.91200602491155,68.961,40.3,110.128024198969,6.762,21.3906964219987
South Africa,ZAF,2005,80.8,2.08511798972012,6.86216164,2.25781874505445,5.27705197295467,5836.87663325127,4.5245099067688,7.48854252992921,2.06285308223427,53.914,40.7,97.5326766967773,29.122,59.8241758378997
South Africa,ZAF,2008,81.9,2.57248876696489,7.14832258,3.12686614310453,3.1910438863288,6184.75474328399,4.37424993515015,8.43,9.90998456005467,55.982,37.0,102.36882019043,22.407,61.7692983894896
South Africa,ZAF,2010,82.8,2.10778749314158,7.79358244,0.884904611686012,3.03973288127956,7973.47195771517,5.13496017456055,24.0,4.06749555950263,58.886,27.8,103.439766353826,24.683,62.6299120560569
South Africa,ZAF,2014,85.9,2.12574854869936,7.87136555,1.51932743753979,1.41382645223793,6856.73137092522,5.48977994918823,49.0,6.13282953059149,63.184,27.9,104.198023633162,24.89,63.1352327065742
South Africa,ZAF,2022,86.5,2.60577484985618,8.74512291,2.26670277731613,2.05813661692193,6534.24867783397,6.15599012374878,78.29319763,7.03987272546482,65.454,17.4,102.402386766287,33.268,63.4766699210327
South Sudan,SSD,2009,3.0,5.22004160956288,7.11813641,3.0165221032062,5.04164187983342,1323.22068747862,4.62330484390259,55.2499968797194,5.00627361534047,56.848,44.9,101.2539710998535,6.762,17.2937284639317
South Sudan,SSD,2016,5.3,4.98083656431146,7.11813641,3.0165221032062,3.485806292299725,8254.86859320357,1.56539228959694,3.5,379.999585624026,36.72,76.5,101.2539710998535,6.762,19.0769476614377
Spain,ESP,2003,100.0,3.42077756723389,7.59223175,3.41488423629312,2.9392895953076,21522.0170990262,4.17126989364624,39.93,3.03888839396661,79.619512195122,0.9,105.158348083496,11.283,76.709335590859
Spain,ESP,2004,100.0,3.11780935959045,7.68447876,2.39691740423512,3.1145314799161,24925.0267844576,4.15485000610352,44.01,3.03924881090924,79.8707317073171,1.0,105.000923156738,11.09,76.9549627547133
Spain,ESP,2005,100.0,2.75836581828682,7.77807474,2.44941913037175,3.5512255846125,26450.9530130382,4.14090013504028,47.88,3.36881409750383,80.1707317073171,0.9,104.357879638672,9.146,77.2206801920294
Spain,ESP,2006,100.0,2.40075384884813,7.87072468,2.80982337619077,4.04343515605099,28421.686527407,4.17999982833862,50.37,3.51557576832123,80.8219512195122,0.9,103.610877990723,8.452,77.4968648783202
Spain,ESP,2007,100.0,2.4946614560374,7.96241188,4.7599135539395,3.53350013165972,32652.015594702,4.24615001678467,55.11,2.7867974580495,80.8731707317073,0.6,103.025680541992,8.232,77.7738937890987
Spain,ESP,2008,100.0,2.35367195478016,8.4290638,4.36076294618522,0.767165748290694,35603.248328071,4.51630020141602,59.6,4.0753433595734,81.1756097560976,0.6,102.449981689453,11.254,78.0421438998777
Spain,ESP,2009,100.0,2.24960158062983,9.1530304,0.505306851587762,-3.76813306940053,32279.8208476151,4.89520978927612,62.4,-0.287813083535241,81.4756097560976,0.9,102.095718383789,17.857,78.2919921861701
Spain,ESP,2010,100.0,2.41740898393438,9.16992569,2.51885825626411,0.0941223116369514,30658.7422282912,4.83606004714966,65.8,1.79986457728769,81.6268292682927,0.7,101.211227416992,19.86,78.5138156234888
Spain,ESP,2011,100.0,2.3625185975353,9.21749687,1.73938048405349,-0.639920636520344,31824.6219134777,4.71897983551025,67.0899993926581,3.19610188833792,82.4756097560976,1.3,100.813041687012,21.39,78.695397956495
Spain,ESP,2012,100.0,2.39776671776239,9.2189045,1.44631700014204,-2.86511368637748,28456.4438151477,4.46012020111084,69.8099999420024,2.44612782366809,82.4268292682927,1.0,100.473442077637,24.789,78.8455680301618
Spain,ESP,2013,100.0,2.60946207875576,9.13714981,3.4608559063245,-1.42732224757626,29228.846559842,4.32852983474731,71.635,1.40858109183009,83.0780487804878,1.3,103.246879577637,26.094,78.9858086902112
Spain,ESP,2014,100.0,2.52697678134345,9.1512289,2.31642230011085,1.52048593647231,29707.765509467,4.27524995803833,76.1867089778712,-0.151114837527235,83.2292682926829,0.9,102.77628326416,24.441,79.1196713833488
Spain,ESP,2015,100.0,2.72327046339292,9.17553329,1.97131692755332,4.06086672473866,25982.4416197775,4.24903011322021,78.6896318703515,-0.500365709903243,82.8317073170732,1.1,102.487281799316,22.057,79.2454892743023
Spain,ESP,2016,100.0,2.81522075003094,8.88084984,3.61722479660389,2.91515598595787,26755.6061149398,4.19327020645142,80.5613329432179,-0.202598000426358,83.3292682926829,1.3,102.526252746582,19.635,79.3615955277997
Spain,ESP,2017,100.0,2.80344676690393,9.0217495,2.54039212306223,2.89604207865007,28381.3425596906,4.17846012115479,84.6022457016524,1.95607633363954,83.2829268292683,0.8,102.921058654785,17.224,79.4663233085683
Spain,ESP,2018,100.0,2.70128254621885,9.07122517,4.46748509754483,2.39541124478878,30602.4212881113,4.15045022964478,86.107235525659,1.67498136863799,83.4317073170732,1.0,103.118812561035,15.255,79.5580057813361
Spain,ESP,2019,100.0,2.51980122994951,9.21539497,2.16052375036307,1.96117850841711,29786.5245689007,4.20255994796753,90.718665325267,0.699518994458648,83.8317073170732,0.9,103.661293029785,14.104,79.6349761108307
Spain,ESP,2020,100.0,2.78468031745976,10.79479218,2.92165980781023,-10.9400706350371,27233.9426461608,4.85118007659912,93.20564892,-0.322753017299649,82.2317073170732,1.1,103.884178161621,15.532,79.6955674617799
Spain,ESP,2021,100.0,2.76824927112995,10.34419918,4.42272902452136,6.68314420473001,30799.4775937775,4.81316995620728,93.89752157,3.09313511976402,83.1780487804878,0.7,103.363586425781,14.914,79.7846242983598
Spain,ESP,2022,100.0,2.36964000049424,9.6799593,4.65609043363165,6.37031712129601,30319.4987196616,4.58553981781006,94.4855432,8.39057634118637,83.1341463414634,0.8,102.984786987305,13.033,79.9548794567814
Sri Lanka,LKA,2002,80.7,14.2793225360883,4.03715754,1.1882779089504,3.96467568513113,834.936014905338,4.62330484390259,1.05042270585318,9.55103167007251,72.271,20.7,100.614151000977,6.762,14.6107836754127
Sri Lanka,LKA,2006,82.0,11.3362802346632,3.85019565,1.6970072277349,7.66829190107919,1388.89739119932,4.62330484390259,2.53756612897332,10.0201836057035,72.825,12.2,94.2331619262695,6.476,15.4829275281105
Sri Lanka,LKA,2009,87.1,12.691971303497,4.05676842,0.960390452698523,3.53891205317842,2026.65939950702,2.05590009689331,5.868500233,3.46496322106074,70.298,7.8,92.6846313476562,5.853,16.7428136405592
Sri Lanka,LKA,2012,87.0,7.91028886801456,3.30659294,1.33591734742632,8.6321813769906,3327.77612404326,1.45343005657196,9.00039959,7.54291373239437,75.187,6.4,97.1213977626125,3.974,18.2617686748284
Sri Lanka,LKA,2016,97.5,7.26171847766503,3.61788416,1.01937184801285,5.05362488993089,4149.19189391879,3.22929000854492,22.19,3.9588884659307,76.136,3.8,96.9411621819868,4.242,18.9747679368162
Sri Lanka,LKA,2019,99.8,7.2562466999024,3.70119572,0.835367460265196,-0.220483886824823,4081.94772178134,4.62330484390259,32.02090073,3.52839358231811,76.698,2.7,95.4735034890634,4.67,19.4946326418437
St. Lucia,LCA,2015,99.0,2.15259095649537,4.57866001,8.42203722655325,0.101917836412952,10334.9860823918,3.88088011741638,57.26330185,-0.983600952696996,72.932,0.1,95.2710037231445,6.762,20.0204288176073
Sudan,SDN,2009,29.0,33.5066805707755,6.39496326,3.3441756822644,-2.76770436599138,1178.22180175781,2.02213001251221,55.2499968797194,11.256758706301,62.676,13.1,68.2343368530273,13.0,32.5774622972843
Sudan,SDN,2014,44.9,31.9000000019741,5.67619705,2.52698516017578,4.66137954229873,1275.43835449219,4.62330484390259,55.2499968797194,36.9066427863595,63.99,10.1,67.05712890625,6.762,33.7624582408117
Suriname,SUR,2022,99.0,7.29566179490095,5.93297768,6.70743268543142,2.40622235601218,6084.43876736445,3.43460841988051,55.2499968797194,52.446027276241,73.254,2.2,95.4135457093626,6.762,65.8985443115234
Sweden,SWE,2002,100.0,1.75199842361626,8.18597412,6.87493521047709,2.27772867861897,29957.7776664916,6.91077995300293,70.57,2.15848213589266,79.8463414634146,0.1,107.147102355957,4.965,84.1342508376823
Sweden,SWE,2003,100.0,1.71155063466856,8.31654263,1.79831756030611,1.88102769675844,37292.2419727801,6.79678010940552,79.13,1.92565534892383,80.0951219512195,0.4,107.762382507324,5.555,84.1954289653543
Sweden,SWE,2004,100.0,1.68061695988586,8.1428194,4.38300602347958,4.17958419343711,42758.0048564929,6.6729998588562,83.89,0.373659828721824,80.4975609756098,0.5,100.143241882324,6.693,84.2670710494849
Sweden,SWE,2005,100.0,1.1603186332537,8.15987301,5.30592267942897,2.79313782840156,43378.4077394363,6.51516008377075,84.83,0.453170852576138,80.5463414634146,1.1,100.282669067383,7.81,84.3499984741211
Sweden,SWE,2006,100.0,1.24032116770527,8.0421772,5.21921287841886,4.67607488877992,46531.3762240485,6.37277984619141,87.76,1.36021468627693,80.7487804878049,0.4,100.304191589355,7.066,84.4553200620359
Sweden,SWE,2007,100.0,1.43883024091711,7.9882226,9.41612400200535,3.22486814096095,53568.3057787832,6.18673992156982,82.01,2.21216883436733,80.9,0.5,100.05542755127,6.161,84.5906875454778
Sweden,SWE,2008,100.0,1.259569565252,8.22603607,8.05196630424181,-0.923113250067971,55817.1759726485,6.38263988494873,90.0,3.43704910602875,81.1,0.7,100.137687683105,6.235,84.7517366727063
Sweden,SWE,2009,100.0,1.13933399215134,8.77742958,2.06323507354771,-4.25561384207619,46707.6425044751,6.78425979614258,91.0,-0.494460544378051,81.3512195121951,0.5,99.485237121582,8.351,84.9341031919813
Sweden,SWE,2010,100.0,1.36161648243538,8.32384682,0.126859666003955,5.75076477579255,52542.5759090299,6.56318998336792,90.0,1.15798802715626,81.4512195121951,0.6,99.1634674072266,8.61,85.1334228515625
Sweden,SWE,2011,100.0,1.41167566441203,10.50179005,1.22329216394859,3.16388567406926,60379.4814599322,6.40655994415283,92.7699860554046,2.9611507382214,81.8024390243903,0.7,97.7859420776367,7.804,85.3600748880524
Sweden,SWE,2012,100.0,1.252545647128,10.834198,0.777373680569339,-0.414397702454409,57749.5615420853,7.57456016540527,93.1799880065108,0.888377506923735,81.7048780487805,0.5,99.5537185668945,7.976,85.6250668883122
Sweden,SWE,2013,100.0,1.23062537056738,10.9872179,0.2546975094246,1.13766671801426,60843.9888799369,7.6465802192688,94.7836,-0.044292970148682,81.9560975609756,0.7,118.135437011719,8.052,85.9249771259894
Sweden,SWE,2014,100.0,1.25159385276156,11.07212639,-1.0454392642501,2.29577238758284,59583.4584491714,7.62924003601074,92.5236065037579,-0.179638494114635,82.2536585365854,0.5,118.02986907959,7.954,86.2563838747314
Sweden,SWE,2015,100.0,1.30311590626755,10.93069172,1.94926707461038,4.38824673608589,51188.1652120493,7.49442005157471,90.6101966398616,-0.0467847449832812,82.2048780487805,0.6,119.62419128418,7.432,86.6158654081858
Sweden,SWE,2016,100.0,1.2811871059035,10.95692444,3.01534061830454,2.13117914731151,51703.5088332851,7.63991022109985,89.6509476102355,0.984269244577992,82.3073170731707,0.4,121.448799133301,6.99,87.0
Sweden,SWE,2017,100.0,1.32101626320131,10.94730949,4.54156677126576,1.88282184966646,53210.2233318965,7.63849020004272,93.0062669652127,1.79449904665599,82.409756097561,0.3,122.896057128906,6.718,87.237373786911
Sweden,SWE,2018,100.0,1.25008450476649,11.09132671,-0.129928906336359,1.7702553546772,54018.4554391861,7.69825983047485,89.2469631588137,1.95353530127028,82.5585365853659,0.9,123.754661560059,6.365,87.4737430925296
Sweden,SWE,2019,100.0,1.25718377928626,10.93444347,2.9559286166832,2.60823012869524,51648.9892820514,7.66307020187378,94.4934434072202,1.78415097403835,83.109756097561,0.4,120.596801757812,6.833,87.7088420242759
Sweden,SWE,2020,100.0,1.19622450679304,11.42458725,3.36375559523307,-1.93379704032216,52568.5726980146,7.95333003997803,94.53943122,0.497367318853572,82.3560975609756,0.5,119.500106811523,8.291,87.9424046895699
Sweden,SWE,2021,100.0,1.15942751247748,11.23013592,9.17868162234424,5.2258643028773,60647.5416365347,7.60224008560181,94.6703163,2.16319736447143,83.0560975609756,0.6,117.347633361816,8.803,88.1741651958315
Sweden,SWE,2022,100.0,1.23876992958721,10.85505676,9.35228228785513,1.25543620445816,54836.8907235124,7.31909990310669,95.00970335,8.36929098869189,83.0585365853659,1.3,116.425392150879,7.417,88.4038576504809
Switzerland,CHE,2002,100.0,0.929053938229138,9.88000107,2.63053078099282,0.380410134195273,43094.2492848494,5.17882013320923,61.4,0.642711506543278,80.3853658536585,0.0,104.001480102539,2.924,73.4195324136588
Switzerland,CHE,2004,100.0,0.93271953434793,10.22576523,1.73644742922473,2.58692895529093,55349.6164595028,5.3142900466919,67.8,0.802908730955226,81.0878048780488,0.1,104.152870178223,4.316,73.4761317507392
Switzerland,CHE,2006,100.0,0.74902602666042,9.5802002,11.9904120847301,4.13432251467916,59910.293405504,4.84120988845825,75.7,1.05950928324805,81.490243902439,0.1,104.123817443848,3.995,73.5115823179813
Switzerland,CHE,2007,100.0,0.770668450694314,9.41693783,9.75729400131519,3.98319384807056,66082.1233977532,4.58396005630493,77.2,0.732350603122236,81.7414634146342,0.1,103.956550598145,3.641,73.5283795081459
Switzerland,CHE,2008,100.0,0.781886159727224,9.53167725,0.5204308601517,2.53159615417233,75147.5376709155,4.75724983215332,79.2,2.42604117060157,81.9926829268293,0.1,104.087661743164,3.35,73.5482927401305
Switzerland,CHE,2009,100.0,0.721425305061788,10.1415062,8.45520486310627,-1.93490944903913,72788.2049524379,4.92561006546021,81.3,-0.480481936423305,82.0439024390244,0.0,103.63484954834,4.109,73.5741230920283
Switzerland,CHE,2010,100.0,0.660915423473041,9.9907856,2.8968438323572,3.26063082122047,77956.1262043942,4.80210018157959,83.9,0.688238707219975,82.2463414634147,0.1,103.392906188965,4.808,73.6086716419323
Switzerland,CHE,2011,100.0,0.676018757141646,10.10393143,2.85527784754459,1.40766067483813,91910.3964565203,4.85663986206055,85.1930281804854,0.2313492076509,82.6951219512195,0.0,102.482177734375,4.409,73.65058748615
Switzerland,CHE,2012,100.0,0.633709414014706,10.33511066,5.72352684333341,1.12413575027705,87269.5594780124,4.89862012863159,85.2,-0.692552018105163,82.6975609756098,0.0,102.130638122559,4.491,73.7522629583622
Switzerland,CHE,2013,100.0,0.660494448808131,10.59444523,-3.46803774147053,1.83612392927999,88851.2374497983,4.91392993927002,86.34,-0.217323155115673,82.7975609756098,0.0,102.437759399414,4.747,74.1121384785551
Switzerland,CHE,2014,100.0,0.704200947707509,10.6751194,2.83378237216102,2.54342347675991,90511.6484558843,4.93057012557983,83.6172512621702,-0.0132025387515946,83.1975609756098,0.0,102.470817565918,4.826,74.7402679059582
Switzerland,CHE,2015,100.0,0.616778703156649,10.97983074,17.0946761521558,1.45450336491099,85265.06205193,4.99560022354126,87.4790555978675,-1.14390867228178,82.8975609756098,0.0,102.15592956543,4.801,75.6044960143169
Switzerland,CHE,2016,100.0,0.654422804507368,11.20248795,24.4555901017489,1.91159094214852,83432.4111596314,4.98164987564087,89.1346877351392,-0.434618664285815,83.6024390243903,0.0,101.902526855469,4.918,76.6726675773771
Switzerland,CHE,2017,100.0,0.63541491743859,11.37471581,20.7708262545671,1.42034612231261,83610.248611484,5.01765012741089,89.6861476710225,0.533787839825876,83.5512195121951,0.0,101.83332824707,4.797,77.9126273688843
Switzerland,CHE,2018,100.0,0.631437161415847,11.19891071,-21.8417322340093,3.32743256101493,87002.3382293532,4.9300799369812,91.80000305,0.936335464113572,83.7536585365854,0.0,101.837242126465,4.713,79.2922201625844
Switzerland,CHE,2019,100.0,0.642940291854216,11.42588997,3.03579308743079,1.11532187197474,85872.9702303454,5.01438999176025,93.1460869535177,0.362886179940674,83.9048780487805,0.0,101.593048095703,4.394,80.7792907322229
Switzerland,CHE,2020,100.0,0.696554620330853,11.98960876,-31.5520454460584,-2.2552579425106,87529.7016394892,5.27676010131836,94.34999847,-0.725874933313403,83.0,0.1,101.731712341309,4.817,82.3416838515457
Switzerland,CHE,2021,100.0,0.61398916783592,11.95855618,-14.366241892487,6.17622836050151,96582.8687080693,5.02535009384155,95.56937154,0.581814168489856,83.7512195121951,0.0,101.478240966797,5.013,84.2006477608879
Switzerland,CHE,2022,100.0,0.59797791296259,11.59911823,-1.44605128264693,3.53430286842426,97809.095567203,4.86427021026611,96.45279694,2.83502798644451,83.6048780487805,0.2,101.363067626953,4.122,84.9206266284521
Syrian Arab Republic,SYR,2003,92.6,24.6554759380094,5.13501024,0.732998623113997,0.590781711933914,1220.179077256,6.48086023330688,3.39797261356623,5.79682944905841,72.188,0.5,113.06861114502,10.279,53.1024010548332
Syrian Arab Republic,SYR,2006,99.5,21.4567815802916,3.79620314,1.95248771023816,5.04600280095076,1718.78469956591,5.27966022491455,7.832600117,10.0241105377571,73.04,0.0,116.517631530762,8.168,54.059770380523
Syrian Arab Republic,SYR,2009,91.1,22.7950178570023,3.57431221,4.74859831098406,5.91229460524147,2462.20127278738,5.13012981414795,17.3,2.92089711805367,73.496,0.0,115.827239990234,8.141,55.0293653833552
Syrian Arab Republic,SYR,2022,89.0,42.8517272820162,3.3840971,3.0165221032062,-0.20247264200475,1056.78264718197,4.62330484390259,55.2499968797194,3.03924881090924,72.79,18.0,72.1296768188477,6.762,72.6124992370605
Tajikistan,TJK,2003,100.0,24.1945646238501,4.70218658,2.03493399294115,10.9999990780572,233.58124845289,2.42078995704651,0.0645837771508553,16.3034912049491,65.874,56.0,97.4546966552734,3.85,26.5331204386766
Tajikistan,TJK,2004,98.5,19.222350137013,4.79911184,13.1022122444311,10.2999989410117,305.745158587502,2.77203011512756,0.0774799071356825,7.14196508692253,66.604,37.2,96.8863906860352,7.398,26.5327772632159
Tajikistan,TJK,2007,98.6,19.4347255630877,5.54050112,9.67777994325544,7.80000011872161,516.997210618914,3.41326999664307,7.19761951797855,13.1491247062982,67.405,24.2,96.8137130737305,2.317,26.5315339938424
Tajikistan,TJK,2009,99.0,18.5520032964103,5.85579777,2.993500899093,3.90000114826496,664.795655734657,4.0983099937439,10.07,6.44823481066697,68.248,15.7,99.2148590087891,11.498,26.529186594207
Tajikistan,TJK,2015,98.0,21.5905747207608,6.90735912,5.48892076080458,6.01930331771186,956.916310930656,4.96774005889893,18.97999954,5.7145594964971,69.665,13.3,91.2645874023438,6.762,26.478832244873
Tajikistan,TJK,2021,99.6,22.4490805460825,8.37504482,0.94025522151091,9.39999955037523,896.748053372182,4.38253082077599,36.70560074,3.03924881090924,69.594,9.1,100.368730862382,6.762,26.1991525151375
Tajikistan,TJK,2022,100.0,22.9348537040845,7.62917423,1.62432287476597,8.00000033846364,1052.17949484894,5.39829770599001,48.91429901,3.03924881090924,71.562,8.9,99.9668886016055,6.762,26.1957126615618
Tanzania,TZA,2007,15.9,23.245488236772,6.88427973,2.66011088834969,6.76853520293716,543.198303222656,4.0334300994873,1.6,7.02551436974771,59.26,61.9,108.751991271973,6.762,26.0720614791471
Tanzania,TZA,2011,14.2,24.9768644460885,5.0559845,3.54720849735785,7.67215543486064,775.392761230469,4.57789905920015,3.200000048,12.6909694699162,61.618,51.5,95.0884666333147,3.474,28.865726405543
Tanzania,TZA,2018,34.9,27.868599477377,4.32775831,1.70440979499363,5.50267599384966,1023.10626220703,3.69962000846863,15.49069977,3.49445848856181,65.488,51.3,94.9840282240997,6.762,32.8287423010834
Thailand,THA,2002,91.0,8.6921781801026,3.334723,2.48815301889834,6.14903605210036,2089.75183111554,3.86491990089417,7.53125033488567,0.697308976625449,71.775,4.7,96.070182800293,6.762,34.0732781018222
Thailand,THA,2004,92.2,9.29111013904814,3.13893151,3.38947495269123,6.28934214285795,2641.56268717857,4.03088998794556,10.6773033237281,2.75914926231082,72.1,3.1,97.9626998901367,1.512,36.785516284484
Thailand,THA,2006,99.1,9.40199346621521,3.09970832,4.0212567065949,4.96781089246107,3331.32043511773,4.05038022994995,17.1607147169285,4.63747436011764,73.341,2.2,98.4360427856445,1.22,39.4424037014582
Thailand,THA,2007,94.1,9.3476847010693,3.19277525,3.28356939351343,5.43515169050809,3918.52817434581,3.60314989089966,20.03,2.24154095286802,73.779,1.3,97.8308029174805,1.176,40.7036878697821
Thailand,THA,2008,94.8,10.0724338253633,3.45933938,2.93824905393328,1.72569884866334,4309.13509292986,3.50850009918213,18.2,5.46848949649846,74.221,1.0,96.5354995727539,1.176,41.8954507430475
Thailand,THA,2009,99.0,9.78703375942043,3.61939645,2.27590224065624,-0.690618232300579,4135.43986952819,3.86193990707398,20.1,-0.845716092316721,74.669,0.8,93.5188827514648,1.489,42.9991311200422
Thailand,THA,2010,99.7,10.5221756369849,3.39009809,4.32320928209171,7.51339053261624,4973.86288823778,3.50846004486084,22.4,3.24758842443725,75.012,0.7,89.2488479614258,0.622,44.0018736622496
Thailand,THA,2011,99.3,11.5917917775207,3.56825495,0.667087644548593,0.840132083053334,5373.6232832898,4.80556011199951,23.669925618731,3.81191694558332,75.302,0.3,95.6526031494141,0.662,44.8048723557374
Thailand,THA,2012,99.1,11.5041001535767,3.5229404,3.24456444314608,7.24279620249642,5725.52802835463,4.53672981262207,26.46,3.00948610403357,75.59,0.4,96.4982681274414,0.579,45.373565813715
Thailand,THA,2013,99.4,11.3222153379773,3.45313334,3.79126450872817,2.68749556320556,6018.08244729255,4.12401008605957,28.94,2.18617704418967,75.96,0.2,97.1840591430664,0.249,45.8321343847773
Thailand,THA,2014,99.5,10.0889216151042,3.68448091,1.22145318013998,0.984468863619426,5801.1978916205,3.91917751852112,34.8860535783465,1.89455652481545,76.279,0.2,103.479377746582,0.576,46.3138799467897
Thailand,THA,2015,99.6,8.87272364786793,3.8522861,2.22468548959784,3.13404724911635,5688.85335397884,3.86397622727286,39.3161267365004,-0.898143410569433,76.563,0.1,103.333457946777,0.597,46.9521043776171
Thailand,THA,2016,99.9,8.47807696285562,3.93900609,0.843364340718618,3.43515771692182,5833.57715617098,3.76761756770937,47.5049656215909,0.186235191075453,76.769,0.1,104.941299438477,0.688,47.8801095551247
Thailand,THA,2017,99.9,8.40641258665047,3.85276842,1.81550260101987,4.1776810321001,6413.09182530343,3.46532147640365,52.8919293439676,0.664415139830893,76.989,0.1,101.863590810489,0.83,49.2311973571777
Thailand,THA,2018,99.8,8.20181926195524,3.87040329,2.71279835138662,4.22287028746071,7099.77650081458,3.19769395901619,56.8174809301456,1.06683487370758,77.19,0.1,102.013545184574,0.765,54.5843734741211
Thailand,THA,2019,99.9,8.1285680400948,3.78911877,1.01734877580041,2.11455779628278,7605.69657797759,3.02221411183282,66.6524194587528,0.705524801910317,77.197,0.1,103.012241063391,0.716,55.9266166687012
Thailand,THA,2020,100.0,8.70610471503835,4.35724688,-0.858310188764945,-6.09306312966953,6983.03412836245,3.15314171737183,77.84374066,-0.846087518861799,77.331,0.1,103.859900460568,1.099,57.2358779907227
Thailand,THA,2021,100.0,8.69539558179486,5.15399981,3.04112326260094,1.55858232076893,7055.18760721422,2.98212428478268,85.26956666,1.23104516549814,77.606,0.0,103.619796585158,1.215,58.5087776184082
Thailand,THA,2022,99.9,8.71589001488812,5.35471153,2.39157096115532,2.63784213566305,6910.00995211206,2.61187022798634,87.97724503,6.07589952842433,75.291,0.0,104.833004394528,0.94,59.742374420166
Timor-Leste,TLS,2007,36.6,29.9974170746473,5.64793253,1.60190408547442,10.2653884542201,540.154584237662,4.62330484390259,1.0,10.3009020174895,62.396,60.1,101.2539710998535,5.646,28.0011655196859
Timor-Leste,TLS,2014,62.4,21.0507074370281,7.59958553,2.3422913323763,4.47249846569638,1224.74957758801,7.51430988311768,17.5,0.726275016139465,65.027,44.0,127.791979258318,6.762,29.5463092024041
Togo,TGO,2006,27.9,16.9609148487036,4.30967808,2.75216144371014,2.65013209943473,596.249203137762,2.43236994743347,2.0,2.22897779414027,56.154,67.6,113.06999206543,4.229,35.795057579151
Togo,TGO,2011,39.7,19.8649717432319,4.38927078,13.4388023170829,5.82325622135289,834.14671980279,3.07750010490417,3.5,3.5635147290396,57.624,65.5,122.784071157596,1.982,37.9872305648732
Togo,TGO,2015,44.7,18.9218601496344,6.24738503,4.48026975109969,5.4680413807304,813.894676975085,3.71096992492676,7.119999886,2.58500390801595,59.23,61.7,125.602691931749,2.204,39.7162551272934
Togo,TGO,2018,50.0,19.6494784155019,6.16073656,-2.57457902571647,4.79518333086139,942.480774393154,4.09162998199463,15.5,0.927755426457183,60.608,35.3,117.836324490464,6.762,41.013328267781
Togo,TGO,2021,55.7,20.550806619999,5.6165967,-1.59478801736582,5.13562929064506,1076.29520076949,4.22702442483079,30.33839989,4.1862150652352,61.337,34.7,116.971385859009,6.762,42.3105904515122
Tonga,TON,2009,92.0,15.5131326816281,3.97380877,0.0790635732994994,-5.12917819150532,2914.23774004564,4.62330484390259,10.0,1.42685972070539,70.949,3.6,113.065528869629,6.762,23.3612068183251
Tonga,TON,2015,100.0,16.8506590508632,4.78137636,3.37347751536217,1.11374402398066,4123.90347238813,4.62330484390259,38.65129852,-1.05399831971283,71.851,4.0,117.3600552868,6.762,23.2434422818439
Tonga,TON,2021,100.0,16.5218701236255,7.06254101,0.0497755463114463,-0.934919892094683,4922.8015864044,5.162544372426,57.549,5.64051140636743,72.13,0.4,107.017315453717,2.111,21.258003897665
Tunisia,TUN,2005,99.2,9.16983114804996,5.14555788,2.20844919497596,3.4865455430439,3146.8260743927,6.4515700340271,9.655099869,2.01778641357144,73.712,5.9,109.876342773438,12.872,65.2340901739004
Tunisia,TUN,2010,99.5,6.846146170059,5.60950756,2.88814231758981,2.97113275066512,4291.86120891575,5.96306991577148,36.8,3.33897963601069,74.438,3.1,103.629150390625,13.049,66.6280059814453
Tunisia,TUN,2015,99.9,9.20589918732503,6.21339941,2.11999260597179,0.967834205635981,4014.94773686432,6.22044992446899,46.4999943435776,4.437371273215,74.875,0.7,106.851280212402,15.159,67.8807907104492
Tunisia,TUN,2021,99.9,10.0900379034943,7.34183979,1.16289301361367,4.73603648206102,3906.93926319391,6.67984656240779,68.31552226,5.706350208307,72.893,0.7,104.342628479004,6.492,69.3997523770568
Turkiye,TUR,2002,99.8,10.1712688801184,5.06227875,0.449376588359619,6.43550883793114,3591.08628982587,4.62330484390259,11.38,44.964120947985,72.605,7.6,107.681411743164,10.345,60.7385342729423
Turkiye,TUR,2003,99.8,9.77425990072158,5.01427698,0.539644361182156,5.79909321038525,4649.63668068586,4.62330484390259,12.33,21.6024384490573,72.906,10.0,104.261337280273,10.546,61.5845060653258
Turkiye,TUR,2004,99.7,9.30334217653319,4.9096446,0.679008638958041,9.92540551918624,5979.6054216148,4.62330484390259,14.58,8.59826168115262,73.223,6.6,104.270729064941,10.831,62.4388481173262
Turkiye,TUR,2005,99.7,9.1349746278064,4.89389706,1.97338571270823,9.11157745861635,7331.85429430255,4.62330484390259,15.46,8.17916036802008,73.51,6.5,104.605560302734,10.634,63.3302470273874
Turkiye,TUR,2006,99.7,8.06197674009426,5.14591694,3.60660172381881,7.06762607623939,7990.08251407245,4.62330484390259,18.24,9.59724212288446,73.804,4.8,104.943740844727,10.233,64.2873893939536
Turkiye,TUR,2007,99.7,7.41825141005247,5.23760796,3.21746696332257,5.10818513903604,9766.91734545294,4.62330484390259,28.63,8.75618090972632,74.129,4.0,105.445426940918,10.281,65.3389618154687
Turkiye,TUR,2008,99.7,7.38022403324347,5.21761751,2.56004537243285,0.920118221365883,10913.4079047769,4.62330484390259,34.37,10.4441283764885,74.38,3.3,102.862808227539,10.97,66.513650890377
Turkiye,TUR,2009,99.7,8.01952664747498,5.49438715,1.31290302296241,-4.88269401706633,9076.92472236977,4.62330484390259,36.4,6.25097663090626,74.679,3.0,101.92414855957,14.024,67.8401432171223
Turkiye,TUR,2010,100.0,8.90737962747164,5.02053452,1.16274364749147,8.54219848467686,10698.9699409757,4.62330484390259,39.82,8.56644420552976,74.964,2.8,104.570068359375,11.881,69.3471253941487
Turkiye,TUR,2011,100.0,8.1265846445357,4.6530509,1.91686136260632,10.9799625273598,11373.6355760885,4.22150993347168,43.065710430925,6.471879671151,74.823,2.0,105.751289367676,9.784,71.0028723528334
Turkiye,TUR,2012,100.0,7.658344974583,4.44444656,1.55241965245755,4.80762696633448,11776.7593362033,4.38721990585327,45.13,8.89156996512163,75.552,1.7,104.708396911621,9.21,73.7788680234324
Turkiye,TUR,2013,100.0,6.64997261417217,4.37099934,1.40962960980578,8.48825689298511,12635.5570016068,4.34479999542236,46.25,7.49309030547693,76.171,1.5,114.724349975586,9.717,78.5218368384696
Turkiye,TUR,2014,100.0,6.53828042868413,4.32517862,1.41530142282668,4.60079447270559,12209.3862327674,4.41256999969482,51.0373665521645,8.85457271364316,76.452,1.0,111.935722351074,9.912,83.6024850744433
Turkiye,TUR,2015,100.0,6.87689834308907,4.11690426,2.225752648523,5.80557386628684,11064.6494504662,4.30550003051758,53.7449791423583,7.67085364845885,76.539,1.3,107.29418182373,10.302,87.2167107972537
Turkiye,TUR,2016,100.0,6.26556196399699,4.28469229,1.58873607703875,3.32366508200445,10984.3643169061,4.62773990631104,58.3477340145685,7.7751341532833,76.595,0.9,105.28328704834,10.905,88.1020958581776
Turkiye,TUR,2017,100.0,6.19642323537778,4.17974997,1.29532700760314,7.82585730002594,10756.3877677883,4.32369995117188,64.6846176835371,11.1443110840764,77.037,1.1,97.4918975830078,10.916,88.0320472717286
Turkiye,TUR,2018,100.0,6.00418639185492,4.12101603,1.57923380202967,3.46815306092219,9684.11819884721,4.29729986190796,71.0427608433809,16.3324638988929,77.454,1.0,100.931251525879,10.958,88.1655749576173
Turkiye,TUR,2019,100.0,6.6541535628227,4.35954332,1.22536076199392,1.30162365464503,9395.23378001368,4.44776010513306,73.9767022871511,15.1768215720022,77.737,1.3,103.962959289551,13.731,88.6618152857124
Turkiye,TUR,2020,100.0,6.89122590909685,4.61640215,1.02531493703228,1.80306247087255,8798.11791709313,4.03382015228271,77.6695605,12.2789574462574,76.525,1.1,103.296417236328,13.155,88.9303114965222
Turkiye,TUR,2021,100.0,5.70488171636816,4.56065559,1.50891969619413,11.811094450607,9981.76398411336,3.53787994384766,81.40843745,19.5964926913324,75.722,0.9,102.596397399902,11.979,89.1762048153239
Turkiye,TUR,2022,100.0,6.69360961922604,3.70338893,1.48839623728753,5.44122511322401,10897.8397861365,3.09571003913879,83.43716576,72.3088359891207,77.591,0.5,102.487701416016,10.432,89.0381164550781
Tuvalu,TUV,2010,96.7,26.2526592133255,16.21352577,1.40394280483796,-2.46826250374198,3054.96154183353,4.62330484390259,14.60000038,3.03924881090924,64.834,9.0,101.2539710998535,5.525,55.0541326559964
Uganda,UGA,2002,7.8,23.4334280026675,4.77136898,2.98852729237692,8.73268576440127,241.984688408335,4.62330484390259,0.384093504951945,-0.287508511765196,51.443,78.6,135.938568115234,3.5,12.202793574555
Uganda,UGA,2005,8.9,25.0749361336647,5.80516291,4.11082611076276,6.33256511623156,330.405402707025,4.62330484390259,1.742200017,8.44872642299532,54.926,72.4,121.473258972168,1.9,13.7907239496723
Uganda,UGA,2009,10.0,34.872859937466,5.78845549,3.3491615513943,6.80151734860395,798.947089938247,4.62330484390259,4.099999905,13.0172561889185,59.157,63.5,123.943656921387,3.6,17.6123523369348
Uganda,UGA,2012,20.5,27.177257747558,6.10853958,4.41438584859015,3.83745560605229,795.222867553127,1.79746997356415,4.800000191,12.6790377224659,61.579,56.2,113.70002746582,3.551,21.372369321253
Uganda,UGA,2016,26.7,22.6603227869887,5.01553297,2.1425304891559,4.78100029254482,752.696571725656,2.13789010047913,5.9,5.70637504616212,64.494,60.1,106.540283203125,6.762,25.6953567134098
Uganda,UGA,2019,41.3,22.9455088065564,3.79341364,3.68569218154174,6.43874503276439,822.171150036357,2.30828081242322,11.72579956,2.867588034469,66.354,59.8,101.2539710998535,2.563,27.8369781799403
Ukraine,UKR,2002,99.3,12.6032510741528,5.99220037,1.57657070830023,5.33964720719075,903.011901855469,5.24006986618042,1.87388511643427,0.75742084639286,67.699,6.3,127.055168151855,9.629,67.2672733350904
Ukraine,UKR,2003,99.3,10.4995403003371,6.54574108,2.73791628490563,9.51660986436364,1076.48156738281,5.4001898765564,3.14812758815439,5.17967781908315,67.638,3.2,99.2439193725586,9.057,67.419679868405
Ukraine,UKR,2004,99.4,10.4370371199069,6.16856956,2.55131815944331,11.7953525281136,1401.01806640625,5.12376022338867,3.4894778812677,9.04806786050888,67.472,2.8,98.8630523681641,8.59,67.5970968423685
Ukraine,UKR,2005,99.9,8.87530749467009,6.3461585,8.7495509827803,3.07123039245209,1875.33508300781,5.84819984436035,3.749799967,13.5695764909248,67.517,1.1,109.224052429199,7.18,67.8136046317755
Ukraine,UKR,2006,99.5,7.23906141043294,6.4171896,5.00872538573992,7.57142076322967,2366.494140625,5.97945976257324,4.50612456357379,9.05252491133248,67.49,0.7,103.984046936035,6.81,68.0293347798948
Ukraine,UKR,2007,99.8,6.28300133403275,6.01776791,6.8531805098082,8.21584445165715,3160.32763671875,5.90244007110596,6.55,12.8387796190181,67.715,0.5,102.665367126465,6.351,68.2102322372037
Ukraine,UKR,2008,99.8,6.53540152136768,5.49754429,5.68814936936009,2.24349159628288,4017.806640625,6.15242004394531,11.0,25.226461707384,68.262,0.1,101.713829040527,6.363,68.3752085755346
Ukraine,UKR,2009,99.9,6.90539595920772,6.60991716,3.9234187670663,-15.1364679101502,2607.08764648438,7.05074977874756,17.9,15.8811924594476,69.159,0.3,100.661819458008,8.84,68.5251442249547
Ukraine,UKR,2010,100.0,7.40220509822994,6.81387615,4.56840018285092,4.09200436668087,3039.63232421875,4.62330484390259,23.3,9.37293105078978,70.188,0.1,100.067630734888,8.1,68.637397133357
Ukraine,UKR,2011,100.0,8.15022183877887,6.81669855,4.256089748054,5.44528081048476,3656.69799804688,5.93769979476929,28.7082628400713,7.95572466274652,70.711,0.1,98.9314565375041,7.856,68.7234299826222
Ukraine,UKR,2012,99.9,7.76131248389414,7.11789227,4.47720109403357,0.152314967200653,3951.34228515625,6.44267988204956,35.27,0.568727971803862,71.09,0.1,97.1419917645414,7.529,68.8241983107739
Ukraine,UKR,2013,100.0,8.69230562102956,6.94358015,2.36694390135139,0.045439094492707,4129.89697265625,6.41987991333008,40.954128997,-0.238948626045407,71.474,0.1,96.3140767527901,7.17,68.9326288082226
Ukraine,UKR,2014,100.0,10.1546081548161,7.19506168,0.634438528402592,-10.0788949840953,3054.908203125,5.87491989135742,46.2359754571651,12.0718562874251,71.803,0.0,95.4720427707137,9.27,69.0554339301313
Ukraine,UKR,2015,100.0,12.0593761063371,7.78352833,-0.217508398305494,-9.7729872128676,2094.47387695313,5.33951727495092,48.8846436813218,48.6998646434424,72.686,0.3,87.8509930688999,9.14,69.1587317201337
Ukraine,UKR,2016,100.0,11.7257009089167,7.55205393,4.42178946686191,2.44098194492067,2158.46118164063,5.00976991653442,53.0009695981884,13.9127101997797,73.389,0.2,87.4091952779085,9.35,69.2102241609089
Ukraine,UKR,2017,100.0,10.1776550393512,7.44610357,3.28306130596563,2.35997228099491,2604.28759765625,5.41706991195679,58.8894794459775,14.4383227488749,73.993,0.1,88.2140898931621,9.5,69.2633108489282
Ukraine,UKR,2018,100.0,10.1395331070229,7.52051353,3.80086991777664,3.48836234022659,3059.0517578125,5.3199200630188,62.5531553933869,10.9518559353178,73.569,0.2,88.5728806539141,8.799,69.3157992777909
Ukraine,UKR,2019,100.0,8.96518101437243,7.09389353,3.76649676088543,3.19950386354134,3619.86157226563,5.44129991531372,70.1248442995263,7.88671745611133,73.92,0.2,90.6809653278847,8.194,69.3527648708735
Ukraine,UKR,2020,100.0,9.31015109807472,7.56217051,0.194103193490519,-3.75281793983162,3709.76928710938,5.38230991363525,75.03790912,2.73249209419427,73.283,0.0,91.1122134493007,9.475,69.3839100516745
United Arab Emirates,ARE,2013,100.0,0.631291108343877,3.50222182,2.3838227555723,4.9184505919085,53247.2278745159,4.62330484390259,88.0,1.1011183637571,81.95,0.0,101.2539710998535,6.762,83.9558135814626
United Arab Emirates,ARE,2018,100.0,0.705621193856789,4.09854221,2.35729206588897,1.53720634021511,47135.3478795605,4.62330484390259,98.4500017817194,3.06863379251997,82.449,0.0,105.675358079069,2.236,84.8601805824625
United Kingdom,GBR,2002,100.0,0.899764449050179,7.85946798,5.01305498138785,1.70902736258567,30158.7017807858,4.61190986633301,56.48,1.52040245947455,78.1439024390244,0.3,100.692192077637,5.037,80.1146062677742
United Kingdom,GBR,2003,100.0,0.831206604029142,8.05214596,1.74707721568844,3.21851612669614,34556.7726095905,4.8012900352478,64.82,1.37650038542013,78.4463414634146,0.3,100.598121643066,4.807,80.2331593332802
United Kingdom,GBR,2004,100.0,0.741442331384033,8.32219028,3.58303251413023,2.32601853325993,40504.4118103928,4.73555994033813,65.61,1.39039756680422,78.7463414634146,0.3,105.93807220459,4.594,80.3423284929998
United Kingdom,GBR,2005,100.0,0.547158772249259,8.38108349,9.90268786448172,2.7906547174688,42240.2462987547,4.92975997924805,70.0,2.0891364902507,79.0487804878049,0.3,105.804710388184,4.884,80.4455938127627
United Kingdom,GBR,2006,100.0,0.575070361550119,8.53970814,7.4878491502754,2.18982132415704,44695.161023424,4.97648000717163,68.82,2.4556616643929,79.2487804878049,0.3,104.354072570801,5.472,80.5464353583991
United Kingdom,GBR,2007,100.0,0.553318266269432,8.76035309,6.74831602886359,2.93091133582351,50629.0799172887,4.9244499206543,75.09,2.38656150773327,79.4487804878049,0.3,103.104919433594,5.399,80.6483331957387
United Kingdom,GBR,2008,100.0,0.669821878060213,9.03295708,8.60551599075423,-0.0494116727402769,47652.4030691881,4.90972995758057,78.39,3.52140856342539,79.6,0.4,105.741943359375,5.748,80.7547673906116
United Kingdom,GBR,2009,100.0,0.680900728162344,9.83944035,0.598804602454409,-4.58740819226323,39009.3715547821,5.06263017654419,83.56,1.96173173560109,80.0512195121951,0.4,105.421241760254,7.683,80.8692180088478
United Kingdom,GBR,2010,100.0,0.565712301782542,9.78799534,2.67286674184503,2.26054460931586,39778.3220528565,5.69868993759155,85.0,2.49265472467065,80.4024390243902,0.3,105.673240661621,7.973,80.995165116277
United Kingdom,GBR,2011,100.0,0.704214809469773,9.79682636,1.00957357920277,0.851437739020326,42295.9273835322,5.57219982147217,85.3799985496322,3.8561124468282,80.9512195121951,0.3,105.026260375977,8.195,81.1359685592627
United Kingdom,GBR,2012,100.0,0.62478654917094,9.89332199,1.71895853790766,1.52826034721852,42688.3263728372,4.62330484390259,87.4799984242111,2.5732347965453,80.9048780487805,0.4,105.805061340332,8.279,81.2905667759508
United Kingdom,GBR,2013,100.0,0.640890919985333,9.99087143,1.94762104828418,1.71846961308464,43607.6636827371,5.52529001235962,89.8441,2.29166666666659,81.0048780487805,0.2,105.356399536133,7.752,81.4573768694887
United Kingdom,GBR,2014,100.0,0.737947357586346,9.97686195,1.90870445734316,3.16017351468152,47746.9810645521,5.60134983062744,91.6133009176453,1.45112016293279,81.3048780487805,0.4,100.012603759766,6.398,81.6355750750722
United Kingdom,GBR,2015,100.0,0.633552833586443,9.94044876,1.53903424150931,2.14040560033371,45256.040227057,5.55453014373779,92.0002998740234,0.36804684232536,80.9560975609756,0.3,100.21656036377,5.552,81.8243772295647
United Kingdom,GBR,2016,100.0,0.590496095532871,9.87085724,11.9998637298189,2.20652020635357,41258.5374285695,5.42795991897583,94.7758006318882,1.0084173681141,81.1560975609756,0.4,100.397789001465,4.909,82.0229991698295
United Kingdom,GBR,2017,100.0,0.606135163563991,9.70468903,4.64443540147576,3.02322219840339,40918.0520870944,5.45254993438721,90.4245504868553,2.55775577557747,81.2560975609756,0.4,100.803619384766,4.501,82.23065673273
United Kingdom,GBR,2018,100.0,0.563097756036101,9.79496574,-0.864867036878713,1.55133095078786,43704.3162296687,5.20438003540039,90.692008988783,2.29283990345938,81.2560975609756,0.4,101.355537414551,4.145,82.4465657551295
United Kingdom,GBR,2019,100.0,0.576929649470186,9.97954082,0.688204352262878,1.25629899760824,43160.6843971799,5.26116991043091,92.5166285497138,1.73810460086513,81.3691219512195,0.4,101.944190979004,3.657,82.6699420738913
United Kingdom,GBR,2020,100.0,0.683760683760684,12.10388088,5.77039185007421,-10.047896637362,40815.1255364787,5.43936014175415,94.81820132,0.989486703772491,80.331756097561,0.5,102.265762329102,4.518,82.9000015258789
United Kingdom,GBR,2021,100.0,0.698210493866494,12.08347321,3.20643815254935,8.5431118453255,47695.6491523474,5.90681982040405,96.19650269,2.51837109614213,80.6473170731707,0.4,102.243896484375,4.864,82.9886431523641
United States,USA,2002,100.0,0.973712301131986,13.99535275,1.01613965201918,1.70044733078285,37997.7424300242,4.62330484390259,58.7854038836952,1.58603162650601,76.9365853658537,0.9,101.2539710998535,5.783,79.5461039768657
United States,USA,2003,100.0,1.1210468251509,14.50557518,1.0221840098809,2.79560596378604,39490.3023903176,4.62330484390259,61.6971171244207,2.27009497336115,77.0365853658537,1.0,101.2539710998535,5.989,79.7773350255284
United States,USA,2004,100.0,1.26548334003973,14.55123138,1.74869094348654,3.84777169267127,41724.6411982614,4.62330484390259,64.7582564759896,2.67723669309172,77.4878048780488,1.1,101.2539710998535,5.529,79.9960936968363
United States,USA,2005,100.0,1.15050675283148,14.57946205,1.09166231632209,3.48354993710312,44123.3996470026,4.62330484390259,67.9681015,3.3927468454955,77.4878048780488,1.0,101.8740234375,5.084,80.1961581748464
United States,USA,2006,100.0,1.00948747512139,14.70878792,2.16033590475335,2.78453963674239,46301.9876485519,4.62330484390259,68.93119812,3.22594410070404,77.6878048780488,1.1,101.2539710998535,4.623,80.3713066436159
United States,USA,2007,100.0,1.07512389607238,14.91832542,2.39469075656401,2.0038583039496,48050.227412195,4.62330484390259,75.0,2.85267248150138,77.9878048780488,1.0,101.2539710998535,4.622,80.5153172872016
United States,USA,2008,100.0,1.05300030562235,15.20723629,2.30937838146355,0.113587247501258,48570.0594269601,4.62330484390259,74.0,3.839100296651,78.0390243902439,1.1,101.2539710998535,5.784,80.6219682896606
United States,USA,2009,100.0,0.960285754997542,16.20067596,1.11260018343609,-2.5765002366652,47194.9500893872,4.62330484390259,71.0,-0.355546266299747,78.390243902439,1.0,101.2539710998535,9.254,80.6850378350499
United States,USA,2010,100.0,1.02943688973818,16.19722366,1.75453192115262,2.69519258673525,48642.6312088213,4.62330484390259,71.69,1.6400434423899,78.5414634146342,1.1,101.2539710998535,9.633,80.6997744673366
United States,USA,2011,100.0,1.20055880447177,16.14000511,1.68911235141732,1.56440685205419,50024.8812320773,4.62330484390259,69.7294607619268,3.156841568622,78.6414634146341,1.1,101.2539710998535,8.949,80.6957554256024
United States,USA,2012,100.0,1.14932980065793,16.11975479,1.54020833064168,2.28911339009767,51708.3940614082,4.62330484390259,74.7,2.06933726526067,78.7414634146342,1.1,101.2539710998535,8.069,80.6837493386238
United States,USA,2013,100.0,1.31815003575389,15.95227051,1.70686814034716,2.11783009443471,53297.3862901595,4.62330484390259,71.4,1.46483265562717,78.7414634146342,1.1,99.455436706543,7.375,80.660889281215
United States,USA,2014,100.0,1.16824049198161,16.1415844,1.43033863092168,2.52381981757846,55153.3940182967,4.62330484390259,73.0,1.62222297740817,78.8414634146341,1.3,99.6733779907227,6.168,80.6242231779766
United States,USA,2015,100.0,1.02890409132672,16.40155411,2.79548220201356,2.94555045227337,56849.4697923159,4.93064022064209,74.5542024462761,0.118627135552451,78.690243902439,1.2,100.299911499023,5.28,80.5707989535091
United States,USA,2016,100.0,0.937140437714336,16.69203949,2.52268117379751,1.81945147909089,57976.628204291,4.78327989578247,85.5444212887222,1.26158320570536,78.5390243902439,1.2,101.362861633301,4.869,80.4976645324131
United States,USA,2017,100.0,0.940362226343714,16.63827515,1.94177554246862,2.45762230126449,60047.7190728307,5.09296989440918,87.2748891687657,2.13011000365961,78.5390243902439,1.3,101.821441650391,4.355,80.4018678392891
United States,USA,2018,100.0,0.898498260790929,16.51312637,1.03945408799819,2.96650506701943,62875.6661382728,4.89502000808716,88.498903165152,2.44258329692817,78.6390243902439,1.1,101.256561279297,3.896,80.2804567987377
United States,USA,2019,100.0,0.83262086291437,16.54486084,1.46696501417689,2.58382533052225,65227.9565911038,4.95746994018555,89.4302848575712,1.81221007526021,78.7878048780488,1.0,100.981300354004,3.669,80.1304793353594
United States,USA,2020,100.0,0.934873150907349,18.51597404,0.641236014628299,-2.081375977796,64465.2971415748,5.39530992507935,90.34470367,1.23358439630629,76.9804878048781,0.4,100.305793762207,8.055,79.997451762548
United States,USA,2021,100.0,0.942961672907101,17.35207748,2.01451214498067,6.15202247867526,71441.2319805947,5.42038011550903,91.2684021,4.69785886363742,76.3292682926829,0.3,98.3054885864258,5.349,80.0074765140272
United States,USA,2022,100.0,4.98083656431146,16.52875137,1.60006208497274,2.52421385073222,78008.6895811877,4.62330484390259,92.72850037,8.00279982052121,77.4341463414634,1.4,96.9717330932617,3.65,80.0324978239707
Uruguay,URY,2002,97.8,7.52965904535852,9.64023018,1.32180928215272,-7.73200721540044,4149.76140312687,2.32220005989075,11.4194701966853,13.9724725913515,74.979,1.1,111.093246459961,16.648,91.4886084712534
Uruguay,URY,2003,97.9,9.63878300629108,9.57667351,3.34326299269857,0.805283915893824,3671.12329256883,2.0682098865509,15.9371367159756,19.3797301743995,75.086,1.5,111.055969238281,16.661,91.6260094228609
Uruguay,URY,2004,98.0,10.9967908719866,8.26618195,2.57711736584849,5.00416035564457,4168.66065438387,2.49954009056091,17.0630983403661,9.15760507540997,75.319,1.7,111.088363647461,12.98,91.8009434091917
Uruguay,URY,2005,98.0,8.74583674336276,7.72390509,4.76089085880271,7.4601321302473,5284.25677987129,2.71476006507873,20.0881895579305,4.6992773903564,75.829,1.5,110.983726501465,12.009,92.0812710048572
Uruguay,URY,2006,98.5,8.91384522998833,7.70998907,7.64053554410063,4.09857735445401,6001.33294783172,2.85664010047913,29.39999962,6.39764974385131,75.888,1.0,111.688217163086,10.844,92.4845482788191
Uruguay,URY,2007,98.7,8.49936418864264,7.46167231,5.70951115694377,6.54151084504817,7222.05403645877,4.62330484390259,34.0,8.11464561179313,76.15,0.7,111.181259155273,9.403,92.9603688038713
Uruguay,URY,2008,98.8,9.16892403649034,8.09081745,6.88302281006264,7.17614466455107,9423.96562595893,4.62330484390259,39.3,7.87707374730888,76.275,0.4,110.917297363281,8.025,93.45975578621
Uruguay,URY,2009,99.1,7.88699609562802,7.91611385,4.89964589428753,4.24349419462426,9881.39573127081,4.62330484390259,41.8,7.06221874388574,76.67,0.4,110.820098876953,7.74,93.9337324320314
Uruguay,URY,2010,99.3,7.20206450749149,7.87757301,5.22300143125049,7.8034096507169,12641.0576849008,4.62330484390259,46.4,6.69870886978132,76.691,0.3,109.976485423214,7.158,94.3333219475319
Uruguay,URY,2011,99.2,8.82916199856249,7.91521358,5.34359480768242,5.16213302463606,15132.2675725587,4.14937019348145,51.4046610563616,8.0928320630299,76.614,0.2,109.464016342435,6.307,94.6036824756941
Uruguay,URY,2012,99.6,8.12177248512393,8.03330803,11.7901578728278,3.53817872056869,16259.5940814256,4.09353338283242,54.453768680746,8.09776580573602,76.691,0.3,108.71352566009,6.451,94.7606597546186
Uruguay,URY,2013,99.6,7.61620062705491,8.0844841,1.60901257578737,4.63753862902416,18335.2594772322,4.23893022537231,57.69,8.57513504005397,76.953,0.3,108.655161774964,6.444,94.8844735142936
Uruguay,URY,2014,99.7,6.73546217242537,8.038908,6.6430584199945,3.23879122952364,18322.4276767157,4.26735019683838,61.4624951684405,8.87735333229828,77.194,0.2,108.393033302718,6.547,94.9897821210514
Uruguay,URY,2015,99.7,6.13144194290358,8.25703716,4.6342339444993,0.370741257681345,17125.9016800298,4.20636987686157,64.5707870971624,8.66626987079328,77.285,0.2,108.159318212376,7.488,95.0800002298303
Uruguay,URY,2016,99.7,6.67871972637662,8.63852501,-0.897082488190792,1.68979822971775,17009.7584207276,4.36420011520386,66.40000153,9.6394134763508,77.351,0.1,108.082291663033,7.841,95.1585424955685
Uruguay,URY,2017,99.8,5.40639556316395,8.71702194,4.13270730118374,1.74037649141989,19184.6626114272,4.41787004470825,70.3223543994698,6.2180938256186,77.618,0.1,107.146529019901,7.89,95.2288235732042
Uruguay,URY,2018,99.8,5.82386636841924,8.9001112,2.64222389301977,0.164777608846705,19249.9404677501,4.60361003875732,80.7268428795854,7.60653360377047,77.527,0.1,105.119927660277,8.336,95.2942581176758
Uruguay,URY,2019,99.9,6.50279444770078,9.240695,2.35703298196688,0.928351027546341,18315.7350377437,4.62834978103638,83.3515337667548,7.88198870879619,77.503,0.1,104.354154032747,8.836,95.3479309082031
Uruguay,URY,2020,100.0,7.20670354093992,9.08774948,1.81750761000671,-7.35732706897301,15757.5341990356,4.55217981338501,85.47100067,9.75640636078194,78.381,0.3,105.236604559537,10.413,95.3997650146484
Uruguay,URY,2021,100.0,7.73427066102582,8.91955471,8.50404500730576,5.84427325018082,17881.8119616753,4.46211004257202,87.64440155,7.74791402314762,75.434,0.2,107.99080657959,9.328,95.4497146606445
Uruguay,URY,2022,100.0,6.86639189064101,8.89015961,12.367138051104,4.60623000920732,21009.2883798725,4.4795298576355,89.87304314,9.10437983075437,76.468,0.2,108.822761535645,7.877,95.4977416992188
Uzbekistan,UZB,2002,99.7,30.1226812703015,5.14164925,0.674044441759953,3.97348819235708,381.409296889283,4.62330484390259,1.08193974248733,3.03924881090924,66.376,93.1,97.9825592041016,0.4,49.2574592650723
Uzbekistan,UZB,2003,99.5,28.4620073141,5.1882515,0.815041487200325,4.23262738154382,394.164028897235,4.62330484390259,1.91259517784997,3.03924881090924,66.852,93.3,97.2714996337891,0.002,49.9566881481443
Uzbekistan,UZB,2021,99.9,21.4018272914351,6.92742586,2.80927561208071,8.20448512353877,2370.36480555669,4.13580989837646,76.59043014,10.8492397508122,71.681,4.4,97.9289255849279,6.762,50.9269905090332
Uzbekistan,UZB,2022,100.0,20.3856963443599,6.61703825,2.81838908878173,6.08592335737373,2698.60262953369,5.23477171022152,83.90000012,11.4466436998836,72.147,4.4,93.9099780290139,6.762,50.9847412109375
Vanuatu,VUT,2010,44.1,19.5427410917595,3.52637076,9.40930036151551,1.25886720329254,2815.18828985779,4.62330484390259,8.0,2.76269469477348,69.57,25.7,122.730741733738,1.848,24.742504119873
Vanuatu,VUT,2019,64.5,22.8278897154211,3.49615431,4.97857435213258,3.27677257380314,3635.62344878185,1.77407002449036,55.2499968797194,2.76252019386111,70.783,19.5,125.506535236654,5.444,23.5024668917075
"Venezuela, RB",VEN,2002,99.8,0.0,7.11813641,0.819216932585212,-8.72641509433961,3652.09896501865,4.62330484390259,4.91044632720325,3.03924881090924,72.823,22.1,104.676307678223,16.171,88.4553810951083
"Venezuela, RB",VEN,2003,95.7,0.0,7.11813641,1.88111477594963,-7.75193798449614,3229.50557082079,4.62330484390259,7.49996346522407,3.03924881090924,72.056,27.1,102.77710723877,16.779,88.522274342774
"Venezuela, RB",VEN,2004,99.1,0.0,7.11813641,1.32412757366554,18.2072829131653,4269.08970872392,4.62330484390259,8.40446959241215,3.03924881090924,72.752,22.8,102.658088684082,6.762,88.5835546444319
"Venezuela, RB",VEN,2005,98.8,0.0,7.11813641,1.68369269808689,10.1895734597156,5432.4854184654,4.62330484390259,12.5529979098299,3.03924881090924,73.075,18.1,102.275398254395,10.663,88.638673298371
"Venezuela, RB",VEN,2006,99.3,0.0,7.11813641,0.107915126446007,9.89247311827957,6739.38065342218,3.66905999183655,15.2247114771787,3.03924881090924,72.972,9.7,102.063499450684,8.606,88.6870816028803
Viet Nam,VNM,2002,89.1,23.0294421776834,3.87075853,3.99268705133996,6.32082099160833,445.132861817313,4.62330484390259,1.85499923592581,3.83082838168468,73.138,43.3,109.35701751709,2.123,25.5540925665659
Viet Nam,VNM,2004,91.0,21.8076993514673,4.08791971,3.54408107288199,7.53641060890386,565.452284586212,4.62330484390259,7.64240852842363,7.75494748709606,73.062,30.9,106.744956970215,2.142,26.8021001307977
Viet Nam,VNM,2006,96.0,18.7267854535521,4.56979847,3.61600090432522,6.97795481056711,807.756645117054,4.62330484390259,17.2545617186662,7.41801715108469,73.293,23.7,103.91251373291,6.762,28.0458290558422
Viet Nam,VNM,2008,93.8,20.4131439246507,4.36028337,9.6630390545572,5.66177120891362,1163.83195772873,4.8867301940918,23.92,23.1154483474477,73.455,17.6,100.98104095459,6.762,29.2198330128693
Viet Nam,VNM,2010,97.4,15.3750906872381,5.07146072,5.4347392933443,6.42324482239482,1683.16182443979,4.04594993591309,30.65,9.20746648778413,73.611,5.2,100.919677734375,1.114,30.2504027258526
Viet Nam,VNM,2012,97.9,16.199507640393,5.00178242,4.27832287681174,5.5045447041189,2185.11767654291,4.40817022323608,36.79999924,9.09470339557193,73.762,3.7,102.054953695526,1.027,31.1222779403029
Viet Nam,VNM,2014,99.2,14.8803489262722,4.69078779,3.94086189051961,6.42224312118567,2546.38464459903,3.54012312110584,41.0,4.08455446637625,73.886,3.4,103.083557760139,1.256,31.9480269945454
Viet Nam,VNM,2016,99.2,13.8182553730866,4.86994743,4.90089302916746,6.69000892660424,2735.0604380416,3.46906995773315,53.0,2.66824816969082,73.984,2.5,105.947597481197,1.848,32.8476189285136
Viet Nam,VNM,2018,100.0,12.3066684310428,5.02678823,4.99828319622328,7.46500685572751,3222.31003125366,3.29537010192871,69.8479286837965,3.53962805942641,74.1,2.2,104.190504718464,1.161,33.9410227821412
Viet Nam,VNM,2020,99.8,12.6554035685556,4.33219814,4.55836196782424,2.86541320912272,3534.03953482647,3.21652900152514,70.30000012,3.22093436652515,75.383,1.3,102.847744602601,2.103,35.5706676299742
Viet Nam,VNM,2022,100.0,11.8802998248459,4.53809595,4.32947308910883,8.53750041218142,4147.69777213621,2.88738689372749,78.58999918,3.15650749963112,74.502,1.6,104.129392785949,1.57,37.5478515625
West Bank and Gaza,PSE,2004,99.5,11.1403184810237,11.37928772,0.445786535161087,21.9244861205987,1422.19088643544,4.62330484390259,4.40090482603223,3.00417498638593,71.094,1.8,93.6227035522461,23.215,78.9926422349822
West Bank and Gaza,PSE,2005,99.6,8.98999161090193,10.99557114,0.707064400959869,11.2906511829271,1543.70141392774,4.62330484390259,16.00499916,4.10725070715931,72.004,1.3,92.9911575317383,20.016,80.5172240645229
West Bank and Gaza,PSE,2006,99.7,11.3867958042743,10.50240231,0.347548940784922,-0.996556103477076,1570.10439962728,4.62330484390259,18.41,3.84234125624782,71.831,0.5,91.143928527832,19.014,81.7611786265942
West Bank and Gaza,PSE,2007,98.8,8.92583867806111,9.58784008,0.33694998022594,3.78828152085981,1664.24571669276,4.62330484390259,21.1760006,1.85974379351111,72.064,2.9,90.8438262939453,18.282,82.596126313073
West Bank and Gaza,PSE,2009,99.9,10.0213957975191,10.76468372,3.7160419011341,8.59349087893864,2191.78178736868,4.62330484390259,32.23,2.75393485083151,72.306,0.6,91.4870910644531,20.452,83.5050344815957
West Bank and Gaza,PSE,2010,99.9,9.00273717915612,9.10499382,1.85860711452246,5.77736205629419,2557.07562356699,6.19167995452881,37.40000153,3.74915727597096,73.302,0.6,92.4950752375136,21.416,83.8853491139676
West Bank and Gaza,PSE,2011,99.7,8.34249649118102,11.34622478,2.13515604683715,9.60080848913594,2880.79843707909,5.33527994155884,41.08000183,2.8772435849594,73.557,0.4,93.2215373459028,17.597,84.2340950604341
West Bank and Gaza,PSE,2016,100.0,7.60382722941306,9.0039854,1.92447798073354,8.86461881995935,3527.61382413178,4.98296022415161,59.90000153,-0.219106604907316,74.917,1.4,96.5069849798254,23.939,85.3377390706351
"Yemen, Rep.",YEM,2005,54.8,11.0932421339435,5.20585251,-1.80531053584597,5.59174807563268,734.159908450927,4.62330484390259,1.048599958,11.8112639374949,65.356,22.5,79.4165573120117,16.05,28.8523786558834
"Yemen, Rep.",YEM,2014,66.1,17.6765738204232,5.8377471,-0.539237328374498,-0.188690241954504,1430.16420964026,4.62330484390259,22.54999924,8.10472583623915,68.003,33.3,101.2539710998535,13.467,31.8626162180918
Zambia,ZMB,2002,17.4,15.361429938368,5.88845205,7.11494136195091,4.50601428032604,393.864625518616,4.62330484390259,0.477750906947484,22.2333446430947,48.461,68.0,83.1586837768555,6.762,36.0706035730014
Zambia,ZMB,2004,20.3,15.5809428822284,5.46587515,5.85168864010044,7.03239511515218,548.685974566277,2.46342992782593,1.1,17.9677891087286,50.54,68.9,102.254737854004,6.762,36.8035881130253
Zambia,ZMB,2006,24.1,13.2062710587766,5.5774231,4.82712872237458,7.90369444480079,1051.71714895686,4.62330484390259,1.600000024,9.01957247226486,52.693,72.0,114.722457885742,6.762,37.8392213204204
Zambia,ZMB,2010,22.0,9.42094610981773,4.13426876,8.53319643791576,10.2982233241213,1451.10616017155,3.41600445393739,3.0,8.50176133365265,56.896,71.4,109.873668045679,13.186,39.9558857709992
Zambia,ZMB,2015,31.1,4.98083656431146,4.42974281,7.44741668984243,2.92037511217961,1295.87788680068,4.62433004379272,8.8,10.1105928909618,60.728,67.9,103.413818253854,11.888,41.9555104679652
Zambia,ZMB,2022,47.8,3.09401583407622,5.21042967,-0.223286755156161,5.21122360356247,1447.12310138035,3.65884092023983,15.0,10.9932039209136,65.279,71.7,101.2539710998535,5.993,44.5988511178469
Zimbabwe,ZWE,2011,36.9,8.66645403643065,8.081707,2.44028634205117,14.1939156801139,1037.77565157218,4.62330484390259,8.399999619,3.4661297281749,53.911,35.7,101.2539710998535,5.368,32.7567295776968
Zimbabwe,ZWE,2017,44.0,7.24788152959223,6.17448902,0.601908067055593,4.73441117758482,3445.44941020134,4.62330484390259,24.39999962,0.893962316050027,60.263,44.7,94.3341728822186,6.762,34.7014953017273
Zimbabwe,ZWE,2019,46.7,22.7056524805476,3.23268151,0.748407181444125,-6.33244976028571,2184.52155388801,4.62330484390259,26.5883007,255.304990757856,61.06,49.2,93.4270967154238,7.373,36.1837638266364
