Country Name,Country Code,Series Name,Series Code,2002 [YR2002],2003 [YR2003],2004 [YR2004],2005 [YR2005],2006 [YR2006],2007 [YR2007],2008 [YR2008],2009 [YR2009],2010 [YR2010],2011 [YR2011],2012 [YR2012],2013 [YR2013],2014 [YR2014],2015 [YR2015],2016 [YR2016],2017 [YR2017],2018 [YR2018],2019 [YR2019],2020 [YR2020],2021 [YR2021],2022 [YR2022]
Afghanistan,AFG,GDP growth (annual %),NY.GDP.MKTP.KD.ZG,28.6000011706788,8.83227780288267,1.41411799339429,11.2297148272859,5.35740324748592,13.8263195471281,3.92498381999467,21.3905283926492,14.3624414710737,0.426354776777345,12.7522870926697,5.60074465863221,2.72454336219565,1.45131466066431,2.26031420279821,2.6470032027451,1.18922812944517,3.91160341625552,-2.35110067203466,-20.7388393676343,-6.24017199240269
Afghanistan,AFG,"Inflation, consumer prices (annual %)",FP.CPI.TOTL.ZG,..,..,..,12.6862687216715,6.78459655001655,8.68057078513406,26.4186641547444,-6.81116108898996,2.17853752389419,11.8041858089129,6.44121280934117,7.38577178397855,4.67399603536345,-0.661709164713742,4.38389195513915,4.97595150553833,0.626149149168847,2.30237251516834,5.60188791482224,5.13320340824963,13.7121023720065
Afghanistan,AFG,"Life expectancy at birth, total (years)",SP.DYN.LE00.IN,56.225,57.171,57.81,58.247,58.553,58.956,59.708,60.248,60.702,61.25,61.735,62.188,62.26,62.27,62.646,62.406,62.443,62.941,61.454,60.417,65.617
Afghanistan,AFG,"Government expenditure on education, total (% of GDP)",SE.XPD.TOTL.GD.ZS,..,..,..,..,..,..,..,..,3.4794499874115,3.4620099067688,2.60420989990234,3.45445990562439,3.69521999359131,3.25578999519348,4.5439600944519,4.34319019317627,..,..,..,..,..
Afghanistan,AFG,Individuals using the Internet (% of population),IT.NET.USER.ZS,0.00456139517022146,0.0878912528559713,0.105809030021958,1.22414808372471,2.10712364546412,1.899999976,1.84,3.55,4,5,5.454500198,5.900000095,7,8.260000229,11,13.5,16.79999924,17.60000038,17.04850006,16.51429939,15.86629963
Afghanistan,AFG,Current health expenditure (% of GDP),SH.XPD.CHEX.GD.ZS,9.44339085,8.94125843,9.80847359,9.94828892,10.62276554,9.90467453,10.25649548,9.81848717,8.56967163,8.56190777,7.89716864,8.80596447,9.52887821,10.10534763,11.81859016,12.62081718,14.20841885,14.83131981,15.53361416,21.50844383,23.0881691
Afghanistan,AFG,"Unemployment, total (% of total labor force) (national estimate)",SL.UEM.TOTL.NE.ZS,..,..,..,..,..,..,2.494,..,..,..,1.692,..,7.915,..,..,11.184,..,..,11.71,5.679,..
Afghanistan,AFG,"School enrollment, primary (% gross)",SE.PRM.ENRR,73.4013137817383,95.3357467651367,105.475051879883,99.50390625,102.284866333008,99.3228988647461,104.445137023926,99.7054214477539,103.48560333252,101.542083740234,106.575317382812,107.942840576172,109.829452514648,106.773551940918,106.784042358398,106.54354095459,107.687660217285,109.075309753418,..,..,..
Afghanistan,AFG,"Agriculture, forestry, and fishing, value added (% of GDP)",NV.AGR.TOTL.ZS,38.6278918638443,37.4188554431481,29.7210671376957,31.114854912062,28.6359685844686,30.1050113574013,24.8922700059742,29.2975010547259,26.2100685374552,23.7436639877543,24.390873626371,22.8106627361766,22.1370413719574,20.6343227166798,25.7403140364582,26.4201990834448,22.0428967527575,25.7739707394105,29.9755825210461,33.5976188725451,33.7014323213923
Afghanistan,AFG,Urban population (% of total population),SP.URB.TOTL.IN.ZS,18.9412480133309,19.1600346409089,19.3993593959593,19.7059095753667,20.1104530189181,20.5906579215423,21.1241481349633,21.6885475109053,22.2614799010924,22.8205691572485,23.3434391310979,23.8077136743646,24.1910166387726,24.4649118421568,24.6588345720126,24.8352821238871,24.9991645191406,25.1437258839803,25.2622103446137,25.3478620272481,25.3939250580909
Afghanistan,AFG,"Foreign direct investment, net inflows (% of GDP)",BX.KLT.DINV.WD.GD.ZS,1.30694987042884,1.27849325196424,3.577104200584,4.36867310434287,3.41377297323201,1.93570171391636,0.45536044478174,0.45188914562189,1.20311798981139,0.293025179616803,0.285440893554571,0.239801184405551,0.209664794672203,0.88400046336123,0.516606084523093,0.274796791572807,0.661572217787196,0.124495985291258,0.0649939571808755,0.144466946606861,..
Afghanistan,AFG,Poverty headcount ratio at $3.00 a day (2021 PPP) (% of population),SI.POV.DDAY,..,..,..,..,..,..,..,..,..,..,..,..,..,..,..,..,..,..,..,..,..
Afghanistan,AFG,GDP per capita (current US$),NY.GDP.PCAP.CD,178.954088379235,198.871115728727,221.763653873013,254.184249149336,274.218553561575,376.223152003876,381.73323802844,452.053705477043,560.621505463146,606.694676337726,651.417134470046,637.087099117099,625.054941813938,565.569730408751,522.082215583898,525.469770891619,491.337221382603,496.6025042585,510.787063366811,356.496214115892,357.261152798144
Afghanistan,AFG,Access to electricity (% of population),EG.ELC.ACCS.ZS,14.1,19,23.8,28.7,33.5,38.4,42.4,48.3,42.7,43.2,69.1,68,89.5,71.5,97.7,97.7,93.4,97.7,97.7,97.7,85.3
Albania,ALB,GDP growth (annual %),NY.GDP.MKTP.KD.ZG,4.62839587394552,5.33326426009945,5.26626173860785,5.13082193056189,6.0189812403864,6.50009261158209,6.90706230713707,2.69075152362146,2.97315442681247,2.46351683915714,0.984129880204108,1.7072283175406,2.24022695382642,2.2277040745779,3.90893551362245,3.28317593330073,3.67141928098908,2.06257790176122,-3.31375636888916,8.96957619074095,4.8268006234359
Albania,ALB,"Inflation, consumer prices (annual %)",FP.CPI.TOTL.ZG,7.77052583431551,0.484002611818503,2.28001916938099,2.36658195679795,2.37072831904284,2.93268248162317,3.32087090389275,2.26692209450826,3.6271009151748,3.42807130141501,2.03159268395296,1.93762080205223,1.62586504402614,1.89617402592356,1.27543168367423,1.98666133171194,2.02805963071135,1.41109078954242,1.62088661717021,2.04147163139545,6.72520271530059
Albania,ALB,"Life expectancy at birth, total (years)",SP.DYN.LE00.IN,75.299,75.557,75.951,76.427,76.994,77.691,78.248,78.509,78.414,78.303,78.084,77.995,78.029,78.358,78.643,78.9,79.238,79.467,77.824,76.844,78.769
Albania,ALB,"Government expenditure on education, total (% of GDP)",SE.XPD.TOTL.GD.ZS,3.00253009796143,3.03534007072449,3.1308000087738,3.20023989677429,3.10271000862122,3.14638996124268,..,..,..,3.17881310743026,3.29533986928598,3.53355002403259,3.18177734553254,3.41300010681152,3.91997003555298,3.54673004150391,3.08201370407389,3.8701798915863,3.32505011558533,3.00555992126465,2.72977995872498
Albania,ALB,Individuals using the Internet (% of population),IT.NET.USER.ZS,0.39008127343332,0.971900415195857,2.42038779776014,6.04389086404814,9.609999657,15.03610039,23.86,41.2,45,47,49.40000153,51.79999924,54.29999924,56.90000153,59.59999847,62.40000153,65.40000153,68.5503911218006,72.23767711,79.32371752,82.61367544
Albania,ALB,Current health expenditure (% of GDP),SH.XPD.CHEX.GD.ZS,5.59802675,5.84188986,5.82433939,5.6621623,5.56553745,5.85639858,5.44421673,5.75751925,6.16333199,6.11026192,6.08504725,6.20897436,6.35884142,6.38810158,6.65018797,6.50111914,6.59002447,6.78144073,7.46513748,7.35750389,7.53646231
Albania,ALB,"Unemployment, total (% of total labor force) (national estimate)",SL.UEM.TOTL.NE.ZS,4.615,15,14.43,6.566,13.8,15.966,13.06,13.674,14.086,13.481,13.376,15.866,18.055,17.193,15.418,13.616,12.304,11.466,11.639,11.474,10.785
Albania,ALB,"School enrollment, primary (% gross)",SE.PRM.ENRR,110.338920593262,107.598258972168,104.131721496582,107.016143798828,105.477783203125,103.488441467285,100.383003234863,100.923736572266,99.8618342722087,101.580273662891,102.067360891559,101.474954848321,105.770581813858,105.688652991606,105.324777401077,105.414970908323,104.568015324639,102.58954115148,100.020970049835,97.1075038284839,96.3712299304757
Albania,ALB,"Agriculture, forestry, and fishing, value added (% of GDP)",NV.AGR.TOTL.ZS,19.7639164696809,19.8076203314692,18.5630799913995,17.1247178955729,16.0415750334868,15.5325494481234,15.422100399492,15.2792217271528,16.3586081914252,16.7202229491786,17.5913685516371,18.924817420614,19.2377589164282,18.7471602773412,19.167190753497,18.079078214296,17.9155558179549,18.1603973706713,18.8061378649169,17.793224984541,16.9844754476574
Albania,ALB,Urban population (% of total population),SP.URB.TOTL.IN.ZS,43.1520419609419,44.0295089223208,44.9784925669394,45.9937666920583,47.0701050949378,48.2022815728384,49.3850699230207,50.6132439427449,51.8815774292716,53.2917382892465,53.8637553661449,54.2979678058548,54.7325813178673,55.1579291374894,55.5738734464276,55.980276426546,56.377000259892,56.7639071287255,57.1408592155544,57.5077187031778,57.8643477747383
Albania,ALB,"Foreign direct investment, net inflows (% of GDP)",BX.KLT.DINV.WD.GD.ZS,2.99003115858884,3.06868730168473,4.60782278585291,3.17899814544722,3.55321913781567,5.86740351847628,9.40665320050491,10.9068201480963,9.01744998049889,8.08329285826067,7.49597513325321,9.80035898039468,8.64846635716115,8.62740636982337,8.71147225448456,7.71411336285186,7.83109146132114,7.70621465029911,7.01865154497786,6.75791457973236,7.57934042905775
Albania,ALB,Poverty headcount ratio at $3.00 a day (2021 PPP) (% of population),SI.POV.DDAY,4.2,..,..,2.7,..,..,0.8,..,..,..,1.8,..,3.7,1.1,1.1,1.4,1,0.3,0.3,..,..
Albania,ALB,GDP per capita (current US$),NY.GDP.PCAP.CD,1479.83884572006,1908.69900687608,2446.90949947798,2741.72136549578,3057.77257038113,3743.05529896187,4498.50486763601,4213.65007574693,4149.14469936847,4465.70914328865,4280.93316338873,4542.92903556739,4793.59751131525,4199.53912925398,4457.63412207495,5006.36012951959,5897.65452588774,6069.43903131027,6027.91350716348,7242.45513146613,7756.96188744253
Albania,ALB,Access to electricity (% of population),EG.ELC.ACCS.ZS,99.4,99.4,99.4,99.4,99.4,99.4,100,99.6,99.6,99.7,99.9,99.9,100,100,99.9,99.9,100,100,100,100,100
Algeria,DZA,GDP growth (annual %),NY.GDP.MKTP.KD.ZG,5.40000000000001,6.50000000062043,4.49999999976698,5.39999999969525,2.89999999905852,3.10000000128674,2.49999999929371,1.19999999969519,4.80000000093564,2.99999999941909,2.40000000034432,2.60000000061164,4.09999999866501,3.20000000089023,3.90000000017621,1.49999999895587,1.40000000088281,0.899999999219148,-4.99999999908597,3.79999999900707,3.60000000094915
Algeria,DZA,"Inflation, consumer prices (annual %)",FP.CPI.TOTL.ZG,1.41830192345051,4.268953958395,3.96180030257187,1.38244656662118,2.31149918514424,3.67899574741699,4.85859062814939,5.73706036145628,3.91106195534028,4.5242115050527,8.89145091062317,3.25423910998847,2.91692692067458,4.78444700693889,6.39769480268757,5.59111590961664,4.26999020467084,1.95176821052892,2.41513094083414,7.22606307415477,9.26551551551553
Algeria,DZA,"Life expectancy at birth, total (years)",SP.DYN.LE00.IN,71.644,71.906,72.536,72.836,73.116,73.346,73.618,73.871,74.144,74.383,74.609,74.809,74.992,75.159,75.31,75.431,75.555,75.682,73.257,75.208,76.129
Algeria,DZA,"Government expenditure on education, total (% of GDP)",SE.XPD.TOTL.GD.ZS,..,..,..,..,..,..,4.11142015457153,..,8.6917709007891,9.12453448642892,7.02950889772261,6.65906035504841,6.54889841545277,6.17633014564047,6.50210843472458,5.73482350888796,5.8127512720176,5.57536563446523,6.19391724496515,5.51403281769924,4.74924673000603
Algeria,DZA,Individuals using the Internet (% of population),IT.NET.USER.ZS,1.59164126035832,2.19535973086144,4.63447508776537,5.843900204,7.37598495634886,9.45119062555304,10.18,11.23,12.5,14.89999962,18.20000076,22.5,29.5,38.20000076,42.94549942,47.69110107,49.0384680793271,55.79069901,63.47269821,72.21240234,74.78150177
Algeria,DZA,Current health expenditure (% of GDP),SH.XPD.CHEX.GD.ZS,3.44169641,3.32569361,3.29030514,3.1188612,3.18999887,3.62011433,3.98331022,4.89210796,4.64001417,4.82567501,5.63658524,5.64541769,6.01484108,6.33435678,6.00080872,5.9484539,5.9323926,5.41732121,5.63830757,5.02188873,3.63464284
Algeria,DZA,"Unemployment, total (% of total labor force) (national estimate)",SL.UEM.TOTL.NE.ZS,25.9,23.718,17.651,15.271,12.274,13.79,11.333,10.164,9.962,9.961,10.969,9.829,10.602,11.206,10.202,11.707,..,..,..,..,..
Algeria,DZA,"School enrollment, primary (% gross)",SE.PRM.ENRR,110.677276611328,111.387786865234,111.655128479004,112.398590087891,112.077087402344,112.334480285645,110.910949707031,113.491889953613,113.807026512965,112.733764527322,112.067747390185,112.336630248486,111.144837219297,109.584787441309,109.072307418092,108.062271942986,107.095121871029,106.067513980116,108.531941210547,104.739764213022,105.74715363116
Algeria,DZA,"Agriculture, forestry, and fishing, value added (% of GDP)",NV.AGR.TOTL.ZS,8.41302644785912,8.45671950735323,7.72217403415641,6.5592713699842,6.36600271426263,6.32601878401142,5.54975092049628,8.01121741497815,7.53171561491377,7.08352512171367,8.02697167412095,9.12007464194984,9.40707440856373,10.5327896965018,11.0683130545794,11.0318809304784,11.2438301354995,11.4791798857164,12.8341693887186,11.2354345605089,10.6470638553472
Algeria,DZA,Urban population (% of total population),SP.URB.TOTL.IN.ZS,61.3812658601162,62.1427907986812,62.9023132048725,63.6598541890144,64.4154348614309,65.1690763324461,65.901485871159,66.5097384559521,67.1235057867459,67.7344007507578,68.3421258553675,68.9463836079277,69.5468765157615,70.1433070861612,70.7353778263851,71.3227912436551,71.905249845153,72.4824561380175,73.0541126293395,73.6199218261573,74.1795862354514
Algeria,DZA,"Foreign direct investment, net inflows (% of GDP)",BX.KLT.DINV.WD.GD.ZS,1.73118897497205,0.868036712018978,0.962586875552012,1.07990333031143,1.49572335207526,1.1838181536619,1.46277344571787,1.82742164668261,1.29390467487817,1.17767329101171,0.660551953898791,0.736559065111634,0.628688968391006,-0.286832290676438,0.906300705997455,0.647902696344894,0.753576088552125,0.713947308015691,0.693816014772836,0.466728479682941,0.107187812155079
Algeria,DZA,Poverty headcount ratio at $3.00 a day (2021 PPP) (% of population),SI.POV.DDAY,..,..,..,..,..,..,..,..,..,0,..,..,..,..,..,..,..,..,..,..,..
Algeria,DZA,GDP per capita (current US$),NY.GDP.PCAP.CD,1937.46411413019,2283.77299346126,2816.99384960555,3233.13339634212,3660.66104745322,4167.45169937531,5180.91881514686,4235.42990456612,4912.78585503672,5916.31364364343,6033.64884689543,5979.60138960585,6094.69392314956,4685.05902729002,4424.98529027556,4554.66753957828,4577.21029180491,4468.45341883656,3743.5419522929,4160.55926736925,4960.30334332888
Algeria,DZA,Access to electricity (% of population),EG.ELC.ACCS.ZS,98.6,98.6,98.6,98.6,98.7,98.7,99.3,98.8,98.9,99,98.8,99.2,99.3,99.4,99.4,99.5,99.6,99.5,99.7,99.8,100
American Samoa,ASM,GDP growth (annual %),NY.GDP.MKTP.KD.ZG,..,0.965517241379317,0.409836065573771,-0.408163265306129,-4.09836065573771,1.85185185185186,-2.65734265734265,-4.16666666666666,0.299850074962521,0,-4.33482810164425,-2.5,1.76282051282051,3.14960629921259,-1.67938931297709,-6.98757763975155,2.6711185308848,-0.487804878048777,4.41176470588236,-0.782472613458523,1.73501577287065
American Samoa,ASM,"Inflation, consumer prices (annual %)",FP.CPI.TOTL.ZG,..,..,..,..,..,..,..,..,..,..,..,..,..,..,..,..,..,..,..,..,..
American Samoa,ASM,"Life expectancy at birth, total (years)",SP.DYN.LE00.IN,71.755,71.698,72.277,72.382,72.397,72.365,72.43,70.839,72.587,72.662,72.709,72.769,72.687,72.654,72.64,72.801,72.794,72.751,72.672,72.708,72.752
American Samoa,ASM,"Government expenditure on education, total (% of GDP)",SE.XPD.TOTL.GD.ZS,..,..,..,..,14.7170495986938,..,..,..,..,..,..,..,..,..,..,..,..,..,..,..,..
American Samoa,ASM,Individuals using the Internet (% of population),IT.NET.USER.ZS,..,..,..,..,..,..,..,..,..,..,..,..,..,..,..,..,..,..,..,..,..
American Samoa,ASM,Current health expenditure (% of GDP),SH.XPD.CHEX.GD.ZS,..,..,..,..,..,..,..,..,..,..,..,..,..,..,..,..,..,..,..,..,..
American Samoa,ASM,"Unemployment, total (% of total labor force) (national estimate)",SL.UEM.TOTL.NE.ZS,..,..,..,9.979,..,..,..,..,9.202,..,..,..,..,..,..,..,..,..,..,..,..
American Samoa,ASM,"School enrollment, primary (% gross)",SE.PRM.ENRR,..,..,..,..,..,..,..,..,..,..,..,..,..,..,..,..,..,..,..,..,..
American Samoa,ASM,"Agriculture, forestry, and fishing, value added (% of GDP)",NV.AGR.TOTL.ZS,..,..,..,..,..,..,..,..,..,..,..,..,..,..,..,..,..,..,..,..,..
American Samoa,ASM,Urban population (% of total population),SP.URB.TOTL.IN.ZS,88.4330093344384,88.2572251046343,88.0361455323111,87.7798357749499,87.4983609900321,87.2017863350389,86.9001769674517,86.6035980447517,86.3190673549669,86.0284991724475,85.7161174344451,85.3846465194761,85.0351448001542,84.668670649093,84.2862824389061,83.8890385422071,83.4779973316097,83.0542171797274,82.6240780620716,82.2127091544092,81.794797704649
American Samoa,ASM,"Foreign direct investment, net inflows (% of GDP)",BX.KLT.DINV.WD.GD.ZS,..,..,..,..,..,..,..,..,..,..,..,..,..,..,..,..,..,..,..,..,..
American Samoa,ASM,Poverty headcount ratio at $3.00 a day (2021 PPP) (% of population),SI.POV.DDAY,..,..,..,..,..,..,..,..,..,..,..,..,..,..,..,..,..,..,..,..,..
American Samoa,ASM,GDP per capita (current US$),NY.GDP.PCAP.CD,8972.69636535698,9197.66196836987,8958.42866697173,8831.26975996609,8745.16621137404,9231.37240924563,10030.8089130902,12156.0293905777,10375.1720141957,10383.459331451,11745.4899153958,11813.5022034589,12026.3344929488,12727.4102651386,12843.3342903627,11863.6839452565,12552.0546868861,12886.1359517218,14489.2586563775,15236.1604875571,18017.4589383973
American Samoa,ASM,Access to electricity (% of population),EG.ELC.ACCS.ZS,..,..,..,..,..,..,..,..,..,..,..,..,..,..,..,..,..,..,..,..,..
Andorra,AND,GDP growth (annual %),NY.GDP.MKTP.KD.ZG,4.54636221364653,8.69420371612468,8.13567633837351,5.39779598500422,4.80868869916921,1.55318814103222,-5.55918636850581,-5.30284654348291,-1.97495799965345,-0.00806975341139093,-4.97444371853503,-3.54759651549344,2.50446552114518,1.43414039522716,3.70967806978986,0.346071889630295,1.58876549046354,2.01554763848308,-11.1839399355384,8.28677879049404,9.56461225648184
Andorra,AND,"Inflation, consumer prices (annual %)",FP.CPI.TOTL.ZG,..,..,..,..,..,..,..,..,..,..,..,..,..,..,..,..,..,..,..,..,..
Andorra,AND,"Life expectancy at birth, total (years)",SP.DYN.LE00.IN,82.448,82.718,82.815,83.086,83.374,83.632,83.855,84.1,84.197,84.296,84.334,84.406,84.485,84.532,84.489,84.359,84.242,84.098,79.418,82.331,84.016
Andorra,AND,"Government expenditure on education, total (% of GDP)",SE.XPD.TOTL.GD.ZS,1.65971004962921,..,1.54411995410919,1.64497005939484,2.24489998817444,2.10469007492065,2.87392997741699,3.14292001724243,2.97662997245789,2.98706007003784,2.56577895521486,2.50616002082825,3.07420992851257,3.28034996986389,3.23707008361816,3.21708989143372,3.2467200756073,3.15060997009277,2.63213046553066,2.381921736037,2.64727997779846
Andorra,AND,Individuals using the Internet (% of population),IT.NET.USER.ZS,11.2604687170103,13.546412876439,26.8379543894637,37.6057662174867,48.9368469989479,70.87,70.04,78.53,81,81,82.69999695,84.40000153,86.09999847,87.90000153,89.69999695,91.5674670273926,93.5,90.71869659,93.20570374,93.89749908,94.05169678
Andorra,AND,Current health expenditure (% of GDP),SH.XPD.CHEX.GD.ZS,5.99621153,5.54293585,5.27989149,5.58296251,4.95078182,4.94078732,5.6787138,6.09363031,7.68835258,7.62052774,6.71966314,6.79758358,6.77313089,6.91368532,6.94162941,7.07158232,7.37781096,7.32238626,8.78462029,8.64671707,7.52135801
Andorra,AND,"Unemployment, total (% of total labor force) (national estimate)",SL.UEM.TOTL.NE.ZS,..,..,..,..,..,..,..,..,..,..,..,..,..,..,..,..,..,..,..,..,..
Andorra,AND,"School enrollment, primary (% gross)",SE.PRM.ENRR,100.146270751953,102.06999206543,99.0016326904297,89.721061706543,90.0249404907227,88.1872482299805,86.718147277832,84.7188034057617,84.648193359375,85.8956298828125,83.2157974243164,84.7323532104492,87.0263326910726,88.5957446808511,91.0415773681955,90.2031316123572,90.7088926174497,90.3239289446186,89.4271272114575,89.7379912663755,90.4656808651512
Andorra,AND,"Agriculture, forestry, and fishing, value added (% of GDP)",NV.AGR.TOTL.ZS,0.385887245890569,0.419117893036526,0.414741997881256,0.380576808035011,0.353522338328863,0.368796683946436,0.406917963904405,0.418928933319218,0.466508601972863,0.490560827241276,0.601164453935572,0.585558984254785,0.537623493009676,0.513420109683398,0.521999648433619,0.559538512516191,0.546367882815281,0.522633248415779,0.559442769715814,0.531844879169824,0.487491862156614
Andorra,AND,Urban population (% of total population),SP.URB.TOTL.IN.ZS,91.4605308311615,90.9887515425879,90.5157699584961,89.9563631945418,89.3789218918348,89.0500030517578,88.9407363930477,88.84433315185,88.7604726056609,88.6888340319763,88.6290967082924,88.5809399121053,88.544042920911,88.5180850122057,88.5027454634853,88.4977035522461,88.5080998493791,88.5391793666245,88.5907780427517,88.6627318165299,88.7548766267286
Andorra,AND,"Foreign direct investment, net inflows (% of GDP)",BX.KLT.DINV.WD.GD.ZS,..,..,..,..,..,..,..,..,..,..,..,..,..,..,..,..,..,13.3818111196322,9.4322892740376,14.5826583360123,17.5702304948555
Andorra,AND,Poverty headcount ratio at $3.00 a day (2021 PPP) (% of population),SI.POV.DDAY,..,..,..,..,..,..,..,..,..,..,..,..,..,..,..,..,..,..,..,..,..
Andorra,AND,GDP per capita (current US$),NY.GDP.PCAP.CD,26528.1301571494,34063.5784040571,39021.1278078772,40829.801878928,43467.210990395,48336.2283340364,49132.5157047203,43975.0183658196,42746.830952263,46657.1561204071,41500.5435782722,42470.3161158563,44369.6596894579,38654.9347217207,40129.8192026671,40672.9943362327,42819.774579353,41257.8045861543,37361.090067211,42425.6996761083,42414.0590111349
Andorra,AND,Access to electricity (% of population),EG.ELC.ACCS.ZS,100,100,100,100,100,100,100,100,100,100,100,100,100,100,100,100,100,100,100,100,100
Angola,AGO,GDP growth (annual %),NY.GDP.MKTP.KD.ZG,13.6656887610553,3.48731240097521,11.4198633904585,14.1547775343954,11.8418178757042,13.0026889457976,10.7866360496581,1.99558909788963,5.29366572819954,3.59386960240222,8.50312283866612,4.88306129688392,4.65572356315585,0.763177710914789,-0.233076954805284,-0.164688656961076,-0.506697543616156,-1.05523414494337,-5.27349128300007,1.09058369944815,3.55749206675667
Angola,AGO,"Inflation, consumer prices (annual %)",FP.CPI.TOTL.ZG,108.897436089429,98.2241436573304,43.5421067519687,22.953513851394,13.3052101780032,12.2514974459487,12.4758291326398,13.7302839288408,14.4696564932577,13.4824679218511,10.2779049218839,8.77781429332624,7.28038730361121,9.35597215533784,30.6944150806719,29.8444799015679,19.6289379701521,17.080954143438,22.271539247051,25.7542948841891,21.3552901320822
Angola,AGO,"Life expectancy at birth, total (years)",SP.DYN.LE00.IN,47.874,50.218,51.123,52.13,52.965,54.2,55.281,56.225,57.242,58.093,58.916,59.705,60.396,61.042,61.619,62.122,62.622,63.051,63.116,62.958,64.246
Angola,AGO,"Government expenditure on education, total (% of GDP)",SE.XPD.TOTL.GD.ZS,..,..,..,2.12011003494263,2.28146004676819,..,..,..,3.42131996154785,..,3.08191085718142,4.43894951297476,..,3.48689580393413,2.75493664582725,2.46687881104886,2.18351298946275,2.07306438181603,2.66744733689285,2.29719689513241,2.38535898416633
Angola,AGO,Individuals using the Internet (% of population),IT.NET.USER.ZS,0.270376745595134,0.370682065225727,0.464814617985909,1.143399954,1.5,1.700000048,1.899999976,2.299999952,2.799999952,4.699999809,7.699999809,13,21.3623407584103,22,23.20000076,26,29,32.12939835,33.32089996,34.55649948,35.83800125
Angola,AGO,Current health expenditure (% of GDP),SH.XPD.CHEX.GD.ZS,2.9398222,3.10680342,3.46084046,2.54726577,2.39833426,2.65790844,2.97807598,3.30655909,2.36373854,2.35561895,2.13677311,2.4297719,2.15680027,2.29966879,2.39068723,2.4379425,2.29887486,2.20394278,2.81688905,2.73987103,2.60041046
Angola,AGO,"Unemployment, total (% of total labor force) (national estimate)",SL.UEM.TOTL.NE.ZS,..,..,23.643,..,..,..,..,3.782,9.431,16.774,..,..,9.579,..,..,..,..,16.431,16.033,15.806,14.094
Angola,AGO,"School enrollment, primary (% gross)",SE.PRM.ENRR,..,..,..,..,..,106.341453552246,113.292236328125,112.278953552246,113.87258174337,128.386344899029,..,..,..,120.580276489258,..,..,..,..,..,89.2266094661321,..
Angola,AGO,"Agriculture, forestry, and fishing, value added (% of GDP)",NV.AGR.TOTL.ZS,9.38679060353171,10.000076846311,10.3635914451084,8.56536731672033,8.4410089784559,8.616240421891,7.81831803296579,10.3661474572377,10.0913068589156,9.55630602212879,9.69697932366603,10.3295507034721,11.4782158930435,13.663772327968,14.4558424371022,14.709941688499,13.1933917283997,12.3210508241048,15.1097674669231,16.8317967997029,19.4301170178768
Angola,AGO,Urban population (% of total population),SP.URB.TOTL.IN.ZS,52.8926234794038,54.0043545370761,55.0445280863936,56,56.8939032662772,57.7564632930133,58.5851745819614,59.3775316348744,60.1310289535053,60.8431610396073,61.5114223949332,62.1333075212361,62.723115793241,63.51567832685,64.2992302517989,65.0850525086068,65.8732136723372,66.6637823180533,67.4568270208187,68.2524163556969,69.0506188977513
Angola,AGO,"Foreign direct investment, net inflows (% of GDP)",BX.KLT.DINV.WD.GD.ZS,10.0713557335229,17.5840588571476,8.13849032857338,-3.14962046169894,-0.0643009490169062,-1.22312266225493,1.69952793929117,2.69909240016183,-3.37761927935431,-2.40838836781619,-1.02012839058611,-4.78350487026264,2.3835242701895,9.7795154502365,-0.295404758867636,-8.6387131616293,-7.13330828809519,-5.04777218289971,-3.18988760374688,-5.56323234141154,-5.14579186855198
Angola,AGO,Poverty headcount ratio at $3.00 a day (2021 PPP) (% of population),SI.POV.DDAY,..,..,..,..,..,..,22.1,..,..,..,..,..,..,..,..,..,39.3,..,..,..,..
Angola,AGO,GDP per capita (current US$),NY.GDP.PCAP.CD,999.065855956628,1133.66331960414,1451.47117870872,2145.88621098663,2930.44428606516,3515.05678985496,4578.15526451058,3645.14846565169,4101.63715564669,5184.15269151846,5702.45306277434,5688.57916213471,5649.68762467535,3641.72893920253,2082.37343594705,2832.14997950512,2891.83032378747,2507.86807213642,1749.1794838482,2266.96834861584,3598.53669077341
Angola,AGO,Access to electricity (% of population),EG.ELC.ACCS.ZS,26.3,27.4,28.4,29.4,30.5,37.5,38.5,33.8,35,34.6,37.3,38.4,32,42,41.8,42.9,45.3,45.6,47,48.2,48.5
Antigua and Barbuda,ATG,GDP growth (annual %),NY.GDP.MKTP.KD.ZG,1.02723486062159,6.07663666406602,5.76710338270556,6.47368941781741,12.7081474873625,9.31518272315685,-0.0140065981851762,-11.9628794703471,-7.84050683730972,-1.95874262217572,3.37314273947959,-0.600982329599361,2.19829188738797,1.42161997595372,4.1203675438061,2.71272657973627,6.71200487159726,3.1722219373937,-18.8687765208148,8.17286311186622,8.49776342254205
Antigua and Barbuda,ATG,"Inflation, consumer prices (annual %)",FP.CPI.TOTL.ZG,2.40765801293491,1.99353055152454,2.03007757853236,2.09875196709308,1.78778537419121,1.41605259409741,5.33380639820233,-0.550159995508914,3.37002540220148,3.4567496723461,3.37688044338874,1.05949782356169,1.08944157435355,0.968993458825638,-0.489437796230499,2.43248789041363,1.20715793367008,1.43135598182984,0.625989707046719,2.06299638545334,7.53107834634288
Antigua and Barbuda,ATG,"Life expectancy at birth, total (years)",SP.DYN.LE00.IN,75.237,75.313,75.329,75.364,75.506,75.72,76.075,76.386,76.701,77.023,77.1,77.05,76.912,76.892,76.968,77.03,77.132,77.168,77.161,77.197,77.483
Antigua and Barbuda,ATG,"Government expenditure on education, total (% of GDP)",SE.XPD.TOTL.GD.ZS,3.07877993583679,..,..,..,..,..,..,2.22264003753662,..,..,2.13043025907083,2.35972143126598,2.3044409375638,1.9934755302761,2.17149931504636,2.28158315038897,2.26922708436893,3.35725653382563,3.0051830460864,2.50897393198865,2.50368755552383
Antigua and Barbuda,ATG,Individuals using the Internet (% of population),IT.NET.USER.ZS,12.5,17.2286487816884,24.2665437161785,27,30,34,38,42,47,52,58,63.40000153,67.77999878,70,70.27159882,70.54419708,70.81790161,71.09259796,71.36840057,71.64530182,71.9233017
Antigua and Barbuda,ATG,Current health expenditure (% of GDP),SH.XPD.CHEX.GD.ZS,4.79512262,5.04073191,4.58488464,4.46260214,4.11220551,3.92354655,3.69396091,3.69979143,4.75770044,4.81000614,4.81754541,4.9103117,5.32218313,4.90963078,4.93979549,4.66318989,4.6865654,4.27709961,5.68408012,4.81315422,4.43146801
Antigua and Barbuda,ATG,"Unemployment, total (% of total labor force) (national estimate)",SL.UEM.TOTL.NE.ZS,..,..,..,..,..,..,..,..,..,..,..,..,..,..,..,..,8.78,..,..,..,..
Antigua and Barbuda,ATG,"School enrollment, primary (% gross)",SE.PRM.ENRR,..,..,..,..,..,116.446899414062,118.499542236328,117.937446594238,120.18367767334,117.199310302734,113.619567871094,113.245916212913,112.459922790527,110.396583557129,107.432655305113,109.74291229248,112.740837097168,112.847576892521,..,..,121.563206835888
Antigua and Barbuda,ATG,"Agriculture, forestry, and fishing, value added (% of GDP)",NV.AGR.TOTL.ZS,1.36173371548756,1.36022532394223,1.24102789876908,1.32911556344139,1.23269847041978,1.17905441578912,1.13038950169178,1.11203119991452,1.21464881302167,1.41518526297013,1.37701946118754,1.48400040236501,1.44123185699971,1.44568317612291,1.45850375317323,1.66091151055353,1.62679191195975,1.64671204635507,2.27894065728784,2.08080004808426,1.9656137257913
Antigua and Barbuda,ATG,Urban population (% of total population),SP.URB.TOTL.IN.ZS,31.2280374899146,30.6003743426951,29.905566716031,29.1737995723752,28.43525787418,27.7201265838981,27.0585906639822,26.4808350768849,26.0170447850587,25.694689859722,25.4555618588267,25.2475667667937,25.0899726107741,25,24.9239807471655,24.8500263836871,24.7781432093764,24.708337524045,24.6406156275043,24.574983819566,24.5114484000414
Antigua and Barbuda,ATG,"Foreign direct investment, net inflows (% of GDP)",BX.KLT.DINV.WD.GD.ZS,10.345363435673,12.6796769914726,10.1893673033827,10.8186629996336,22.1475235171357,23.2994751710531,9.85935759677714,6.05699272043589,7.21860114712015,5.4088284644018,9.14709758740785,7.00759321793992,3.35554163274444,7.93223201859466,6.54079848427652,9.85575663347108,12.1775193572219,7.75630247071163,6.82766026835143,17.8854599675431,16.4666294790206
Antigua and Barbuda,ATG,Poverty headcount ratio at $3.00 a day (2021 PPP) (% of population),SI.POV.DDAY,..,..,..,..,..,..,..,..,..,..,..,..,..,..,..,..,..,..,..,..,..
Antigua and Barbuda,ATG,GDP per capita (current US$),NY.GDP.PCAP.CD,11658.6949915956,12173.2319860305,13037.8895772257,14368.5708796058,16173.8136329968,18204.5124043068,18786.6743142216,16472.2478528568,15217.3950790922,14911.7275084471,15639.8078114787,15051.5113587425,15532.1062063584,16077.6340769406,16556.8551801588,16965.7288273816,18273.4270684912,18896.3721832248,15369.6082250401,17348.6006987182,20003.3909394099
Antigua and Barbuda,ATG,Access to electricity (% of population),EG.ELC.ACCS.ZS,100,97.9,97.9,92.2,100,100,100,98.5,98.7,94.6,100,100,100,100,100,100,100,100,100,100,100
Argentina,ARG,GDP growth (annual %),NY.GDP.MKTP.KD.ZG,-10.8944848285903,8.83704079576924,9.02957330068152,8.85165992013437,8.04715150043027,9.00765087504757,4.05723310346406,-5.91852507634947,10.1253981561002,6.00395169280579,-1.0264204544321,2.40532378079436,-2.51261532081394,2.73115982828944,-2.08032784377811,2.81850297775918,-2.61739646282038,-2.00086100285785,-9.9004848136464,10.4418119882506,6.02074537534855
Argentina,ARG,"Inflation, consumer prices (annual %)",FP.CPI.TOTL.ZG,..,..,..,..,..,..,..,..,..,..,..,..,..,..,..,..,34.2772237131003,53.5483043492339,42.0150947376509,48.4093786255199,72.430757531824
Argentina,ARG,"Life expectancy at birth, total (years)",SP.DYN.LE00.IN,74.312,74.307,74.871,75.231,75.279,74.783,75.428,75.577,75.68,76.1,75.802,75.829,76.268,76.6,76.105,76.543,76.77,76.847,75.878,73.948,75.806
Argentina,ARG,"Government expenditure on education, total (% of GDP)",SE.XPD.TOTL.GD.ZS,4.01734018325806,3.53504991531372,3.48652005195618,3.86000990867615,4.12821006774902,4.46260976791382,4.84438991546631,5.53105020523071,5.01972007751465,5.29063987731934,5.3458399772644,5.43660020828247,5.36144018173218,5.77611017227173,5.54548978805542,5.45432996749878,4.87773990631104,4.77165985107422,5.27689981460571,4.65393018722534,4.79263019561768
Argentina,ARG,Individuals using the Internet (% of population),IT.NET.USER.ZS,10.8821243775325,11.9136965509954,16.0366841054923,17.7205833696065,20.9272021035896,25.9466329403819,28.1126234799907,34,45,51,55.79999924,59.90000153,64.69999695,68.0430641088122,70.9689808206024,74.2949068657957,77.7,79.9469520347551,85.51438646,87.15070683,88.37535691
Argentina,ARG,Current health expenditure (% of GDP),SH.XPD.CHEX.GD.ZS,7.33203077,6.92670012,7.09477043,7.73392439,7.70940399,7.86196613,8.24087811,9.56852913,9.4852438,9.51042366,9.8851881,9.92091465,9.79773045,10.27364159,10.05355549,10.26057911,10.17289257,10.11911297,10.67246342,11.00910187,10.15950489
Argentina,ARG,"Unemployment, total (% of total labor force) (national estimate)",SL.UEM.TOTL.NE.ZS,19.59,15.4,13.522,11.506,10.078,8.469,7.837,8.645,7.714,7.18,7.217,7.1,7.268,..,..,8.347,9.22,9.843,11.461,8.736,6.805
Argentina,ARG,"School enrollment, primary (% gross)",SE.PRM.ENRR,116.877983093262,114.37532043457,115.446090698242,114.580780029297,116.187850952148,117.236312866211,118.320129394531,118.293312072754,118.128196716309,117.372833251953,116.43643951416,114.421348571777,113.873519897461,112.936653137207,111.654647827148,109.879669189453,109.305458068848,109.338218688965,108.504623413086,108.139617919922,106.759826660156
Argentina,ARG,"Agriculture, forestry, and fishing, value added (% of GDP)",NV.AGR.TOTL.ZS,10.2066467144411,10.328166939117,8.36248661319513,7.9387542736316,6.93557229395092,7.45235394455624,7.31895459702249,5.27362346634198,7.13216744789716,6.99873377085717,5.78174420692637,6.05291843703277,6.7127035133689,5.15668590274786,6.2645658204639,5.23162237679509,4.53787889696835,5.31855599661392,6.35703367590492,7.29128249619051,6.5415694049027
Argentina,ARG,Urban population (% of total population),SP.URB.TOTL.IN.ZS,89.5616701920513,89.752468256564,89.9397208794212,90.1233737736072,90.3033726521064,90.4796632279031,90.6521912139817,90.8209023233265,90.9930051940977,91.1072286738406,91.2041217246797,91.3014507719473,91.3975345472954,91.4923019108628,91.5856817228217,91.6776028433824,91.7679941327998,91.8567844513802,91.9439026594897,92.0292776175651,92.112838186126
Argentina,ARG,"Foreign direct investment, net inflows (% of GDP)",BX.KLT.DINV.WD.GD.ZS,2.19895819502207,1.29481086883944,2.5050175164097,2.64935441452167,2.38106854489628,2.25129423568361,2.68990096507093,1.20643922647566,2.67516171886535,2.04465997872008,2.80667189982932,1.77920553648531,0.962406650325519,1.97713461784426,0.584748941173009,1.78936504083806,2.23253157689253,1.48500687570697,1.26616924308721,1.36838083162438,2.3984601182853
Argentina,ARG,Poverty headcount ratio at $3.00 a day (2021 PPP) (% of population),SI.POV.DDAY,17.1,8.2,6,4.4,3.5,2.8,2.6,2.4,1.5,1.2,1.3,1.1,1.1,..,1.3,1.1,1.6,1.7,2.2,1.4,1.3
Argentina,ARG,GDP per capita (current US$),NY.GDP.PCAP.CD,2569.69963519124,3320.47775133903,4242.02099089422,5067.65342293276,5869.38028970204,7185.25155147027,8944.1102657357,8150.23527028221,10260.1313108254,12704.2831819684,12949.717486654,12963.675773326,12233.1444119186,13679.6264980954,12699.9623137756,14532.5009308511,11752.7998922979,9955.97478680428,8535.59938004389,10738.0179223384,13962.1894087223
Argentina,ARG,Access to electricity (% of population),EG.ELC.ACCS.ZS,96.1,96.3,96.5,96.7,97,97.2,97.5,97.8,98.8,99,99.1,99.3,100,99.7,99.9,100,100,100,100,100,100
Armenia,ARM,GDP growth (annual %),NY.GDP.MKTP.KD.ZG,13.1999999979356,14.0000000015501,10.4999999988202,13.8999999991133,13.1999999994661,13.7000000015467,6.90000000042959,-14.1000000006998,2.2000000002151,4.69999999867412,7.20000000096486,3.3,3.60000000058993,3.19999999896625,0.199999999825991,7.50000000164144,5.19999999965324,7.59999999853918,-7.19999999920631,5.80000000065645,12.5999999997766
Armenia,ARM,"Inflation, consumer prices (annual %)",FP.CPI.TOTL.ZG,1.06004929341667,4.7215533660534,6.96126135875795,0.638928002410097,2.89235662459004,4.40736089644516,8.94995335353387,3.40676682683801,8.17636138473952,7.65000807859294,2.55802007757907,5.78966778544651,2.98130868933672,3.73169119261693,-1.403607559009,0.969553268816138,2.52023382001638,1.44344660770698,1.21143577838465,7.18483629443371,8.64091108973855
Armenia,ARM,"Life expectancy at birth, total (years)",SP.DYN.LE00.IN,72.8268292682927,72.8268292682927,73.0268292682927,73.0756097560976,72.8243902439025,72.8731707317073,73.0731707317073,73.0731707317073,73.1731707317073,73.8170731707317,74.119512195122,74.6219512195122,74.8731707317073,74.8707317073171,74.8682926829268,75.2170731707317,75.619512195122,76.2219512195122,73.3756097560976,72.2780487804878,74.7658536585366
Armenia,ARM,"Government expenditure on education, total (% of GDP)",SE.XPD.TOTL.GD.ZS,2.13504004478455,2.14505004882812,2.48673009872436,2.71202993392944,2.71577000617981,3.01893997192383,3.17272996902466,3.84079003334045,3.24900007247925,3.14384007453919,2.77248001098633,2.65018010139465,2.24724006652832,2.80591011047363,2.75812005996704,2.70759010314941,2.11331180512289,2.15984239839771,2.70555996894836,2.76784992218018,2.4918999671936
Armenia,ARM,Individuals using the Internet (% of population),IT.NET.USER.ZS,1.9604050458212,4.57521722477781,4.8990085713054,5.252999783,5.631800175,6.021299839,6.21,15.30000019,25,32,37.5,41.9,54.6228058583362,59.1008337674937,64.3460297653742,64.7448843250726,68.2450522610271,66.5439496866159,76.50770055,78.61225758,77.02767465
Armenia,ARM,Current health expenditure (% of GDP),SH.XPD.CHEX.GD.ZS,7.61358786,7.17936182,6.05510139,5.8618803,5.85007095,5.49814034,6.63976622,8.44377708,9.23538303,9.37588882,9.13455009,10.32345009,10.17827892,10.11762714,9.95194912,10.36270332,10.00543404,11.3798008,12.24056244,12.32268524,9.96211243
Armenia,ARM,"Unemployment, total (% of total labor force) (national estimate)",SL.UEM.TOTL.NE.ZS,10.781,..,..,..,..,28.373,22.974,19.295,19.523,18.884,17.511,16.576,17.498,18.261,17.617,17.704,10.589,9.794,8.055,8.418,8.262
Armenia,ARM,"School enrollment, primary (% gross)",SE.PRM.ENRR,100.275489807129,102.086128234863,102.151290893555,100.4091796875,103.896697998047,116.752250671387,117.701438903809,113.782722473145,100.985866600546,98.334903726507,97.0881274408756,95.8742927261572,94.4177603466209,93.088059144009,93.1108003536782,93.0989957836376,92.1345008167579,92.3228240527597,92.8692618061259,94.6392203828781,96.9454296559019
Armenia,ARM,"Agriculture, forestry, and fishing, value added (% of GDP)",NV.AGR.TOTL.ZS,..,..,..,..,..,..,..,..,..,..,17.9126819526397,18.4347628834968,18.0720363470662,17.2231200318056,16.39047353385,14.9942601242776,13.9423116554146,11.5256107379588,11.3498051554549,11.3435484176857,10.1467039255683
Armenia,ARM,Urban population (% of total population),SP.URB.TOTL.IN.ZS,64.7396211980252,64.6663537455064,64.5972633621116,64.5334210637509,64.4758978663344,64.4257647857723,64.3840928379746,64.3519530388516,64.3304164043132,64.3207449145194,64.3268379506998,64.3584061131466,64.4142934233291,64.4929623431549,64.5928753345316,64.7124948593667,64.8502833795679,65.0047033570428,65.174217253699,65.3572875314441,65.5624462874485
Armenia,ARM,"Foreign direct investment, net inflows (% of GDP)",BX.KLT.DINV.WD.GD.ZS,4.65949974895044,4.37657009672654,6.90990201303095,5.96010687349519,7.30731450469503,7.25233231640274,8.09234920917782,8.78869421378729,5.7160373406455,6.44066805582743,4.67672759828402,3.11193185351156,3.50211415457343,1.74473701796819,3.16536727816995,2.19257337687685,2.14204783415544,0.736345856475298,0.463408850763634,2.64014282794454,4.99991586140552
Armenia,ARM,Poverty headcount ratio at $3.00 a day (2021 PPP) (% of population),SI.POV.DDAY,19.8,14.8,10.3,6.1,4.5,3.7,2,3.1,2.9,3.1,2.5,2.9,3.4,2.9,2.5,2.4,2.9,2.4,1.5,2.1,1.9
Armenia,ARM,GDP per capita (current US$),NY.GDP.PCAP.CD,742.651118319819,882.030167695474,1130.08791444158,1557.48458908655,2041.65267068997,2962.70234594569,3777.66859313767,2820.5926553347,3041.34450723339,3349.55309771906,3511.56399687426,3680.16692158886,3852.11800610384,3512.39350276709,3524.42476874707,3869.05373867752,4196.00562301769,4597.22887399548,4268.68093304583,4685.17997128509,6571.97445545099
Armenia,ARM,Access to electricity (% of population),EG.ELC.ACCS.ZS,98,99.1,99.1,99.8,99.1,99.2,99.2,99.3,99.8,99.5,99.5,99.4,99.7,100,99.8,99.7,99.9,100,100,100,100
Aruba,ABW,GDP growth (annual %),NY.GDP.MKTP.KD.ZG,-0.944953481157384,1.11050459944282,7.29372807096192,-0.383137672063768,1.12741146411624,3.0895443848509,1.83575517191368,-11.6777413693852,-2.73345679250639,3.36923718421511,-1.04079988436683,6.43146080719245,1.42609951155575,3.61147906591042,1.23433537363427,3.49342985290626,3.21247111920076,1.22914408896015,-23.9400592677491,14.833691976226,10.6079607621246
Aruba,ABW,"Inflation, consumer prices (annual %)",FP.CPI.TOTL.ZG,3.31524678585423,3.65636507938418,2.52912946932762,3.39778677828805,3.60802438784541,5.39256784475516,8.95598705177784,-2.13542872046937,2.07814071860786,4.31629742195203,0.627471992893372,-2.37206524252261,0.421440918881214,0.474763597342641,-0.93119598707956,-1.02828178762012,3.6260414135296,4.25746204335427,..,..,..
Aruba,ABW,"Life expectancy at birth, total (years)",SP.DYN.LE00.IN,73.135,73.236,73.223,73.415,73.498,73.642,73.783,73.974,74.297,74.578,74.841,75.072,75.261,75.405,75.54,75.62,75.88,76.019,75.406,73.655,76.226
Aruba,ABW,"Government expenditure on education, total (% of GDP)",SE.XPD.TOTL.GD.ZS,4.87220001220703,..,4.35698986053467,4.62321996688843,..,4.70254993438721,4.82730007171631,5.79739999771118,6.75109004974365,5.91466999053955,6.3472900390625,6.44295978546143,5.85128021240234,5.88826990127563,5.49136018753052,4.45581996127504,4.54876355243615,4.43503686776957,..,3.61855755636695,..
Aruba,ABW,Individuals using the Internet (% of population),IT.NET.USER.ZS,18.8,20.8,23,25.4,28,30.9,52,58,62,69,74,78.9,83.78,88.661226932496,93.542453865048,97.17,..,..,..,..,..
Aruba,ABW,Current health expenditure (% of GDP),SH.XPD.CHEX.GD.ZS,..,..,..,..,..,..,..,..,..,..,..,..,..,..,..,..,..,..,..,..,..
Aruba,ABW,"Unemployment, total (% of total labor force) (national estimate)",SL.UEM.TOTL.NE.ZS,..,..,..,..,..,5.706,..,..,10.605,8.9,..,..,..,..,..,..,..,..,..,..,..
Aruba,ABW,"School enrollment, primary (% gross)",SE.PRM.ENRR,115.669448852539,115.985000610352,117.217170715332,116.929039001465,117.987739562988,116.970039367676,116.013900756836,117.527481079102,119.795837402344,106.374038696289,104.07494354248,114.985320023488,116.261992182873,115.01140867059,113.637463697967,..,107.985168457031,108.025001525879,107.235336303711,108.599510192871,102.620727539062
Aruba,ABW,"Agriculture, forestry, and fishing, value added (% of GDP)",NV.AGR.TOTL.ZS,0.0180539339920836,0.0180105822419485,0.0175662581169615,0.0173277773977134,0.0175077037289373,0.0178385963799542,0.0169973987102413,0.0199068534264945,0.0204920878910203,0.0203949029261921,0.0214687486582032,0.0178174631618829,0.0148129732019303,0.0125197907912791,0.018611754127868,0.023918578557175,0.0222530069695395,0.0184193332670534,0.0215538601290844,0.029903187516918,0.0341749381905228
Aruba,ABW,Urban population (% of total population),SP.URB.TOTL.IN.ZS,65.2820691308217,65.1982922587168,65.0886533661558,64.9580226442175,64.811270283981,64.6532664765254,64.4888814129295,64.3229852842726,64.1612965549477,63.9992605838571,63.8252085199599,63.6382914355326,63.4392531303795,63.2288374043053,63.0077880571142,62.7768488886109,62.5367636985996,62.288276286885,62.0028837566365,61.9275339886843,61.8811657924257
Aruba,ABW,"Foreign direct investment, net inflows (% of GDP)",BX.KLT.DINV.WD.GD.ZS,16.9490560127573,7.81642871198372,-4.68763897846137,-8.8049356352136,8.92046662114826,-17.5903165005138,0.664175810874169,-0.41563759901472,7.61167220218675,18.5057800383246,-12.0331802180755,9.97445713517423,7.46525460335849,-0.907264375161604,0.923397287531133,5.2533752062728,4.39981717177271,-2.2472039816062,6.54462863106249,4.62204992644621,7.45941691066831
Aruba,ABW,Poverty headcount ratio at $3.00 a day (2021 PPP) (% of population),SI.POV.DDAY,..,..,..,..,..,..,..,..,..,..,..,..,..,..,..,..,..,..,..,..,..
Aruba,ABW,GDP per capita (current US$),NY.GDP.PCAP.CD,21307.2482505267,21949.4859960868,23700.6319899197,24171.8371325422,24845.65848362,26736.3089444046,28171.9094008501,25134.7712303589,24093.1401510626,25712.3843015186,25119.6655449838,25813.5714408438,26129.8390617693,27458.2201537506,27441.5502144601,28440.0416881491,30082.1584226798,30654.4851235397,22664.3709949437,26827.3447869986,31000.5713798732
Aruba,ABW,Access to electricity (% of population),EG.ELC.ACCS.ZS,100,100,100,100,100,100,100,100,93.4,100,100,100,100,100,100,100,100,100,100,100,99.9
Australia,AUS,GDP growth (annual %),NY.GDP.MKTP.KD.ZG,3.94980535772942,3.0912800997751,4.21894147547516,3.15548121323168,2.7709261737475,3.78947119882653,3.62398503565633,1.95484826298522,2.21004795300735,2.39473494330615,3.95247138119184,2.65445302592404,2.60118978187332,2.16434780647852,2.75564065529868,2.29331030192918,2.87417039499501,2.19401703622717,-0.133531904304775,2.00694844335034,4.25304559238732
Australia,AUS,"Inflation, consumer prices (annual %)",FP.CPI.TOTL.ZG,2.98157117047457,2.73259754838937,2.34325687131265,2.69182949622197,3.55528696972984,2.32761442623159,4.35029726664093,1.77112025681656,2.9183370211222,3.30384784681081,1.76278299052228,2.44988248109259,2.48792932080492,1.50836803138463,1.27699365720306,1.94864309065653,1.91140002818579,1.610770929127,0.846900734607273,2.86391284709318,6.59409658717841
Australia,AUS,"Life expectancy at birth, total (years)",SP.DYN.LE00.IN,79.9365853658537,80.2390243902439,80.490243902439,80.8414634146341,81.0414634146342,81.2926829268293,81.3951219512195,81.5439024390244,81.6951219512195,81.8951219512195,82.0463414634146,82.1487804878049,82.3,82.4,82.4487804878049,82.5,82.7487804878049,82.9,83.2,83.3,83.2
Australia,AUS,"Government expenditure on education, total (% of GDP)",SE.XPD.TOTL.GD.ZS,..,..,..,..,..,..,..,..,..,..,..,..,..,..,..,..,..,..,5.38625001907349,5.34109020233154,5.05915021896362
Australia,AUS,Individuals using the Internet (% of population),IT.NET.USER.ZS,..,..,..,63,66,69.45,71.67,74.25,76,79.4876977139029,79,83.453497167,84,84.5605149091408,86.54000092,86.5450488476768,90.0082016,93.60990143,94.6934967,96.97219849,96.11940002
Australia,AUS,Current health expenditure (% of GDP),SH.XPD.CHEX.GD.ZS,7.87221003,7.87659502,8.08257675,7.9648633,7.97161102,8.0517149,8.24737453,8.54273987,8.4193306,8.53425312,8.67020702,8.7465601,9.82833862,10.13642025,10.08958244,10.10880566,10.08907509,10.25421429,10.70324135,10.51612186,9.89226055
Australia,AUS,"Unemployment, total (% of total labor force) (national estimate)",SL.UEM.TOTL.NE.ZS,6.368,5.929,5.395,5.032,4.782,4.377,4.234,5.561,5.211,5.081,5.224,5.662,6.077,6.054,5.714,5.604,5.345,5.143,6.394,5.022,3.728
Australia,AUS,"School enrollment, primary (% gross)",SE.PRM.ENRR,102.534507751465,102.854759216309,103.302062988281,103.397911071777,103.562561035156,105.422981262207,105.24462890625,105.215629577637,105.488502502441,105.274879455566,105.669723510742,105.802581787109,105.461601257324,101.665489196777,101.180686950684,100.637657165527,100.398712158203,100.199699401855,99.9011077880859,99.9291534423828,99.1329879760742
Australia,AUS,"Agriculture, forestry, and fishing, value added (% of GDP)",NV.AGR.TOTL.ZS,3.94425123897134,2.88733584935682,3.05821916621123,2.88921493532413,2.74011319183189,2.21281034154067,2.35417910776003,2.31423570641201,2.21824837320556,2.30485962261499,2.27317856495351,2.29076813252161,2.22695769265967,2.37664391487055,2.41300232330254,2.72098319651067,2.47191752630847,2.12424911197662,2.01512715396535,2.30537875480088,2.67242699950618
Australia,AUS,Urban population (% of total population),SP.URB.TOTL.IN.ZS,85.2842102783464,85.4097077818668,85.518767609412,85.6190871221958,85.7492544263523,85.8968519574969,86.0253816967666,86.1278139101818,86.2198600512143,86.3268946146423,86.4451259136625,86.5740515760243,86.7221289343356,86.8778642539361,87.0166295249235,87.12809266445,87.2267680845925,87.3019647888406,87.2713470458985,87.2353407632761,87.3343268253813
Australia,AUS,"Foreign direct investment, net inflows (% of GDP)",BX.KLT.DINV.WD.GD.ZS,3.69701188608667,1.9178050221833,6.96956991636737,-3.60113772652235,4.0750646338694,5.18803286061474,4.26757732505596,3.10519028312049,3.08482804330762,4.67434620832808,3.70774989384992,3.43950309398958,4.28599049307814,3.456117831131,3.54660341826144,3.62158795648508,4.23450805251819,2.77077560426989,1.34826011276187,2.01542405903096,4.05215286724898
Australia,AUS,Poverty headcount ratio at $3.00 a day (2021 PPP) (% of population),SI.POV.DDAY,..,1.1,0.7,..,..,..,0.5,..,0.5,..,..,..,0.6,..,0.5,..,0.6,..,0.9,..,..
Australia,AUS,GDP per capita (current US$),NY.GDP.PCAP.CD,20335.0960191023,23757.5898471684,30886.0500949401,34535.20727091,36658.8243476122,41128.2476618402,49811.2067218988,42954.8494884573,52313.8939041213,62799.3895017032,68301.4402512587,68476.6788496118,62817.2061751737,56970.3613028094,50084.4440606385,54117.547718609,57410.1737346009,55194.7585097428,51983.4523666382,60758.9044397144,65169.5191118657
Australia,AUS,Access to electricity (% of population),EG.ELC.ACCS.ZS,100,100,100,100,100,100,100,100,100,100,100,100,100,100,100,100,100,100,100,100,100
Azerbaijan,AZE,GDP growth (annual %),NY.GDP.MKTP.KD.ZG,9.43891626906561,10.2082994004776,9.25380179728907,27.9615381082131,34.4662096226792,25.4632157314482,10.591437462476,9.36950260277183,4.78883248761557,-1.5729973511111,2.20293891708398,5.84341590483928,2.79758521448559,1.04954641215085,-3.06359842251706,0.153614661745507,1.50040167167313,2.47980879185565,-4.19896065333343,5.61644027150554,4.71468033247649
Azerbaijan,AZE,"Inflation, consumer prices (annual %)",FP.CPI.TOTL.ZG,2.7711647199827,2.23386492967049,6.70893042797786,9.6795073191705,8.32892482863209,16.6997549618244,20.8490871772712,1.45704835970321,5.72687224669605,7.8583333333334,1.06621339720303,2.41571745279419,1.37344181533176,4.02768573742726,12.4433748584372,12.9359184187335,2.26854690373999,2.61057182799215,2.75980947008127,6.65029912708779,13.8522590144267
Azerbaijan,AZE,"Life expectancy at birth, total (years)",SP.DYN.LE00.IN,66.769,67.036,67.488,67.71,68.489,68.659,69.355,69.874,70.309,70.565,71.08,71.485,71.93,72.349,72.568,72.694,73.016,73.29,70.312,70.999,74.125
Azerbaijan,AZE,"Government expenditure on education, total (% of GDP)",SE.XPD.TOTL.GD.ZS,3.15445995330811,3.28614997863769,3.44770002365112,2.97462010383606,2.55552005767822,2.5492799282074,2.44092988967896,3.22430992126465,2.78062009811401,2.43564009666443,2.06763005256653,2.44213008880615,2.63303995132446,2.95167994499206,2.90340995788574,2.4738199710846,2.45543003082275,3.1764600276947,4.33204984664917,3.7020800113678,3.04689002037048
Azerbaijan,AZE,Individuals using the Internet (% of population),IT.NET.USER.ZS,4.99971367812957,..,..,8.030400276,11.9921999,14.53999996,17.08,27.4,46,50,54.20000076,73.000001372,75.0000156363396,77,78.2,79,79.7999954887896,81.0999990651547,84.59999573,85.99998954,88
Azerbaijan,AZE,Current health expenditure (% of GDP),SH.XPD.CHEX.GD.ZS,2.73097301,2.72699213,2.65944242,2.22960997,2.07059145,1.99422264,2.04814458,2.76541352,2.64634848,2.59547186,3.15682149,3.22551084,3.58703041,4.34131384,4.42241955,4.07396507,3.83661342,4.18188763,5.84817696,4.68526697,3.41549611
Azerbaijan,AZE,"Unemployment, total (% of total labor force) (national estimate)",SL.UEM.TOTL.NE.ZS,10.037,9.166,7.987,7.255,6.615,6.326,5.856,5.74,5.63,5.42,5.19,4.97,4.91,4.96,5,5,4.9,5.004,7.243,6.039,5.7
Azerbaijan,AZE,"School enrollment, primary (% gross)",SE.PRM.ENRR,98.3494262695312,96.2132415771484,97.2613296508789,95.526969909668,94.2166595458984,94.7712020874023,94.0724716186523,95.0685729980469,93.7623031735616,95.573632238702,97.9553073516457,100.500447800934,106.059885931559,106.601494422512,106.431739366993,103.294100040645,99.7221014157127,97.9353503349024,98.2360713897839,97.7305001044597,99.8082977244143
Azerbaijan,AZE,"Agriculture, forestry, and fishing, value added (% of GDP)",NV.AGR.TOTL.ZS,13.9546391752577,12.4256629119149,10.9880190382406,9.14753443801158,7.09103711685568,6.54008215652051,5.57089184098542,6.12193306461806,5.54456611326975,5.07622595138436,5.13976950772418,5.3662644804235,5.31940671805552,6.17763883780802,5.60511177455763,5.60736901068842,5.21238076212356,5.69538024963307,6.7389474235341,5.72598365721349,4.61220830811053
Azerbaijan,AZE,Urban population (% of total population),SP.URB.TOTL.IN.ZS,51.2144165039062,51.7257995605469,52.2831993103027,52.5028533935547,52.6540145874023,52.8281555175781,53.063304901123,53.1358125434574,53.2848367714869,53.5085461893249,53.8076442276208,54.1821087431318,54.6319175926151,55.1570486328276,55.7574797205266,56.4331887124691,57.1841534654123,58.1308191977779,58.2934691761937,58.3659969744818,58.4382815854684
Azerbaijan,AZE,"Foreign direct investment, net inflows (% of GDP)",BX.KLT.DINV.WD.GD.ZS,32.4654989629361,55.0728766554257,54.3650509070362,33.7957978256418,21.380140470442,13.9011034961161,8.1611083168233,6.54746236391725,6.337255132933,6.80050011965746,7.59651867931835,3.53211598676051,5.88846176710651,7.62606837682972,11.8828171505465,7.01669598350389,2.97797589143235,3.12183056112494,1.18790387182911,-3.11473447263613,-5.67773710614177
Azerbaijan,AZE,Poverty headcount ratio at $3.00 a day (2021 PPP) (% of population),SI.POV.DDAY,0.2,0.2,0,0,..,..,..,..,..,..,..,..,..,..,..,..,..,..,..,..,..
Azerbaijan,AZE,GDP per capita (current US$),NY.GDP.PCAP.CD,763.108895463487,883.692580745256,1045.0136328106,1578.36733030667,2472.95725732287,3851.33015175141,5574.46810432575,4950.39949009423,5843.5337683582,7189.81869211976,7495.86527658099,7875.34536661549,7890.84028062087,5500.50364628486,3880.6852276838,4147.1981423222,4739.7943123408,4805.75371765917,4229.91064904503,5408.04535175023,7770.594223351
Azerbaijan,AZE,Access to electricity (% of population),EG.ELC.ACCS.ZS,100,98.8,99,99.1,99.5,99.5,99.7,99.9,99.9,99.9,100,100,100,100,100,100,100,100,100,100,100
"Bahamas, The",BHS,GDP growth (annual %),NY.GDP.MKTP.KD.ZG,2.70495624731029,-1.26491667612372,0.882373744518318,3.39608420536011,2.51659221712706,1.44609991235758,-2.32364807041851,-4.17542805647342,1.53866248693835,0.613170735890648,4.52003886739061,-2.86320081549439,1.8469701294558,0.997411675486745,-1.15650811269629,3.3713988456489,2.39795510823548,-0.838585871193203,-20.0893664891399,17.5861390037409,10.8779009410268
"Bahamas, The",BHS,"Inflation, consumer prices (annual %)",FP.CPI.TOTL.ZG,2.17357792508093,3.02504526252236,0.981914036757662,1.59160618079802,2.38982627439254,2.49257794939396,4.4895599537506,2.06273473452682,1.34402738392836,3.1987814166032,1.97336755976254,0.722414784530551,1.51375643050831,1.86148302863371,-0.346376929989397,1.51820700736147,2.26586346678736,2.49123527368046,0.0385210980054558,2.90491262928478,5.60540633583044
"Bahamas, The",BHS,"Life expectancy at birth, total (years)",SP.DYN.LE00.IN,73.023,73.213,73.235,73.413,73.456,73.463,73.445,73.455,73.449,73.571,73.707,73.93,74.029,73.805,74.042,74.031,74.062,71.408,72.994,70.752,74.491
"Bahamas, The",BHS,"Government expenditure on education, total (% of GDP)",SE.XPD.TOTL.GD.ZS,..,..,..,..,..,..,..,..,2.45165990475209,2.35576638581195,2.30391197238935,2.4242884241713,2.24714705533939,2.2723175918231,2.58786212973921,2.69510162053495,2.49264112462151,2.62573176503127,3.7125229961238,3.04890655208507,2.62367021406169
"Bahamas, The",BHS,Individuals using the Internet (% of population),IT.NET.USER.ZS,18,20,22,25,26,27,31.54,33.88,43,65,71.74819946,72,76.91999817,78,80,80.59999847,83,90.69329834,92.4437027,92.34980011,92.2559967
"Bahamas, The",BHS,Current health expenditure (% of GDP),SH.XPD.CHEX.GD.ZS,3.81251931,4.01998568,4.04628181,4.03196478,4.30935764,4.49598694,4.86261654,5.1500144,5.25594234,5.32398558,5.3190918,5.68411207,5.64133978,5.244627,5.65515327,6.6036396,5.83890343,5.70484161,7.3983264,6.78537178,7.04287481
"Bahamas, The",BHS,"Unemployment, total (% of total labor force) (national estimate)",SL.UEM.TOTL.NE.ZS,9.096,10.835,10.203,10.17,7.604,7.853,8.712,14.2,..,14.521,14.7,16.184,13.8,12,12.7,9.8,10,9.336,..,..,..
"Bahamas, The",BHS,"School enrollment, primary (% gross)",SE.PRM.ENRR,89.1420669555664,..,96.1379623413086,101.074859619141,100.136596679688,105.799873352051,107.281616210938,103.59838104248,102.482355070278,110.135749348524,103.677382284453,94.6404443777211,94.388210777017,96.2606649014416,90.4117265380759,..,88.5500765329091,91.9375456537619,..,80.5237121582031,..
"Bahamas, The",BHS,"Agriculture, forestry, and fishing, value added (% of GDP)",NV.AGR.TOTL.ZS,1.51331582811254,1.34722421080282,1.16175185996252,1.06443545271548,1.17042464776611,1.09339124571261,1.04313129393882,0.9096409923502,1.09749043162674,1.09230471329484,1.07272116712063,0.927897053067693,0.838487849108097,0.815199026829763,0.877037934836586,0.770472969173047,0.677109335996006,0.53475935828877,0.775822139879574,0.454432167483592,0.414483909964884
"Bahamas, The",BHS,Urban population (% of total population),SP.URB.TOTL.IN.ZS,81.3054206830642,81.4819614595541,81.6708410883427,81.8605578035102,82.0396098391364,82.1964954293015,82.3197128080855,82.3977602095684,82.4198104431593,82.4130347470308,82.3947485339925,82.3635791100868,82.3180931037043,82.2568571432361,82.1784378570728,82.0814018736052,81.9643158212241,81.8257463283204,81.6642600232849,81.4784235345083,81.3200717047725
"Bahamas, The",BHS,"Foreign direct investment, net inflows (% of GDP)",BX.KLT.DINV.WD.GD.ZS,1.72038337334312,2.14428489451629,3.02143829739302,5.72797116772737,6.94760136713467,6.71809341196458,8.17172902365571,6.65159948547179,8.63699216304667,6.61957509346653,4.90812842804373,3.64907926264642,2.25581446274834,0.642663417838075,3.28594665732394,2.4470958481014,3.83334911094036,3.63206527371394,4.19368341635396,3.18239411083404,3.82040434055862
"Bahamas, The",BHS,Poverty headcount ratio at $3.00 a day (2021 PPP) (% of population),SI.POV.DDAY,..,..,..,..,..,..,..,..,..,..,..,..,..,..,..,..,..,..,..,..,..
"Bahamas, The",BHS,GDP per capita (current US$),NY.GDP.PCAP.CD,26781.6195938652,26429.1247787663,26650.2934234303,28602.4181869995,29184.7865087908,30051.8489587756,29392.3824416397,27512.9130950084,27473.100430502,27090.8376801379,28552.0242683151,27642.7419759179,29137.2175632622,30719.405417469,30616.5363157284,31875.4881749619,32642.3353203452,33640.3369861278,26178.7537607708,30367.8605757708,34957.1613279737
"Bahamas, The",BHS,Access to electricity (% of population),EG.ELC.ACCS.ZS,100,100,100,100,100,100,100,100,100,100,100,100,100,100,100,100,100,100,100,100,100
Bahrain,BHR,GDP growth (annual %),NY.GDP.MKTP.KD.ZG,3.34855067103268,6.29644129075703,6.98096175867695,6.76899737789502,6.4669995195042,8.29396129093843,6.24501094995797,2.53988570158225,4.3342989754845,1.92815791170796,3.80302899043062,5.29262224906203,4.30885692657077,2.50787205267615,3.81499327422425,4.95383534123657,2.05258864979861,2.05287774418655,-5.9113629524152,4.35004091668986,6.18016125475185
Bahrain,BHR,"Inflation, consumer prices (annual %)",FP.CPI.TOTL.ZG,-0.495540138751154,1.59362549800787,2.35294117647062,2.58620689655173,2.00746965452849,3.25666666666703,3.52600316363721,2.79551283550412,1.96188468334623,-0.40004069748808,2.75739669962979,3.30001156888442,2.64755321246189,1.84862742374977,2.78679347602044,1.38671830576406,2.08766938046978,1.00582004702137,-2.31770629331379,-0.60631938514085,3.62574104304482
Bahrain,BHR,"Life expectancy at birth, total (years)",SP.DYN.LE00.IN,75.209,75.486,75.787,76.125,76.51,76.952,77.457,78.016,78.593,79.141,79.622,79.998,80.214,80.338,80.407,80.407,80.412,80.471,78.683,78.083,80.992
Bahrain,BHR,"Government expenditure on education, total (% of GDP)",SE.XPD.TOTL.GD.ZS,..,..,..,..,2.87440991401672,2.57500004768372,2.49677991867065,..,2.35114974984976,2.31235396487985,2.54483008384705,2.38286995887756,2.36918997764587,2.55344009399414,2.80248290251154,2.21637010574341,2.38893976833662,2.11146982812491,2.05801907522052,1.85115940115918,1.71192127094005
Bahrain,BHR,Individuals using the Internet (% of population),IT.NET.USER.ZS,18.0507208881153,21.5549449917804,21.4586805077435,21.30369949,28.24399948,32.91,51.95,53,55,76.9999665032303,88,90.0000397,90.5031334814656,93.4783007986129,97.9999807024146,95.8781357543453,98.6446725799886,99.7015043807778,99.67103159,100,100
Bahrain,BHR,Current health expenditure (% of GDP),SH.XPD.CHEX.GD.ZS,3.52897096,3.72810912,3.35499287,3.12594414,2.98138189,3.16071057,3.07321215,4.15054226,3.92259479,3.7181015,3.95061135,4.14491081,4.2369051,4.75126362,4.62360859,4.30236721,3.94324946,3.78430986,4.55685711,4.32771444,3.89098358
Bahrain,BHR,"Unemployment, total (% of total labor force) (national estimate)",SL.UEM.TOTL.NE.ZS,..,..,9.265,0,0,5.6,3.7,4,1.128,1.233,1.198,..,..,0.894,..,..,..,..,..,..,..
Bahrain,BHR,"School enrollment, primary (% gross)",SE.PRM.ENRR,96.7983474731445,95.4260482788086,95.149787902832,95.1477508544922,101.917457580566,..,..,..,..,96.1195941897225,101.803222781141,107.464276011953,104.369512763844,100.237015471325,99.8968591364868,98.7361755496891,96.8386151592259,96.7754137910744,..,..,96.9927291173487
Bahrain,BHR,"Agriculture, forestry, and fishing, value added (% of GDP)",NV.AGR.TOTL.ZS,..,..,..,..,0.268763501054214,0.29227169028013,0.264810236570707,0.337284356568349,0.285542784290186,0.279873967809159,0.265180259339138,0.264280047210277,0.287965783699072,0.301911232209971,0.315996684624948,0.27707464645461,0.275112316804637,0.268674381904261,0.303155113748103,0.268626041292218,0.246160469147506
Bahrain,BHR,Urban population (% of total population),SP.URB.TOTL.IN.ZS,88.1427867595875,88.8325339694118,89.8569005979296,91.168165501421,92.7186075361661,94.460505558445,96.3461384245376,98.3277849907243,100,100,100,100,100,100,100,100,100,100,100,100,100
Bahrain,BHR,"Foreign direct investment, net inflows (% of GDP)",BX.KLT.DINV.WD.GD.ZS,2.26180894388216,4.66554367760963,6.58021002500264,6.56659445840223,15.7508650085886,8.08243218951671,6.97757782740497,1.12105291032725,0.581105356633959,2.61026038592024,4.83265436536461,11.0211306090707,4.36728984042946,0.199529633421541,0.718174283238518,3.83300891199591,4.18079308703845,2.32837980010521,2.84973228101032,4.3566259787756,4.20018456310523
Bahrain,BHR,Poverty headcount ratio at $3.00 a day (2021 PPP) (% of population),SI.POV.DDAY,..,..,..,..,..,..,..,..,..,..,..,..,..,..,..,..,..,..,..,..,..
Bahrain,BHR,GDP per capita (current US$),NY.GDP.PCAP.CD,13501.4708801425,14486.0269029822,15963.9493171617,17966.1657837625,19267.282615072,20908.4042548073,23299.4992780392,19465.3140745038,21819.3291098099,25032.7867743333,26438.6733230428,26989.7601148469,26451.7965647453,23734.0551143019,23800.001440631,24784.7693514607,26324.4066549559,27259.7438599327,24342.8444554718,27147.8083882286,30470.5219276023
Bahrain,BHR,Access to electricity (% of population),EG.ELC.ACCS.ZS,100,100,100,100,100,100,100,100,100,100,100,100,100,100,100,100,100,100,100,100,100
Bangladesh,BGD,GDP growth (annual %),NY.GDP.MKTP.KD.ZG,3.83312393993225,4.73956739963045,5.23953291029852,6.53594493875502,6.67190498576788,7.05859935449848,6.01378975738535,5.04512479919337,5.57178818533122,6.46437912497728,6.52145877906443,6.01360565834344,6.0610593588495,6.55263987816197,7.11347821270093,6.59024999794057,7.31941263014136,7.88191515117722,3.44801755122445,6.93867912442445,7.09982877575158
Bangladesh,BGD,"Inflation, consumer prices (annual %)",FP.CPI.TOTL.ZG,3.33256493271913,5.66870773441476,7.5875363850469,7.04661816222039,6.76526117054757,9.10698496905383,8.90194489465154,5.42347236174679,8.12667639169917,11.3951651552399,6.21750422069284,7.53040640913172,6.99163889220849,6.19428022984984,5.51352572692995,5.70207015717239,5.54362139486476,5.59199639930629,5.69107474746211,5.54565430773473,7.69695437176898
Bangladesh,BGD,"Life expectancy at birth, total (years)",SP.DYN.LE00.IN,63.591,64.288,64.912,65.509,66.048,66.458,67.047,67.527,68.009,68.499,68.989,69.487,70.016,70.543,71.075,71.606,72.122,72.625,71.421,71.103,74.265
Bangladesh,BGD,"Government expenditure on education, total (% of GDP)",SE.XPD.TOTL.GD.ZS,2.01714992523193,2.06940007209778,1.94014000892639,..,2.13128995895386,2.20221996307373,2.0545699596405,1.93941998481751,..,2.13269996643066,2.17549991607666,1.96616995334625,2.09871663086838,1.87225417109978,1.28183996677399,2.11342875356648,2.09477473545666,1.13094997406006,2.13974351741877,2.17090882504654,2.08538657806243
Bangladesh,BGD,Individuals using the Internet (% of population),IT.NET.USER.ZS,0.13992028850905,0.163877665498048,0.199036333744363,0.241600007,1,1.799999952,2.5,3.099999905,3.700000048,4.5,5,6.63,9.052900314,12.36880016,16.89909935,21.5,25.56509972,30.38310051,36.10910034,38.91744466,41.61650085
Bangladesh,BGD,Current health expenditure (% of GDP),SH.XPD.CHEX.GD.ZS,1.93417108,1.96152198,1.99854314,2.05873919,2.10646582,2.17268491,2.11878848,2.18321705,2.28807664,2.36418128,2.3537879,2.29574466,2.27915168,2.27217698,2.38938212,2.36720181,2.31622243,2.12712646,2.18254924,2.26678729,2.21544909
Bangladesh,BGD,"Unemployment, total (% of total labor force) (national estimate)",SL.UEM.TOTL.NE.ZS,..,4.322,..,4.254,3.591,..,..,5,3.379,2.504,..,4.426,..,..,4.2,4.372,..,..,..,..,4.593
Bangladesh,BGD,"School enrollment, primary (% gross)",SE.PRM.ENRR,..,..,..,96.386833190918,95.8766021728516,93.662353515625,90.3782272338867,92.5936737060547,94.7762261175806,..,..,..,..,..,..,105.128820425409,107.18995771035,..,110.066619873047,106.334849059692,107.802066750685
Bangladesh,BGD,"Agriculture, forestry, and fishing, value added (% of GDP)",NV.AGR.TOTL.ZS,20.5841344226366,19.8127182977042,19.2669595662859,18.5710395455964,18.0340165108542,17.8065367823955,17.5956955421992,17.1046290519632,17.0011812592919,16.8099867573503,16.1775631732753,15.4932779975908,15.3516208986344,14.7829964369364,13.4647923176039,12.9572760433733,12.4800771856196,11.9753231358984,11.9996868602485,11.6328584271282,11.2176010351595
Bangladesh,BGD,Urban population (% of total population),SP.URB.TOTL.IN.ZS,24.1132383547332,24.5525557512625,25.0094809886101,25.4769540701509,25.9479149992596,26.415303779311,26.87206041368,27.3111249057412,27.7254372588696,28.1100162712427,28.4787972894576,28.8407036106763,29.1944442321013,29.5395099477892,29.8753915517965,30.2015798381799,30.5175656009959,30.8228396343012,31.1168927321524,31.3992156886061,31.673734726234
Bangladesh,BGD,"Foreign direct investment, net inflows (% of GDP)",BX.KLT.DINV.WD.GD.ZS,0.0955793676464671,0.44596078329809,0.689472335587339,1.17065167448603,0.635863899506714,0.817756922700044,1.4496579161576,0.879517142536145,1.06896766308322,0.983399364184761,1.18850391920183,1.73532012481503,1.46870305074204,1.4507824552936,0.879528340271998,0.616341784631384,0.75354913412869,0.543244141585063,0.407859894856915,0.414118154040593,0.347960024540439
Bangladesh,BGD,Poverty headcount ratio at $3.00 a day (2021 PPP) (% of population),SI.POV.DDAY,..,..,..,32.3,..,..,..,..,25.1,..,..,..,..,..,19.5,..,..,..,..,..,5.9
Bangladesh,BGD,GDP per capita (current US$),NY.GDP.PCAP.CD,393.886422327628,426.74880754362,455.614016909798,480.08585075452,490.388026533289,537.955492792911,613.06204104124,679.211477428056,757.385280361508,837.336944695647,859.680536375497,958.262989798283,1094.46199702838,1224.38647668165,1649.28380858601,1811.08221668646,1965.24372731467,2129.79896954606,2248.85078828233,2482.84917843357,2716.48592780431
Bangladesh,BGD,Access to electricity (% of population),EG.ELC.ACCS.ZS,37.8,40.5,40.6,44.2,50.5,46.5,54.3,57.1,55.3,59.6,65.5,61.5,62.4,74,75.9,88,86.9,92.2,96.2,99,99.4
Barbados,BRB,GDP growth (annual %),NY.GDP.MKTP.KD.ZG,0.787401645449506,2.175481019956,1.411597864066,3.95545709487497,6.07054679359618,2.07918360507011,0.633460425791839,-5.01727544996282,-8.08072121134387,-0.074211165126286,-2.85797051387257,0.195322007310409,0.807325350394564,-0.772620078410995,1.41632446821541,0.654655602860373,-0.252085325827849,0.241099789148677,-17.4059314651747,8.0198770096479,15.9453206225473
Barbados,BRB,"Inflation, consumer prices (annual %)",FP.CPI.TOTL.ZG,0.12524945805602,1.61943319838054,1.39442231075691,6.08218729535043,7.3076626282894,4.0342298288507,8.1081081081078,3.64386189258337,5.82421853311866,9.4322024017722,4.53334753888775,1.81410436049096,1.76950322089729,-1.11278992510958,1.28192813061895,4.66018463955995,3.1060057242059,1.67662473276988,..,..,..
Barbados,BRB,"Life expectancy at birth, total (years)",SP.DYN.LE00.IN,74.82,74.865,75.15,74.96,75.049,75.263,75.3,75.458,75.488,75.599,75.737,75.816,75.926,76.055,76.168,76.237,76.378,76.495,76.647,76.58,75.676
Barbados,BRB,"Government expenditure on education, total (% of GDP)",SE.XPD.TOTL.GD.ZS,5.88062000274658,6.24569988250732,6.02428007125854,5.66965007781982,..,5.22061014175415,4.92074012756348,5.11040019989014,6.05261993408203,..,4.58823013305664,4.50306987762451,5.35950994491577,5.15997517232471,4.19719982147217,3.956209897995,5.40447825597088,3.72228002548218,3.86529994010925,4.49793004989624,4.14000988006592
Barbados,BRB,Individuals using the Internet (% of population),IT.NET.USER.ZS,27.836322424146,39.6896271159532,49.8,52.5,55.29999924,58.20000076,61.40000153,64.69999695,65.09999847,66.5,71.19999695,71.80000305,71.92459869,72.04940033,71.57299805,71.14849854,70.72650146,70.30709839,69.89009857,69.4756012,69.06359863
Barbados,BRB,Current health expenditure (% of GDP),SH.XPD.CHEX.GD.ZS,5.41338634,6.17312717,6.7109499,6.14326382,5.90468073,5.36863089,5.73821974,6.30137348,5.97029495,6.05910301,6.85218811,6.48274279,6.09732294,6.09170628,6.19479513,6.0020504,5.83037996,5.67476797,6.7272892,7.4427762,5.8744669
Barbados,BRB,"Unemployment, total (% of total labor force) (national estimate)",SL.UEM.TOTL.NE.ZS,10.32,10.997,..,..,..,..,..,10,10.7,..,..,11.546,12.3,9.803,8.247,8.62,8.321,8.41,..,11.015,7.261
Barbados,BRB,"School enrollment, primary (% gross)",SE.PRM.ENRR,103.545349121094,104.487609863281,102.365783691406,101.593612670898,101.276039123535,100.212989807129,100.470497131348,99.8023910522461,100.026486558072,100.607875564296,..,..,96.4334517627767,95.4051834276328,95.319325026438,94.3660015740012,94.4722209242559,94.7561440274338,94.5134829805,92.7709032613596,90.1875316776483
Barbados,BRB,"Agriculture, forestry, and fishing, value added (% of GDP)",NV.AGR.TOTL.ZS,1.8895863511991,1.9785013241938,1.64319930323704,1.58659510407121,1.45016267901105,1.34702257839806,1.29586496388702,1.43755847574072,1.67748044611002,1.58993660808425,1.73171496111228,1.82045606338746,1.73293958856979,1.63003084162211,1.69589629439235,1.75316076515342,2.16849354932179,2.25994788015679,3.09376013250699,1.98021547040137,1.44818197319859
Barbados,BRB,Urban population (% of total population),SP.URB.TOTL.IN.ZS,61.965577912278,61.5543861265895,61.101971231796,60.6389887108416,60.1960940466703,59.803942722226,59.4931902204528,59.2944920242948,59.2366008990356,59.236693205614,59.2372151062924,59.2385370835674,59.2410313429534,59.2450700899645,59.2510255301153,59.25926986892,59.270175311893,59.2841140645486,59.3014583324011,59.3220365433819,59.3538514107686
Barbados,BRB,"Foreign direct investment, net inflows (% of GDP)",BX.KLT.DINV.WD.GD.ZS,7.35049907613069,5.75483061520486,6.62895921033532,10.2123680027307,8.11575176366603,10.1887985471991,12.8407137023166,7.970079027098,7.83499963061945,8.26064263874895,9.62445304629791,1.83901684216295,13.2577062663761,12.0802096629405,9.81682382442232,1.56449398077594,4.02586921729395,3.49246359988213,4.85078698836817,4.01309546170598,2.90417181231459
Barbados,BRB,Poverty headcount ratio at $3.00 a day (2021 PPP) (% of population),SI.POV.DDAY,..,..,..,..,..,..,..,..,..,..,..,..,..,..,1.7,..,..,..,..,..,..
Barbados,BRB,GDP per capita (current US$),NY.GDP.PCAP.CD,11760.4524736133,12075.9587020649,12886.3665272467,14214.4202213572,15619.6005955511,17235.4396434785,17565.6929970592,16294.9099491834,19723.2381931602,20146.2381264508,19811.2953079751,20384.4910233555,20423.7177921163,20429.4747123553,20311.4094163764,20870.7596432179,21378.2201267496,21929.435611489,19180.9915228365,21084.4013935998,24393.2193483944
Barbados,BRB,Access to electricity (% of population),EG.ELC.ACCS.ZS,100,100,99.9,99.9,100,100,100,100,100,100,100,100,100,100,100,100,100,100,100,100,100
Belarus,BLR,GDP growth (annual %),NY.GDP.MKTP.KD.ZG,5.04526758311702,7.04319246586394,11.4497432088167,9.40000151584914,9.99999473022963,8.60000659811426,10.1999994860937,0.199995231733979,7.75001707500896,5.54997471638077,1.70785253368828,0.998719299661161,1.65112470228097,-3.82957056812593,-2.5264464460425,2.53218349471909,3.14919758275296,1.44645548204305,-0.672742918585868,2.43886210234947,-4.65839591328999
Belarus,BLR,"Inflation, consumer prices (annual %)",FP.CPI.TOTL.ZG,42.5375481348794,28.3978399133474,18.1082424937646,10.3388794457932,6.99712903535591,8.42675273505306,14.8378764828254,12.9456563410402,7.73574804312515,53.2286983118172,59.2197360232519,18.3122610377873,18.1195543526734,13.5344897649734,11.8365807653497,6.03183725177795,4.87230220550686,5.59815595039848,5.54814357456519,9.46028389623099,15.209675274081
Belarus,BLR,"Life expectancy at birth, total (years)",SP.DYN.LE00.IN,68.0560975609756,68.5536585365854,68.9560975609756,68.8512195121951,69.4048780487805,70.2073170731707,70.4560975609756,70.4073170731707,70.4048780487805,70.5536585365854,71.9658536585366,72.4707317073171,72.9707317073171,73.6243902439025,73.8268292682927,74.1292682926829,74.1756097560976,74.2268292682927,72.1385609756098,72.0714634146342,74.1033658536585
Belarus,BLR,"Government expenditure on education, total (% of GDP)",SE.XPD.TOTL.GD.ZS,..,..,5.7122597694397,5.8710298538208,6.07696008682251,5.15210008621216,..,4.3689398765564,5.22003984451294,4.68479013442993,4.95964002609253,5.0094199180603,4.81830978393555,4.78751993179321,4.94654989242554,4.79500007629395,4.83656978607178,4.97948980331421,4.86263990402222,4.60641002655029,4.62823009490967
Belarus,BLR,Individuals using the Internet (% of population),IT.NET.USER.ZS,8.95097131467325,..,..,..,16.2,19.7,23,27.43,31.8,39.6488956598961,46.91,54.17,59.0163187101542,62.230360906803,71.1130457603832,74.4364454136036,79.1298866919307,82.7891520910901,85.08791245,86.88841196,89.50733148
Belarus,BLR,Current health expenditure (% of GDP),SH.XPD.CHEX.GD.ZS,5.62404203,5.77103186,5.73650646,6.07036304,5.57366323,5.6917243,5.29448891,5.3906498,5.65694332,4.87452745,5.24538946,5.69563103,5.38792181,6.06528044,5.91054153,5.75974846,5.52699471,5.86133814,6.40607214,6.56549978,6.57784128
Belarus,BLR,"Unemployment, total (% of total labor force) (national estimate)",SL.UEM.TOTL.NE.ZS,3,3.1,1.9,1.5,1.2,1,0.8,5.803,0.827,0.6,0.614,0.508,0.488,0.91,5.844,5.648,4.763,4.165,4.049,3.9,3.574
Belarus,BLR,"School enrollment, primary (% gross)",SE.PRM.ENRR,114.62126159668,105.365631103516,103.979820251465,102.126327514648,101.282920837402,99.8373336791992,99.810188293457,100.756843566895,100.778805231093,100.927399800314,100.103580941107,99.4024127097705,98.8196297844518,98.4724784063299,99.4165601023018,98.9911352828846,98.2260831226448,97.0494273050719,95.5250148309274,95.5266437473141,95.4307149291864
Belarus,BLR,"Agriculture, forestry, and fishing, value added (% of GDP)",NV.AGR.TOTL.ZS,10.1284322239778,8.63562770752199,8.85025144123636,8.51859080856531,8.57872759155765,8.30316995882275,8.66625369440669,8.13089893610657,8.89193022882009,8.00188774430829,8.13094268308472,6.80909244753712,7.30305697730942,6.2832075832437,6.89528062433517,7.56580253848292,6.59010772590188,6.79466882799274,7.07723976895662,6.70661864890688,8.04181871674039
Belarus,BLR,Urban population (% of total population),SP.URB.TOTL.IN.ZS,70.8804702758789,71.3092422485352,71.7658538818359,72.0310134887695,72.6113815307617,73.0913467407227,73.5531692504883,74.1909646620571,74.5501403808594,75.0597534179688,75.5281066894531,75.94970703125,76.3405227661133,76.6263885498047,76.8458709716797,77.0208206176758,77.2132720947266,77.4550771852757,77.7890385790408,78.131086803694,78.4732787892908
Belarus,BLR,"Foreign direct investment, net inflows (% of GDP)",BX.KLT.DINV.WD.GD.ZS,1.69305705420781,0.963790820679998,0.707817258030317,1.01489264466989,0.966130137383779,3.99176494489288,3.60135661387402,3.68858496262614,2.43465600372626,6.48031997656593,2.22818019245943,2.97388136295762,2.36255232890544,2.92676775504253,2.61275643208459,2.33218919527708,2.37627120733619,1.976861708457,2.27010267778425,1.76640687852003,2.17745011943276
Belarus,BLR,Poverty headcount ratio at $3.00 a day (2021 PPP) (% of population),SI.POV.DDAY,10.4,8.7,4.3,2.4,1.1,1.1,0.5,0.5,0.2,0.1,0.1,0,0,0,0,0,0,0,0,..,..
Belarus,BLR,GDP per capita (current US$),NY.GDP.PCAP.CD,1479.38066337175,1819.52653114699,2378.33700470129,3126.07176665248,3848.22350300163,4735.48107556066,6376.17569162063,5352.48809190697,6034.67885177216,6527.6593428786,6953.21591683101,7998.0802045456,8341.31809294883,5967.05595058777,5039.77560949445,5785.54491935194,6360.037502312,6837.77339645635,6542.85579976768,7489.71894713888,7994.64806074889
Belarus,BLR,Access to electricity (% of population),EG.ELC.ACCS.ZS,90,90.5,91,91.5,92.1,92.6,93.2,93.8,94.4,95,95.6,96.2,96.8,97.4,98,98.7,99.3,100,100,100,100
Belgium,BEL,GDP growth (annual %),NY.GDP.MKTP.KD.ZG,1.70689430349601,1.03795518162204,3.57120671942319,2.32173792911834,2.55234087322462,3.67692462515802,0.446905130727231,-1.90644105515335,2.71031150254662,1.93115502411325,0.215803612089744,0.305494549070232,1.76554038149924,1.47416433731927,1.19350273007754,1.47446761556785,1.87796847383565,2.4428900448156,-4.7929839083518,6.25445686466593,4.02460852835887
Belgium,BEL,"Inflation, consumer prices (annual %)",FP.CPI.TOTL.ZG,1.64521436175361,1.58896399970372,2.09728311239316,2.78143263670029,1.79120770070454,1.8230563002681,4.48944420508404,-0.0531456741254177,2.18929920422458,3.5320821072274,2.83966343445899,1.1130959402754,0.340002833356922,0.561429152790158,1.97385264653163,2.12597086002616,2.05316499865178,1.43681956996438,0.740791812220344,2.44024851144084,9.597511728725
Belgium,BEL,"Life expectancy at birth, total (years)",SP.DYN.LE00.IN,78.0756097560976,78.1292682926829,78.8780487804878,78.9804878048781,79.380487804878,79.7829268292683,79.6804878048781,80.0341463414634,80.1829268292683,80.5853658536585,80.3853658536585,80.5878048780488,81.2878048780488,80.9926829268293,81.4390243902439,81.4926829268293,81.5951219512195,81.9951219512195,80.6951219512195,81.790243902439,81.7487804878049
Belgium,BEL,"Government expenditure on education, total (% of GDP)",SE.XPD.TOTL.GD.ZS,..,..,..,5.79584980010986,..,..,6.33294010162354,6.43465995788574,6.44078016281128,6.38481998443604,6.56625986099243,6.60135984420776,6.55866003036499,6.46963977813721,6.48613023757935,6.44915008544922,6.38883018493652,6.32381010055542,6.75470018386841,6.38081979751587,6.27611017227173
Belgium,BEL,Individuals using the Internet (% of population),IT.NET.USER.ZS,46.33,49.97,53.86,55.81999969,61.9818700222023,66.7604202433135,68.8573221425131,74.5441455527336,77.6397855126946,81.6099959955952,80.7199905482042,82.1702,85.0012379539925,85.0529417508701,86.5164766644457,87.6796808175598,88.6473429951691,90.275428012141,91.52641629,92.78867618,94.00783071
Belgium,BEL,Current health expenditure (% of GDP),SH.XPD.CHEX.GD.ZS,8.3182106,9.18925285,9.35496902,9.25018311,9.1325655,9.1392889,9.60036659,10.54393387,10.41325188,10.41302204,10.5865345,10.63787556,10.62032604,10.88387299,10.89833736,10.94042683,10.9937973,10.85831451,11.46253014,11.28825092,10.73976326
Belgium,BEL,"Unemployment, total (% of total labor force) (national estimate)",SL.UEM.TOTL.NE.ZS,6.91,7.68,7.363,8.44,8.246,7.459,6.976,7.908,8.293,7.14,7.542,8.425,8.523,8.482,7.83,7.09,5.941,5.364,5.545,6.248,5.57
Belgium,BEL,"School enrollment, primary (% gross)",SE.PRM.ENRR,103.605331420898,103.77693939209,103.039421081543,103.112442016602,102.793403625488,102.451301574707,102.265731811523,102.259460449219,102.236808776855,101.269889831543,101.520362854004,103.191062927246,103.104873657227,102.243827819824,102.055862426758,102.752861022949,102.500366210938,102.148559570312,102.064270019531,101.821136474609,102.176986694336
Belgium,BEL,"Agriculture, forestry, and fishing, value added (% of GDP)",NV.AGR.TOTL.ZS,1.03313414275776,1.0294445025288,1.02291054131515,0.840639973990251,0.907269380581052,0.887523940039387,0.712338067185966,0.718679660856589,0.847918635049212,0.726239843441003,0.84457469539348,0.764565477908541,0.716518219283319,0.750617272066574,0.673190543684684,0.729532583142538,0.664625571120094,0.718789583537128,0.712818023641571,0.654899384879513,0.670989189183415
Belgium,BEL,Urban population (% of total population),SP.URB.TOTL.IN.ZS,82.6509663267055,82.9609538786731,83.2655230829461,83.5645449743707,83.8578905877926,84.1454309580577,84.427037120012,84.7025801085014,84.9719309583717,85.2349607044689,85.4915403816388,85.7415410247275,85.9848336685807,86.2212893480444,86.4507790979645,86.6731739531869,86.8883449485575,87.0961631189222,87.2964994991269,87.4305564090635,87.489200269855
Belgium,BEL,"Foreign direct investment, net inflows (% of GDP)",BX.KLT.DINV.WD.GD.ZS,7.01242443993657,10.8648744877518,12.0521106747569,8.72717720186463,14.4078713936675,20.5026740062328,36.8029204549975,15.948905674901,26.0596407490286,31.0366884311298,2.36956900950954,-5.65561784857252,-2.82643623555084,-4.23261410354123,12.1319420227113,-7.4442379017663,-7.66649538713467,-1.97252997818915,-5.69020542304612,5.6774240968721,2.22097062697703
Belgium,BEL,Poverty headcount ratio at $3.00 a day (2021 PPP) (% of population),SI.POV.DDAY,..,0.4,0.1,0.3,0.2,0.2,0.1,0.1,0.1,0.2,0.2,0.1,0.1,0.1,0.1,0.2,0.1,0.1,0.1,0,0
Belgium,BEL,GDP per capita (current US$),NY.GDP.PCAP.CD,25006.191397109,30655.2092679024,35429.4077933344,36809.7013403619,38705.1067959147,44319.165448813,48303.397956286,44923.3400135081,44197.393671162,47760.8298776546,44874.1709182123,46964.5946777056,47995.7786961339,40893.804537772,41854.5498296444,44035.3239358548,47487.2100392561,46716.6227467964,45906.2875805246,51658.238294958,50639.0264882739
Belgium,BEL,Access to electricity (% of population),EG.ELC.ACCS.ZS,100,100,100,100,100,100,100,100,100,100,100,100,100,100,100,100,100,100,100,100,100
Belize,BLZ,GDP growth (annual %),NY.GDP.MKTP.KD.ZG,5.39907320663811,9.66522679614125,4.78066505273344,2.2191905367057,4.51145460193301,3.33939738340764,-1.62747776449082,-0.446709636828217,1.41741099233461,-0.13007112300869,3.94389321816617,4.06646561608865,3.89226067249989,2.7602602736023,-0.0187414958130319,-1.83323729057784,0.822068592512508,4.25658710030072,-13.5228997055506,17.9899244143607,9.25051329530994
Belize,BLZ,"Inflation, consumer prices (annual %)",FP.CPI.TOTL.ZG,4.24026660688645,2.31808274663101,6.39443099742399,-1.1043104441191,-7.11376771265014,2.31808274642021,6.39443100250034,-1.10431044864355,0.917977378808888,1.602056156402,1.30058074547858,0.50974776898322,1.20139964481058,-0.861584009427748,0.663427167917601,1.14765339305816,0.269982622646335,0.187069385181424,0.121434644614894,3.23563659237071,6.27689319447544
Belize,BLZ,"Life expectancy at birth, total (years)",SP.DYN.LE00.IN,69.528,69.819,70.152,70.335,70.535,70.652,70.665,70.806,70.875,70.975,71.134,71.276,71.437,71.647,71.843,72.062,72.322,72.577,71.58,70.917,72.19
Belize,BLZ,"Government expenditure on education, total (% of GDP)",SE.XPD.TOTL.GD.ZS,..,3.90120005607605,4.0096697807312,..,..,..,4.29996013641357,4.8011999130249,5.24251985549927,5.51786910233588,5.47351989539787,5.12474012374878,5.1395001411438,5.35711002349854,5.72603988647461,5.95071983337402,6.12779998779297,5.96377992630005,5.21301984786987,5.96298980712891,4.60415983200073
Belize,BLZ,Individuals using the Internet (% of population),IT.NET.USER.ZS,5.68425121358763,..,9.8,17,24,24.60000038,26.29999924,27.20000076,28.2,30.70000076,31,33.59999847,38.70000076,41.59000015,44.57569885,48.8771019,53.59360123,58.76520157,64.43589783,70.65370178,69.98329926
Belize,BLZ,Current health expenditure (% of GDP),SH.XPD.CHEX.GD.ZS,3.55506229,3.5292151,3.41825557,3.43729496,3.54883528,4.05345058,4.51286459,4.50473404,4.47716761,4.52904415,4.34283972,4.42128754,4.87071466,4.65988731,4.77207184,4.62228823,4.75529861,4.81608105,5.33901167,5.04598379,4.21643019
Belize,BLZ,"Unemployment, total (% of total labor force) (national estimate)",SL.UEM.TOTL.NE.ZS,10.038,..,..,10.907,9.394,8.508,8.182,..,..,..,14.271,8.349,8.244,7.578,7,6.596,9.346,9.053,..,..,..
Belize,BLZ,"School enrollment, primary (% gross)",SE.PRM.ENRR,113.59684753418,118.811058044434,120.602569580078,120.297348022461,119.866386413574,117.773338317871,115.303932189941,114.545341491699,112.946476456076,112.275924178746,115.222578079659,113.524076873246,112.82886168273,113.602548159784,116.084024666164,115.629980470942,114.90527173544,114.458351316357,112.251430128031,107.337270073984,101.531373116389
Belize,BLZ,"Agriculture, forestry, and fishing, value added (% of GDP)",NV.AGR.TOTL.ZS,9.17879604108667,10.4615047120065,10.3458143896381,9.74017200317114,9.51992221636579,8.69270778065837,8.33436394275924,8.54570263168925,8.74676184244561,8.86425886505326,10.3744672571643,10.079376070492,10.1795484159839,9.6138851978219,7.70348583128466,8.56166290071626,7.16456851710216,6.5560913222365,8.3571697847969,7.89550385123154,7.74858121747759
Belize,BLZ,Urban population (% of total population),SP.URB.TOTL.IN.ZS,47.4865009861554,47.2806245981404,47.0226655922949,46.7271194028137,46.4084814638913,46.0812472097226,45.7599120745023,45.4589714924251,45.1914838193558,44.9417819131729,44.6903068035216,44.4380542363795,44.1850161758379,43.931184585988,43.6765514309211,43.4211086747287,43.164848281502,42.9077622153323,42.649842440311,42.3910809205294,42.1373251262137
Belize,BLZ,"Foreign direct investment, net inflows (% of GDP)",BX.KLT.DINV.WD.GD.ZS,2.04686311047792,-0.83504705917142,7.9628629551609,8.6080583090955,6.84256959940517,8.22731936335606,9.75973413898317,6.44782371601601,5.51460930694585,5.20581667105349,10.1300443506209,4.53263160783493,6.5987393918196,2.69569808214426,1.46157075571746,1.40473162686238,5.33885311944147,3.94384011758557,3.72214070775569,5.16738739330779,4.95003696669658
Belize,BLZ,Poverty headcount ratio at $3.00 a day (2021 PPP) (% of population),SI.POV.DDAY,..,..,..,..,..,..,..,..,..,..,..,..,..,..,..,..,1,..,..,..,..
Belize,BLZ,GDP per capita (current US$),NY.GDP.PCAP.CD,4858.86062599362,4959.74012434605,5153.71308265363,5270.41479135312,5524.78167834986,5762.21023302938,5711.81458859709,5399.67100001919,5461.40735999001,5596.05222152289,5732.66519942347,5957.34953619006,6128.12053089077,6154.62264230369,6140.86713919469,6071.85451846453,6011.99036888587,6171.61449761423,5238.54078175696,6142.98930557031,7068.21728043145
Belize,BLZ,Access to electricity (% of population),EG.ELC.ACCS.ZS,81,81.8,82.6,83.5,91,85.2,86.1,86.9,89.9,91.7,90.9,91.1,91.5,91.8,93.3,94.2,91.7,92.7,96.8,97.7,98.6
Benin,BEN,GDP growth (annual %),NY.GDP.MKTP.KD.ZG,4.64303087074482,3.44357677591658,4.42968455385082,1.71316456361184,3.94373882815798,5.98634932177609,4.89657708429647,2.31929213912838,2.11406472648392,2.96375291904201,4.811223315688,7.19143372144946,6.35767909791932,1.77815106030278,3.33967342629693,5.67156195150444,6.69725362180888,6.86568662848335,3.84879240030133,7.1554516457574,6.25294705373625
Benin,BEN,"Inflation, consumer prices (annual %)",FP.CPI.TOTL.ZG,2.48916235491541,1.48724246145442,0.8738908308685,5.36452085832342,3.78217696540375,1.29806813334152,7.94729876067854,0.896072355749069,2.20783532536524,2.7042390774728,6.74468253340712,0.428888888888884,-0.548757550948181,0.218785923536245,-0.793310145785624,0.0432648555103608,0.919170717886054,0.732849371241066,3.02272119663759,1.73353962694036,1.35077863583527
Benin,BEN,"Life expectancy at birth, total (years)",SP.DYN.LE00.IN,56.851,57.092,57.346,57.738,57.966,58.249,58.099,58.258,58.387,58.462,58.559,58.863,59.008,59.123,59.283,59.528,59.71,59.888,60.154,59.61,60.475
Benin,BEN,"Government expenditure on education, total (% of GDP)",SE.XPD.TOTL.GD.ZS,2.15949010848999,2.28315997123718,2.56690001487732,2.6566801071167,2.56340003013611,2.36331009864807,2.77728009223938,3.08927011489868,3.67997002601623,..,3.56202006340027,3.3275101184845,3.161789894104,3.17298007011414,2.89910006523132,3.53558993339539,2.93161988258362,2.73204741460628,2.89898431911618,3.09692638090381,3.0972642678305
Benin,BEN,Individuals using the Internet (% of population),IT.NET.USER.ZS,0.7029455951039,0.951327114915695,1.18254096518994,1.271000028,1.537899971,1.79,1.85,2.24,3.13,4.14832306562512,4.5,4.900000095,6,11.25500011,14.5,18.7,19,20.50099945,22.12059975,28.20470047,30.53730011
Benin,BEN,Current health expenditure (% of GDP),SH.XPD.CHEX.GD.ZS,3.09589195,3.11678505,3.23273873,3.22345805,3.28773856,2.93715644,2.65178108,2.89953876,3.01848245,2.99865556,3.07562971,2.86880755,2.69111967,2.72813416,3.62042856,3.67389345,3.4364984,3.00206876,3.0512166,2.91589761,2.98184395
Benin,BEN,"Unemployment, total (% of total labor force) (national estimate)",SL.UEM.TOTL.NE.ZS,0.685,3.633,..,..,..,..,..,..,1.041,2.647,..,2.198,..,..,..,..,..,1.214,..,..,1.685
Benin,BEN,"School enrollment, primary (% gross)",SE.PRM.ENRR,89.5929565429688,93.1921081542969,96.9871597290039,94.2145690917969,94.3325424194336,..,106.483963012695,111.44181060791,112.795959472656,114.723129272461,118.541481018066,119.383087158203,119.675392150879,121.990882873535,120.301116943359,116.291519165039,111.805068969727,106.798400878906,104.033172607422,105.631301879883,108.036239624023
Benin,BEN,"Agriculture, forestry, and fishing, value added (% of GDP)",NV.AGR.TOTL.ZS,25.38272927764,24.4539837351198,26.5208492800284,26.6894285026991,26.631803428758,26.9710869666408,26.8261561852139,26.9789553760994,25.8411354962681,25.7970008253273,25.7689758312295,25.2754046390823,25.6184529738008,26.3920850925037,27.7536354980493,28.4890165273264,28.0647739127077,26.8758016258337,27.1091750361118,28.5289506098592,26.8966787968124
Benin,BEN,Urban population (% of total population),SP.URB.TOTL.IN.ZS,39.0035069872981,39.4169696013044,39.8525699078742,40.3097749006517,40.7877794072449,41.2857782552618,41.8029662723105,42.338538285999,42.8916891239353,43.4616136137276,44.0475065829838,44.6502883669319,45.2880529235999,45.9407403257663,46.6094559006664,47.2942774880391,47.9952829275963,48.7125500590248,49.4461567219896,50.1961807561354,50.9627000010887
Benin,BEN,"Foreign direct investment, net inflows (% of GDP)",BX.KLT.DINV.WD.GD.ZS,-0.462423415216639,0.198870349303422,-0.658688596039682,-0.133820369489742,-0.175764667500161,1.70386973478894,0.492562990177947,-0.193121764606275,0.561144747750256,1.50844050539908,2.52705777310103,2.87863747120321,3.054209933397,1.31501182124746,1.11488130998834,1.58170495191393,1.36073573251591,1.51620780888962,1.10934414138144,1.95608661099463,2.15770537478617
Benin,BEN,Poverty headcount ratio at $3.00 a day (2021 PPP) (% of population),SI.POV.DDAY,..,70.5,..,..,..,..,..,..,..,68.4,..,..,..,65.8,..,..,37.2,..,..,27.2,..
Benin,BEN,GDP per capita (current US$),NY.GDP.PCAP.CD,546.463829658159,676.002878084282,758.695803786371,779.437777753268,809.147072506221,912.338247188342,1060.60254502099,1024.10277858112,973.244254931526,1059.41358852588,1071.5258366283,1168.92699279226,1204.39918670094,1002.41886879614,1010.5338961993,1054.97408066814,1151.7409703472,1130.82135339795,1200.19426557789,1318.65158075198,1266.42711031904
Benin,BEN,Access to electricity (% of population),EG.ELC.ACCS.ZS,23.4,24.3,25.2,26.1,27.9,28,29,30,34.2,36.9,38.4,34.7,34.1,29.6,37,34.5,39,40,41,42,56.5
Bermuda,BMU,GDP growth (annual %),NY.GDP.MKTP.KD.ZG,-1.47779059768867,3.41070667687531,2.32126722323136,1.67420611410508,5.5438663804406,3.34513970877607,-1.86595582635186,-5.6266977105161,-2.50287828947368,-3.74274431740703,-5.30529910675297,-0.279708545423034,-3.70106759364258,0.775529699568978,-0.657206304259205,3.61141983706115,-0.432801300339307,0.307106461240664,-6.97162571479863,4.76497899668355,6.25695521240877
Bermuda,BMU,"Inflation, consumer prices (annual %)",FP.CPI.TOTL.ZG,..,..,..,..,..,..,..,..,..,..,..,..,..,..,..,..,..,..,..,..,..
Bermuda,BMU,"Life expectancy at birth, total (years)",SP.DYN.LE00.IN,78.841,78.715,78.898,78.874,78.87,79.006,79.101,79.229,79.414,79.651,79.847,80.016,80.199,80.338,80.476,80.686,80.986,81.251,81.456,81.745,82.062
Bermuda,BMU,"Government expenditure on education, total (% of GDP)",SE.XPD.TOTL.GD.ZS,..,1.6662700176239,1.77587997913361,1.98877000808716,..,..,..,2.28920006752014,2.30668997764587,2.19656988306324,2.38597137100485,2.2795032068669,1.5368800163269,1.50163996219635,2.03905874199287,1.32495999336243,1.93595466792564,1.92679827239971,1.74834797496856,1.94565325816336,1.77583338857166
Bermuda,BMU,Individuals using the Internet (% of population),IT.NET.USER.ZS,52.0315973700393,56.5220121836337,60.9908670086326,65.4470657898838,69.8996551617012,74.3505940302669,82.3,83.25,84.21,88.336,91.2993045243401,95.3,96.8,98.3236096537251,98,98.37,..,..,..,..,..
Bermuda,BMU,Current health expenditure (% of GDP),SH.XPD.CHEX.GD.ZS,..,..,..,..,..,..,..,..,..,..,..,..,..,..,..,..,..,..,..,..,..
Bermuda,BMU,"Unemployment, total (% of total labor force) (national estimate)",SL.UEM.TOTL.NE.ZS,..,..,..,..,..,..,..,4.482,6.493,..,8.438,6.663,9,..,..,..,..,..,..,..,..
Bermuda,BMU,"School enrollment, primary (% gross)",SE.PRM.ENRR,102.935012817383,103.237411499023,102.27513885498,100.932991027832,99.383903503418,..,..,..,106.171371459961,103.870971679688,101.248802185059,99.5652236938477,100.564140319824,102.673927307129,..,..,..,..,..,..,..
Bermuda,BMU,"Agriculture, forestry, and fishing, value added (% of GDP)",NV.AGR.TOTL.ZS,0.795458124345352,0.821851057858248,0.844158464897229,0.80164153178958,..,..,..,..,0.286094289177554,0.312941026259641,0.281396534564362,0.328283343819346,0.211116703055883,0.227889496811275,0.307018452846711,0.274700811333467,0.234985525140753,0.220961505173123,0.255496878050877,0.29106848154543,0.218128900998007
Bermuda,BMU,Urban population (% of total population),SP.URB.TOTL.IN.ZS,100,100,100,100,100,100,100,100,100,100,100,100,100,100,100,100,100,100,100,100,100
Bermuda,BMU,"Foreign direct investment, net inflows (% of GDP)",BX.KLT.DINV.WD.GD.ZS,0.137152331538839,0.308131445530601,18.543033953419,0.897674181658031,-1.43505859375,9.12004716705005,2.45744472252847,-1.06291792617825,3.35684080299419,-4.08488216132165,0.746514450097399,0.849151218045336,-0.0534057831746824,-2.15032691390736,-1.06108315938513,-4.03383539732898,1.32046326053902,0.0591344675296509,6.9187294841684,0.681418926611757,0.0758736695647656
Bermuda,BMU,Poverty headcount ratio at $3.00 a day (2021 PPP) (% of population),SI.POV.DDAY,..,..,..,..,..,..,..,..,..,..,..,..,..,..,..,..,..,..,..,..,..
Bermuda,BMU,GDP per capita (current US$),NY.GDP.PCAP.CD,63358.5658652763,67106.8028083224,71692.1589001679,77628.103522508,97781.4558996721,107395.651483891,110268.562401264,104711.712420357,104111.824244802,99049.0169927667,100213.493385287,101704.40746217,100961.576602811,104855.366822135,108747.356144305,112339.425587467,113204.82210838,115798.040775578,106976.546239632,112765.08167306,119969.173269085
Bermuda,BMU,Access to electricity (% of population),EG.ELC.ACCS.ZS,100,100,100,100,100,100,100,100,100,100,100,100,100,100,100,100,100,100,100,100,100
Bhutan,BTN,GDP growth (annual %),NY.GDP.MKTP.KD.ZG,10.4437797168913,7.78656040877364,5.15725736177561,6.93507146766659,5.6408051539139,16.1047836542012,4.52944877696235,7.66749238553135,11.9318738376229,8.4892584842808,5.16482012683895,1.73634039505693,5.88108550658288,6.66080128866197,8.47594339232963,2.08684522733067,3.50187185732737,5.75514851246506,-10.2183974208569,4.42136738945015,5.21386783786224
Bhutan,BTN,"Inflation, consumer prices (annual %)",FP.CPI.TOTL.ZG,2.45535714285714,2.57230861693339,4.10593698272958,5.3126310463775,5.00045438022541,5.15611138758463,8.32716049382713,4.36112219119805,7.03638316073019,8.848985699468,10.919656944683,8.77638345268213,8.27106093949328,4.54814395082205,3.21988689395718,4.95508366985129,2.72396386183713,2.72643037388832,5.62936522632508,7.3468144053353,5.6391667139637
Bhutan,BTN,"Life expectancy at birth, total (years)",SP.DYN.LE00.IN,63.984,64.662,65.29,65.875,66.499,67.152,67.733,68.156,68.765,69.28,69.759,70.161,70.504,70.797,71.119,71.413,71.711,72.005,72.253,72.448,72.754
Bhutan,BTN,"Government expenditure on education, total (% of GDP)",SE.XPD.TOTL.GD.ZS,..,..,6.12311983108521,6.76420021057129,..,..,4.56950998306274,4.41887998580933,3.82318997383118,4.31658983230591,..,5.16565990447998,5.4618501663208,6.92886018753052,6.4044599533081,6.61724996566772,6.47810983657837,4.50982783818663,5.46991778261464,6.5983860642268,7.46981980280053
Bhutan,BTN,Individuals using the Internet (% of population),IT.NET.USER.ZS,1.67580258375242,2.43691239949767,3.15698419613711,3.847100019,4.518300056,5.92,6.55,7.17,13.6,14.39999962,15.60000038,22.39999962,30.29999924,39.79999924,46.50320053,54.33549881,63.48680115,74.17939758,76.85079956,85.63688389,88.35620117
Bhutan,BTN,Current health expenditure (% of GDP),SH.XPD.CHEX.GD.ZS,3.95161104,3.83481455,4.26397753,3.83308983,4.08523893,3.83774948,3.14842224,3.29665017,3.25758624,3.02062726,3.25988412,3.34862685,3.23226452,3.43653083,3.27756715,3.11215067,3.06896734,3.37511158,4.08451509,4.78581429,3.91757464
Bhutan,BTN,"Unemployment, total (% of total labor force) (national estimate)",SL.UEM.TOTL.NE.ZS,..,1.8,2.494,3.1,3.129,3.7,..,3.961,3.3,3.143,2.054,2.9,2.63,2.45,..,..,3.35,2.72,5.03,4.803,5.947
Bhutan,BTN,"School enrollment, primary (% gross)",SE.PRM.ENRR,81.8688430786133,84.8784332275391,88.8356399536133,92.4433975219727,97.0613403320312,101.103286743164,104.533050537109,109.009880065918,111.975852966309,113.566772460938,113.019607543945,106.841247558594,104.719581604004,103.099495619907,101.324020385742,99.7447717881834,99.3060254263897,97.989926908949,103.826009511759,105.461046747645,105.266151405341
Bhutan,BTN,"Agriculture, forestry, and fishing, value added (% of GDP)",NV.AGR.TOTL.ZS,20.8199814492499,19.7868423892498,19.3785149554207,18.0339346830792,17.3412992346729,14.9062410213406,14.4876928759977,14.005454995288,12.4128589573486,11.7996340560809,11.5729895457402,11.8526302443834,12.0637822394106,11.9950705393551,12.0023717482714,12.9297924115136,13.5509200361014,12.9339527848851,15.703075564462,15.7947840049801,14.6710119560904
Bhutan,BTN,Urban population (% of total population),SP.URB.TOTL.IN.ZS,28.9630875013322,29.6328608739429,30.2914018195132,30.9379917831613,31.5664945864425,32.1738216649326,32.76371954591,33.3396804958817,33.9051967813552,34.4637606688377,35.0188644248365,35.5740003158589,36.1326606084122,36.6983375690037,37.2745234641407,37.8645544995016,38.4661892776975,39.0746823405146,39.6888839873439,40.3075199874379,40.9365143617581
Bhutan,BTN,"Foreign direct investment, net inflows (% of GDP)",BX.KLT.DINV.WD.GD.ZS,0.433615900118682,0.516969908871867,1.20485866433723,0.721867150911614,0.649361841531609,5.88132297381915,0.23863062320184,1.37452904839501,4.40487201345335,1.57461513860453,1.2354733641673,1.05127659163372,1.12656942719562,0.294858179551153,0.504099187674602,-0.638806366922729,0.10255942689779,0.475617042344246,-0.113401528947433,0.244983575408047,0.289904655137253
Bhutan,BTN,Poverty headcount ratio at $3.00 a day (2021 PPP) (% of population),SI.POV.DDAY,..,23.1,..,..,..,12,..,..,..,..,3.6,..,..,..,..,2.6,..,..,..,..,0
Bhutan,BTN,GDP per capita (current US$),NY.GDP.PCAP.CD,895.799489930972,1022.38240311018,1130.35934606796,1299.94938578359,1405.6071618158,1850.41570433398,1919.59774896395,1918.39599211093,2435.5798056672,2787.97967608562,2751.2128864294,2679.95217201538,2849.49998647303,2954.04081911097,3152.30905106786,3435.28804735662,3400.20417245342,3576.87987100503,3191.66906999331,3570.61257980872,3711.32767981591
Bhutan,BTN,Access to electricity (% of population),EG.ELC.ACCS.ZS,44.1,41.1,51.9,59.8,59.7,71.8,67.6,71.5,73.3,81.8,91.5,87.4,91.4,95.4,99.3,97.7,100,100,100,100,100
Bolivia,BOL,GDP growth (annual %),NY.GDP.MKTP.KD.ZG,2.48556576601922,2.7113398065361,4.1732955905708,4.42143313550196,4.79700881067477,4.56438425143126,6.14849787777658,3.35699958346049,4.12672258996274,5.20409245282328,5.12227560125973,6.79601141268498,5.46056949136766,4.85718718508603,4.26392086992173,4.19520633364647,2.86808404814794,1.50672102666863,-12.7194690092717,10.0290488827886,3.74741781241461
Bolivia,BOL,"Inflation, consumer prices (annual %)",FP.CPI.TOTL.ZG,0.92825885161107,3.33727499671534,4.43738080101725,5.39323106890663,4.28239604802561,8.70560923578869,14.0068107702519,3.34645420142014,2.50327605844241,9.88446419823883,4.51560291399376,5.73640023719607,5.76660074579144,4.05961041135645,3.62321431764138,2.8227580554717,2.27205987230155,1.83954504969026,0.940742153381849,0.737383721452275,1.74632872945969
Bolivia,BOL,"Life expectancy at birth, total (years)",SP.DYN.LE00.IN,63.068,63.455,63.819,64.182,64.529,64.939,65.299,65.656,66.003,66.282,66.586,66.777,66.97,67.205,67.392,67.536,67.699,67.82,62.906,61.427,67.434
Bolivia,BOL,"Government expenditure on education, total (% of GDP)",SE.XPD.TOTL.GD.ZS,..,..,..,..,6.43421983718872,6.7204999923706,6.72301006317139,7.57484006881714,6.97377014160156,6.45054006576538,6.62799978256226,6.80321979522705,7.47811985015869,8.1434497833252,8.15062046051025,8.09722995758057,8.01585960388184,8.09103012084961,8.43710994720459,7.96216011047363,7.57551002502441
Bolivia,BOL,Individuals using the Internet (% of population),IT.NET.USER.ZS,3.11719294696997,3.50859640072336,4.43992460120042,5.22758395663196,6.20067125473576,10.49919987,12.5,16.79999924,22.39999962,30,35.34,36.99,34.6016202324676,37.4868176324391,39.69749832,43.83229828,44.2861422024283,47.4748191121692,59.94010155,65.9773785,72.62270355
Bolivia,BOL,Current health expenditure (% of GDP),SH.XPD.CHEX.GD.ZS,4.89645052,5.19709635,4.86315727,5.07408142,4.66087532,4.6968894,4.60677242,5.17444515,5.20230532,5.17306805,5.2539444,5.57465124,5.89613628,6.55064964,6.83333063,6.4901948,6.60399437,6.88792992,8.0225811,8.16016769,7.15933084
Bolivia,BOL,"Unemployment, total (% of total labor force) (national estimate)",SL.UEM.TOTL.NE.ZS,5.476,..,4.167,5.446,5.08,5.175,2.603,2.973,..,2.255,2.066,2.437,2.021,3.111,3.498,3.655,3.519,3.682,7.903,4.936,3.452
Bolivia,BOL,"School enrollment, primary (% gross)",SE.PRM.ENRR,118.543472290039,116.677192687988,115.955810546875,115.199371337891,113.561637878418,112.767723083496,111.650062561035,108.031242370605,104.396370229571,100.921849072087,98.3129253076371,96.8904736314233,95.4654700824142,95.0961939865757,95.5387659267627,96.4475043810472,97.122722190495,97.6714741591375,98.2369486079625,98.4694228398409,99.1960878877715
Bolivia,BOL,"Agriculture, forestry, and fishing, value added (% of GDP)",NV.AGR.TOTL.ZS,12.955118631021,13.4272369562791,13.3223836388477,11.7927215329112,10.9375480546288,10.011155665672,10.4424041155226,11.1524074497311,10.3899057010594,9.7695858816954,9.8121619148328,9.9669794768463,9.74021753770169,10.2394941144455,11.1718754150532,7.67713722474752,7.45035399971013,7.63288264501605,9.12405586834666,8.81001912255763,8.66028481306177
Bolivia,BOL,Urban population (% of total population),SP.URB.TOTL.IN.ZS,62.8187632085055,63.2918711090474,63.7564671612252,64.2133062205259,64.6631431424362,65.1067327824433,65.5448299960338,65.9781896386949,66.4075665659133,66.833715633176,67.2581444827699,67.6697055519889,68.037425413,68.3958051297665,68.7446327876947,69.0838016274736,69.4133879813999,69.7334986708387,70.0442635528254,70.3450412826165,70.6352598708131
Bolivia,BOL,"Foreign direct investment, net inflows (% of GDP)",BX.KLT.DINV.WD.GD.ZS,8.55789350643914,2.442343967183,0.745772608696722,-2.49886824544741,2.45168756123775,2.79185385749299,3.07261074755318,2.43967814560444,3.16542867647895,3.58442251378885,3.9135501461408,5.7066221190291,1.98982485629696,1.68072787961335,0.988080149462259,1.55130384811576,0.624547731622922,-0.44160551411852,-2.66931283946252,1.21888494970059,0.0122391923945909
Bolivia,BOL,Poverty headcount ratio at $3.00 a day (2021 PPP) (% of population),SI.POV.DDAY,23.9,..,13.2,18.7,15.9,12.1,10.6,10,..,6.9,7.9,6.8,5.6,6.2,7.2,6.4,4.7,3.1,4.2,3.1,3.3
Bolivia,BOL,GDP per capita (current US$),NY.GDP.PCAP.CD,888.221328974352,893.013760211149,953.191893246277,1020.12326200737,1202.71150446327,1354.54905949929,1692.67248455876,1731.18172112209,1929.78373077158,2315.52121930607,2575.59857098084,2870.02377000756,3041.43503162408,2996.01289811344,3035.87347732132,4048.40119739839,4206.8552936661,4203.15492855788,3580.96761778303,4010.76053686204,4219.46113742445
Bolivia,BOL,Access to electricity (% of population),EG.ELC.ACCS.ZS,64,72.3,75.9,68.3,76.2,80.2,84.7,86.8,88,88.3,90.4,89.5,90,91.5,91.8,91.8,92.8,95.1,97.2,98.6,99.9
Bosnia and Herzegovina,BIH,GDP growth (annual %),NY.GDP.MKTP.KD.ZG,5.027444647203,3.86713552011777,6.32526794858342,3.89718320544974,5.41400299607282,5.85911689412598,5.44184730165964,-3.0044555389081,0.865667236280544,0.959511709726897,-0.821837252962993,2.34985873172397,1.15384793371298,4.28413016137854,3.24225822231566,3.24409895306594,3.82900399349064,2.88585242083978,-3.01509335460439,7.39164256472846,4.22681333390325
Bosnia and Herzegovina,BIH,"Inflation, consumer prices (annual %)",FP.CPI.TOTL.ZG,..,..,..,..,6.12556615620285,1.50077710611542,7.42704310332953,-0.381464282453057,1.99621236745887,3.67125,2.05267452001717,-0.0930456838317588,-0.897194054194333,-1.03602303425474,-1.58400833333336,0.810039425333895,1.41710814018034,0.56278215406123,-1.0512960076349,1.98163900587622,14.0208440826771
Bosnia and Herzegovina,BIH,"Life expectancy at birth, total (years)",SP.DYN.LE00.IN,75.994,76.449,76.489,76.424,76.028,76.162,76.3,76.701,76.827,76.963,77.037,77.129,77.089,77.073,77.124,77.385,77.942,77.394,76.04,74.567,76.777
Bosnia and Herzegovina,BIH,"Government expenditure on education, total (% of GDP)",SE.XPD.TOTL.GD.ZS,..,..,..,..,..,..,..,..,..,..,..,..,3.31473965674631,3.0181128667772,4.26451015472412,2.83868424239217,3.89297008514404,4.04449987411499,3.01954088371123,4.13622999191284,2.97012986426524
Bosnia and Herzegovina,BIH,Individuals using the Internet (% of population),IT.NET.USER.ZS,2.64826791361244,3.96503683387051,15.4689716227665,21.3267010007738,25.1223856852117,27.92,34.66,37.74,42.75,43.88769913,45.0644989,48.52130127,49.91770172,52.59999847,60.2565354318987,64.8920205128383,70.1201350394885,69.9463476317266,73.21175294,75.67620138,78.8455371
Bosnia and Herzegovina,BIH,Current health expenditure (% of GDP),SH.XPD.CHEX.GD.ZS,7.39934349,8.28056145,9.06270218,8.82041836,8.88362694,9.25501442,9.48630238,9.0152092,9.01212692,9.1712122,9.4791584,9.43616295,9.4710331,9.24086571,9.13943481,8.81797314,8.76100445,8.92544365,9.70311832,9.55514336,8.71644783
Bosnia and Herzegovina,BIH,"Unemployment, total (% of total labor force) (national estimate)",SL.UEM.TOTL.NE.ZS,..,..,..,..,31.11,28.984,23.405,24.068,27.312,27.582,28.01,27.49,27.517,27.695,25.408,20.527,18.4,15.692,15.868,14.897,12.657
Bosnia and Herzegovina,BIH,"School enrollment, primary (% gross)",SE.PRM.ENRR,..,..,..,..,..,108.796783447266,106.622398376465,108.094970703125,88.7070770263672,89.0985412597656,89.2094192504883,89.4869613647461,91.2244415283203,94.695442199707,96.1386337280273,98.2435989379883,99.7165832519531,100.929710388184,100.263931274414,101.168617248535,101.604507446289
Bosnia and Herzegovina,BIH,"Agriculture, forestry, and fishing, value added (% of GDP)",NV.AGR.TOTL.ZS,8.8735063619681,8.10502114135478,8.58349407590767,8.29736825390212,8.05428927250657,7.70495340963332,7.20727201234942,7.07660163466849,6.79676215913764,6.75774539555131,6.13767155368512,6.84139087123356,5.951057525171,6.0375681759839,6.16559062107215,5.4310487956715,5.71878250722931,5.45004156140876,5.91443908988891,5.01931841754809,4.82624927062683
Bosnia and Herzegovina,BIH,Urban population (% of total population),SP.URB.TOTL.IN.ZS,43.1975585685863,43.5181993184523,43.8380473519042,44.1570799336802,44.4752743285185,44.7926078011574,45.1090576163352,45.4246010387901,45.7392153332604,46.0528777644843,46.3655655972,46.6954224739896,47.130783484831,47.5711645087011,48.0248845752382,48.4918401819106,48.971927825824,49.4650440037758,49.9710852122997,50.4899479477034,51.0215287060993
Bosnia and Herzegovina,BIH,"Foreign direct investment, net inflows (% of GDP)",BX.KLT.DINV.WD.GD.ZS,3.97979747748747,4.49216828974651,8.75886067110945,5.55844401745043,6.57577358932059,11.6737641903938,5.25748627826673,0.786371182353603,2.58402449142469,2.52952738058176,2.27539881306156,1.72337931811156,2.93590253684149,2.33529310215055,1.82975695066218,2.77975922538249,2.93781298692857,2.18661375097898,2.38939027026416,3.24230818475028,3.78827280691079
Bosnia and Herzegovina,BIH,Poverty headcount ratio at $3.00 a day (2021 PPP) (% of population),SI.POV.DDAY,..,..,0.4,..,..,0.7,..,..,..,0.9,..,..,..,1.2,..,..,..,..,..,0.3,..
Bosnia and Herzegovina,BIH,GDP per capita (current US$),NY.GDP.PCAP.CD,1606.5467454132,2033.94700935864,2452.6860917386,2739.61076866057,3166.12865344833,3931.48948737505,4841.69311934649,4539.91863774968,4506.47828548389,4982.69375768263,4693.78899115381,5034.56634817068,5206.06573475132,4662.25869219448,4928.5665903114,5345.01978766473,6047.84707207392,6122.37541352353,6130.31187968266,7295.34378682258,7655.59421024383
Bosnia and Herzegovina,BIH,Access to electricity (% of population),EG.ELC.ACCS.ZS,98.5,99,99.1,99.1,99.4,99.7,99.3,99.4,99.5,99.7,99.7,99.5,99.9,99.7,100,100,100,100,100,100,100
Botswana,BWA,GDP growth (annual %),NY.GDP.MKTP.KD.ZG,6.06953087648317,4.62589474959299,2.70582170611173,4.55664565323181,8.36387109282306,5.79255577727118,3.25207295796832,-14.1442346163423,10.119723322694,6.83841052493574,-0.170857099335691,11.1029068737822,5.69714422072884,-4.85132507409779,7.20442475914267,4.11437856445083,4.18869237159223,3.0317733945467,-8.72888243996397,11.9162724376008,5.48601706446772
Botswana,BWA,"Inflation, consumer prices (annual %)",FP.CPI.TOTL.ZG,8.03279662527486,9.18990265632739,6.94570363654675,8.6102252854644,11.5552187914379,7.08099847172693,12.7021883920076,8.02729703109582,6.94887658743103,8.45987233408583,7.53690261091916,5.88460707056817,4.40225309243427,3.06203169580558,2.81495791361944,3.30828076768219,3.23801558947715,2.77286442863321,1.8903591682421,7.24097765588442,11.665567478802
Botswana,BWA,"Life expectancy at birth, total (years)",SP.DYN.LE00.IN,52.373,52.851,53.573,54.386,55.112,56.735,57.661,58.297,59.137,59.715,60.384,61.217,62.167,63.215,64.32,65.42,66.371,67.167,67.643,63.303,68.749
Botswana,BWA,"Government expenditure on education, total (% of GDP)",SE.XPD.TOTL.GD.ZS,..,..,..,10.6785898208618,..,9.04666996002197,..,9.8253002166748,..,10.8265537416631,8.1098729741114,8.0172064061589,7.88874188960311,8.39457941644674,8.73589296358928,7.80924443947392,7.9053860532971,8.3989966033446,8.05833660991541,..,..
Botswana,BWA,Individuals using the Internet (% of population),IT.NET.USER.ZS,3.38592235064273,3.3451901740614,3.30488925316113,3.262599945,4.28993297515968,5.28,6.25,6.150000095,6,9,16,30,36.74474744423,38.89379883,41.16859818,43.57640076,46.12509918,48.82279968,51.67819977,54.70069885,57.9
Botswana,BWA,Current health expenditure (% of GDP),SH.XPD.CHEX.GD.ZS,6.66529799,6.40933847,6.09125996,5.26532936,4.87599421,5.52080727,5.89747286,6.62081194,6.26718187,5.86915016,6.35010576,6.49913645,5.8804059,6.10287762,5.76837635,6.62986994,6.04010344,6.12193203,6.1213398,6.30315065,5.73650789
Botswana,BWA,"Unemployment, total (% of total labor force) (national estimate)",SL.UEM.TOTL.NE.ZS,..,23.806,..,..,17.782,..,..,16.169,17.863,20.01,..,19.997,..,..,..,..,..,20.094,21.017,23.106,23.615
Botswana,BWA,"School enrollment, primary (% gross)",SE.PRM.ENRR,109.583213806152,110.270523071289,110.615211486816,111.46208190918,112.33056640625,111.439659118652,110.978363037109,111.213661193848,..,..,107.411979939614,105.315561116255,101.616607294624,101.623352050781,..,..,..,..,..,104.619979858398,109.27325614686
Botswana,BWA,"Agriculture, forestry, and fishing, value added (% of GDP)",NV.AGR.TOTL.ZS,2.4256159925616,2.72238695522266,2.25958534959102,1.82838052405033,1.73893509424301,1.92668435755015,2.14007027610337,2.37598419625963,2.0910409188325,2.11892300680962,2.3148110827158,1.99354322327234,1.81959835253259,1.94776486758829,1.97588757367029,1.8419939490754,2.11731083204729,2.08342949351655,2.20806905804054,1.78859292903854,1.57978982179367
Botswana,BWA,Urban population (% of total population),SP.URB.TOTL.IN.ZS,55.0142988603802,56.0979233496432,57.2582489329358,58.4535554684584,59.6421228144112,60.7822308289942,61.8321593704079,62.7501882968523,63.4945974665277,64.0187810722889,64.3993247826904,64.7579735458393,65.0965122400825,65.4103584313295,65.6949296854899,65.9456435684731,66.1579176461888,66.3271694845464,66.4488166494554,66.5182767068255,66.5889787170477
Botswana,BWA,"Foreign direct investment, net inflows (% of GDP)",BX.KLT.DINV.WD.GD.ZS,7.50151858437683,5.56528127484831,4.36383657370126,4.24294905100869,4.90881469396689,4.6808134501234,4.85440497340622,2.06256005196384,1.7280613479871,1.94040749024403,1.05040106491218,0.470417841005353,3.33019730942426,2.79773267452093,0.944944816734731,1.61796092921322,1.67893386448584,0.559653498041763,0.212513875084985,-1.70161470195308,3.49204705165089
Botswana,BWA,Poverty headcount ratio at $3.00 a day (2021 PPP) (% of population),SI.POV.DDAY,34.8,..,..,..,..,..,..,21.1,..,..,..,..,..,21.4,..,..,..,..,..,..,..
Botswana,BWA,GDP per capita (current US$),NY.GDP.PCAP.CD,3117.25087183011,4230.12326909926,4956.69287735214,5391.07076619634,5291.58379144849,5529.12574632532,5503.07395314313,5082.93388332404,6215.73216077919,7287.38295334919,6595.53845015424,6666.91219583487,7122.36423421503,6141.20394726616,6749.05994339013,7104.96401088027,7407.95940141786,7172.08956480028,6323.2974967659,7807.88794570471,8328.7090572666
Botswana,BWA,Access to electricity (% of population),EG.ELC.ACCS.ZS,27,33.1,35.3,37.5,39.7,41.9,44.5,43.4,52,53.2,56,58,60,62.1,64.2,67.4,68.3,70.1,71.8,73.7,75.9
Brazil,BRA,GDP growth (annual %),NY.GDP.MKTP.KD.ZG,3.05346185909312,1.14082899824888,5.75996463670954,3.20213206130431,3.96198871122617,6.06987060678338,5.09419544658736,-0.125812002161169,7.52822581815364,3.97442307944702,1.92117598576537,3.00482266944432,0.503955740242247,-3.54576339269425,-3.27591690782192,1.32286905404399,1.783666761634,1.22077782360842,-3.2767587964736,4.76260437908608,3.01669435393015
Brazil,BRA,"Inflation, consumer prices (annual %)",FP.CPI.TOTL.ZG,8.45016437708331,14.7149197228147,6.59718509985963,6.86953720898964,4.18356812896909,3.64127299102652,5.67859390284168,4.88803479876799,5.03872690108075,6.6364496221309,5.40349914036997,6.20431066640101,6.32904015516139,9.02990102416136,8.73914352329393,3.44637335032669,3.66485028376729,3.73297621216894,3.21176803803376,8.30165975585673,9.28010608956873
Brazil,BRA,"Life expectancy at birth, total (years)",SP.DYN.LE00.IN,70.396,70.884,71.361,71.832,72.296,72.73,73.111,73.457,73.779,74.047,74.335,74.609,74.823,75.106,75.081,75.383,75.633,75.809,74.506,73.038,74.872
Brazil,BRA,"Government expenditure on education, total (% of GDP)",SE.XPD.TOTL.GD.ZS,3.75037002563477,..,3.97448992729187,4.47909021377563,4.87060022354126,4.97426986694336,5.26884984970093,5.46355009078979,5.64879989624023,5.73741006851196,5.85510015487671,5.8388500213623,5.94848012924194,6.24105978012085,6.31403017044067,6.32047986984253,6.08851003646851,5.96346998214722,5.7714900970459,5.4969801902771,5.61920976638794
Brazil,BRA,Individuals using the Internet (% of population),IT.NET.USER.ZS,9.14942508560748,13.2075861035303,19.073672274442,21.022747248827,28.17840004,30.87999916,33.83,39.22,40.65,45.69,48.56,51.04,54.5510018796392,58.3279517340924,60.8725400681261,67.4712845236305,70.4342825404361,73.9124399133589,81.34269353,80.68989314,80.52775094
Brazil,BRA,Current health expenditure (% of GDP),SH.XPD.CHEX.GD.ZS,8.69686985,8.18899441,8.12491989,8.03539562,8.24952507,8.20182991,8.01128483,8.39480495,7.94516611,7.78819132,7.73637724,7.9766016,8.39644146,8.90929985,9.16901684,9.47125053,9.46475029,9.61449146,9.62326527,9.63646507,9.38739491
Brazil,BRA,"Unemployment, total (% of total labor force) (national estimate)",SL.UEM.TOTL.NE.ZS,10.641,11.168,10.072,10.551,9.692,9.28,8.268,9.419,..,7.578,7.251,7.071,6.755,8.538,11.58,12.792,12.329,11.936,13.697,13.158,9.231
Brazil,BRA,"School enrollment, primary (% gross)",SE.PRM.ENRR,..,..,..,..,..,..,..,..,..,..,104.05445098877,109.282432556152,109.808906555176,108.740180969238,108.583656311035,109.788749694824,108.720008850098,107.682991027832,105.912231445312,103.929397583008,104.667419433594
Brazil,BRA,"Agriculture, forestry, and fishing, value added (% of GDP)",NV.AGR.TOTL.ZS,5.47527489339298,6.1671843856504,5.66531157603221,4.65116882283132,4.3700437788908,4.41691543634403,4.56785118025741,4.47677399209847,4.11575648779356,4.34203412783304,4.16832822439069,4.50688618256533,4.32561053879483,4.31914942964047,4.89135358790863,4.60059169568986,4.4203993038464,4.20501409463474,5.71148511499007,6.5587626121061,5.76747490819457
Brazil,BRA,Urban population (% of total population),SP.URB.TOTL.IN.ZS,81.9943491502673,82.3540335841671,82.6816824814559,82.9838799596945,83.2672101364439,83.5382571292649,83.8036050557184,84.0698380333651,84.343846036308,84.6225758599683,84.8973874181312,85.1676585442726,85.4331367898168,85.6935697061881,85.9487048448108,86.1982897571091,86.4420719945072,86.6797991084296,86.9112186503004,87.1360781715439,87.349556243881
Brazil,BRA,"Foreign direct investment, net inflows (% of GDP)",BX.KLT.DINV.WD.GD.ZS,3.25358061271527,1.81340052439304,2.71353166307823,1.73389354602718,1.753125703626,3.19082601308524,2.99060946922903,1.88848224095724,3.73001288350945,3.91518011405433,3.75496285641218,3.04150901624338,3.57135266957477,3.59214931791344,4.13737803865892,3.33825981739039,4.07858821454947,3.692673213156,2.59263795310275,2.77979084938159,3.8680317970139
Brazil,BRA,Poverty headcount ratio at $3.00 a day (2021 PPP) (% of population),SI.POV.DDAY,16.2,17.1,15.3,13.7,11.4,10.8,9.1,8.4,..,7.1,6.4,5.4,4.8,5.4,6.5,7,6.9,7,2.8,7.5,4.9
Brazil,BRA,GDP per capita (current US$),NY.GDP.PCAP.CD,2855.94018885769,3090.6070097455,3663.823188064,4827.78173074714,5934.14470924968,7409.69130673473,8908.33176538648,8678.6592244676,11403.2821278747,13396.6243562986,12521.7213519966,12458.8912138813,12274.9939689363,8936.19661712113,8836.28652735657,10080.5092819305,9300.66164923219,9029.83326681073,7074.19378337644,7972.5366498646,9281.33334441234
Brazil,BRA,Access to electricity (% of population),EG.ELC.ACCS.ZS,96.7,97,96.8,97.1,97.6,98.1,98.5,98.9,98.6,99.3,99.5,99.6,99.7,99.7,99.7,99.8,99.7,99.8,99.7,99.5,100
British Virgin Islands,VGB,GDP growth (annual %),NY.GDP.MKTP.KD.ZG,..,..,..,..,..,..,..,..,..,..,..,..,..,..,..,..,..,..,..,..,..
British Virgin Islands,VGB,"Inflation, consumer prices (annual %)",FP.CPI.TOTL.ZG,..,..,..,..,..,..,..,..,..,..,..,..,..,..,..,..,..,..,..,..,..
British Virgin Islands,VGB,"Life expectancy at birth, total (years)",SP.DYN.LE00.IN,74.971,75.183,75.404,75.569,75.745,75.893,76.07,76.205,76.289,76.363,76.433,76.472,76.527,76.558,76.624,75.67,76.728,76.845,76.894,75.297,77.177
British Virgin Islands,VGB,"Government expenditure on education, total (% of GDP)",SE.XPD.TOTL.GD.ZS,..,..,..,..,..,..,..,..,3.48700818755313,..,3.55560728835564,4.45811210742524,4.00919804063438,4.70449999843962,3.25467711875258,2.4570894097885,2.42556060278319,2.500967871937,2.70539282589676,3.0245532067775,2.48401807300907
British Virgin Islands,VGB,Individuals using the Internet (% of population),IT.NET.USER.ZS,18.8857412653447,..,..,..,..,..,..,36,37,37.4,37.6,..,..,..,77.7014296797074,77.7042682926829,..,..,..,..,..
British Virgin Islands,VGB,Current health expenditure (% of GDP),SH.XPD.CHEX.GD.ZS,..,..,..,..,..,..,..,..,..,..,..,..,..,..,..,..,..,..,..,..,..
British Virgin Islands,VGB,"Unemployment, total (% of total labor force) (national estimate)",SL.UEM.TOTL.NE.ZS,..,..,..,..,..,..,..,..,..,..,..,..,..,..,..,..,..,..,..,..,..
British Virgin Islands,VGB,"School enrollment, primary (% gross)",SE.PRM.ENRR,108.616691589355,106.799850463867,107.827423095703,109.234832763672,108.500366210938,112.366188049316,..,112.275657653809,111.455431754875,108.731808731809,104.872389791183,101.782871696912,97.7333730987176,96.3834672789897,91.9933277731443,100.15019525383,78.5891858297079,85.2448853068816,86.852207293666,92.6870177792687,73.1715698242188
British Virgin Islands,VGB,"Agriculture, forestry, and fishing, value added (% of GDP)",NV.AGR.TOTL.ZS,..,..,..,..,..,..,..,..,..,..,..,..,..,..,..,..,..,..,..,..,..
British Virgin Islands,VGB,Urban population (% of total population),SP.URB.TOTL.IN.ZS,42.4409178875828,42.8526082333374,43.2860433292828,43.741214134139,44.2181116035727,44.7167266908574,45.2370503473687,45.7790735229619,46.3427871662626,46.9281822248936,47.5352496456526,48.1639803746541,48.8143653574427,49.4863955390847,50.1800618642422,50.8953552772346,51.6322667220883,52.3907871425786,53.1709074822645,53.972618684518,54.795911692548
British Virgin Islands,VGB,"Foreign direct investment, net inflows (% of GDP)",BX.KLT.DINV.WD.GD.ZS,..,..,..,..,..,..,..,..,..,..,..,..,..,..,..,..,..,..,..,..,..
British Virgin Islands,VGB,Poverty headcount ratio at $3.00 a day (2021 PPP) (% of population),SI.POV.DDAY,..,..,..,..,..,..,..,..,..,..,..,..,..,..,..,..,..,..,..,..,..
British Virgin Islands,VGB,GDP per capita (current US$),NY.GDP.PCAP.CD,..,..,..,..,..,..,..,..,..,..,..,..,..,..,..,..,..,..,..,..,..
British Virgin Islands,VGB,Access to electricity (% of population),EG.ELC.ACCS.ZS,97.3,97.4,97.5,97.6,97.8,97.9,98.1,98.3,98.3,98.7,98.9,99.1,99.2,100,100,100,100,100,100,100,100
Brunei Darussalam,BRN,GDP growth (annual %),NY.GDP.MKTP.KD.ZG,3.9614389000248,3.58342909978997,0.104538372603315,-0.00392531660746442,4.09841257308588,-3.76362326254647,-3.90071101715114,-1.90025367202547,2.74136439456163,3.74440625524871,0.913135189664487,-2.12478292664558,-2.50788727590711,-0.392383749502031,-2.47791771833224,1.32872661057823,0.0523710418528935,3.86884436177075,1.1335733495246,-1.59076260099606,-1.62833154515108
Brunei Darussalam,BRN,"Inflation, consumer prices (annual %)",FP.CPI.TOTL.ZG,-2.31497242459321,0.299999999999967,0.814223994682613,1.24443711883965,0.159888078345121,0.967774119525101,2.08498023715415,1.03571774271613,0.356869132017561,0.13791156316954,0.111766261400307,0.389205053123632,-0.207108731719822,-0.488347420743522,-0.278693265753083,-1.2605056462896,1.02505179290212,-0.390522069165529,1.94031996607184,1.73341388450593,3.68225030604216
Brunei Darussalam,BRN,"Life expectancy at birth, total (years)",SP.DYN.LE00.IN,74.365,74.509,74.603,74.683,74.753,74.793,74.814,74.814,74.82,74.835,74.843,74.854,74.862,74.88,74.905,74.943,74.992,75.049,75.114,74.869,72.917
Brunei Darussalam,BRN,"Government expenditure on education, total (% of GDP)",SE.XPD.TOTL.GD.ZS,..,..,..,..,..,..,..,..,1.84384000301361,3.32213997840881,2.88964009284973,..,3.35321998596191,..,4.42539978027344,..,..,..,..,..,..
Brunei Darussalam,BRN,Individuals using the Internet (% of population),IT.NET.USER.ZS,15.329879855735,19.5950032207342,29.7156041447864,36.4663919475782,42.1863491609307,44.68,46,49,53,56,60.27310181,64.5,68.76999664,71.19999695,90,94.86669922,95,95,96.30549622,97.62879944,98.97042579
Brunei Darussalam,BRN,Current health expenditure (% of GDP),SH.XPD.CHEX.GD.ZS,2.53447938,2.60260582,2.55193377,2.23386168,1.9072516,1.94145441,1.87612021,2.39306617,2.27826095,1.86409724,1.85097206,1.898314,1.91436803,2.38708901,2.54828691,2.27022862,2.41600895,2.23100758,2.45359564,2.14748693,1.77042186
Brunei Darussalam,BRN,"Unemployment, total (% of total labor force) (national estimate)",SL.UEM.TOTL.NE.ZS,..,..,..,..,..,..,..,..,..,1.721,..,..,6.862,..,..,9.316,8.7,6.6,7.409,4.905,5.191
Brunei Darussalam,BRN,"School enrollment, primary (% gross)",SE.PRM.ENRR,112.115310668945,116.92626953125,119.105339050293,119.844757080078,121.505966186523,122.321258544922,116.783126831055,112.532432556152,108.70580714953,104.830894583323,103.310538143682,103.895142180095,103.847709576297,104.185794604632,105.726377387079,104.567053854277,104.179996298549,103.033008586959,102.709633966272,101.387926832397,99.134912983916
Brunei Darussalam,BRN,"Agriculture, forestry, and fishing, value added (% of GDP)",NV.AGR.TOTL.ZS,1.15449001142175,1.2372583372265,1.17049480864283,0.974611267785546,0.754742504053329,0.726342513402553,0.69216612734937,0.979917546380161,0.733349877488411,0.572775314042004,0.655156683935105,0.684937439812632,0.862827317122997,1.10321250063154,1.20365462606268,1.08645090330462,1.01764195887903,0.986055130118515,1.21750283610591,1.25629022275081,1.09616028876241
Brunei Darussalam,BRN,Urban population (% of total population),SP.URB.TOTL.IN.ZS,72.1021556496525,72.577635652792,73.0675067339261,73.552870858133,74.0148299904911,74.4344860960786,74.7929411399737,75.0712970872547,75.2506559029998,75.312125504778,75.2714233503027,75.1756915148608,75.0572639801502,74.9484620568562,74.8816070556641,74.8476440654983,74.8172471714305,74.7923311783673,74.7748108912151,74.7667316936175,74.7772642014221
Brunei Darussalam,BRN,"Foreign direct investment, net inflows (% of GDP)",BX.KLT.DINV.WD.GD.ZS,3.62654271526088,1.72747847638813,1.31341824941979,1.65985733716788,0.69467610091788,1.91806992225192,1.39506580939608,2.73305999823298,3.50710078835613,3.73105568458092,4.54055753809902,4.28670084809197,3.35660901155102,1.32471179544033,-1.32059047324396,3.85818821585897,3.80486552830842,2.77118007919324,4.71057565284031,1.47404982867232,-1.73946797718401
Brunei Darussalam,BRN,Poverty headcount ratio at $3.00 a day (2021 PPP) (% of population),SI.POV.DDAY,..,..,..,..,..,..,..,..,..,..,..,..,..,..,..,..,..,..,..,..,..
Brunei Darussalam,BRN,GDP per capita (current US$),NY.GDP.PCAP.CD,18621.2922577525,20677.9001143188,24423.0946995548,29386.2703822862,34674.7995236452,36217.3290706015,42156.5685838672,30946.4673773828,34937.5555357155,46382.8274255349,46968.5971164922,44003.0644273461,41026.5084247957,30625.1287744656,26663.2972950602,28024.3824580252,30988.1190267227,30426.5730656528,26834.3592233943,31006.9636289785,36632.9280952155
Brunei Darussalam,BRN,Access to electricity (% of population),EG.ELC.ACCS.ZS,100,100,100,100,100,100,100,100,100,100,100,100,100,100,100,100,100,100,100,100,100
Bulgaria,BGR,GDP growth (annual %),NY.GDP.MKTP.KD.ZG,5.87193134676191,5.23715282493174,6.5104241389717,7.05634916258309,6.80259262432862,6.65438512368812,6.12955885899744,-3.34714308501542,1.55536266288017,2.09017598337418,0.748814556346105,-0.542753400392826,0.949449772002041,3.39755351999294,3.02662820096305,2.74592737750996,2.33015054210419,3.79331964589196,-3.13323543125917,7.82817310703665,4.08386398118941
Bulgaria,BGR,"Inflation, consumer prices (annual %)",FP.CPI.TOTL.ZG,5.81014365721826,2.34864169582758,6.14713074246267,5.0388380711191,7.26159462769947,8.40253419005893,12.3487195994021,2.75320223914819,2.43899060504117,4.21990346601872,2.95456829831012,0.890093540913096,-1.4181838026484,-0.104633261008479,-0.798649886453617,2.06159619443141,2.81454473824838,3.10372944796771,1.67244096855756,3.29774435299506,15.3252589264367
Bulgaria,BGR,"Life expectancy at birth, total (years)",SP.DYN.LE00.IN,71.8658536585366,72.0658536585366,72.5634146341463,72.5609756097561,72.6121951219512,72.6634146341463,72.9634146341463,73.4121951219512,73.5121951219512,74.1634146341463,74.3146341463415,74.8609756097561,74.4658536585366,74.6146341463415,74.8121951219512,74.8146341463415,74.9634146341464,75.1121951219512,73.3560975609756,71.2121951219512,74.1609756097561
Bulgaria,BGR,"Government expenditure on education, total (% of GDP)",SE.XPD.TOTL.GD.ZS,3.38608002662659,3.99845004081726,4.24988985061646,4.10879993438721,3.90346002578735,3.680340051651,4.2190899848938,4.27429008483887,3.85746002197266,3.54690003395081,3.47650003433227,4.05766010284424,4.19388008117676,3.88469004631042,3.81435990333557,4.07754993438721,4.05201005935669,4.21430015563965,4.48298978805542,4.7092399597168,4.50109004974365
Bulgaria,BGR,Individuals using the Internet (% of population),IT.NET.USER.ZS,9.08,12.04,18.13,19.97,27.09,33.64,39.67,45,46.23,47.9799930506026,51.8999876658503,53.0615,55.4903766299262,56.6562516053086,59.825547661014,63.4101013837926,64.78201069118,67.9469809417603,70.16248359,75.27144583,79.12686326
Bulgaria,BGR,Current health expenditure (% of GDP),SH.XPD.CHEX.GD.ZS,7.0809865,7.19987392,6.89090872,6.89011478,6.52544546,6.15651751,6.28281593,6.59577608,7.09477949,7.10250568,7.53903675,7.14167452,7.68306208,7.39363575,7.45975018,7.49624491,7.34086275,7.11813641,8.44060898,8.58048916,7.63849449
Bulgaria,BGR,"Unemployment, total (% of total labor force) (national estimate)",SL.UEM.TOTL.NE.ZS,18.11,13.733,12.037,10.083,8.951,6.878,5.609,6.817,10.279,11.26,12.27,12.941,11.424,9.143,7.575,6.164,5.211,4.148,5.037,5.166,4.148
Bulgaria,BGR,"School enrollment, primary (% gross)",SE.PRM.ENRR,109.646987915039,111.694488525391,111.75122833252,110.920433044434,108.823188781738,106.104972839355,104.157562255859,102.061912536621,101.400619506836,101.120269775391,100.363082885742,98.7911834716797,99.2496109008789,99.1272201538086,98.0771636962891,97.5942993164062,96.7923202514648,96.4398803710938,96.5437622070312,95.6110992431641,95.8885192871094
Bulgaria,BGR,"Agriculture, forestry, and fishing, value added (% of GDP)",NV.AGR.TOTL.ZS,9.71056751991239,9.09563006141251,8.45218622885426,7.28368203189987,6.09628560605444,4.65178408309384,5.86962646103548,4.23578648782646,4.03250004576982,4.66136930031581,4.43013962620169,4.51541815914857,4.55871742933618,4.06197367734098,4.05489960163599,4.043177034114,3.40461503236071,3.20205655345515,3.43600026603917,4.32894772861096,3.7113640947999
Bulgaria,BGR,Urban population (% of total population),SP.URB.TOTL.IN.ZS,69.4859161376953,69.7808456420898,69.9193344116211,70.0869598388672,70.5075225830078,70.6844177246094,70.902099609375,71.3017349243164,71.5149307250977,72.6101653885532,72.7684860229492,72.9632821572019,73.0844879150391,73.1030578613281,73.1750030517578,73.3904571533203,73.600212097168,73.7162322998047,73.3239898681641,73.346765618041,73.4799164005224
Bulgaria,BGR,"Foreign direct investment, net inflows (% of GDP)",BX.KLT.DINV.WD.GD.ZS,5.51491322727398,9.91575177653408,11.7456390264716,13.7197787160527,22.9027065931613,31.2270329208635,18.8987994198003,7.48977436208207,3.63551033232729,3.64711376075685,3.29303083433452,3.56317557891608,1.91577938000482,4.37552708346678,2.759819403762,3.39237322223916,2.73803840992463,3.24216894514095,3.97413959442467,2.52871196630769,5.24634717472155
Bulgaria,BGR,Poverty headcount ratio at $3.00 a day (2021 PPP) (% of population),SI.POV.DDAY,..,2.2,..,..,8,2.5,1.9,1.8,2.7,3.4,3,3.3,2.7,4.6,3.1,2,1.5,1.6,0.7,1.2,1.1
Bulgaria,BGR,GDP per capita (current US$),NY.GDP.PCAP.CD,2093.08967660564,2719.63335037372,3389.86047992391,3900.02501966492,4523.37797301782,5888.87094585161,7271.67443724077,6988.63048446496,6854.2987837778,7849.98219737366,7432.33753378983,7796.37945241455,8070.01289303544,7269.02586513711,7822.89886431732,8697.13373333715,9849.88769989118,10354.2500414088,10760.7616180234,12966.8085197381,13999.9113358453
Bulgaria,BGR,Access to electricity (% of population),EG.ELC.ACCS.ZS,89.1,89.6,90.1,90.6,91.2,91.7,92.3,92.9,93.5,94.1,94.7,95.3,95.9,96.6,97.3,98.1,98.7,99.2,99.7,99.8,100
Burkina Faso,BFA,GDP growth (annual %),NY.GDP.MKTP.KD.ZG,4.35296382988099,7.80249388870359,4.47845213670386,8.66187322841225,6.25316468817478,4.11137901761516,5.79999174105387,2.96195085866692,8.44628157707625,6.62256261306693,6.45267237953146,5.79258484509867,4.32684561452976,3.9212287937935,5.95797670754024,6.20348941121868,6.60456906812341,5.88920497068135,2.01077262406221,6.94252492572348,1.62673258211919
Burkina Faso,BFA,"Inflation, consumer prices (annual %)",FP.CPI.TOTL.ZG,2.17569480664608,2.03456574053815,-0.400228702115452,6.41504018369684,2.3331085637222,-0.230627306273049,10.6597978997424,2.60817666368314,-0.764230734676768,2.75976724854534,3.8181524025238,0.533738507090536,-0.258089517535291,0.724838981070517,0.441041448058809,1.48299897161326,1.95594302672532,-3.23338933983322,1.88470066518847,3.65326761825509,14.2902354303358
Burkina Faso,BFA,"Life expectancy at birth, total (years)",SP.DYN.LE00.IN,51.447,51.959,52.6,53.271,53.784,54.377,55.199,55.791,56.343,57.001,57.457,57.903,58.331,58.778,59.173,59.578,59.972,60.184,60.454,60.046,60.7
Burkina Faso,BFA,"Government expenditure on education, total (% of GDP)",SE.XPD.TOTL.GD.ZS,..,..,..,3.94112992286682,3.98218989372253,4.07982015609741,..,..,3.50222992897034,3.98515009880066,3.60315990447998,4.08343982696533,4.05329990386963,3.67008996009827,..,5.62846994400024,5.488609790802,5.45615632520251,5.21148277030166,5.24913346712028,5.29456753304241
Burkina Faso,BFA,Individuals using the Internet (% of population),IT.NET.USER.ZS,0.200992597925001,0.373440303233526,0.400295285492178,0.469900012,0.632700026,0.75,0.920000017,1.129999995,2.400000095,3,3.724999905,5,6,6.545700073,7.140999794,7.790400028,8.498900414,9.27180600953186,12.97319984,18.1522007,25.3987999
Burkina Faso,BFA,Current health expenditure (% of GDP),SH.XPD.CHEX.GD.ZS,4.17985535,4.42266035,5.23083639,4.83784914,5.17043304,5.77535009,4.96721601,5.19683933,5.28967237,4.64868164,4.60267258,5.56331587,5.00027227,5.13192415,5.95284653,6.12075186,4.94427681,5.35001135,6.89469957,7.08691931,7.41435528
Burkina Faso,BFA,"Unemployment, total (% of total labor force) (national estimate)",SL.UEM.TOTL.NE.ZS,..,2.777,..,4,2.353,3.3,..,..,..,..,..,..,6.481,..,..,..,4.695,1.56,..,..,1.927
Burkina Faso,BFA,"School enrollment, primary (% gross)",SE.PRM.ENRR,45.1330909729004,47.5335502624512,52.1790885925293,56.6982612609863,60.375,65.8891830444336,71.3662185668945,75.7858963012695,76.4055299539171,79.7322151346571,81.98174251568,83.2890892862992,84.5538716285922,85.1484827713554,87.4065255935815,89.5118329042903,91.5019771306419,89.7861564043823,87.6988473437538,87.0183353617198,82.2567064320916
Burkina Faso,BFA,"Agriculture, forestry, and fishing, value added (% of GDP)",NV.AGR.TOTL.ZS,26.3724484751209,25.9609768246545,23.3814384513092,26.7709190270281,25.2289761645165,21.8394874058463,27.314280245881,23.2048471286094,24.1433866229434,23.043650452489,23.7560050181575,23.6410927919708,23.6937727725999,22.6464984902029,21.7147178290213,20.5855872188282,20.9974732840091,18.2205245524421,17.9151635677562,17.2902157538449,20.6297585441708
Burkina Faso,BFA,Urban population (% of total population),SP.URB.TOTL.IN.ZS,19.725053583448,20.563327262892,21.3392180754924,22.0179778440204,22.5528306908743,22.9741760828193,23.3633747838557,23.7452325601116,24.115092498158,24.4682976845657,24.8001912059054,25.106116148748,25.3814155996643,25.621432645225,25.821510372001,25.9769918665632,26.0832202154822,26.1187254401157,26.3578373628627,26.8114307743017,27.2791369742712
Burkina Faso,BFA,"Foreign direct investment, net inflows (% of GDP)",BX.KLT.DINV.WD.GD.ZS,0.414815789165315,0.614299394603336,0.263190384062024,0.848145874654018,1.28064578676022,0.284717939080865,0.351169723487995,0.599468939611006,0.384492219825665,1.19074493368624,2.62145990530181,3.64766773141753,2.56255154786841,1.95992715697747,3.04380349897538,0.0182370342122821,1.68919942943091,1.0164787373679,-0.557279533533573,-0.405926078113797,3.59640793567206
Burkina Faso,BFA,Poverty headcount ratio at $3.00 a day (2021 PPP) (% of population),SI.POV.DDAY,..,69.6,..,..,..,..,..,67.2,..,..,..,..,58.7,..,..,..,47.7,..,..,42.1,..
Burkina Faso,BFA,GDP per capita (current US$),NY.GDP.PCAP.CD,285.654087637533,362.373899996953,403.81283743461,441.164148016012,455.513655620024,514.684451177238,619.437533256264,601.569520671859,624.957252224766,725.024767725475,731.470138867833,759.762065168498,764.861675106225,630.124750752312,663.742364842886,709.091535894695,777.465618514048,764.853077774946,825.237038782475,895.535288442991,827.330843486661
Burkina Faso,BFA,Access to electricity (% of population),EG.ELC.ACCS.ZS,9.9,11.4,10.7,11.1,11.6,12,12.5,12.6,13.1,14.8,15.1,15.4,19.2,16.2,16.6,17,14.4,17.6,18.5,19,19.5
Burundi,BDI,GDP growth (annual %),NY.GDP.MKTP.KD.ZG,4.44651941224797,-1.22372796023444,4.83365776809453,0.900000000901912,5.41380714491444,3.44449364663615,4.90874190813545,3.7870758305051,5.09373697323055,4.02442793864228,4.42303118490126,4.92392485117456,4.24490803087248,-0.404525595204191,3.20017470408993,3.83185757061784,5.34224473186408,4.45934202358784,0.306443811651718,3.23707479372925,2.31770122350822
Burundi,BDI,"Inflation, consumer prices (annual %)",FP.CPI.TOTL.ZG,-1.3656800532806,10.6474645658306,8.17642937482053,13.2520699188224,2.74542000214241,8.41206285772544,24.4069510353914,10.5554355299529,6.49326591473993,9.5921660597967,18.1610453065451,7.93795807492418,4.40535234185293,5.54468891259779,5.55768961400965,16.0525353030392,-2.81469807668465,-0.686772170797359,7.32110643415521,8.40453845076341,18.8008786664945
Burundi,BDI,"Life expectancy at birth, total (years)",SP.DYN.LE00.IN,49.924,50.997,52.217,53.053,53.962,54.832,55.581,56.422,57.088,57.804,58.501,59.179,59.764,60.107,60.789,61.345,61.806,62.18,62.569,62.101,62.882
Burundi,BDI,"Government expenditure on education, total (% of GDP)",SE.XPD.TOTL.GD.ZS,3.00493001937866,..,3.74495005607605,3.63216996192932,..,..,5.19289016723633,6.17194986343384,6.77523994445801,6.31926012039185,6.16776990890503,5.99539995193481,6.78452014923096,6.37133979797363,4.69199991226196,4.76202011108398,5.07863998413086,5.34668445378401,5.32158506838731,4.87114173892375,..
Burundi,BDI,Individuals using the Internet (% of population),IT.NET.USER.ZS,0.118228412267794,0.201273196735924,0.349060461879596,0.542100012,0.657599986,0.7,0.81,0.899999976,1,1.110000014,1.220000029,1.2642181112,1.04239212643994,2,2.200000048,2.6607485347534,4.019499779,6.072199821,6.430099964,6.777999878,7.144800186
Burundi,BDI,Current health expenditure (% of GDP),SH.XPD.CHEX.GD.ZS,5.34983587,5.27245188,7.09572744,7.56016588,8.71264839,9.1855402,7.74147511,9.23238468,11.28196716,10.06996346,8.63756466,8.62834644,7.21081543,6.29044485,7.06148243,6.95230389,7.29396152,9.05940628,10.70776176,8.94190311,8.6687746
Burundi,BDI,"Unemployment, total (% of total labor force) (national estimate)",SL.UEM.TOTL.NE.ZS,..,..,..,..,3.185,..,1.634,..,..,..,..,..,1.572,..,..,..,..,..,1.03,..,..
Burundi,BDI,"School enrollment, primary (% gross)",SE.PRM.ENRR,68.6379928588867,74.1769638061523,79.2554397583008,84.5035934448242,107.597122192383,120.352416992188,123.768852233887,131.400833129883,135.159734772168,135.992222159155,131.357142093473,126.110240344608,121.424109579602,116.228128078144,112.482124155559,107.55418011941,104.256445289133,101.506122486696,101.661087301601,..,..
Burundi,BDI,"Agriculture, forestry, and fishing, value added (% of GDP)",NV.AGR.TOTL.ZS,43.3336112421252,42.8412837005394,41.9026049689034,40.8481233922949,40.6376822658218,34.9341719197591,38.0048233017065,36.8532403738342,38.4305452876335,36.7043515146528,35.5104159871754,38.3671182602277,34.9578238431604,35.2477391830275,35.5553158342758,37.4034350043265,35.3539025487206,34.2483545998177,31.1053893979777,33.9937846199417,35.331208452642
Burundi,BDI,Urban population (% of total population),SP.URB.TOTL.IN.ZS,8.45108277415092,8.67614339385788,8.9185547789176,9.1806167624459,9.4646291775586,9.77289185737152,10.1064353383035,10.4979900434482,10.9843097335487,11.5616652230006,12.2244596804615,12.9670962745892,13.7839781740413,14.6695085474754,15.6180905635494,16.6241273909209,17.6820221982475,18.786178154187,19.9309984273971,21.1108861865354,22.3202446002597
Burundi,BDI,"Foreign direct investment, net inflows (% of GDP)",BX.KLT.DINV.WD.GD.ZS,..,..,0.00488285714415741,0.0523404213217611,0.00248110542789525,0.036885807330262,0.23781629691625,0.0196229518082158,0.0384119130803941,0.150057243665302,0.0259911934949934,4.7612156740524,3.38973967159169,0.264702987630016,0.00210472726474441,2.30701019619549,0.228727114717487,1.05451097508345,0.66481142584294,0.652577753652764,0.627981649090288
Burundi,BDI,Poverty headcount ratio at $3.00 a day (2021 PPP) (% of population),SI.POV.DDAY,..,..,..,..,81.5,..,..,..,..,..,..,75.8,..,..,..,..,..,..,74.2,..,..
Burundi,BDI,GDP per capita (current US$),NY.GDP.PCAP.CD,120.952308575468,111.406682804391,125.194965184533,147.234619294225,161.892755640319,166.162744906755,189.502074570768,198.431524048225,216.727705301976,230.069761381132,231.098787811507,234.844770150871,250.544492155185,254.402585226788,232.937812100153,246.060725714184,245.661678332009,234.31061590725,252.702452750006,264.172844085398,301.832255755105
Burundi,BDI,Access to electricity (% of population),EG.ELC.ACCS.ZS,3.1,3.4,3.7,3.2,2.7,4.7,4.8,5.4,5.3,6.2,6.5,6.9,7,7.9,8.5,9.3,9.5,9.8,9.1,10.2,10.3
Cabo Verde,CPV,GDP growth (annual %),NY.GDP.MKTP.KD.ZG,5.25089116960211,4.17625932578332,10.197072633926,6.91245795720201,7.98375044795048,15.1706879735517,7.03901129565128,-1.50358672385678,1.83641914989978,3.92471821338283,1.08364848376166,0.632136727385131,0.696666840118581,0.936026507808833,4.28071482662371,4.5513148102974,3.70696458310842,6.94782634051859,-20.8052758990735,7.03353010694514,15.843675684642
Cabo Verde,CPV,"Inflation, consumer prices (annual %)",FP.CPI.TOTL.ZG,1.88453410076765,1.18817038620528,-1.8908217230618,0.41889161285517,5.36907687065549,4.41099704193489,6.77443546371143,0.991103480568085,2.07866470906424,4.47388342165023,2.54039644167109,1.50654285701407,-0.238778144990624,0.131187999024545,-1.40781637091706,0.784415251101334,1.25699566690509,1.10666674296063,0.605795808395385,1.86215297494647,7.93092925430087
Cabo Verde,CPV,"Life expectancy at birth, total (years)",SP.DYN.LE00.IN,69.447,70.006,70.499,70.936,71.341,71.487,71.888,72.142,72.507,72.913,73.315,73.481,73.788,74.096,74.35,74.71,74.84,75.449,73.818,74.424,75.907
Cabo Verde,CPV,"Government expenditure on education, total (% of GDP)",SE.XPD.TOTL.GD.ZS,7.87682008743286,..,7.47664022445679,..,6.52960014343262,4.95982980728149,5.03464984893799,4.86588001251221,5.0765700340271,4.59785985946655,5.39769575795208,4.56156015396118,4.52133989334106,4.80622005462646,4.75475978851318,4.59278011322021,4.78792270184537,4.16528987884521,7.09400702406662,6.15490303089284,4.7252554800722
Cabo Verde,CPV,Individuals using the Internet (% of population),IT.NET.USER.ZS,3.5187571749658,4.32488539053715,5.31883206957883,6.07408710659813,6.80891100753313,8.28321981953034,14,21,30,32,34.74,37.5,40.25999832,42.6830141582781,50.3228178676892,57.1621463484891,59.5,61.9433977593088,69.37339783,70.28250122,73.32740021
Cabo Verde,CPV,Current health expenditure (% of GDP),SH.XPD.CHEX.GD.ZS,3.72489762,3.6274426,3.54616308,3.34086585,3.82406759,3.84218621,3.26951575,3.55867004,4.08085394,3.92527819,4.6740551,4.82468271,4.85231543,4.40073681,4.36134005,4.48070955,4.78548193,4.82431316,7.03399324,6.60773611,6.70243406
Cabo Verde,CPV,"Unemployment, total (% of total labor force) (national estimate)",SL.UEM.TOTL.NE.ZS,..,..,..,..,..,..,..,13.517,10.666,..,..,..,..,31.313,..,12.241,12.2,11.3,..,..,..
Cabo Verde,CPV,"School enrollment, primary (% gross)",SE.PRM.ENRR,115.544151306152,114.57283782959,112.934593200684,112.191917419434,112.301071166992,110.927947998047,109.969436645508,108.620460510254,107.555528675325,107.478306845395,108.38813689184,108.020740500689,107.53603339203,105.850444928795,104.433854930994,104.154022187951,105.84560911247,105.208665983159,103.42828248778,103.025970530848,102.973013922324
Cabo Verde,CPV,"Agriculture, forestry, and fishing, value added (% of GDP)",NV.AGR.TOTL.ZS,10.3514712488974,10.1436982527383,9.86346771915503,9.00118732269349,8.3187121345924,6.09468707137093,5.31578241870627,6.02632246585572,5.82909277007133,5.39925327001121,5.79088758494564,5.82359125603063,5.73506923863287,6.4082863760272,6.31352277353712,5.37533502619645,4.52276867410321,4.437360866953,6.19132745485182,5.97147405923183,4.95404868851136
Cabo Verde,CPV,Urban population (% of total population),SP.URB.TOTL.IN.ZS,55.5703407979481,56.3297071979641,57.0677167011018,57.7977695763157,58.5332660925599,59.287606518789,60.0741911239572,60.906420177019,61.7974262732302,62.7419929036884,63.7260454520996,64.7486207521826,65.8085112712742,66.9045094767116,68.0354078358316,69.1999988159713,70.3970748844677,71.6254285086577,72.8838521558784,74.1607930892827,75.033738060849
Cabo Verde,CPV,"Foreign direct investment, net inflows (% of GDP)",BX.KLT.DINV.WD.GD.ZS,2.37854487715663,4.82213415181345,7.312720061603,8.2812271109681,11.8764317277784,11.6247473388534,10.7624753520891,6.80241863090143,6.36802137795552,4.99538224029443,6.69129799994045,4.40125011545419,8.84407322092194,5.49024513305668,6.82845117866997,5.59469673480566,4.69595735976167,5.45788755667341,3.71218491455203,4.45730498164251,5.43014452079405
Cabo Verde,CPV,Poverty headcount ratio at $3.00 a day (2021 PPP) (% of population),SI.POV.DDAY,..,..,..,..,..,26.2,..,..,..,..,..,..,..,14.6,..,..,..,..,..,..,..
Cabo Verde,CPV,GDP per capita (current US$),NY.GDP.PCAP.CD,1328.57874270666,1717.97565369655,1929.49081468781,2004.14680417563,2256.99666191075,3324.57675212498,3908.64885822576,3659.72046361628,3579.46006137809,4002.01386888785,3736.81517011087,3960.97596791345,3985.60706548134,3415.06266730931,3608.96605234906,3893.09571382506,4294.96510035729,4380.78117331128,3539.22661248299,3971.44409203423,4323.31362032709
Cabo Verde,CPV,Access to electricity (% of population),EG.ELC.ACCS.ZS,58.6,63.7,65.4,67,68.8,70.5,72.3,74.1,81.1,82.3,83.2,84.3,85.3,86.4,87.5,88.6,90.2,91.4,93.7,95.5,97.1
Cambodia,KHM,GDP growth (annual %),NY.GDP.MKTP.KD.ZG,6.26507280509637,10.2836813071691,9.45769481103929,13.3033338358455,10.9433600681694,10.398458101201,7.47636606631011,4.07477850599065,5.07691843229247,7.28665813879552,7.65025657870362,7.8574997554252,8.00032074618566,7.20703472529512,7.90550116130704,8.07503915535979,8.77622376224463,7.93695013588524,-3.55572193406549,3.08984284148661,5.12990110773977
Cambodia,KHM,"Inflation, consumer prices (annual %)",FP.CPI.TOTL.ZG,0.211466568022607,0.94174611779921,4.31933677434786,6.61525912001587,5.81068550464306,8.70882770568049,24.096851930605,-1.24171754189637,3.99639528107218,5.4784474961745,2.93431609293951,2.94162509547349,3.85568861424207,1.22393195511119,3.01913975139128,2.91263557371478,2.45908515380146,1.94257500833107,2.9402951426397,2.92073477592949,5.34370264895437
Cambodia,KHM,"Life expectancy at birth, total (years)",SP.DYN.LE00.IN,61.395,62.345,63.256,64.113,64.886,65.549,66.147,66.747,67.311,67.869,68.371,68.755,69.117,69.398,69.635,69.842,69.993,70.127,70.059,69.301,70.528
Cambodia,KHM,"Government expenditure on education, total (% of GDP)",SE.XPD.TOTL.GD.ZS,1.62863004207611,..,1.56035995483398,..,..,1.36423003673553,..,1.38576996326447,1.24872994422913,1.20887994766235,1.23062002658844,1.57648003101349,1.44690001010895,..,..,..,1.60336995124817,2.13345387893978,2.2476462495972,1.96232691812756,1.95793279576416
Cambodia,KHM,Individuals using the Internet (% of population),IT.NET.USER.ZS,0.226983237666204,0.260570197574002,0.300436644360101,0.317321781089656,0.468400002,0.49,0.51,0.53,1.26,3.099999905,4.94,6,14,6.43319107021405,32.3984517141849,32.9002785437986,65,52.305878224498,56.37590027,60.76269913,65.49079895
Cambodia,KHM,Current health expenditure (% of GDP),SH.XPD.CHEX.GD.ZS,6.91952753,6.45762444,6.48521805,6.15001392,5.36440325,4.42702723,5.61296654,6.3089695,5.62713194,6.00443649,5.77632856,5.00863695,4.40784645,4.53898621,4.49053288,4.26933241,4.49707794,5.05801058,5.13031435,6.33888054,4.46856117
Cambodia,KHM,"Unemployment, total (% of total labor force) (national estimate)",SL.UEM.TOTL.NE.ZS,..,0.909,7.533,..,..,1.257,0.825,0.579,0.771,0.577,1.279,0.438,0.692,0.393,0.716,0.141,..,0.499,0.172,0.396,..
Cambodia,KHM,"School enrollment, primary (% gross)",SE.PRM.ENRR,123.66854095459,126.512390136719,129.020355224609,129.551315307617,128.404861450195,127.717086791992,124.066017150879,123.781600952148,123.357803344727,118.762440557356,115.41843697639,115.808136523857,108.942219609284,103.759672683505,101.734266788056,100.69503505776,99.6739108443274,100.480819545412,107.021018981934,105.282475574163,106.331544381276
Cambodia,KHM,"Agriculture, forestry, and fishing, value added (% of GDP)",NV.AGR.TOTL.ZS,29.6110046760937,29.4743795697528,26.6286627547039,27.4457888917427,26.2857429362019,25.4656283422573,28.0340869915092,28.0893239418879,27.8742916555508,28.0358544598065,26.7953499375283,24.447155140413,22.1938152404445,20.1408488554582,18.9079815555917,17.8681771583586,16.4979479082228,15.4385065177157,17.0396522911435,16.9044143710096,16.5440859884848
Cambodia,KHM,Urban population (% of total population),SP.URB.TOTL.IN.ZS,18.803641734126,18.8881765274479,18.9813615262763,19.0922720052225,19.2299832388976,19.4035705019128,19.6574509865325,20.1979728726519,21.1232251168762,22.3824788531276,23.9411047582349,25.7644735090271,27.8179557823331,30.0669222549819,32.4767436038024,35.0127905056235,37.6404336372742,39.5830241256026,39.832658030922,40.1091858128847,40.374616187368
Cambodia,KHM,"Foreign direct investment, net inflows (% of GDP)",BX.KLT.DINV.WD.GD.ZS,2.90934773211661,1.61651685032136,2.2337173477841,5.36603852621255,5.78657071926189,8.56334609470361,6.69590818514056,7.42542554520067,10.169807189939,9.59845134883877,11.1524912445112,10.4430587644193,8.40902020300656,7.54029662001984,9.32318507305764,9.49760203098743,9.69240300027112,9.98500044202808,10.410239809326,9.4684591111041,8.94830125779534
Cambodia,KHM,Poverty headcount ratio at $3.00 a day (2021 PPP) (% of population),SI.POV.DDAY,..,..,..,..,..,..,..,..,..,..,..,..,..,..,..,..,..,..,..,..,..
Cambodia,KHM,GDP per capita (current US$),NY.GDP.PCAP.CD,350.147276634294,386.691123931778,444.199067529081,525.797325120926,612.252648550727,731.692295125426,866.283999789749,875.748936193569,952.274616324008,1088.98152823081,1192.80263041673,1305.6600972686,1431.56396469993,1547.32010444393,1675.19555711109,1826.35391688754,2036.67377566578,2225.87705485686,2081.73914242939,2167.40324198499,2325.03050040841
Cambodia,KHM,Access to electricity (% of population),EG.ELC.ACCS.ZS,13.1,19.3,14.2,20.5,27.5,20.2,26.4,25.6,31.1,37.4,42.3,50.9,56.1,62.7,68.8,89.1,80.7,84,86.4,82.5,92.3
Cameroon,CMR,GDP growth (annual %),NY.GDP.MKTP.KD.ZG,4.47702683369155,5.45315368881347,7.04886281858374,2.22827020924117,3.80958327566137,4.32758900972871,2.8476778892105,2.57925177738754,2.89902472122014,3.37921128506045,4.62597872209571,4.99552916130783,5.71981814509198,5.66695298703932,4.53579423678801,3.54117654926007,3.95551423892049,3.47505998194981,0.259932915907115,3.33885747179505,3.7367840056412
Cameroon,CMR,"Inflation, consumer prices (annual %)",FP.CPI.TOTL.ZG,2.83442260128067,0.623163557374316,0.233647380067584,2.01353950175986,5.11757816019469,0.921402245650095,5.33780627627498,3.04361847939999,1.27538046242338,2.93969946305091,2.73529677529539,2.05034718001741,1.85489850366777,2.676235314199,0.874190383288856,0.64040914988195,1.0688581131292,2.45280214062732,2.43760882182236,2.27185762503637,6.24767713343861
Cameroon,CMR,"Life expectancy at birth, total (years)",SP.DYN.LE00.IN,53.922,54.253,54.578,54.904,55.301,55.71,56.116,56.486,56.965,57.482,58.17,58.73,59.13,59.687,60.293,60.817,61.189,61.695,61.674,61.146,62.443
Cameroon,CMR,"Government expenditure on education, total (% of GDP)",SE.XPD.TOTL.GD.ZS,..,2.82259011268616,2.79530000686646,2.65652990341186,2.53990006446838,2.87814998626709,2.49826002120972,2.90790009498596,2.84802007675171,2.65335988998413,2.60304999351502,2.65546989440918,2.58396005630493,2.65791010856628,2.56234002113342,3.05961990356445,3.03096008300781,3.0473994932468,3.10390139858492,2.8493076272306,2.65952378267367
Cameroon,CMR,Individuals using the Internet (% of population),IT.NET.USER.ZS,0.360871584267755,0.587622611130454,0.976075415490902,1.402699947,2.028700113,2.93,3.400000095,3.84,4.300000191,5,7.5,10,16.2148722257524,18.29999924,20.60000038,23.2029719748646,29.70000076,36.53919983,37.69749832,38.89260101,40.12559891
Cameroon,CMR,Current health expenditure (% of GDP),SH.XPD.CHEX.GD.ZS,4.02669907,3.90227985,3.72798991,3.77274442,3.73662829,3.79498792,3.65843678,3.49997187,3.57742167,3.85282946,3.9310236,3.63136435,4.34148788,4.12600517,4.02253723,3.79293942,3.61970162,3.65157914,4.25051928,4.34109783,4.49439144
Cameroon,CMR,"Unemployment, total (% of total labor force) (national estimate)",SL.UEM.TOTL.NE.ZS,..,..,..,21.382,..,3.063,..,..,4.111,..,..,..,3.534,..,..,..,..,..,..,3.275,..
Cameroon,CMR,"School enrollment, primary (% gross)",SE.PRM.ENRR,104.316276550293,104.626373291016,109.464706420898,107.316940307617,105.712219238281,107.514030456543,107.606048583984,109.50218963623,111.23470536902,110.019145783217,114.354228488521,..,115.30420057953,117.753568320161,117.173043298412,111.221389894314,104.334202125375,106.75480128827,..,110.107790367283,112.494636113484
Cameroon,CMR,"Agriculture, forestry, and fishing, value added (% of GDP)",NV.AGR.TOTL.ZS,18.2716803952334,17.473784234889,17.5609527218813,16.734176851979,15.6250817945247,15.8575319059376,16.0011918854665,16.3871903453991,17.2697108767217,16.6973907363193,16.6572401682217,16.7236611922507,16.8258381780095,17.2094159041593,17.1926623891151,16.6929418227731,16.4988006978593,16.8022835644401,17.4968650540914,16.9592035415957,16.5461644132745
Cameroon,CMR,Urban population (% of total population),SP.URB.TOTL.IN.ZS,47.2589242513436,47.7325523560061,48.1826845960942,48.5837852394685,49.2044173412861,49.7027028593758,50.0858325268669,50.4714131335678,50.8505075371362,51.2229843034125,51.5887119982861,51.9475591877024,52.2993944376709,52.6440863142742,52.9815033836792,53.3115142121504,53.6339873660653,53.9487914119331,54.2557949164174,54.5548664463635,54.8458745688318
Cameroon,CMR,"Foreign direct investment, net inflows (% of GDP)",BX.KLT.DINV.WD.GD.ZS,4.06898458469026,2.09694383064128,0.361118040793554,1.24860831295214,0.282739555044298,0.792290665611713,0.0757546676819469,2.671669501987,1.94952386693621,2.13270391251932,1.7488404761216,1.62296806273401,1.99484327731063,2.15564021048479,1.96334943457327,2.25620975874553,1.91485781286221,2.58340602489154,1.65595614712353,2.14061326900656,2.08735032157122
Cameroon,CMR,Poverty headcount ratio at $3.00 a day (2021 PPP) (% of population),SI.POV.DDAY,..,..,..,..,..,36,..,..,..,..,..,..,29,..,..,..,..,..,..,26.7,..
Cameroon,CMR,GDP per capita (current US$),NY.GDP.PCAP.CD,789.623811072554,988.241276791846,1133.39326749673,1142.62466252106,1191.45458990968,1325.67248215933,1492.14269801453,1461.38999232337,1398.58702025047,1513.96056994878,1449.09874362279,1575.92882118897,1649.4433905949,1415.00009710569,1441.7201725688,1496.08951771242,1610.69641591017,1555.22660476477,1555.60370660749,1672.32657340872,1604.87726954895
Cameroon,CMR,Access to electricity (% of population),EG.ELC.ACCS.ZS,44,45.1,47.1,47.2,49,48.2,50.6,51.7,52.8,53.7,55.2,56.3,56.8,58.6,59.8,60.9,62.2,63.2,64.3,65.4,71
Canada,CAN,GDP growth (annual %),NY.GDP.MKTP.KD.ZG,2.99925533832644,1.8063851195103,3.09236381038156,3.21045441502793,2.63794375302722,2.04990459443619,0.995406371264522,-2.91508627059555,3.09080633744851,3.1371944343876,1.75566133205234,2.32581356612762,2.87346675579731,0.64997101491096,1.03855091989323,3.03383491841392,2.74296341402246,1.90843193887251,-5.03823342794087,5.95052804984759,4.69541985045903
Canada,CAN,"Inflation, consumer prices (annual %)",FP.CPI.TOTL.ZG,2.25839440940855,2.75856321360112,1.85725871857256,2.21355203439767,2.00202539534161,2.13838399266837,2.37027067444299,0.299466803009299,1.77687154092627,2.91213508872351,1.51567823124517,0.938291897815317,1.90663590717861,1.12524136094277,1.42875954701085,1.59688412852977,2.26822567248103,1.94926902411593,0.716999632307827,3.39519318527528,6.80280115341613
Canada,CAN,"Life expectancy at birth, total (years)",SP.DYN.LE00.IN,79.5307317073171,79.7151219512195,79.9921951219512,80.1126829268293,80.5436585365854,80.5436585365854,80.7246341463415,81.0660975609756,81.3221951219512,81.4826829268293,81.6636585365854,81.7448780487805,81.7843902439025,81.8258536585366,81.94,81.8078048780488,81.8036585365854,82.1585365853659,81.53,81.4514634146342,81.0948780487805
Canada,CAN,"Government expenditure on education, total (% of GDP)",SE.XPD.TOTL.GD.ZS,4.99306011199951,..,..,4.76589012145996,..,4.76642990112305,4.62612009048462,4.84057998657227,5.35637998580933,5.26204013824463,..,4.58899021148682,4.84358978271484,4.73936986923218,4.81642007827759,4.95998001098633,4.88898992538452,4.77293014526367,4.88794994354248,4.74858999252319,4.84426021575928
Canada,CAN,Individuals using the Internet (% of population),IT.NET.USER.ZS,61.5932992681952,64.2,65.9559634648989,71.66,72.40000153,73.2,76.69999695,80.3,80.3,83,83,85.80000305,87.12000275,90,91.16000366,92.70140076,94.64,91.91290283,92.3,93.93710327,94
Canada,CAN,Current health expenditure (% of GDP),SH.XPD.CHEX.GD.ZS,8.85665226,9.01086521,9.06623363,9.03529835,9.33188725,9.4346962,9.59427929,10.70402527,10.70066547,10.40518665,10.5407114,10.43559265,10.28115654,10.76397896,11.05626965,10.9242115,10.92262077,11.04823494,13.01732922,12.38106632,11.08119678
Canada,CAN,"Unemployment, total (% of total labor force) (national estimate)",SL.UEM.TOTL.NE.ZS,7.665,7.574,7.185,6.758,6.484,6.156,6.284,8.46,8.178,7.659,7.429,7.178,7.049,6.986,7.067,6.444,5.842,5.688,9.657,7.517,5.273
Canada,CAN,"School enrollment, primary (% gross)",SE.PRM.ENRR,..,..,99.4407424926758,98.5980606079102,99.76953125,99.5414810180664,98.6080932617188,99.6073379516602,99.1343688964844,98.5625991821289,99.4907531738281,99.3867797851562,99.5252914428711,99.8602600097656,98.5500411987305,98.6322402954102,98.6617813110352,97.1875534057617,96.9089736938477,95.229621887207,94.7344131469727
Canada,CAN,"Agriculture, forestry, and fishing, value added (% of GDP)",NV.AGR.TOTL.ZS,2.0445023787603,1.99211950804307,2.02399445993749,1.74713436059047,1.58933158003052,1.58722411672984,1.76826927951219,1.54989031633571,1.49323070348344,1.76565550890832,1.81135268317938,1.89424545337458,1.58654648681462,1.86983406717295,1.86222405438563,1.88999021790618,1.69989005552688,1.69707568569413,1.83978682557174,1.59798849520844,1.93275289413659
Canada,CAN,Urban population (% of total population),SP.URB.TOTL.IN.ZS,79.0990234802234,79.391380674239,79.6923063348315,79.9760615882965,80.219066099279,80.4425615136782,80.6628944916604,80.8591838893921,81.0120892252937,81.1031425434213,81.1513483248791,81.183439957458,81.211183161556,81.2465670276699,81.3023011093703,81.4018945832226,81.5500341646653,81.7363672047941,81.9509888710566,82.1779279079275,82.3500897353968
Canada,CAN,"Foreign direct investment, net inflows (% of GDP)",BX.KLT.DINV.WD.GD.ZS,3.21914228445942,0.782966307441581,0.141465790138583,2.17814542268079,4.87400358632515,8.20055904886214,4.51512624244061,1.52412827089472,1.83724977084563,2.13782226222103,2.70017935331081,3.62983069806946,3.55389980711924,3.85389066466467,2.23834791127678,1.5375171282853,2.46930986353956,2.80676080429286,1.75896848026439,2.97618405526996,2.30686661821278
Canada,CAN,Poverty headcount ratio at $3.00 a day (2021 PPP) (% of population),SI.POV.DDAY,0.3,0.3,0.3,0.3,0.3,0.2,0.3,0.3,0.3,0.3,0.3,0.5,0.3,0.4,0.4,0.4,0.4,0.4,0.1,0.2,0.3
Canada,CAN,GDP per capita (current US$),NY.GDP.PCAP.CD,24256.0598742201,28301.9097055898,32145.5653280273,36383.9671341396,40504.8490329826,44660.0838892281,46710.3654423328,40874.9612318547,47560.8378831258,52224.1237767406,52670.1429540952,52637.7313222622,50960.8942086685,43594.2379080706,42314.1033623905,45129.7335281051,46539.2177903178,46352.9695208927,43537.8981198851,52886.6407813788,56496.9275340663
Canada,CAN,Access to electricity (% of population),EG.ELC.ACCS.ZS,100,100,100,100,100,100,100,100,100,100,100,100,100,100,100,100,100,100,100,100,100
Cayman Islands,CYM,GDP growth (annual %),NY.GDP.MKTP.KD.ZG,..,..,..,..,..,3.16262522652799,-0.357401201092983,-7.20048244664706,-2.71563526217577,1.16906219839106,1.22975365701149,1.27933101999021,2.65452798451271,2.8331222262961,3.23997433895669,3.18404592334522,4.26726745249641,3.91563534249416,-4.95480696516726,4.86941655353661,5.66079366938135
Cayman Islands,CYM,"Inflation, consumer prices (annual %)",FP.CPI.TOTL.ZG,..,..,..,..,..,..,..,..,0.276140861750108,1.32543575779664,1.18894845245608,2.16061146813391,1.27397911533388,-2.34752770165615,-0.62525835861814,..,..,..,..,..,..
Cayman Islands,CYM,"Life expectancy at birth, total (years)",SP.DYN.LE00.IN,74.609,74.639,74.596,74.863,75,75.152,75.386,75.671,76.069,76.562,77.121,77.652,77.865,78.119,78.367,78.615,78.835,79.052,79.23,79.3,79.984
Cayman Islands,CYM,"Government expenditure on education, total (% of GDP)",SE.XPD.TOTL.GD.ZS,..,..,..,..,..,..,..,..,..,..,..,..,..,..,..,..,2.16376945997106,1.13670003414154,1.45542001724243,1.31253004074097,1.48894000053406
Cayman Islands,CYM,Individuals using the Internet (% of population),IT.NET.USER.ZS,..,..,..,38.0343830823064,44.5,52,61,64.5,66,69.46594499,69.7,71.4,74.1,77,79,81.0676932508161,..,..,..,..,..
Cayman Islands,CYM,Current health expenditure (% of GDP),SH.XPD.CHEX.GD.ZS,..,..,..,..,..,..,..,..,..,..,..,..,..,..,..,..,..,..,..,..,..
Cayman Islands,CYM,"Unemployment, total (% of total labor force) (national estimate)",SL.UEM.TOTL.NE.ZS,5.366,3.608,3.449,3.544,2.622,3.824,3.972,6.039,6.682,6.781,6.212,6.273,4.697,4.2,..,..,..,..,..,..,..
Cayman Islands,CYM,"School enrollment, primary (% gross)",SE.PRM.ENRR,107.187782287598,..,99.5556869506836,95.6598815917969,99.5684661865234,103.577423095703,102.496566772461,..,..,103.911342894394,103.277848911652,98.6759930052461,..,..,..,..,92.0753908759906,94.3210930828352,97.6523799267715,95.4784899034241,98.3856700574967
Cayman Islands,CYM,"Agriculture, forestry, and fishing, value added (% of GDP)",NV.AGR.TOTL.ZS,..,..,..,..,0.233902026103342,0.249991704468987,0.262355470231399,0.314233319578041,0.312850351574142,0.329023759250102,0.330634392733331,0.34097402629238,0.357974783468847,0.378694095538705,0.399458774449959,0.418315712387287,0.408587365212128,0.414317853358841,0.435397889334994,0.454181072913047,0.469402852319854
Cayman Islands,CYM,Urban population (% of total population),SP.URB.TOTL.IN.ZS,100,100,100,100,100,100,100,100,100,100,100,100,100,100,100,100,100,100,100,100,100
Cayman Islands,CYM,"Foreign direct investment, net inflows (% of GDP)",BX.KLT.DINV.WD.GD.ZS,..,..,..,..,590.934135348453,631.634094177048,426.427221465546,474.063478147583,504.372481374278,743.700703126213,500.805921310871,792.319801831675,1009.03105141977,1709.8272317393,54.6762793218217,48.5158818428982,3.1399447714078,18.1830873197548,123.314001465062,-13.3283722401281,-47.2642798695926
Cayman Islands,CYM,Poverty headcount ratio at $3.00 a day (2021 PPP) (% of population),SI.POV.DDAY,..,..,..,..,..,..,..,..,..,..,..,..,..,..,..,..,..,..,..,..,..
Cayman Islands,CYM,GDP per capita (current US$),NY.GDP.PCAP.CD,..,..,..,..,87085.0937376216,89888.2618212462,89655.1196222184,81373.5711516642,76837.6699636672,75280.960764889,75101.59136128,75113.7332398618,75845.3060407986,76379.2095108681,77802.2541567187,80053.9444506891,83865.5531568184,88254.2903677044,82338.7977439023,86449.6749037302,92937.8838323153
Cayman Islands,CYM,Access to electricity (% of population),EG.ELC.ACCS.ZS,100,100,100,100,100,100,100,100,100,100,100,100,100,100,100,100,100,100,100,100,100
Central African Republic,CAF,GDP growth (annual %),NY.GDP.MKTP.KD.ZG,3.61654219150596,-5.39748521855877,5.99488422798696,0.908210514871953,4.77108543044105,4.60753485452025,2.05413096200485,8.58726042640994,4.63081843223307,4.19461533741989,5.05376125356918,-36.3919770983887,0.0810705153264877,4.33712103020231,4.75031684122342,4.52727821346231,3.78944359275462,3.09999999999999,0.899999996857062,0.982919996264229,0.453901876447787
Central African Republic,CAF,"Inflation, consumer prices (annual %)",FP.CPI.TOTL.ZG,2.33181703516235,4.13470905150996,-2.06640601136303,2.88352073359022,6.69526465773354,0.95991761945711,9.25895099417076,3.52126227238643,1.49102370047802,1.1944757244985,5.47829594346117,6.98879341970198,14.898684179755,1.40297017136816,4.94543276106518,4.18072331871267,1.61215686991555,2.68537355266787,1.71015659523153,4.25936417542868,5.58316735183247
Central African Republic,CAF,"Life expectancy at birth, total (years)",SP.DYN.LE00.IN,46.84,47.306,47.696,48.207,48.687,49.327,49.873,14.665,46.871,50.107,51.336,49.487,40.265,51.934,50.999,45.231,52.297,31.53,50.596,40.279,18.818
Central African Republic,CAF,"Government expenditure on education, total (% of GDP)",SE.XPD.TOTL.GD.ZS,1.5195699930191,1.53979003429413,1.6245299577713,1.65222001075745,1.41506004333496,1.31332004070282,1.29000997543335,1.25458002090454,1.11760997772217,1.10792005062103,1.98034724839473,2.63821423826355,2.22015331698693,1.9102285875012,1.75408898250234,1.75365013911465,1.56587596817535,1.76792074637361,2.14468061163977,1.8725169173301,2.11509129476365
Central African Republic,CAF,Individuals using the Internet (% of population),IT.NET.USER.ZS,0.128537116506299,0.151563337940017,0.223401395464406,0.26820001,0.311199993,0.375815961044797,1,1.799999952,2,2.200000048,2.400000095,2.5,2.700000048,2.900000095,3.099999905,4,5.099999905,7.509200096,..,..,13.75360012
Central African Republic,CAF,Current health expenditure (% of GDP),SH.XPD.CHEX.GD.ZS,4.23633623,4.18572474,4.14367914,4.22857571,4.31108665,4.6338892,4.02635765,4.68325615,3.56699872,3.67561865,3.91814446,4.76660204,4.56557369,5.03434181,5.44402313,6.66541576,10.99484062,7.76081514,8.98488045,9.15097523,9.94993496
Central African Republic,CAF,"Unemployment, total (% of total labor force) (national estimate)",SL.UEM.TOTL.NE.ZS,..,..,..,..,..,..,..,..,..,..,..,..,..,..,..,..,..,..,..,..,..
Central African Republic,CAF,"School enrollment, primary (% gross)",SE.PRM.ENRR,60.4311485290527,59.6871795654297,51.2870597839355,57.085090637207,56.7010307312012,65.5534591674805,75.8503494262695,77.4299163818359,81.2789535522461,81.3504028320312,81.9315032958984,..,..,..,96.8125991821289,..,..,..,..,..,..
Central African Republic,CAF,"Agriculture, forestry, and fishing, value added (% of GDP)",NV.AGR.TOTL.ZS,..,..,..,..,..,..,..,38.3338681608926,37.3635795959409,37.5690227836114,36.8141664735428,32.2589062460725,33.9856217226143,31.5273810283745,31.9189914897237,32.7901712257048,31.2413315121572,28.3418324649438,29.4959372264099,35.7553299980455,36.2171100024119
Central African Republic,CAF,Urban population (% of total population),SP.URB.TOTL.IN.ZS,37.8169752995511,37.8863171931924,37.9626889392062,38.0448510426866,38.134433681123,38.2343339436079,38.3474489192338,38.476675697093,38.6244963104203,38.8030669465007,39.0301696038517,39.3042963482777,39.6226521868738,39.9824421267351,40.3808711749566,40.8151443386334,41.2824666248606,41.7800430407332,42.3050785933463,42.8547782897949,43.2751967457285
Central African Republic,CAF,"Foreign direct investment, net inflows (% of GDP)",BX.KLT.DINV.WD.GD.ZS,0.566657013276163,0.989218808380309,1.1867705571186,0.754917589946925,2.37163652036171,3.33860588929027,5.87486387887319,2.04509891475672,2.8712892233531,1.5138934301082,2.79010478789883,0.109532467338194,0.18339589636816,0.176904971713319,0.397590019652539,0.332412482969051,0.810612744001372,1.1525297989583,0.0746698927110639,0.214980465443776,1.00929791484186
Central African Republic,CAF,Poverty headcount ratio at $3.00 a day (2021 PPP) (% of population),SI.POV.DDAY,..,..,..,..,..,..,67.3,..,..,..,..,..,..,..,..,..,..,..,..,71.6,..
Central African Republic,CAF,GDP per capita (current US$),NY.GDP.PCAP.CD,248.639290978403,278.403992150941,303.461321152782,311.950023138687,333.942519903031,380.887048839475,437.24827472489,456.471673898404,476.873786950728,534.057281471636,544.395849142785,364.36696260838,409.8504859647,366.322853938121,387.176203444318,432.324025684263,455.243962859534,449.228467602439,462.879071294011,492.263142830507,467.359825026238
Central African Republic,CAF,Access to electricity (% of population),EG.ELC.ACCS.ZS,6.1,6.6,7,7.4,7.8,8.4,7.5,9.4,9.8,10.4,11,11.5,12,12.7,13.4,14.1,14.6,14.3,15.4,15.7,15.7
Chad,TCD,GDP growth (annual %),NY.GDP.MKTP.KD.ZG,8.4912098197177,14.7216670123589,33.6293718498522,17.3325337352162,-0.54282957080251,4.20017418353298,3.08119033854541,-1.40828262637592,13.6738272725339,4.49542967058827,9.06180392253447,2.83821524730293,2.06283074361411,3.30415979779805,-4.12250332637034,-1.61746922820204,5.74111580758154,5.38282202874814,-0.393646582380399,0.293442648033434,4.12969897668356
Chad,TCD,"Inflation, consumer prices (annual %)",FP.CPI.TOTL.ZG,5.19181895195446,-1.75256941248655,-5.35540028884816,7.89036567462993,8.03628897951331,-8.9747396200927,10.2969758221254,9.95242290748864,-2.07786574641866,2.0292405367826,7.51662364663833,0.222671564624551,1.6819731392567,4.37712665065654,-0.792440525236102,-1.5370996298084,4.27462198610545,-0.971939175419401,4.46414437232861,-0.77284437035914,5.78802687843616
Chad,TCD,"Life expectancy at birth, total (years)",SP.DYN.LE00.IN,48.36,48.609,48.687,48.86,48.747,49.21,49.503,49.828,50.107,50.426,50.765,51.051,51.141,51.32,51.603,51.875,52.447,52.993,53.082,53.136,54.528
Chad,TCD,"Government expenditure on education, total (% of GDP)",SE.XPD.TOTL.GD.ZS,..,..,1.59294998645782,1.30189001560211,..,..,..,1.74366998672485,1.50397002696991,1.64717996120453,1.52493000030518,2.06696009635925,2.32031229563021,2.34283149521162,2.38847586229946,1.8390200138092,2.25947501392013,2.37245795383591,2.73960390423748,2.01648998260498,2.6016118897064
Chad,TCD,Individuals using the Internet (% of population),IT.NET.USER.ZS,0.166069664674347,0.320308555366775,0.360920107034467,0.399257700084004,0.581045764229641,0.847224520710968,1.19,1.5,1.700000048,1.899999976,2.099999905,2.5,2.900000095,3.5,5.800000191,6.351900101,6.956299782,7.618199825,8.343099594,9.653699875,11.17029953
Chad,TCD,Current health expenditure (% of GDP),SH.XPD.CHEX.GD.ZS,5.60251188,4.24698305,4.23982859,3.73196912,3.73417258,3.47199655,3.16359782,3.36260128,3.08810997,2.85585785,2.67306423,2.95766044,3.29708338,3.40253925,3.70842481,3.51023412,3.2893219,3.38471627,4.35215092,3.9722333,4.15823555
Chad,TCD,"Unemployment, total (% of total labor force) (national estimate)",SL.UEM.TOTL.NE.ZS,..,..,..,..,..,..,..,..,..,..,..,..,..,..,..,..,1.135,..,..,..,3.109
Chad,TCD,"School enrollment, primary (% gross)",SE.PRM.ENRR,68.0197525024414,70.0718002319336,73.4543685913086,70.3077011108398,69.8574600219727,68.6545715332031,76.3880767822266,80.8705368041992,80.9052801607022,87.1710523342165,90.9022846027358,97.5346820035218,98.3155212402344,87.9123364402014,82.5545773262248,74.213606832584,84.3438820337693,83.264215851602,..,86.1454303891421,87.0347316780628
Chad,TCD,"Agriculture, forestry, and fishing, value added (% of GDP)",NV.AGR.TOTL.ZS,37.9029324681757,25.6339405315666,29.7742610425581,29.2819873014385,32.1335493075332,29.351416386452,29.0575437948301,33.1566904523959,33.2509512944262,27.1563338879622,27.0843972280265,31.7128603274934,31.1688076695246,33.6210255108379,39.3716151096934,38.4300853118306,37.6181441617191,37.5903652533914,40.687470063118,37.4420946884713,35.2279823985979
Chad,TCD,Urban population (% of total population),SP.URB.TOTL.IN.ZS,21.7007762031515,21.7207031172239,21.7377792120134,21.7519046977973,21.7629797848529,21.7709046834576,21.7755796038887,21.7784396568755,21.8472378191095,21.9558736797638,22.1061904148178,22.2975929852391,22.5294513486009,22.8011258828974,23.1119734707179,23.461349471105,23.8486084924975,24.2731047386633,24.7341921795416,25.2312246423075,25.7635558629694
Chad,TCD,"Foreign direct investment, net inflows (% of GDP)",BX.KLT.DINV.WD.GD.ZS,46.275241273497,25.9829201533053,10.5541199124918,-1.1476866334562,-2.86740171976294,-2.96036446114529,3.48233332294757,3.04360891943899,2.22641001271938,1.68950609671276,3.24047414068829,2.91179134022524,-3.72317778039931,3.84380092336452,1.87837153237555,2.72215531343515,3.00704966736056,3.80153819394825,3.73465690769548,4.17913326043699,3.44402627536712
Chad,TCD,Poverty headcount ratio at $3.00 a day (2021 PPP) (% of population),SI.POV.DDAY,..,66.7,..,..,..,..,..,..,..,45.2,..,..,..,..,..,..,41.9,..,..,..,39.5
Chad,TCD,GDP per capita (current US$),NY.GDP.PCAP.CD,219.061391951349,289.087621122168,445.850767157087,838.092107712557,906.897260572747,980.483531485103,1166.36883453841,1035.63719694254,1141.80069268412,1308.1421872538,1354.34344701937,1304.88742971475,1278.78981422494,993.990730610869,861.831767630746,854.46120040098,948.656629871231,893.336441643325,866.947814890409,946.358500208374,966.036468278568
Chad,TCD,Access to electricity (% of population),EG.ELC.ACCS.ZS,3.8,4.1,3.5,4.8,5.1,5.5,5.9,6.3,6.4,9,7.8,8.1,8.4,7.7,9.2,10.9,10.1,8.4,10.9,11.3,11.7
Channel Islands,CHI,GDP growth (annual %),NY.GDP.MKTP.KD.ZG,..,..,..,..,..,..,..,..,-3.60663231572742,1.12504310895372,-5.75366122139113,0.493931120528785,2.42710178482311,0.374367083829384,1.21302407657195,1.80648131383585,1.1222435658518,1.57335596156342,-8.89677926591959,9.93680136985076,5.34196140375869
Channel Islands,CHI,"Inflation, consumer prices (annual %)",FP.CPI.TOTL.ZG,..,..,..,..,..,..,..,..,..,..,..,..,..,..,..,..,..,..,..,..,..
Channel Islands,CHI,"Life expectancy at birth, total (years)",SP.DYN.LE00.IN,79.1,79.4,79.8,80.1,80.4,80.6,80.8,81,81.2,81.4,81.3,81.5,81.6,81.4,81.2,81,81.1,81.2,80.9,80.3,81
Channel Islands,CHI,"Government expenditure on education, total (% of GDP)",SE.XPD.TOTL.GD.ZS,..,..,..,..,..,..,..,..,..,..,..,..,..,..,..,..,..,..,..,..,..
Channel Islands,CHI,Individuals using the Internet (% of population),IT.NET.USER.ZS,..,..,..,..,..,..,..,..,..,..,..,..,..,..,..,..,..,..,..,..,..
Channel Islands,CHI,Current health expenditure (% of GDP),SH.XPD.CHEX.GD.ZS,..,..,..,..,..,..,..,..,..,..,..,..,..,..,..,..,..,..,..,..,..
Channel Islands,CHI,"Unemployment, total (% of total labor force) (national estimate)",SL.UEM.TOTL.NE.ZS,..,..,..,..,..,..,..,..,..,..,..,..,..,..,..,..,..,..,..,..,..
Channel Islands,CHI,"School enrollment, primary (% gross)",SE.PRM.ENRR,..,..,..,..,..,..,..,..,..,..,..,..,..,..,..,..,..,..,..,..,..
Channel Islands,CHI,"Agriculture, forestry, and fishing, value added (% of GDP)",NV.AGR.TOTL.ZS,..,..,..,..,..,..,..,..,..,..,..,..,..,..,0.77509060316217,0.807953278639483,0.767487166202,0.747910703064867,0.65071518437109,0.726325617227433,0.65038305783139
Channel Islands,CHI,Urban population (% of total population),SP.URB.TOTL.IN.ZS,30.5750453017198,30.7147995585339,30.8959988423466,31.106756489445,31.3350770753618,31.5692415250024,31.79721921014,32.0070188116634,32.1868229080383,32.326335016388,32.4414334604748,32.5432251775809,32.6275595274837,32.6907784276403,32.7426259745361,32.7853219355631,32.8125991997971,32.8235411026876,32.8247184979451,32.8148141071941,32.7920439098264
Channel Islands,CHI,"Foreign direct investment, net inflows (% of GDP)",BX.KLT.DINV.WD.GD.ZS,..,..,..,..,..,..,..,..,..,..,..,..,..,..,..,..,..,..,..,..,..
Channel Islands,CHI,Poverty headcount ratio at $3.00 a day (2021 PPP) (% of population),SI.POV.DDAY,..,..,..,..,..,..,..,..,..,..,..,..,..,..,..,..,..,..,..,..,..
Channel Islands,CHI,GDP per capita (current US$),NY.GDP.PCAP.CD,44459.7318188977,48570.7796632166,56259.5344226334,57647.1188908006,62745.1006593557,74139.97799443,..,57778.5407063052,56123.4597963451,60415.2632075658,58809.5698945413,59308.4666588674,64697.5485024325,61847.8212238857,55947.579811974,55806.3554257428,60784.8125397162,60564.6293993681,56785.9402005039,66915.3963925722,67627.1417347907
Channel Islands,CHI,Access to electricity (% of population),EG.ELC.ACCS.ZS,100,100,100,100,100,100,100,100,100,100,100,100,100,100,100,100,100,100,100,100,100
Chile,CHL,GDP growth (annual %),NY.GDP.MKTP.KD.ZG,3.20279913520113,4.72324526861041,6.67425416822923,5.83704571917758,6.04999082563968,5.16823098528431,3.78939280635238,-1.11803723642878,5.85165102224047,6.22389678509138,6.15534001855494,3.30850824710085,1.79264947139259,2.15194249981184,1.753038749071,1.35769537343957,3.99002947789977,0.644223402631923,-6.1396969411886,11.3374032409913,2.06391864254198
Chile,CHL,"Inflation, consumer prices (annual %)",FP.CPI.TOTL.ZG,2.48939816650705,2.8101787574361,1.05473871403517,3.05257621387849,3.39201733699405,4.40779938398044,8.71626873039607,0.353045178360937,1.41071107954321,3.34121694259302,3.00744840213047,1.7895555398459,4.71867527854672,4.34877353217044,3.78619355893118,2.18271846868519,2.43488981353057,2.55754475703327,3.04549084804326,4.52456838259144,11.643866711056
Chile,CHL,"Life expectancy at birth, total (years)",SP.DYN.LE00.IN,77.84,77.884,78.276,78.459,78.533,78.652,78.752,78.89,79.095,79.236,79.221,79.551,79.714,80.008,80.295,80.61,80.559,80.324,79.349,78.876,79.176
Chile,CHL,"Government expenditure on education, total (% of GDP)",SE.XPD.TOTL.GD.ZS,4.04881000518799,3.91868996620178,3.54307007789612,3.28016996383667,3.04014992713928,3.2331600189209,3.79189991950989,4.25475978851318,4.18953990936279,4.06173992156982,..,4.54814004898071,4.75168991088867,4.90390014648438,5.36645984649658,5.43278980255127,5.473060131073,5.62629985809326,5.62992000579834,5.00225019454956,4.91201019287109
Chile,CHL,Individuals using the Internet (% of population),IT.NET.USER.ZS,22.1,25.4737788864723,28.1779101232438,31.1753006,34.4977511736017,35.90000153,37.29999924,41.56,45,52.2496072877744,55.04999924,58,61.11000061,76.6295919508796,83.5585860244169,82.3274869338464,84.90000153,85.01760101,87.45929718,90.23280334,92.31819916
Chile,CHL,Current health expenditure (% of GDP),SH.XPD.CHEX.GD.ZS,7.20833778,7.25047779,6.91028595,6.62372065,6.07235622,6.21259642,6.73954487,7.25026846,6.81958389,6.79947519,7.01951265,7.47552681,7.84150171,8.3513937,8.55767059,9.090518,9.15040398,9.30968475,9.69734573,9.72450161,10.0053072
Chile,CHL,"Unemployment, total (% of total labor force) (national estimate)",SL.UEM.TOTL.NE.ZS,9.801,9.538,10.007,9.238,7.804,7.136,7.796,9.689,8.547,7.492,6.79,6.361,6.761,6.605,6.926,7.3,7.673,7.559,11.18,9.417,8.331
Chile,CHL,"School enrollment, primary (% gross)",SE.PRM.ENRR,101.286972045898,101.061790466309,105.627876281738,105.35050201416,105.66822052002,106.517280578613,106.873870849609,105.763893127441,103.219367980957,103.170486450195,103.369781494141,102.084899902344,101.930870056152,101.712509155273,101.585189819336,101.396278381348,101.538017272949,101.193206787109,99.7043991088867,99.3652267456055,100.192268371582
Chile,CHL,"Agriculture, forestry, and fishing, value added (% of GDP)",NV.AGR.TOTL.ZS,4.06503230945783,4.09477687354893,3.75826748721938,3.92221090062123,3.71204530338249,3.55057064236787,3.42443227784249,3.69712533488977,3.47828416321217,3.6261825670011,3.27493332872821,3.47337489216733,3.94662053881596,3.70940380878663,4.19908992069599,4.28097139019722,3.92743590539619,3.98747725626258,4.04444700251173,3.50384190334655,3.23604704755112
Chile,CHL,Urban population (% of total population),SP.URB.TOTL.IN.ZS,86.6114115090282,86.6792973033246,86.7336754490112,86.7768244484887,86.8125123390851,86.8445071581285,86.8765769429469,86.9124897308683,86.9560135592209,87.0109164653326,87.0824943735696,87.1827777654221,87.3133701497978,87.4653320342387,87.6306290578181,87.8000295757281,87.9620493753008,88.1273685623538,88.2953490438375,88.4660511664452,88.6395352768685
Chile,CHL,"Foreign direct investment, net inflows (% of GDP)",BX.KLT.DINV.WD.GD.ZS,3.62905823074114,4.556949756395,5.01507138064187,4.89870698303569,3.0910197191962,6.11348994449279,10.4571112913238,7.42256247898025,6.84144686828522,10.4897738058645,11.9097449981544,7.61396398974862,9.83500371419039,7.32780348711267,4.55707488153847,1.89647029836548,2.68461345207245,4.87915172452024,4.50500989019161,4.81031437211446,6.2344860828365
Chile,CHL,Poverty headcount ratio at $3.00 a day (2021 PPP) (% of population),SI.POV.DDAY,..,7.9,..,..,3.3,..,..,2.6,..,1.7,..,0.8,..,0.7,..,0.5,..,..,1.7,..,0.6
Chile,CHL,GDP per capita (current US$),NY.GDP.PCAP.CD,4430.84741157984,4773.40177520754,6120.59152055344,7480.32330998636,9318.65655296121,10346.4138184533,10683.2188772511,10098.8017167286,12632.8704724192,14487.3927832032,15241.9069981119,15683.5486369155,14529.6767206336,13433.9202987032,13649.8520452803,14879.9086227187,15659.4808675628,14496.9345640362,13117.9930230086,16216.1840860289,15399.1044717559
Chile,CHL,Access to electricity (% of population),EG.ELC.ACCS.ZS,97.3,98.8,97.5,97.7,99.4,98,98.2,99.6,99.5,99.6,100,99.6,100,99.7,100,99.7,100,100,100,100,100
China,CHN,GDP growth (annual %),NY.GDP.MKTP.KD.ZG,9.23604870383861,10.1138119025242,10.1404291872206,11.4535130030645,12.6752842281595,14.1507710506103,9.66877608164454,9.40610014336416,10.5916903885704,9.46205248298186,7.8578201481217,7.77842954757257,7.46100735778161,6.98162255562367,6.7736886867727,6.89123916636191,6.757806142324,6.06737806333672,2.33950385203023,8.57038414981781,3.13385438394069
China,CHN,"Inflation, consumer prices (annual %)",FP.CPI.TOTL.ZG,-0.731970902350244,1.12760348729637,3.82463743108159,1.77641407667571,1.6494309945586,4.81676767378834,5.92525137041092,-0.728165250932898,3.17532475269199,5.55389892257493,2.61952432645541,2.62105001748115,1.92164162788521,1.43702380935655,2.00000182191943,1.59313600071436,2.07479039965576,2.89923416358227,2.41942189457782,0.981015135544882,1.97357555739051
China,CHN,"Life expectancy at birth, total (years)",SP.DYN.LE00.IN,73.034,73.385,73.727,74.085,74.404,74.789,74.833,75.317,75.668,75.889,76.2,76.452,76.714,76.975,77.214,77.235,77.709,77.94,78.019,78.117,78.202
China,CHN,"Government expenditure on education, total (% of GDP)",SE.XPD.TOTL.GD.ZS,..,..,..,..,..,..,..,..,..,..,..,..,..,..,..,..,..,..,..,..,..
China,CHN,Individuals using the Internet (% of population),IT.NET.USER.ZS,4.59570433077551,6.2,7.3,8.52325700269541,10.5231526193851,16,22.6,28.9,34.3,38.3,42.30009842,45.79999924,47.90000153,50.29999924,53.2,54.3,65.35839844,64.080881297515,70.05275998,73.05323517,75.61131603
China,CHN,Current health expenditure (% of GDP),SH.XPD.CHEX.GD.ZS,4.32156181,4.35460472,4.22949076,4.11230803,3.88655019,3.61737728,3.83627748,4.27631998,4.15821123,4.26719379,4.49046612,4.63882637,4.69880247,4.85367584,4.88338089,4.9695034,5.06933308,5.26516867,5.50441837,5.25590324,5.88078785
China,CHN,"Unemployment, total (% of total labor force) (national estimate)",SL.UEM.TOTL.NE.ZS,1.627,1.568,1.363,1.935,1.752,1.581,1.924,2.17,2.912,2.748,2.776,2.929,3.058,3.296,3.831,3.775,4.93,5.15,5.61,5.11,4.569
China,CHN,"School enrollment, primary (% gross)",SE.PRM.ENRR,..,..,..,..,105.243812561035,105.438949584961,106.201782226562,105.59065246582,104.181700271,103.329573551865,103.181119624843,101.231978727477,96.8963827081444,96.340011477005,96.8787921899343,97.5379880463436,97.8103054615567,97.8174906065295,98.7860625918346,99.2294555866603,100.09807464465
China,CHN,"Agriculture, forestry, and fishing, value added (% of GDP)",NV.AGR.TOTL.ZS,13.1294938258189,12.1757600914927,12.7288429360401,11.4828123533826,10.4758623658001,10.0934194559262,10.0099770734138,9.47299581661597,9.16649906130733,9.0338458593332,8.96505673533992,8.78442131602471,8.48242940933654,8.22401359479525,7.90065017505416,7.32839239286042,6.91714289236836,7.00621575788341,7.54018198521241,7.08935251618004,7.14788692830171
China,CHN,Urban population (% of total population),SP.URB.TOTL.IN.ZS,39.0897827148438,40.5302314758301,41.7600135803223,42.9899978637695,44.3430099487305,45.8892440795898,46.9895057678223,48.3417053222656,49.2340270628041,51.8300285339355,53.1003112792969,54.4900016784668,55.7502555847168,57.3297843933105,58.8399238586426,60.2402687072754,61.5001983642578,62.7099151611328,63.5234230266258,64.721076965332,65.2176361083984
China,CHN,"Foreign direct investment, net inflows (% of GDP)",BX.KLT.DINV.WD.GD.ZS,3.56241418263928,3.43849537731211,3.43299015092913,4.49218509012467,4.44499743873593,4.33537500236917,3.67520717506325,2.52538984334254,3.93541996731512,3.65069190228423,2.78099138181613,2.98598708261986,2.51155883670463,2.14957284731563,1.52539470315394,1.32468971748482,1.66361992284408,1.28549226847992,1.68770756292082,1.8903454142588,1.03841365474349
China,CHN,Poverty headcount ratio at $3.00 a day (2021 PPP) (% of population),SI.POV.DDAY,47.8,..,..,32.9,..,..,26.1,..,20.6,15.3,12.9,6,4.6,2.9,2.1,1.6,0.7,0,0,0,0
China,CHN,GDP per capita (current US$),NY.GDP.PCAP.CD,1163.55957673426,1306.97245408557,1530.92726215723,1777.64496828464,2129.25696999613,2734.72709877693,3523.44302065213,3898.24459158811,4629.24551710077,5703.76027973346,6405.0574241349,7147.03518622344,7781.06597484974,8175.33285077393,8254.86859320357,8979.67652709856,10085.6638148819,10342.9009524335,10627.4637989619,12887.4357242941,12970.6056414327
China,CHN,Access to electricity (% of population),EG.ELC.ACCS.ZS,97.2,97.4,97.7,97.9,98.2,98.5,98.8,99.1,99.7,99.9,99.9,100,100,100,100,100,100,100,100,100,100
Colombia,COL,GDP growth (annual %),NY.GDP.MKTP.KD.ZG,2.50398046659659,3.91827190322513,5.33302206759905,4.82876110773741,6.71686869844402,6.73819469090975,3.28344618616541,1.13964864548062,4.49465897070922,6.94789198173555,3.91263576716115,5.13399351995672,4.49903000110972,2.95590137527523,2.08738250162794,1.35936086788746,2.56432428277704,3.18685539245533,-7.18591413760859,10.8011981904878,7.32827729427979
Colombia,COL,"Inflation, consumer prices (annual %)",FP.CPI.TOTL.ZG,6.35150728778872,7.1297886294186,5.90402005546502,5.05101962689696,4.29342363628927,5.54438485815156,6.99688495554511,4.20251661216482,2.27200227892008,3.4150334477625,3.16930188840055,2.01699224310383,2.89883787761738,4.9898311584953,7.51346024627675,4.31431325695011,3.24056932930569,3.52301932741447,2.52663500084706,3.49505757399448,10.1772313546166
Colombia,COL,"Life expectancy at birth, total (years)",SP.DYN.LE00.IN,71.537,72.309,72.76,73.156,73.497,73.751,74.206,74.531,74.876,75.18,75.611,75.834,75.95,76.067,76.228,76.418,76.579,76.793,74.757,72.698,76.508
Colombia,COL,"Government expenditure on education, total (% of GDP)",SE.XPD.TOTL.GD.ZS,4.26812982559204,4.32513999938965,4.07934999465942,4.02098989486694,3.91671991348267,4.08301019668579,3.9387800693512,4.77651977539062,4.83382987976074,4.46608018875122,4.37038993835449,4.87855005264282,4.62945985794067,4.47038984298706,4.47721004486084,4.53551006317139,4.44910001754761,4.51068019866943,5.26166009902954,..,..
Colombia,COL,Individuals using the Internet (% of population),IT.NET.USER.ZS,4.6,7.38892371052557,9.1186903029666,11.0072638904585,15.3416745365682,21.79999924,25.6,30,36.5,40.3509157546318,48.98,51.7,52.568136539247,55.9049725142924,58.1364935728703,62.2598803162841,64.1263768204459,65.0069007159493,69.79533474,73.02837449,72.79637855
Colombia,COL,Current health expenditure (% of GDP),SH.XPD.CHEX.GD.ZS,5.73296595,5.77505445,5.79892111,6.06710577,6.33546638,6.49102163,6.84192181,7.31134558,7.07130194,6.78076792,6.74601603,7.01724052,7.18553209,7.52338505,7.53117037,7.67864323,7.71777487,7.83404827,8.69751263,9.14150524,7.59037256
Colombia,COL,"Unemployment, total (% of total labor force) (national estimate)",SL.UEM.TOTL.NE.ZS,14.481,13.221,13.717,11.062,..,10.252,10.52,11.319,11.153,10.288,9.959,9.246,8.799,8.572,8.922,9.086,9.36,10.28,15.568,13.898,10.541
Colombia,COL,"School enrollment, primary (% gross)",SE.PRM.ENRR,121.778861999512,..,122.84008026123,124.040641784668,124.619491577148,125.468856811523,126.483901977539,128.164978027344,124.375137329102,121.831283569336,118.63996887207,119.084732055664,116.080101013184,115.497077941895,115.443153381348,113.305381774902,111.699180603027,109.355506896973,107.083686828613,106.488357543945,104.830467224121
Colombia,COL,"Agriculture, forestry, and fishing, value added (% of GDP)",NV.AGR.TOTL.ZS,8.51000517684848,8.32877416512145,7.91098316231374,7.52726670177951,7.18676953071771,6.93455867595786,6.6873848504052,6.68974069628809,6.32485387641069,6.09169610822215,5.58268705354932,5.39271495449472,5.44695721474421,5.98042480849816,6.60641226605787,6.38966355268118,6.22570968960033,6.41072082168314,7.50848046663348,7.77187301385002,8.83154473689041
Colombia,COL,Urban population (% of total population),SP.URB.TOTL.IN.ZS,75.192444355543,75.5341828570154,75.8080569479496,76.004938901378,76.1619191918164,76.3144038775849,76.4596761810047,76.5964145836792,76.7232975672119,76.839003613206,76.942211203265,77.0315988189922,77.1058449419909,77.1636280538646,77.2036266362166,77.2245191706503,77.2804816598084,77.4595528518377,77.6382533537045,77.8339570326128,78.0464633137335
Colombia,COL,"Foreign direct investment, net inflows (% of GDP)",BX.KLT.DINV.WD.GD.ZS,2.17844751407948,1.81783931129221,2.66083488771203,7.02979401438219,4.17238510059526,4.30867680626701,4.35627834630067,3.45627065154005,2.24433595561184,4.37269536127322,4.05728041313345,4.24252457969381,4.24107256687862,3.95939854860993,4.90164572903473,4.3931823276543,3.38083573220188,4.33058240931506,2.7588942895314,3.00175693787234,4.97124137726565
Colombia,COL,Poverty headcount ratio at $3.00 a day (2021 PPP) (% of population),SI.POV.DDAY,21.2,19.8,19.2,16.8,..,..,16.3,15.1,13.3,11.3,12.7,11.8,10.9,10.2,10.1,9.5,9.8,11.3,15.8,11.2,9.3
Colombia,COL,GDP per capita (current US$),NY.GDP.PCAP.CD,2428.92969771584,2311.94218760291,2818.57195413044,3456.06610874512,3789.85361217027,4769.926147194,5541.83629665898,5250.97292433518,6398.2958447102,7400.9940695669,8108.59838244229,8279.10255642981,8187.20824890084,6248.51490534512,5959.84250367574,6479.53231292429,6816.96818309544,6472.54544924705,5339.68711357943,6222.62164397614,6680.44506854481
Colombia,COL,Access to electricity (% of population),EG.ELC.ACCS.ZS,94.9,95.1,95.3,96.8,95.7,96,96.8,96.1,96.8,96.7,97,97.8,97.8,98.2,98.4,98.5,98.5,99.4,99.7,100,100
Comoros,COM,GDP growth (annual %),NY.GDP.MKTP.KD.ZG,4.59768263263243,1.93442812313498,3.10041210399676,5.66520240193151,-1.75444679449394,0.803599788247752,3.96461118871815,3.24074074074075,3.77776673684423,4.14350668765977,3.1684098843342,4.46624729869704,2.10665760321017,1.14735632260047,3.3204465548877,3.81576287489548,3.64245114733689,1.76078023564568,-0.195556841918759,2.04245238320844,2.45381174550259
Comoros,COM,"Inflation, consumer prices (annual %)",FP.CPI.TOTL.ZG,3.53304214308078,3.799081366719,4.47499289078107,3.0133239505812,3.37436360121204,4.46616710098132,1.7007817628453,4.36234829325719,3.35475770328919,1.8426630075619,6.31474450315177,-4.29487331536756,7.54755379096711,-0.11717388419007,0.797517430888487,-0.237362224154613,2.15155084413033,3.58213544469211,0.786641929499151,-0.00441793682346988,12.5320314570999
Comoros,COM,"Life expectancy at birth, total (years)",SP.DYN.LE00.IN,59.723,60.24,60.557,60.883,61.229,61.475,61.955,62.302,62.747,63.105,63.463,63.839,64.143,64.473,64.792,65.127,65.401,65.662,65.756,65.201,66.481
Comoros,COM,"Government expenditure on education, total (% of GDP)",SE.XPD.TOTL.GD.ZS,2.25841999053955,..,..,..,..,..,4.42264986038208,..,..,2.8304500579834,2.74783992767334,2.3827600479126,2.74472999572754,2.5450599193573,..,..,..,..,2.37805076679617,2.27485390045927,2.43164424110924
Comoros,COM,Individuals using the Internet (% of population),IT.NET.USER.ZS,0.554869674985088,0.848189370151537,1.32732717785355,2,2.200000048,2.5,3,3.5,5.099999905,5.5,5.975299835,6.5,6.980000019,7.459199905,7.938300133,8.478199959,..,16.38380051,22.42040062,30.68120003,31.37409973
Comoros,COM,Current health expenditure (% of GDP),SH.XPD.CHEX.GD.ZS,6.68594599,6.66024828,6.58576155,6.13142872,5.77341843,5.41753864,5.06897497,4.92694378,4.99181557,5.3021183,5.17354631,5.10299301,5.23849726,4.60089922,4.65263557,5.26807451,4.90318584,5.18044472,5.902421,6.46315002,8.47119522
Comoros,COM,"Unemployment, total (% of total labor force) (national estimate)",SL.UEM.TOTL.NE.ZS,..,..,4.571,..,..,..,..,..,..,..,..,..,8.142,..,..,..,..,..,..,4.394,..
Comoros,COM,"School enrollment, primary (% gross)",SE.PRM.ENRR,102.248458862305,100.249000549316,97.9237823486328,..,..,96.8090896606445,103.063667297363,..,..,111.27509474669,..,115.583466369179,113.579839227082,..,..,106.219296865439,107.061915636176,..,..,86.8175281418913,98.0717926025391
Comoros,COM,"Agriculture, forestry, and fishing, value added (% of GDP)",NV.AGR.TOTL.ZS,29.376012439903,29.3761272595016,29.376019929184,29.3762739037829,29.3763406198683,28.956646255431,29.138915008097,30.0330064008618,30.4159781880526,30.5642731101881,30.1730899304755,30.7898620674783,30.0114530891401,30.5986282117727,31.3684720287721,31.8988868689753,33.7201530586489,35.6200979878781,35.7974035819198,35.2409488047407,35.1643241181568
Comoros,COM,Urban population (% of total population),SP.URB.TOTL.IN.ZS,27.9586267103537,27.9448864609618,27.9596300229124,28.016895208368,28.1143215973031,28.2493321448949,28.4193498063202,28.6217975367563,28.8540982913801,29.1136750253686,29.397950693899,29.7043482521482,30.0302906552932,30.3732008585112,30.7305018169792,31.0996559689293,31.4073645195839,31.7287584068243,32.0638072194881,32.4124444313246,32.7746035528748
Comoros,COM,"Foreign direct investment, net inflows (% of GDP)",BX.KLT.DINV.WD.GD.ZS,0.100716007387665,0.145062208685244,0.108010654825932,0.0852741893191707,0.11306053010776,0.966721983950354,0.507893616352291,1.52866108214525,0.919669135138355,2.25967388807613,1.02133877132035,0.37910342236625,0.407499074429688,0.511029838634196,0.352458395658835,0.363776536091142,0.477150092432519,0.359894031144375,0.316385474955504,0.309826819264342,0.322667538233799
Comoros,COM,Poverty headcount ratio at $3.00 a day (2021 PPP) (% of population),SI.POV.DDAY,..,..,24.3,..,..,..,..,..,..,..,..,..,31.4,..,..,..,..,..,8.9,..,..
Comoros,COM,GDP per capita (current US$),NY.GDP.PCAP.CD,764.61349832543,959.691049354812,1072.28409029621,1105.78796866788,1138.47908404345,1289.73631056361,1455.02768595586,1410.30516959473,1386.57533553376,1531.43969320468,1490.31425650871,1603.32653496691,1615.71709756316,1329.37048235986,1365.48403444497,1423.9248027797,1540.71132257526,1519.26386436068,1527.16991011916,1587.72988658008,1533.87755393614
Comoros,COM,Access to electricity (% of population),EG.ELC.ACCS.ZS,44.8,46.5,48.7,51,53.2,55.5,57.8,60.1,69.7,69.3,69.3,69.4,71.8,74.1,76.4,78.7,81,83.3,85.6,87.9,89.9
"Congo, Dem. Rep.",COD,GDP growth (annual %),NY.GDP.MKTP.KD.ZG,2.94776518253177,5.57782231227127,6.73837393320788,6.1351511550716,5.10894433184896,8.58332298445387,7.43333574200602,0.541570197421564,8.61867717510543,-0.403164081254445,8.66859360586926,17.5159124688348,7.30227750870263,6.35973756164829,0.393832798154563,4.24121047272719,6.07168870646615,0.555384294580819,0.775427992354622,6.42961005647355,9.31116944064918
"Congo, Dem. Rep.",COD,"Inflation, consumer prices (annual %)",FP.CPI.TOTL.ZG,31.5225826025495,12.8739657187405,3.99438400815971,21.3168167229341,13.0526949745101,16.945100654195,17.3013845700157,2.79999999999982,7.10000000000037,15.316515913949,9.72182806273364,0.808223101487111,1.24303889760803,0.74419899478147,2.88585107289988,..,..,..,..,..,..
"Congo, Dem. Rep.",COD,"Life expectancy at birth, total (years)",SP.DYN.LE00.IN,52.371,52.952,53.534,54.001,54.498,54.954,55.388,55.798,56.411,56.911,57.35,57.795,58.236,58.658,59.081,59.495,59.926,60.242,60.428,60.044,60.979
"Congo, Dem. Rep.",COD,"Government expenditure on education, total (% of GDP)",SE.XPD.TOTL.GD.ZS,..,..,..,..,..,..,..,..,1.5249799489975,..,..,2.06220006942749,1.95142996311188,2.17043995857239,2.1186900138855,1.45494997501373,..,..,2.62263835311571,2.66048474102788,2.84466514463005
"Congo, Dem. Rep.",COD,Individuals using the Internet (% of population),IT.NET.USER.ZS,0.0927907024606925,0.134914837437335,0.196208375178039,0.238000005,0.296099991,0.370000005,0.439999998,0.560000002,0.72,1.200000048,1.679999948,2.200000048,3,3.799999952,10.1,..,11.69999981,13.02970028,14.51049995,16.1595993,17.99620056
"Congo, Dem. Rep.",COD,Current health expenditure (% of GDP),SH.XPD.CHEX.GD.ZS,2.57012939,3.73353338,4.33564186,3.98558235,4.06210661,3.89384961,4.31254816,4.51133156,3.72224283,3.19435549,3.2215035,3.34057522,3.72520614,3.74785447,4.20027828,4.00057793,3.24127173,3.508039,3.97694445,3.86727977,3.9417696
"Congo, Dem. Rep.",COD,"Unemployment, total (% of total labor force) (national estimate)",SL.UEM.TOTL.NE.ZS,..,..,..,2.948,..,..,..,..,..,..,4.485,..,..,..,5.006,..,..,..,1.466,..,..
"Congo, Dem. Rep.",COD,"School enrollment, primary (% gross)",SE.PRM.ENRR,61.0335998535156,..,..,..,..,83.5494232177734,91.8869476318359,91.9076995849609,92.0860977172852,93.5223922729492,98.2439804077148,99.9129028320312,103.857719421387,102.056510925293,..,..,111.488670349121,..,115.898292541504,120.068450927734,..
"Congo, Dem. Rep.",COD,"Agriculture, forestry, and fishing, value added (% of GDP)",NV.AGR.TOTL.ZS,26.5837793204992,26.0538388066067,23.8793594908244,19.8446510872333,20.3859027537723,18.2652590798129,18.2329625593996,17.2150539616489,28.8558506334207,15.741544467002,15.3232580698254,13.6738761208634,12.488689362081,12.456053797914,12.2895509013421,12.2591059827241,12.3021936655493,13.1512157041087,13.7461066368954,11.3157062519,10.3370074738162
"Congo, Dem. Rep.",COD,Urban population (% of total population),SP.URB.TOTL.IN.ZS,35.937064393184,36.4654627231369,37,37.4018738621901,37.8024827128113,38.201781337298,38.5997245210844,38.9962670496049,39.391363708294,39.7849692825859,40.1770385579151,40.5675263197158,40.9563873534225,41.3435764444694,41.7290483782911,42.1127579403217,42.4946599159958,42.8747090907476,43.2528602500115,43.6290681792218,44.003287663813
"Congo, Dem. Rep.",COD,"Foreign direct investment, net inflows (% of GDP)",BX.KLT.DINV.WD.GD.ZS,2.1493797198493,4.37764234247167,3.97216281770058,1.42746926673699,1.65396062655392,9.83955871746128,7.59918523525185,-1.30701676006767,11.3498081290486,6.04729215599495,9.62926566877035,4.86537109127196,3.90992337722209,2.90127515060918,2.41546438746157,2.79181852942997,3.01664160584951,2.88391132652101,3.20844071096691,2.84027556004194,2.00131622839817
"Congo, Dem. Rep.",COD,Poverty headcount ratio at $3.00 a day (2021 PPP) (% of population),SI.POV.DDAY,..,..,94.9,..,..,..,..,..,..,..,78.9,..,..,..,..,..,..,..,85.3,..,..
"Congo, Dem. Rep.",COD,GDP per capita (current US$),NY.GDP.PCAP.CD,162.38052907429,161.491553524396,180.664764963633,214.539740473519,255.445229568751,294.101615124419,352.900363371995,280.178991035792,352.400398754692,372.514273875789,409.931424783784,460.370334930107,489.175952097319,495.826633014883,459.765036590388,431.052559128788,518.169626875371,504.00419142286,486.425572682256,595.743074403567,687.738587554685
"Congo, Dem. Rep.",COD,Access to electricity (% of population),EG.ELC.ACCS.ZS,7.7,8.3,9,6,10.2,15.2,11.6,12.3,13,13.7,15.4,15.2,13.5,16.6,17.3,18,18.7,19.1,20.1,20.8,21.5
"Congo, Rep.",COG,GDP growth (annual %),NY.GDP.MKTP.KD.ZG,4.58187006108889,0.813264076303781,3.47663162118089,7.75575897806648,7.98623836334291,-6.61399480441001,6.30637595585259,11.6372888615758,9.93126543095578,2.20591936286718,9.94715314257564,-0.712434451876447,6.64606540928447,0.415193061293763,-8.68524343913786,-5.59477371915547,-2.30431780125842,1.12447391976529,-6.26777227963225,1.01507036990908,1.47535613247133
"Congo, Rep.",COG,"Inflation, consumer prices (annual %)",FP.CPI.TOTL.ZG,4.37875971780873,-0.631844987363156,2.42976607961799,3.09449011456182,6.53784395299604,2.65464645060703,4.95875092023152,4.41500374795223,0.391525011227612,1.75958704273803,5.01018773134471,4.63161619729461,0.912139545450097,3.16909796750829,3.19056179723773,0.450063823285546,1.15277896375523,2.20607305781525,1.79537147083108,1.7156427545126,3.04344334698478
"Congo, Rep.",COG,"Life expectancy at birth, total (years)",SP.DYN.LE00.IN,56.414,57.131,57.957,58.73,59.474,60.05,60.79,61.215,61.731,62.286,62.662,62.969,63.349,63.662,63.911,64.203,64.472,63.152,64.391,64.192,65
"Congo, Rep.",COG,"Government expenditure on education, total (% of GDP)",SE.XPD.TOTL.GD.ZS,3.20831990242004,2.8361599445343,2.28813004493713,1.6810200214386,..,..,..,..,5.6867299079895,2.64652978173867,2.73923061622047,5.0138814089415,3.18255996704102,3.13882994651794,4.87114096878621,4.17235994338989,2.77167010307312,3.24716413970868,4.22208879466149,3.31281536274069,2.72738253259215
"Congo, Rep.",COG,Individuals using the Internet (% of population),IT.NET.USER.ZS,0.157249517243982,0.460014186837522,1.07750492958505,1.463400006,2.007999897,2.75970437370903,4.28750990276481,4.5,5,5.6,6.106699944,6.599999905,7.110000134,7.616000175,8.121899605,8.649999619,11.8071003,16.11639977,21.99850082,30.02739906,40.98669815
"Congo, Rep.",COG,Current health expenditure (% of GDP),SH.XPD.CHEX.GD.ZS,1.70167828,1.91852403,1.92152369,1.71774101,1.70861316,1.90200174,2.2392714,2.1422224,1.85172856,1.75237322,1.90971065,1.94347155,1.97311735,2.45668483,2.59422994,2.36476016,1.75584984,2.34771276,4.01775074,3.46133351,2.30011368
"Congo, Rep.",COG,"Unemployment, total (% of total labor force) (national estimate)",SL.UEM.TOTL.NE.ZS,..,..,..,19.796,..,..,..,19.86,..,..,10,..,..,..,..,..,..,..,..,..,..
"Congo, Rep.",COG,"School enrollment, primary (% gross)",SE.PRM.ENRR,99.1403732299805,94.0452423095703,105.246383666992,105.244941711426,106.369476318359,104.983001708984,103.227241516113,107.301200866699,109.023651123047,108.505096435547,105.514228820801,..,..,..,..,..,87.4621124267578,..,..,..,..
"Congo, Rep.",COG,"Agriculture, forestry, and fishing, value added (% of GDP)",NV.AGR.TOTL.ZS,6.26158012257114,6.27522393936411,5.50940630344491,6.10423786651851,4.81314641849445,4.91981108062473,4.24815097163364,5.27993327507586,4.03853452122591,3.98393619152519,3.79877492298434,4.26008218811564,4.55765474287642,5.81058893116428,6.76365035154121,7.30993971951451,6.78839255400222,7.3469917082119,10.6904243097029,9.09674868938002,8.0419106943363
"Congo, Rep.",COG,Urban population (% of total population),SP.URB.TOTL.IN.ZS,59.9716066874511,60.4694583791889,60.9205990186239,61.310286636126,61.6237792620651,61.8502563370293,62.0354815675203,62.2172294650265,62.3922871058739,62.5597508130231,62.7187169094345,62.8682817180686,63.0075415618859,63.135592763847,63.2515316469123,63.3544545340423,63.4434577481975,63.5176376123385,63.5760904494257,63.6179125824196,63.6422003342807
"Congo, Rep.",COG,"Foreign direct investment, net inflows (% of GDP)",BX.KLT.DINV.WD.GD.ZS,6.59456506726084,6.28014568176251,1.90162065209621,12.0498455846018,18.4459801245354,16.216555026587,16.7210018165878,12.2288862499697,11.5772952217296,1.90783479461617,-0.391399397519283,10.4621010083708,16.1339951694307,34.4182561027248,0.46296936341342,37.3227748739474,29.2086100198947,-10.214754646531,-17.2921171034228,-2.15982873741865,3.36508336137956
"Congo, Rep.",COG,Poverty headcount ratio at $3.00 a day (2021 PPP) (% of population),SI.POV.DDAY,..,..,..,54.5,..,..,..,..,..,39.2,..,..,..,..,..,..,..,..,..,..,..
"Congo, Rep.",COG,GDP per capita (current US$),NY.GDP.PCAP.CD,905.538135544704,1016.82363412143,1306.10136324599,1799.05158366154,2103.5821381211,2206.47101863414,2832.09177777643,2271.15219175966,2946.55798067708,3396.16505817952,3732.32737320389,3697.41705884249,3601.2365808718,2439.35189403696,2093.10728558843,2211.63309874797,2694.43413191427,2488.42466724916,1993.586671931,2516.16255145432,2620.83804267402
"Congo, Rep.",COG,Access to electricity (% of population),EG.ELC.ACCS.ZS,31.2,32.1,33,33.8,34.9,35.8,36.8,37.1,40,40.8,41.6,42.5,43.4,44.3,45.3,46.2,47,47.7,48.7,49.7,50.6
Costa Rica,CRI,GDP growth (annual %),NY.GDP.MKTP.KD.ZG,3.41687615891895,4.31718000096654,4.42459978667458,3.97666631433462,7.3266951372695,8.21513209207497,4.73817511214847,-0.87345608994562,5.36034347722267,4.40315921836142,4.88259252932575,2.49476596233289,3.54210997703849,3.65208093006359,4.20432320775184,4.15769914676933,2.85285959760458,2.70813912948329,-4.14159340574358,8.21817953969082,5.46119455235068
Costa Rica,CRI,"Inflation, consumer prices (annual %)",FP.CPI.TOTL.ZG,9.16752048509119,9.44758091616984,12.3148150178852,13.7982949108987,11.4705968149052,9.35724456417157,13.4244635507284,7.84270167700654,5.66275708420021,4.87799830970702,4.49545314354605,5.23133614174428,4.51920098516954,0.801982005099623,-0.0174788505908217,1.62590692991732,2.22111461526581,2.09604635327807,0.724911478131376,1.72647755109241,8.27477490232654
Costa Rica,CRI,"Life expectancy at birth, total (years)",SP.DYN.LE00.IN,77.939,78.214,78.512,78.877,79.049,79.098,79.18,79.372,79.354,79.624,79.925,80.189,80.231,80.407,79.988,79.994,80.09,80.296,79.725,78.05,79.316
Costa Rica,CRI,"Government expenditure on education, total (% of GDP)",SE.XPD.TOTL.GD.ZS,5.15044021606445,5.13373994827271,4.89062976837158,..,4.61614990234375,4.63449001312256,4.88697004318237,6.01031017303467,6.56575012207031,6.37988996505737,6.58239984512329,6.68738985061646,6.67953014373779,6.87349987030029,6.89395999908447,7.06981992721558,6.76992988586426,6.73809003829956,6.62899017333984,6.24842977523804,5.5472297668457
Costa Rica,CRI,Individuals using the Internet (% of population),IT.NET.USER.ZS,19.8948511346293,20.3336148143541,20.7923067055542,22.07,25.10000038,28.39999962,32.29,34.33,36.5,39.2121959961842,47.5,45.96,53,59.7629501371681,65.8804491942718,71.5816646195022,73.4797284369906,81.2025964435269,80.53018608,82.74901607,82.59801121
Costa Rica,CRI,Current health expenditure (% of GDP),SH.XPD.CHEX.GD.ZS,6.8690877,6.9691925,6.63006067,6.66429663,6.93530846,6.99642611,7.4685483,7.86019182,8.02937698,8.12197781,7.78642273,7.68229342,7.66376209,7.59196186,7.31724358,7.04522991,7.28587723,7.2212491,7.82545757,7.61130476,7.18368196
Costa Rica,CRI,"Unemployment, total (% of total labor force) (national estimate)",SL.UEM.TOTL.NE.ZS,6.334,6.558,6.391,6.571,5.74,4.49,4.781,7.713,7.171,9.518,9.11,8.218,8.499,8.415,8.085,7.729,9.01,10.807,16.432,15.139,11.325
Costa Rica,CRI,"School enrollment, primary (% gross)",SE.PRM.ENRR,105.317329406738,..,109.149803161621,107.09986114502,108.812652587891,108.192337036133,109.621971130371,110.964897155762,109.92635345459,108.691719055176,107.544090270996,105.42813873291,104.007881164551,103.75464630127,104.599922180176,103.215171813965,105.513519287109,108.828872680664,108.293647766113,107.190368652344,106.197128295898
Costa Rica,CRI,"Agriculture, forestry, and fishing, value added (% of GDP)",NV.AGR.TOTL.ZS,8.42775058192746,8.84007836690117,8.85240860590112,8.6222364609325,8.42982799061767,7.91531076967818,6.97696073274764,7.04962945476736,6.48518943828866,5.59987200236542,5.13084175441445,4.78335102557187,4.88788395875916,4.74911027286369,4.91435592970492,4.69977628322676,4.47325083104707,4.18025788974533,4.31579869146708,4.34558711185467,4.02952141180054
Costa Rica,CRI,Urban population (% of total population),SP.URB.TOTL.IN.ZS,61.2787633575946,62.4518059303802,63.6596013546005,64.8998632216384,66.1703051228767,67.4686406496983,68.7925833934861,70.1398469456228,71.5081448974915,72.8426586679914,73.3895020668217,73.9431776192863,74.4866963181212,75.0198195767549,75.5423088085047,76.0539254265608,76.5544308439668,77.0435864735963,77.5211537281257,77.9868940200009,78.4405687613972
Costa Rica,CRI,"Foreign direct investment, net inflows (% of GDP)",BX.KLT.DINV.WD.GD.ZS,4.3620269108637,4.48353973161802,5.82312653403309,7.62843541650427,7.92850432469026,8.33742598522417,7.90900698205041,5.2515106858073,5.06371170026852,6.39172538358965,5.70866124116913,6.29127736182893,6.23293662665086,5.23639457041545,4.45296211937019,4.83327522044665,4.81804579792257,4.19904890207774,3.34838047556023,5.47775634815964,7.34017474268191
Costa Rica,CRI,Poverty headcount ratio at $3.00 a day (2021 PPP) (% of population),SI.POV.DDAY,6.6,6.9,6.6,5,5.2,3.1,3.4,3.6,2.2,2.7,2.6,2.6,2.4,2.4,2.4,1.7,2.3,1.7,3.4,2.2,1.6
Costa Rica,CRI,GDP per capita (current US$),NY.GDP.PCAP.CD,4067.71854177094,4173.14853766977,4431.01172024063,4703.00720463794,5256.59641275583,6137.71199435022,6937.24261660254,6832.69828187486,8265.78820580299,9276.39109377477,10126.9991155066,10803.2401795009,10911.4978703456,11714.7106121672,12091.0301560892,12317.0902779911,12620.0207321581,12951.8588421841,12475.6852076814,12962.2716075659,13971.7649991294
Costa Rica,CRI,Access to electricity (% of population),EG.ELC.ACCS.ZS,98.5,98.7,99,99.1,99.1,99.2,99.3,99.4,99,99.2,99.5,99.6,99.4,99.4,99.5,99.6,99.7,99.7,99.9,100,100
Cote d'Ivoire,CIV,GDP growth (annual %),NY.GDP.MKTP.KD.ZG,-2.73052647441901,-4.72586658630681,3.18503822575397,0.996065564854788,2.81557859252327,1.10142976793477,4.7826659787672,3.60332156667053,6.84804939907013,-5.37044724000579,7.62041176451649,10.7602131311256,9.37199994240375,7.19494942728191,7.17275963956332,7.41076242592504,4.84314605889178,6.72137167584978,0.699728593494228,7.06253713446816,6.39988362730921
Cote d'Ivoire,CIV,"Inflation, consumer prices (annual %)",FP.CPI.TOTL.ZG,3.07726485157427,3.29680746974208,1.45798835600741,3.88583039886482,2.46719148596915,1.89200629349598,6.30852769152578,1.01950457731138,1.2264561213548,4.9124339505245,1.30451119915606,2.58117037252936,0.448682076766141,1.25149954781468,0.723178457513308,0.685881065304603,0.401297817263547,0.790855512053661,2.41252617189053,4.15919657911798,5.23352856100843
Cote d'Ivoire,CIV,"Life expectancy at birth, total (years)",SP.DYN.LE00.IN,51.544,51.443,51.939,52.432,52.885,53.452,54.179,54.744,55.282,55.972,56.57,57.057,57.772,58.281,58.814,59.315,59.795,60.274,60.14,60.29,61.562
Cote d'Ivoire,CIV,"Government expenditure on education, total (% of GDP)",SE.XPD.TOTL.GD.ZS,2.81047010421753,2.8643798828125,2.91176009178162,2.91943001747131,2.81998991966248,3.01614999771118,3.09853005409241,3.1739399433136,3.24651002883911,2.8657500743866,3.43445992469788,3.45859003067017,3.31416988372803,3.49412989616394,3.93593001365662,3.73654007911682,3.21164989471436,3.4130699634552,3.78674006462097,3.32717990875244,3.47484993934631
Cote d'Ivoire,CIV,Individuals using the Internet (% of population),IT.NET.USER.ZS,0.497929360753307,0.758669629452205,0.849282414747704,1.039199948,1.52489996,1.799999952,1.899999976,2,2.700000048,2.900000095,4.400000095,6.599999905,10,38.4400001654616,41.2078149304414,43.8399208514876,37.5465361301281,36.2889545655205,36.01660156,35.95069885,38.41328122
Cote d'Ivoire,CIV,Current health expenditure (% of GDP),SH.XPD.CHEX.GD.ZS,3.54146051,3.95147705,4.02148724,3.96639085,3.92861462,4.19379663,4.1387105,4.63971424,4.57494831,4.39700699,4.4273715,3.71773791,3.7310183,3.2198832,3.32101274,3.24693036,3.0916779,3.18916845,3.62327886,3.76207662,3.63847613
Cote d'Ivoire,CIV,"Unemployment, total (% of total labor force) (national estimate)",SL.UEM.TOTL.NE.ZS,..,..,..,..,..,..,..,..,..,..,7.223,4.255,..,..,1.896,3.272,..,2.401,..,..,2.31
Cote d'Ivoire,CIV,"School enrollment, primary (% gross)",SE.PRM.ENRR,66.8685913085938,63.0239181518555,..,..,59.5550498962402,59.4631118774414,62.3004684448242,63.0792808532715,..,73.5641637291114,78.2860585898227,80.7498463265361,83.7491033587174,85.262803745883,87.9691851681795,88.2052011132348,88.210939705148,88.4747670564693,88.6266598469541,85.830088505202,86.4545838787778
Cote d'Ivoire,CIV,"Agriculture, forestry, and fishing, value added (% of GDP)",NV.AGR.TOTL.ZS,18.737314157226,20.7760202202729,16.640018984398,16.0651853584803,15.9447949066292,15.5787463255399,16.1854841829726,15.2495816385759,17.4889170707842,18.4866714886447,16.3751498758861,15.3429019354945,15.2417555256185,18.3620416868752,17.4349684074971,16.9409871496938,17.8526014022659,15.6880480775561,16.9334154768944,16.1805529630135,16.5843332097616
Cote d'Ivoire,CIV,Urban population (% of total population),SP.URB.TOTL.IN.ZS,43.859032147728,44.2593744150531,44.667357886658,45.082298743724,45.5035131674326,45.930317338965,46.3620274395029,46.7979596502274,47.2374301523201,47.6797551269623,48.1242507553354,48.5702332186208,49.0173144557368,49.4694894689553,49.929991034032,50.3977309654344,50.8718477756395,51.3514799771241,51.8357660823651,52.3183461956059,52.8492549676673
Cote d'Ivoire,CIV,"Foreign direct investment, net inflows (% of GDP)",BX.KLT.DINV.WD.GD.ZS,1.17744492416162,0.778244315036861,1.20362782194335,1.45218108383072,1.38823180058485,1.54311664780089,1.37441880759786,1.17339078576713,1.02606239201511,0.822954277239134,0.909737108884904,0.953203642314205,0.899528920528967,1.07914154751206,1.19375800859004,1.85673486381973,1.05998699614336,1.40583048179048,1.13111245703154,1.91282655892028,2.2547265327193
Cote d'Ivoire,CIV,Poverty headcount ratio at $3.00 a day (2021 PPP) (% of population),SI.POV.DDAY,43.9,..,..,..,..,..,47,..,..,..,..,..,..,46.6,..,..,21.7,..,..,20.8,..
Cote d'Ivoire,CIV,GDP per capita (current US$),NY.GDP.PCAP.CD,967.815864415991,1111.17135087887,1199.82524528546,1197.74616979415,1230.43056838584,1367.53817722326,1583.97066701372,1540.45393569596,1553.54887048143,1596.62826565998,1546.9460184731,1786.15862031324,1991.36539423404,1814.71855088017,1862.59597081287,1964.29930338343,2130.86619381144,2141.76836170115,2179.72934832935,2455.98127641148,2333.37128301259
Cote d'Ivoire,CIV,Access to electricity (% of population),EG.ELC.ACCS.ZS,51.4,51.5,52.4,58.9,60.2,55.3,60.3,57.3,58.4,55.8,55.8,61.5,61.9,62.6,64.3,65.6,67.1,68.6,69.9,71.1,70.4
Croatia,HRV,GDP growth (annual %),NY.GDP.MKTP.KD.ZG,5.80141595577015,5.56842901730823,4.17049297825163,4.32819454299167,5.06986521577841,5.04884076732965,1.97176786914632,-6.81168973851901,-1.33616285467264,-0.111527124990047,-2.23702049605232,-0.132561080066893,-0.559537666687092,2.32056679330526,3.46613146011039,3.2840626939789,2.91107146210912,3.10247285336254,-8.31046995309319,12.6312741312741,7.29479114889533
Croatia,HRV,"Inflation, consumer prices (annual %)",FP.CPI.TOTL.ZG,1.67178437393384,1.76733780760629,2.05539679050328,3.31717824448043,3.18982591472949,2.89928275583389,6.07696838798352,2.37852845904671,1.03055505333576,2.27272727272722,3.41207349081368,2.21658206429779,-0.215196159576176,-0.464499004645003,-1.12500000000002,1.12937210282347,1.50012501041747,0.771820346498112,0.154811374562106,2.55450699642041,10.7805806758686
Croatia,HRV,"Life expectancy at birth, total (years)",SP.DYN.LE00.IN,74.7173170731707,74.6139024390244,75.520243902439,75.2446341463415,75.8368292682927,75.7056097560976,75.9121951219512,76.1682926829268,76.4756097560976,76.7756097560976,77.1682926829268,77.5707317073171,77.7243902439024,77.2756097560976,77.9219512195122,77.7268292682927,77.919512195122,78.2243902439024,77.5243902439024,76.4243902439025,77.5756097560976
Croatia,HRV,"Government expenditure on education, total (% of GDP)",SE.XPD.TOTL.GD.ZS,3.82305002212524,3.87019991874695,3.82386994361877,..,..,3.96898007392883,4.2783899307251,4.36217021942139,4.20651006698608,4.10584020614624,..,4.50127983093262,..,..,..,3.87207007408142,3.92432999610901,3.94555997848511,4.40854978561401,4.0916600227356,..
Croatia,HRV,Individuals using the Internet (% of population),IT.NET.USER.ZS,17.76,22.75,30.91,33.13999939,37.97999954,41.44,44.24,50.58,56.55,57.7899789891444,61.9399731527956,66.7476,68.5678992528467,69.8450359238281,72.6972696701463,67.0961920368478,75.2946259897258,79.0797836757554,78.32090004,81.25396608,82.07155532
Croatia,HRV,Current health expenditure (% of GDP),SH.XPD.CHEX.GD.ZS,6.14300489,6.29782534,6.5067997,6.84068108,6.90362167,7.38946152,7.63643503,8.03311729,7.94908857,7.62508154,7.63413,6.37271595,6.56612396,6.65548038,6.69167471,6.62803125,6.7136178,6.78699923,7.68352938,8.08265686,7.29636335
Croatia,HRV,"Unemployment, total (% of total labor force) (national estimate)",SL.UEM.TOTL.NE.ZS,15.053,13.924,13.664,12.598,11.13,9.909,8.53,9.202,11.62,13.678,16.046,17.231,17.209,16.15,13.015,11.078,8.322,6.551,7.389,7.483,6.811
Croatia,HRV,"School enrollment, primary (% gross)",SE.PRM.ENRR,100.782028198242,100.987770080566,..,100.140830993652,99.3845520019531,98.8661270141602,97.9028015136719,97.974609375,98.0708236694336,98.0935974121094,98.7156372070312,98.5737533569336,98.908317565918,99.4907684326172,98.7909393310547,99.2321090698242,98.8812103271484,99.0015106201172,99.4886703491211,99.7441482543945,100.527976989746
Croatia,HRV,"Agriculture, forestry, and fishing, value added (% of GDP)",NV.AGR.TOTL.ZS,4.84150263278793,3.93491029303206,4.41827966580442,3.86667035184213,3.9782223347683,3.6914613286487,3.88143056599721,3.98639120800412,3.64384300678865,3.62557825538414,3.2841419035074,3.43748613022059,2.93973433181778,2.96305965278684,3.05890762309212,2.8894876538245,2.95114617844763,2.85761119003388,3.12943402175627,3.35944329225443,3.39283865528818
Croatia,HRV,Urban population (% of total population),SP.URB.TOTL.IN.ZS,55.6745468592554,55.6386960202113,55.5890878734365,55.5307217475444,55.4685969711483,55.4077128728613,55.3530687812969,55.3096640250682,55.2824979327886,55.2773793281248,55.3042888624873,55.3659479687433,55.4591834926844,55.5812594509004,55.7294398599808,55.9009887365155,56.093170097094,56.303247958306,56.5284863367411,56.7683502560171,56.9977571733605
Croatia,HRV,"Foreign direct investment, net inflows (% of GDP)",BX.KLT.DINV.WD.GD.ZS,3.66543741693173,5.23888389777053,3.14125847138829,4.03158584721724,6.74942720543925,7.83566324230563,7.66668932687836,4.925903970572,2.61983395656206,1.98600142929806,2.5458971283455,1.59392354890083,5.34791756323206,0.958162552964542,2.99037238331044,3.24022473811694,2.6691078382689,6.47280555618669,2.53925977136019,7.42755621800021,5.51627272111755
Croatia,HRV,Poverty headcount ratio at $3.00 a day (2021 PPP) (% of population),SI.POV.DDAY,..,..,0,..,..,..,0,1,1.4,1,1.1,1.2,1.2,0.7,0.9,0.6,0.5,0.4,0.4,0.3,0.4
Croatia,HRV,GDP per capita (current US$),NY.GDP.PCAP.CD,6219.56093667781,8189.99059314699,9718.92771524605,10443.4484003498,11501.2327422844,13755.8149054063,15888.1184388903,14474.52513863,13729.7472872883,14691.591757962,13507.6349882758,14135.0903485872,14186.7712230471,12283.8750299177,12820.1872746645,13901.6498657787,15460.4560798984,15563.7354996625,14807.5559227544,17788.7601163765,18465.531473659
Croatia,HRV,Access to electricity (% of population),EG.ELC.ACCS.ZS,100,100,99.9,99.9,99.8,99.8,100,100,100,100,100,100,100,100,100,100,100,100,100,100,100
Cuba,CUB,GDP growth (annual %),NY.GDP.MKTP.KD.ZG,1.42482126141282,3.79274022304334,5.77053807021559,11.2016564219094,12.0658631129953,7.26213696647943,4.11682804164681,1.4513054307407,2.39035229650723,2.80230083647626,3.01490028898772,2.74760256257211,1.04757663187654,4.4383335888395,0.512843095700745,1.80979178380274,2.24794852913217,-0.163087223606624,-10.9494359030206,1.25448735650322,1.77465227724316
Cuba,CUB,"Inflation, consumer prices (annual %)",FP.CPI.TOTL.ZG,..,..,..,..,..,..,..,..,..,..,..,..,..,..,..,..,..,..,..,..,..
Cuba,CUB,"Life expectancy at birth, total (years)",SP.DYN.LE00.IN,76.766,77.405,77.326,77.54,77.406,77.55,77.589,77.584,77.876,78.051,78.162,78.028,77.825,77.745,77.571,77.3,77.426,77.413,77.407,73.201,77.629
Cuba,CUB,"Government expenditure on education, total (% of GDP)",SE.XPD.TOTL.GD.ZS,9.57116985321045,9.9408597946167,10.2682304382324,10.5577802658081,9.05716991424561,11.8682098388672,14.0590801239014,13.1248598098755,12.8373098373413,..,11.5516604913797,10.67169596101,9.6074568445536,8.9633578559392,9.01309318032688,8.44413540438793,8.02498461098619,9.04700486137163,11.5248184008093,9.3858620562531,8.44086351669284
Cuba,CUB,Individuals using the Internet (% of population),IT.NET.USER.ZS,3.77058503769014,5.2412690536929,8.40798475900703,9.73806220781346,11.1596013147617,11.69,12.94,14.33,15.9,16.0172907996413,21.20000076,27.93,29.0701843656523,37.3050974155373,42.9786751910106,57.1484043170788,62.6789236230601,67.9708086565152,71.11907507,67.64354869,67.88410187
Cuba,CUB,Current health expenditure (% of GDP),SH.XPD.CHEX.GD.ZS,7.11481619,7.10295439,6.83178711,8.75525475,8.2719059,10.9674921,11.31422806,12.29053974,10.6880827,11.31298637,9.29940987,10.43099499,12.14121914,12.81404305,12.21769619,11.47201538,11.01842499,11.08501148,12.48641968,13.78746605,11.78773499
Cuba,CUB,"Unemployment, total (% of total labor force) (national estimate)",SL.UEM.TOTL.NE.ZS,3.311,2.325,1.854,1.95,1.913,1.788,1.583,1.67,2.5,3.175,3.498,3.288,2.7,2.4,2,1.7,1.7,..,..,..,..
Cuba,CUB,"School enrollment, primary (% gross)",SE.PRM.ENRR,104.042320251465,102.910133361816,103.290786743164,103.219841003418,102.976463317871,102.083908081055,100.847221374512,101.11939239502,100.716090239417,100.29059454433,100.828907180724,100.721599181727,103.056327819824,103.193222045898,101.075891876156,100.561631481518,100.343380546441,100.80254602678,101.317432743321,101.302915584834,100.580196272572
Cuba,CUB,"Agriculture, forestry, and fishing, value added (% of GDP)",NV.AGR.TOTL.ZS,5.94572870305592,5.74521185921362,5.4744391801691,4.36365221842694,3.40501452330934,3.90810167923978,3.81703869500364,3.93041237113402,3.61428926750404,3.60487027105378,3.85009775638835,3.92492352361694,3.93770588957314,3.83575415916853,3.9383388809409,3.80018101210528,3.78237294808932,3.56732632295441,2.7619420225054,0.882032508097678,0.800672255103121
Cuba,CUB,Urban population (% of total population),SP.URB.TOTL.IN.ZS,75.8514891112497,75.8636638735113,75.917681659226,76.0033319545493,76.1121531072403,76.2356834650585,76.365461375763,76.4930251871133,76.6099132468685,76.707663902788,76.7776920066844,76.81640625,76.8442459106445,76.8702850341797,76.9115829467773,76.9603271484375,77.0156326293945,77.0728225708008,77.1080322265625,77.0987701416016,77.1056060791016
Cuba,CUB,"Foreign direct investment, net inflows (% of GDP)",BX.KLT.DINV.WD.GD.ZS,..,..,..,..,..,..,..,..,..,..,..,..,..,..,..,..,..,..,..,..,..
Cuba,CUB,Poverty headcount ratio at $3.00 a day (2021 PPP) (% of population),SI.POV.DDAY,..,..,..,..,..,..,..,..,..,..,..,..,..,..,..,..,..,..,..,..,..
Cuba,CUB,GDP per capita (current US$),NY.GDP.PCAP.CD,3005.21104247868,3202.78109865637,3399.21962893402,3786.33799225291,4329.98265964383,4807.43888960684,4986.12436479175,5089.23519757167,5272.26755824835,6104.46105236166,6470.83673392653,6828.36428245396,7146.70459051328,7727.91997207998,8110.55874283616,8610.60829605429,8911.46205998726,9232.26115935183,9605.27914559614,..,..
Cuba,CUB,Access to electricity (% of population),EG.ELC.ACCS.ZS,95.5,96.5,96.6,96.8,96.9,97.1,97.3,97.6,97.8,98,98.3,98.5,98.7,99,99.2,99.4,99.6,99.8,99.9,100,100
Curacao,CUW,GDP growth (annual %),NY.GDP.MKTP.KD.ZG,0.397065216763636,0.288186681651752,0.208461073109362,0.676425345201665,1.63593468987035,2.46996322836787,2.18804308019168,-0.531308242338184,0.0823066088131412,0.50845748203723,-0.34895082430242,-0.635696907591139,-0.637397373327133,0.458151544160046,-1.06770848655277,-1.2762081008495,-2.10411133101029,-3.20613230348162,-18.4384696124769,4.18371018614259,6.90600055461097
Curacao,CUW,"Inflation, consumer prices (annual %)",FP.CPI.TOTL.ZG,0.391389432485324,1.63371391441571,1.37912138094799,4.11711711711708,3.1149952409795,2.99572039942908,6.8763239367776,1.75331605427595,2.77944261312587,2.3325315256217,3.18398746349455,1.33232086152117,1.4987396961643,-0.476542049801405,-0.0472079848940293,1.58558801700345,2.58368756641814,2.62220783425059,..,..,..
Curacao,CUW,"Life expectancy at birth, total (years)",SP.DYN.LE00.IN,73.472,73.603,73.735,73.873,73.978,74.137,74.314,74.485,75.117,75.576,75.96,76.239,76.384,76.482,76.322,76.423,76.493,76.492,76.501,75.686,76.729
Curacao,CUW,"Government expenditure on education, total (% of GDP)",SE.XPD.TOTL.GD.ZS,..,..,..,..,..,..,..,..,..,5.64725392834695,5.38283590387706,5.11633014678955,5.95464718602819,5.95011209033324,6.23495389518939,5.91444785594951,5.93873270793721,5.81155632881729,7.11645238834347,6.18160236726664,6.08167033605813
Curacao,CUW,Individuals using the Internet (% of population),IT.NET.USER.ZS,..,..,..,..,..,..,..,..,..,..,..,..,..,..,61.855510740634,68.1272162511339,..,..,..,..,..
Curacao,CUW,Current health expenditure (% of GDP),SH.XPD.CHEX.GD.ZS,..,..,..,..,..,..,..,..,..,..,..,..,..,..,..,..,..,..,..,..,..
Curacao,CUW,"Unemployment, total (% of total labor force) (national estimate)",SL.UEM.TOTL.NE.ZS,..,..,..,..,..,..,..,..,..,9.775,..,13.029,12.607,11.708,..,..,13.434,..,19.1,..,..
Curacao,CUW,"School enrollment, primary (% gross)",SE.PRM.ENRR,..,..,..,..,..,..,..,..,..,..,..,175.821576412943,..,..,..,..,..,..,113.350877192982,..,..
Curacao,CUW,"Agriculture, forestry, and fishing, value added (% of GDP)",NV.AGR.TOTL.ZS,0.617357970979196,0.58814648704912,0.559760348644267,0.588865493053005,0.557540406312578,0.637151950359926,0.643381307320106,0.45835259199559,0.441001800600715,0.309495090731695,0.188964280562745,0.22782320389,0.207328308869147,0.205942605210667,0.16956720845354,0.166280974292915,0.214779296434087,0.231767604640278,0.268419351323097,0.259156337604847,0.266175017331497
Curacao,CUW,Urban population (% of total population),SP.URB.TOTL.IN.ZS,91.0970316517813,91.1278267399674,91.1534053060108,91.1746923604573,91.1926129138527,91.2080919767428,91.2220545596735,91.2354256731905,91.2491303278397,91.2639416184104,91.2791300612311,91.2938785868797,91.3082030810948,91.3220471649755,91.3353544596205,91.3480685861287,91.3601331655991,91.3714918191305,91.3820881678218,91.391865832772,91.4007684350799
Curacao,CUW,"Foreign direct investment, net inflows (% of GDP)",BX.KLT.DINV.WD.GD.ZS,..,..,..,..,..,..,..,..,..,2.40614386821884,2.31350888968206,-0.0497229529143155,2.26501703647428,4.78739208551233,4.39991508248854,5.69261132752304,4.16644115185917,6.71586638933495,6.14534823380696,6.23861045672485,5.71077943710701
Curacao,CUW,Poverty headcount ratio at $3.00 a day (2021 PPP) (% of population),SI.POV.DDAY,..,..,..,..,..,..,..,..,..,..,..,..,..,..,..,..,..,..,..,..,..
Curacao,CUW,GDP per capita (current US$),NY.GDP.PCAP.CD,16723.6925253468,16695.7351137757,16671.3403391655,17032.3356620744,17400.1637780186,18005.7165850772,19423.3352430175,19540.2476579348,19847.2310127979,19426.326382752,19809.8223198624,19721.2921646576,19623.029993395,19361.8130008678,18944.0961493998,18938.2440469703,19119.1243941688,19220.6866958303,16299.8134688605,17795.5826483092,20057.1404960105
Curacao,CUW,Access to electricity (% of population),EG.ELC.ACCS.ZS,99.9,99.8,99.8,99.7,99.7,99.7,99.7,99.7,100,100,100,100,100,100,100,100,100,100,100,100,100
Cyprus,CYP,GDP growth (annual %),NY.GDP.MKTP.KD.ZG,3.72297491128981,2.62329962315329,5.02627226665527,4.85298762175586,4.71378358593959,5.09822614854798,3.64698922103939,-2.01508203683694,2.28267100119788,0.416711868408683,-3.44738151374587,-6.58747751118347,-1.77605867728616,3.41892038889013,6.57359080924678,5.75083236554525,6.27166360056404,5.87559583386607,-3.22063018637567,11.3975590801512,8.73854684881674
Cyprus,CYP,"Inflation, consumer prices (annual %)",FP.CPI.TOTL.ZG,2.80115505180745,4.13906538686852,2.28621706801678,2.56016132330235,2.30468732978553,2.37265183669718,4.66900841902491,0.326276652249793,2.43004084102251,3.2894493956421,2.38905410042326,-0.399357676464425,-1.35498885446315,-2.0969976905312,-1.42916666666665,0.531766496174467,1.43549119531759,0.250370996758493,-0.638422797978861,2.44608867175474,8.39548297993334
Cyprus,CYP,"Life expectancy at birth, total (years)",SP.DYN.LE00.IN,78.758,78.908,79.007,79.198,79.456,79.798,79.906,80.375,80.632,80.855,81.128,81.317,81.337,81.464,81.534,81.543,81.556,81.454,81.23,80.573,80.434
Cyprus,CYP,"Government expenditure on education, total (% of GDP)",SE.XPD.TOTL.GD.ZS,5.58166980743408,6.6702299118042,6.11772012710571,6.28667020797729,6.33027982711792,6.28083992004395,6.72277021408081,7.20547008514404,6.52559995651245,6.52042007446289,..,6.46747016906738,6.42111015319824,6.30491018295288,6.11811017990112,5.69961977005005,..,5.16293001174927,5.56462001800537,5.08247995376587,4.74210977554321
Cyprus,CYP,Individuals using the Internet (% of population),IT.NET.USER.ZS,28.32,30.09,33.83,32.81,35.83,40.77,42.31,49.81,52.99,56.8598923503507,60.6898684001903,65.4548,69.3286967086473,71.7157409175171,75.9002054030125,80.743188971932,84.4335825186889,86.0636299618935,90.80194644,90.75951564,89.60099194
Cyprus,CYP,Current health expenditure (% of GDP),SH.XPD.CHEX.GD.ZS,5.61565971,5.63568783,5.40558147,5.43580961,5.46357489,5.35744858,6.01430845,6.46531534,6.50055742,6.43139076,6.53638792,6.92774534,6.93137264,6.79382181,6.65254688,6.62192535,6.78446245,6.99843168,8.64796448,8.87445068,8.27201366
Cyprus,CYP,"Unemployment, total (% of total labor force) (national estimate)",SL.UEM.TOTL.NE.ZS,3.336,4.153,4.77,5.481,4.593,3.946,3.756,5.594,6.359,7.942,12.097,16.131,16.277,15.026,13.006,11.155,8.504,7.155,7.755,7.513,6.806
Cyprus,CYP,"School enrollment, primary (% gross)",SE.PRM.ENRR,97.7734527587891,97.3882293701172,97.1988677978516,99.8711776733398,100.887046813965,100.688270568848,101.213508605957,102.179481506348,101.624328613281,101.200538635254,100.175346374512,99.9297714233398,98.8685607910156,99.0203475952148,98.9118804931641,99.4003524780273,100.864112854004,102.16837310791,102.275482177734,100.948387145996,98.952262878418
Cyprus,CYP,"Agriculture, forestry, and fishing, value added (% of GDP)",NV.AGR.TOTL.ZS,3.78826774823824,3.3529015922721,3.08333142687938,2.73852781486715,2.2759759957395,2.02353280851406,2.09331209487447,1.98881944002316,2.05766089497283,2.14531860991971,2.00128009868188,2.03633566673278,1.84487621232733,1.86798451841109,2.14376219902412,1.85263298228741,1.71813809861456,1.74820535403514,1.82533569194245,1.50250271739903,1.186076126012
Cyprus,CYP,Urban population (% of total population),SP.URB.TOTL.IN.ZS,68.7863589370716,68.7120973207373,68.5908141437316,68.4340674211981,68.2534151682801,68.0604154001212,67.8666261318649,67.6836053786548,67.5229111556342,67.3979892758544,67.3010289148738,67.2102333625375,67.1230558819804,67.0402477918073,66.9625604106231,66.8907450570326,66.8255530496405,66.7677357070518,66.7180443478713,66.6718365394971,66.6694829407584
Cyprus,CYP,"Foreign direct investment, net inflows (% of GDP)",BX.KLT.DINV.WD.GD.ZS,9.66223830535239,6.24270945639917,6.459620091748,6.30362669067508,9.32556556614527,9.57345612845137,44.3647557897632,252.66766836908,125.272736246416,151.736913469908,289.858155745793,108.090333712845,233.165814267121,137.220747221649,15.8272346194166,184.054180339924,307.086610313426,431.788575910459,-296.013333456363,21.8171208826836,0.172623567791445
Cyprus,CYP,Poverty headcount ratio at $3.00 a day (2021 PPP) (% of population),SI.POV.DDAY,..,..,0.1,0.1,0,0,0,0.1,0.1,0,0,0.1,0.1,0,0.1,0.1,0.1,0.2,0,0,0
Cyprus,CYP,GDP per capita (current US$),NY.GDP.PCAP.CD,16093.2158203125,20252.24609375,23792.619140625,24959.26171875,26729.28125,31244.87890625,35541.88671875,32236.462890625,31105.02734375,32485.8046875,28991.9296875,27764.7265625,26993.095703125,23088.4296875,24280.044921875,26247.46484375,29120.38671875,29227.16796875,28130.330078125,32937.8359375,33231.05078125
Cyprus,CYP,Access to electricity (% of population),EG.ELC.ACCS.ZS,100,100,100,100,100,100,100,100,100,100,100,100,100,100,100,100,100,100,100,100,100
Czechia,CZE,GDP growth (annual %),NY.GDP.MKTP.KD.ZG,1.51345949139996,3.300836832613,4.73633969683438,6.37502886086791,6.62317299177447,5.48882595164517,2.61226807205139,-4.79832416684926,2.71466509907701,1.77238085338473,-0.770668190622743,-0.0418124160447491,2.24521219862635,4.95875848915604,2.58087013921376,5.17356529967881,2.83030588267866,3.56577658128261,-5.30487955463876,4.02901832055149,2.8471706583814
Czechia,CZE,"Inflation, consumer prices (annual %)",FP.CPI.TOTL.ZG,1.90298097019027,0.118739205526815,2.76010781671153,1.85709789109228,2.53399258343633,2.8531243721117,6.3586638015237,1.0193773532923,1.47272727272728,1.9172191363555,3.28762306610411,1.4382978723404,0.343988589646794,0.309364548494975,0.683504209385703,2.4505339846014,2.14949494949493,2.84787595918041,3.1612952849781,3.83984491500146,15.1001651468371
Czechia,CZE,"Life expectancy at birth, total (years)",SP.DYN.LE00.IN,75.2219512195122,75.1707317073171,75.7219512195122,75.9243902439025,76.5243902439024,76.7243902439025,76.9756097560976,77.0780487804878,77.4243902439025,77.8731707317073,78.0756097560976,78.1756097560976,78.8243902439024,78.5780487804878,79.0268292682927,78.9780487804878,79.0292682926829,79.2292682926829,78.2268292682927,77.2219512195122,78.9292682926829
Czechia,CZE,"Government expenditure on education, total (% of GDP)",SE.XPD.TOTL.GD.ZS,3.9390299320221,4.10311985015869,3.98130011558533,3.86250996589661,4.19625997543335,3.85006999969482,3.73207998275757,4.1553201675415,3.99341988563538,4.20787000656128,4.19049978256226,4.02132987976074,3.93603992462158,5.71913003921509,5.50080013275146,3.75574994087219,4.21541023254395,4.46737003326416,4.62503004074097,4.65163993835449,4.30291986465454
Czechia,CZE,Individuals using the Internet (% of population),IT.NET.USER.ZS,23.93,34.3,35.5,35.27,47.93,51.93,62.97,64.43,68.82,70.49,73.4300078241036,74.1104,74.2317116367383,75.668838699279,76.4811986951838,78.7191728513432,80.6881675434288,80.8669444139622,81.33889705,82.67062427,84.54009378
Czechia,CZE,Current health expenditure (% of GDP),SH.XPD.CHEX.GD.ZS,6.14656258,6.50168419,6.33308411,6.33529043,6.16489983,5.99029112,6.33855247,7.2650013,7.47836781,7.47281456,7.53974962,7.44831276,7.53919601,7.29346752,7.32258606,7.24190664,7.37173605,7.48754358,8.96995831,9.15420723,8.47063065
Czechia,CZE,"Unemployment, total (% of total labor force) (national estimate)",SL.UEM.TOTL.NE.ZS,7.28,7.777,8.298,7.927,7.141,5.316,4.392,6.662,7.281,6.712,6.979,6.953,6.108,5.048,3.952,2.893,2.246,2.015,2.55,2.803,2.224
Czechia,CZE,"School enrollment, primary (% gross)",SE.PRM.ENRR,106.005058288574,106.409980773926,106.529113769531,106.737777709961,104.372779846191,103.382110595703,102.214767456055,101.478927612305,101.036407470703,100.081001281738,99.3585815429688,98.7804794311523,97.6821594238281,96.9615478515625,96.9097595214844,97.2324905395508,98.2727584838867,99.2833023071289,99.7845306396484,101.677841186523,100.97534942627
Czechia,CZE,"Agriculture, forestry, and fishing, value added (% of GDP)",NV.AGR.TOTL.ZS,2.64625253192312,2.43103462272479,2.40804306787699,2.28125770679761,2.16293341098596,2.08871530033094,1.92036584435566,1.75886230026321,1.52258196973334,1.96393230867654,2.23162666151254,2.34758315581321,2.39269564510297,2.25892571347988,2.14809736879598,2.10545968755889,1.96856224682798,1.89151770908811,1.94399138825301,1.75886666492278,2.07634975500264
Czechia,CZE,Urban population (% of total population),SP.URB.TOTL.IN.ZS,73.8360067578753,73.7649150201353,73.6991647167017,73.6375545423198,73.578883191735,73.5219493596925,73.4655517409377,73.4084890302159,73.3495599222723,73.2878338394746,73.2249239592898,73.1622186934979,73.0995921041469,73.0370442874355,72.9745753395623,72.9121853567256,72.8498744351241,72.7876426709563,72.7254901604208,72.6810594374316,72.6967638379524
Czechia,CZE,"Foreign direct investment, net inflows (% of GDP)",BX.KLT.DINV.WD.GD.ZS,10.2854716819753,2.01250274928445,5.34629831368761,10.0027291342114,4.56488300562003,7.26984053281639,3.72734017480649,2.54701925348654,4.81502985527419,1.80994155301699,4.48424380759869,3.45386726376292,3.83510153423089,0.898913491904098,5.47566421423918,5.07066240955503,3.30353998283407,4.18705737619001,3.39114066226469,4.43029524586196,3.02937517288668
Czechia,CZE,Poverty headcount ratio at $3.00 a day (2021 PPP) (% of population),SI.POV.DDAY,0,..,0,0,0.1,0.1,0.1,0,0,0.1,0.1,0,0,0,0,0,0,0,0,0.1,0
Czechia,CZE,GDP per capita (current US$),NY.GDP.PCAP.CD,8101.26018588111,9852.45677945801,11782.5546676117,13442.4916284309,15259.0788162004,18452.6532812196,22774.7045076205,19817.4215836554,20160.4355077059,22049.1080788682,20014.0354015165,20260.4954999375,20038.4163180257,17931.5987670768,18753.9686718096,20913.197632212,23705.9329811299,24062.7190013343,23472.8915454417,27696.4619527544,28282.2236715857
Czechia,CZE,Access to electricity (% of population),EG.ELC.ACCS.ZS,100,100,100,100,100,100,100,100,100,100,100,100,100,100,100,100,100,100,100,100,100
Denmark,DNK,GDP growth (annual %),NY.GDP.MKTP.KD.ZG,0.456530018779986,0.441091006625101,2.77635180744053,2.35960882992528,3.81648769908172,0.987173815945127,-0.417178439991005,-4.97447905669058,1.58289703108802,1.3108037609606,-0.00543230161670749,1.39267343161971,1.27799983192831,2.10441456445301,3.07304549209093,3.05647723922718,1.8600074900921,1.71140093932736,-1.78010601831291,6.50025445756295,0.443832614908331
Denmark,DNK,"Inflation, consumer prices (annual %)",FP.CPI.TOTL.ZG,2.42443661219695,2.07507820646506,1.15435693124934,1.81781458291254,1.92422138464584,1.69326586220324,3.41626794258374,1.30470991024336,2.31092436974786,2.7586822605125,2.3979148566464,0.789071780078062,0.56402054044954,0.452034153691575,0.250000000000031,1.14713216957602,0.813609467455631,0.75813157251162,0.420711974110025,1.85304543989689,7.6965669988926
Denmark,DNK,"Life expectancy at birth, total (years)",SP.DYN.LE00.IN,76.8951219512195,77.1439024390244,77.4926829268293,77.8439024390244,78.0951219512195,78.1951219512195,78.4463414634146,78.5975609756098,79.1,79.8,80.0512195121951,80.3,80.7,80.7024390243902,80.8536585365854,81.1024390243903,80.9536585365854,81.4512195121951,81.6024390243903,81.4048780487805,81.3048780487805
Denmark,DNK,"Government expenditure on education, total (% of GDP)",SE.XPD.TOTL.GD.ZS,8.20600032806396,8.10986042022705,8.1876802444458,8.06474018096924,7.71623992919922,7.59683990478516,7.441969871521,8.41279029846191,8.55023002624512,8.47716045379639,7.24570989608765,8.46860980987549,7.63833999633789,..,7.71534013748169,7.3700098991394,7.32747983932495,7.27585983276367,7.38574981689453,6.95915985107422,6.35586023330688
Denmark,DNK,Individuals using the Internet (% of population),IT.NET.USER.ZS,64.25,76.26,80.93,82.74,86.65,85.03,85.02,86.84,88.72,89.8100133895232,92.2600117153012,94.6297,95.9935053764454,96.3305016195436,96.9677852516645,97.0993621555621,97.3192043651002,98.0464347521549,96.54914573,98.8658506,97.86011812
Denmark,DNK,Current health expenditure (% of GDP),SH.XPD.CHEX.GD.ZS,8.69506168,8.89037418,8.98551464,9.06716251,9.15257931,9.30215549,9.46797943,10.62873173,10.59621811,10.39758492,10.53344631,10.29778957,10.31388664,10.3754549,10.28229332,10.1137991,10.14163208,10.18468761,10.69237614,10.65575886,9.47411346
Denmark,DNK,"Unemployment, total (% of total labor force) (national estimate)",SL.UEM.TOTL.NE.ZS,4.274,5.398,5.204,4.83,3.897,3.801,3.683,6.409,7.746,7.769,7.798,7.384,6.925,6.278,5.989,5.833,5.131,5.018,5.644,5.065,4.434
Denmark,DNK,"School enrollment, primary (% gross)",SE.PRM.ENRR,101.688171386719,..,100,98.2105865478516,99.3460388183594,100,99.660270690918,100.002456665039,100.18155670166,101.197456359863,101.51065826416,101.299331665039,101.176940917969,100.882141113281,101.041496276855,100.778030395508,100.749008178711,100.551002502441,100.459587097168,100.308418273926,100.244453430176
Denmark,DNK,"Agriculture, forestry, and fishing, value added (% of GDP)",NV.AGR.TOTL.ZS,1.7548454579579,1.58700357166721,1.5968233470381,1.13056388790591,1.14680871658905,1.17038366975969,0.841682850350501,0.806945931238911,1.1884393485634,1.26832807403315,1.61758219917433,1.25664041508446,1.35342720224903,0.908318060929302,0.92879780499665,1.25985806734514,0.99704488734783,1.24122741169144,1.33752008668451,1.08103120928969,1.00228533729664
Denmark,DNK,Urban population (% of total population),SP.URB.TOTL.IN.ZS,85.3000030517578,85.4199981689453,85.7130276911593,86.0059706832865,86.2501288149818,86.4251464366349,86.583137512207,86.7617653139929,86.8652420043945,87.1567653955846,87.2336196899414,87.5436524760432,87.6823985731907,87.7254056577329,87.6999969482422,88.0161943799509,88.1059762310689,88.2096490810669,88.2394485473632,88.2616449318149,88.3880239837703
Denmark,DNK,"Foreign direct investment, net inflows (% of GDP)",BX.KLT.DINV.WD.GD.ZS,2.47818532882922,0.542449723524164,-3.49390841296768,4.8451921902896,0.841695783435792,3.68799602330786,0.617279543987987,1.17142791849018,-3.56794135328115,3.93792637361731,-5.00312031968255,0.197410828523168,1.86415567840611,0.61075067778712,2.49983169836595,1.08780490285886,2.46670057625106,-1.10067098319484,0.363874538682217,4.18538817542322,6.9048667972729
Denmark,DNK,Poverty headcount ratio at $3.00 a day (2021 PPP) (% of population),SI.POV.DDAY,..,0.4,0.3,0.3,0.2,0.1,0.3,0.6,0.1,0,0,0.3,0.2,0.2,0.3,0.1,0.2,0.3,0.2,0.2,0.2
Denmark,DNK,GDP per capita (current US$),NY.GDP.PCAP.CD,33257.1622586509,40519.0974905924,46625.050098011,48925.8076698784,52119.1787984282,58631.6566433635,64616.6657583663,58412.7472358513,58104.5445594981,61809.737898222,58443.7747103968,61377.5940590412,62520.4509747011,53094.0133607574,54500.9260410217,57521.5514992225,61324.7665045565,59404.2663247723,60985.4885601514,69340.7334922138,67781.0940939514
Denmark,DNK,Access to electricity (% of population),EG.ELC.ACCS.ZS,100,100,100,100,100,100,100,100,100,100,100,100,100,100,100,100,100,100,100,100,100
Djibouti,DJI,GDP growth (annual %),NY.GDP.MKTP.KD.ZG,..,..,..,..,..,..,..,..,..,..,..,..,7.19298728463697,7.30898563450799,7.1234323372872,5.458091517212,4.77433934943193,5.54508081154978,1.2021151728969,4.40715667561153,5.16653702854374
Djibouti,DJI,"Inflation, consumer prices (annual %)",FP.CPI.TOTL.ZG,0.63761955366632,1.98196734627545,3.12226204699352,3.10496640148299,3.48340699677866,4.96597654553301,11.9586206896552,1.67549587285963,3.95007875923886,5.0687139477798,3.73120950756887,2.70603242872186,1.34186494340162,-0.522166521445793,2.4025290543489,0.577285724560661,0.138836400011405,3.31763203299603,1.77900535643955,1.18086783934059,5.17222088647606
Djibouti,DJI,"Life expectancy at birth, total (years)",SP.DYN.LE00.IN,57.824,58.041,58.103,58.548,58.962,59.362,59.815,60.351,60.743,61.337,61.719,62.116,62.427,62.833,63.335,63.71,64.105,64.381,64.2,63.83,65.54
Djibouti,DJI,"Government expenditure on education, total (% of GDP)",SE.XPD.TOTL.GD.ZS,8.44758987426758,8.88988971710205,9.26467037200928,8.36588954925537,8.27877998352051,8.40625,..,..,4.49022006988525,..,6.35127551762696,4.64782533103312,4.38407521258509,3.59895992279053,3.92226004600525,3.73344993591309,3.75143003463745,..,..,..,..
Djibouti,DJI,Individuals using the Internet (% of population),IT.NET.USER.ZS,0.48697170451894,0.625940229399888,0.781317175068661,0.953599989,1.269999981,1.62,2.26,4,6.5,7,9.399999619,12.69999981,17,22.89999962,30.79999924,55.6814092453962,57.06169891,58.4762001,59.92570114,61.41120148,63.77600098
Djibouti,DJI,Current health expenditure (% of GDP),SH.XPD.CHEX.GD.ZS,3.75243783,4.27048731,3.53544688,3.80321956,4.21972466,4.05262756,3.6125772,3.63905573,3.35699701,3.37387872,3.29730988,2.91782117,2.95930099,3.3475771,2.74166131,2.47976375,2.530864,2.41347837,2.33861232,2.87128091,2.52554536
Djibouti,DJI,"Unemployment, total (% of total labor force) (national estimate)",SL.UEM.TOTL.NE.ZS,..,..,..,..,..,..,..,..,..,..,..,..,..,..,..,26.064,..,..,..,..,..
Djibouti,DJI,"School enrollment, primary (% gross)",SE.PRM.ENRR,..,..,..,..,..,..,..,..,..,..,..,..,..,..,..,..,..,..,..,..,..
Djibouti,DJI,"Agriculture, forestry, and fishing, value added (% of GDP)",NV.AGR.TOTL.ZS,..,..,..,..,..,..,..,..,..,..,..,1.19392304728354,1.22411023326762,1.05900752644099,0.99558771996226,1.29424095183589,1.41671102035767,1.51935229833123,1.99744473588682,3.00716226184265,2.63101792247644
Djibouti,DJI,Urban population (% of total population),SP.URB.TOTL.IN.ZS,72.4503357641707,72.0304414068997,71.6452457786012,71.3061450044404,71.0245352095823,70.8118125191918,70.6793730584341,70.6383251554484,70.6486554782903,70.6776532458676,70.7266311335377,70.7969331287484,70.8899032189478,71.0068853915837,71.1492236341041,71.318261933957,71.5153442785902,71.7418146554518,71.9990170519895,72.2882954556515,72.6109938538856
Djibouti,DJI,"Foreign direct investment, net inflows (% of GDP)",BX.KLT.DINV.WD.GD.ZS,0.580649337298248,2.28673980374562,5.78669482576557,3.13326292887826,14.0839401368509,23.0388936446947,22.785843817934,9.2325515288363,3.23415329697175,6.37538483893525,8.1261509172004,13.9893763417185,6.88983261287099,5.93271216592944,6.1420623506391,5.97013597143086,5.83497725047345,5.66550441566635,5.03254315668511,4.91482788768696,5.24930012962196
Djibouti,DJI,Poverty headcount ratio at $3.00 a day (2021 PPP) (% of population),SI.POV.DDAY,32.3,..,..,..,..,..,..,..,..,..,26.4,31.2,..,..,..,25.4,..,..,..,..,..
Djibouti,DJI,GDP per capita (current US$),NY.GDP.PCAP.CD,743.013270420348,764.634465224597,806.261652944964,844.4483573908,898.464628136774,969.573220191902,1119.15233346969,1150.9375857489,1213.23352553429,1306.34552844977,1400.19357858954,2075.94498424748,2214.62084142432,2376.12554719873,2510.4300076241,2618.95521147369,2718.08338799203,2837.16902340932,2844.88810647853,3025.91126413549,3133.25779772463
Djibouti,DJI,Access to electricity (% of population),EG.ELC.ACCS.ZS,49.7,56.4,56.6,56.8,55.5,57.2,57.4,57.6,57.9,58.1,54.6,58.6,58.9,59.1,59.8,60.2,62.4,64.7,64.5,65.4,65
Dominica,DMA,GDP growth (annual %),NY.GDP.MKTP.KD.ZG,-3.08742052359268,5.80495468629533,4.09783662273917,0.915286472779144,4.40077479812059,5.3579375575878,7.12131217762231,-1.13575145648322,-0.105610857694984,0.0427388878891435,-0.15739179314221,0.0045039972976042,2.33521742067693,-3.37338262476895,1.44724556489263,-7.5443637547282,2.964010610466,3.94809757938053,-15.7064024545862,5.37983838954712,10.3968076616121
Dominica,DMA,"Inflation, consumer prices (annual %)",FP.CPI.TOTL.ZG,0.170055330197681,1.45336800437251,2.39410982050298,1.68190079877553,2.2023913263167,3.63222129317821,6.35992183336295,0.00626357107066859,2.99936630549,1.1312313652648,1.3567714780886,-0.0464116468805992,0.799250372687492,-0.84382698463833,0.141816225732312,0.296252889279487,0.98919111918989,1.50462353858141,1.22026442242476,2.22891330700344,2.88490226829353
Dominica,DMA,"Life expectancy at birth, total (years)",SP.DYN.LE00.IN,71.927,71.942,71.987,72.016,72.007,71.901,71.945,71.835,71.68,71.517,71.391,71.228,71.189,69.968,71.189,68.62,71.378,71.305,71.269,69.832,71.081
Dominica,DMA,"Government expenditure on education, total (% of GDP)",SE.XPD.TOTL.GD.ZS,..,..,..,..,..,..,..,..,..,..,4.52896287885139,4.35428103166344,4.33216630134647,3.09856009483337,5.12971951862684,4.71605005720456,5.1536046272165,4.88721990585327,4.45777988433838,5.71689183034862,6.04314243406571
Dominica,DMA,Individuals using the Internet (% of population),IT.NET.USER.ZS,18.4248927671241,23.6204198529629,30.3196130921568,38.54359818,39.39820099,40.2745018,41.15999985,42.02000046,47.45,48.59999847,49.79999924,51,57.5,65,67.02999878,69.61969757,..,73.38200378,75.65670013,78.07949829,80.57980347
Dominica,DMA,Current health expenditure (% of GDP),SH.XPD.CHEX.GD.ZS,4.6531105,4.84617901,4.74520159,4.97772503,4.78092194,4.79109955,5.04968786,4.98329306,5.15711927,5.33450365,5.79509926,5.34749842,5.26141691,5.15941811,5.12308073,5.46245432,6.18495989,5.16903925,6.06806135,6.31142521,5.97262001
Dominica,DMA,"Unemployment, total (% of total labor force) (national estimate)",SL.UEM.TOTL.NE.ZS,..,..,..,..,..,..,..,..,..,..,..,..,..,..,..,..,..,..,..,..,..
Dominica,DMA,"School enrollment, primary (% gross)",SE.PRM.ENRR,111.388298034668,107.957481384277,104.842819213867,104.067459106445,102.460342407227,103.040061950684,103.257247924805,104.64022064209,105.756985055231,107.474907554147,108.432130011989,109.373698097486,103.483055406132,103.668965517241,102.005850396991,109.576427255985,97.3663705781518,97.5702715578847,99.3255179058937,101.036354663596,100.808761583825
Dominica,DMA,"Agriculture, forestry, and fishing, value added (% of GDP)",NV.AGR.TOTL.ZS,10.6284055910922,11.2514385491488,11.5393233251176,11.9146963375058,10.9500275550657,10.9932120101612,12.357929336965,13.2921985102394,12.1671107564725,13.1398699725745,12.5284705614395,14.0710957769054,13.5810858914367,13.5413888147951,13.5004110450215,11.743783940147,9.64769551837572,10.1167002012072,12.2529146098099,14.0151066545603,12.9438199575573
Dominica,DMA,Urban population (% of total population),SP.URB.TOTL.IN.ZS,65.5209250395792,65.7244163144059,65.9653093849432,66.2400724917823,66.5451738755145,66.877081776731,67.232264436023,67.6071900939817,67.9983269911984,68.3978165602727,68.754609337094,69.119704197722,69.4907847110252,69.8679153463528,70.2511605730541,70.6405848604787,71.0362526779762,71.4382284948964,71.846576780589,72.2613620044042,72.682648635692
Dominica,DMA,"Foreign direct investment, net inflows (% of GDP)",BX.KLT.DINV.WD.GD.ZS,5.34525004766951,8.39561947401853,6.49739806247027,4.83084578819671,6.28236832373597,9.08254423496638,11.7112903770296,11.0100917882515,10.9887086593887,9.48510899097882,10.823245661111,7.09315981024728,2.15759020953855,1.22782053461875,6.89801855079428,4.02538103514499,12.4606230458607,9.78484788732394,4.31749235024332,5.0343144105378,2.71598643499556
Dominica,DMA,Poverty headcount ratio at $3.00 a day (2021 PPP) (% of population),SI.POV.DDAY,..,..,..,..,..,..,..,..,..,..,..,..,..,..,..,..,..,..,..,..,..
Dominica,DMA,GDP per capita (current US$),NY.GDP.PCAP.CD,5488.02784969357,5447.44011496284,5778.83306546506,5695.22442394675,6055.78109574854,6459.03503689609,6971.32633839289,7487.49010395154,7549.61964680375,7705.40717248319,7528.51001990155,7822.21797211398,8131.74876096735,8282.59874702141,8802.56172041363,8224.64896571414,9215.3085405645,9491.14995962374,7827.74842680426,8376.40414141113,9323.66089490562
Dominica,DMA,Access to electricity (% of population),EG.ELC.ACCS.ZS,87.7,84,85,86,87,88.1,90.9,90.2,91.3,90.1,93.5,94.6,95.7,96.7,97.8,98.9,99.6,99.9,100,100,100
Dominican Republic,DOM,GDP growth (annual %),NY.GDP.MKTP.KD.ZG,4.48650367045651,-1.34935744782766,2.58556667449577,9.43178931977285,9.17120650955299,7.41840577774235,3.26808671288212,1.00345293018719,8.40114541209596,3.19196227475523,2.77567100848816,4.93473300709881,7.11122629673892,6.98771131236387,6.71974078681295,3.93386176401576,7.09751640210159,4.8940301149584,-7.92905234231061,14.0124289062207,5.23795652902595
Dominican Republic,DOM,"Inflation, consumer prices (annual %)",FP.CPI.TOTL.ZG,5.22336769759447,27.4497127394395,51.4608598338065,4.19020260472056,7.57280523853074,6.14356655248047,10.6446210953712,1.44215131834353,6.32993220146146,5.79676809206533,3.69449707884777,4.830950967408,2.99864226125219,0.836746346724557,1.61416607245223,3.27955694678546,3.56443426013508,1.81060377042959,3.78103179915517,8.24300347981809,8.81109209279587
Dominican Republic,DOM,"Life expectancy at birth, total (years)",SP.DYN.LE00.IN,70.719,70.856,70.73,71.043,71.054,71.097,71.331,71.587,72.039,72.496,72.817,73.038,73.145,72.982,72.889,73.37,73.555,73.112,72.636,71.757,74.211
Dominican Republic,DOM,"Government expenditure on education, total (% of GDP)",SE.XPD.TOTL.GD.ZS,1.9140100479126,1.84465003013611,..,..,..,2.04678010940552,..,..,1.88728788680129,1.87925755786153,..,3.62818152019188,3.62243443144513,3.60400277306673,3.85049560792469,3.92026752279272,3.92849467476802,4.04276873126053,4.51769850778985,3.58043271614957,3.61088872070271
Dominican Republic,DOM,Individuals using the Internet (% of population),IT.NET.USER.ZS,6.8237257325842,7.89839293716387,8.8655534607044,11.4831977789344,14.8449283654589,17.66,20.82,27.72,31.39999962,38,42.32,45.9,49.58000183,54.2157663369785,63.8708647408206,67.5712453277737,74.8220483597284,79.71549988,81.61730194,85.24298638,81.51269675
Dominican Republic,DOM,Current health expenditure (% of GDP),SH.XPD.CHEX.GD.ZS,4.98649025,4.38888264,4.2877388,4.35391188,3.99365425,4.08935308,4.56442022,4.76706171,4.92896748,5.04506636,5.05897284,4.92594242,4.80942917,4.73534584,4.58582401,4.44562674,4.21765518,4.36808872,4.96490288,5.08839989,4.64506817
Dominican Republic,DOM,"Unemployment, total (% of total labor force) (national estimate)",SL.UEM.TOTL.NE.ZS,6.779,6.938,6.303,6.587,5.654,5.158,4.764,5.467,5.212,6.087,6.722,7.351,6.719,7.605,7.284,5.832,5.861,6.356,6.126,7.702,5.504
Dominican Republic,DOM,"School enrollment, primary (% gross)",SE.PRM.ENRR,117.968330383301,115.68123626709,107.716453552246,108.274391174316,103.604438781738,113.676666259766,109.525123596191,111.815872192383,110.497961182388,110.200677757395,108.469020139424,109.528244906823,108.064549120947,112.013491719354,110.70487684674,108.019439917331,105.858397882856,112.333610534668,105.925242398247,96.8704570451147,100.492291150329
Dominican Republic,DOM,"Agriculture, forestry, and fishing, value added (% of GDP)",NV.AGR.TOTL.ZS,6.80511921829037,6.69384984394826,7.02047299255392,7.21193528375622,6.8587193196752,6.51157391056705,6.27099180121697,6.01021373970952,5.87493178504912,5.4136207001604,5.13892705786417,4.99410588425629,4.83780303264764,5.05883234424627,5.02704510564373,4.83760934052653,4.57147323875274,4.32511956961036,4.52252840237889,4.21567590284055,4.15371984188711
Dominican Republic,DOM,Urban population (% of total population),SP.URB.TOTL.IN.ZS,63.2914022524877,64.426197134766,65.8914085229291,67.5759180469321,69.333853706035,71.0193434994977,72.4865154265802,73.5894974865426,74.1642773174177,74.2440389501301,74.2398679969568,74.2251359951216,74.1931533822153,74.1372305958285,74.0506780735522,73.926806252977,73.7589255716938,73.5403464672933,73.2643793773663,72.9243347395035,72.4203155643711
Dominican Republic,DOM,"Foreign direct investment, net inflows (% of GDP)",BX.KLT.DINV.WD.GD.ZS,3.41225986375611,2.88055489904245,4.18629057899448,3.12598170087694,4.0356569620282,5.12424998266344,5.67335967834237,3.51548540591409,3.38320513554667,3.79217588020774,5.64036946601582,2.55757225532805,3.55938801753347,3.13851060913817,3.33024928523507,4.55025610026855,3.22902365102652,3.17366550445317,3.13265976088131,3.53154938314388,3.56897046352612
Dominican Republic,DOM,Poverty headcount ratio at $3.00 a day (2021 PPP) (% of population),SI.POV.DDAY,9,10.7,14.6,9.9,8.1,7.8,7.1,6.3,5.5,5.3,5.4,4.4,4.1,3.3,3,1.5,1.1,1,1.3,1.3,1
Dominican Republic,DOM,GDP per capita (current US$),NY.GDP.PCAP.CD,3065.60329524196,2383.26171780393,2451.69161616569,3878.31206735244,4055.14270347371,4649.64558875814,5023.58513403515,4973.95186999952,5478.62470398954,5826.51014109195,6013.81965002603,6136.59429329301,6496.45166971142,6800.95309395474,7160.44200982307,7412.71571571512,7882.98221584944,8183.01623600375,7135.22273255899,8527.0754858205,10104.2464008585
Dominican Republic,DOM,Access to electricity (% of population),EG.ELC.ACCS.ZS,89.7,89.2,90.3,90.1,90.1,96.9,97.6,97.9,98.1,97.9,97.9,98.4,98.5,98.6,98.9,100,98.9,99,100,98.1,98.1
Ecuador,ECU,GDP growth (annual %),NY.GDP.MKTP.KD.ZG,4.92809549611376,2.88450036512064,6.83239736646514,5.39862243994342,4.34113198577639,1.90242859700484,6.56492068224719,1.0910129698311,4.02913787986621,8.48147656332823,5.783212336172,7.21123653679159,4.22606520388456,0.119692109287612,-0.687954245877947,5.97039880954841,1.04429460679607,0.1654044646003,-9.24509619165865,9.42189269033631,5.86842354862311
Ecuador,ECU,"Inflation, consumer prices (annual %)",FP.CPI.TOTL.ZG,12.4835980082095,7.92936487461556,2.74323198926704,2.1682770118372,3.29874846258215,2.27618478002121,8.40009593987462,5.15996829181047,3.55437734567843,4.4745326579584,5.10172180958666,2.72177577710371,3.58922016616663,3.96664623255358,1.72826463324533,0.417335588666825,-0.224103246005552,0.266012515466155,-0.338872392562139,0.133251386096389,3.46616972213077
Ecuador,ECU,"Life expectancy at birth, total (years)",SP.DYN.LE00.IN,73.164,73.632,73.868,73.909,74.01,74.226,74.709,74.901,75.188,75.179,75.486,75.832,76.141,76.222,76.094,76.22,77.248,77.286,72.004,72.746,76.577
Ecuador,ECU,"Government expenditure on education, total (% of GDP)",SE.XPD.TOTL.GD.ZS,..,..,..,..,..,..,..,4.51763010025024,4.60028982162476,4.74424982070923,4.65310001373291,4.92997980117798,5.21019983291626,5.10570001602173,4.46397668804552,4.60667733499397,4.6250260585881,4.24576997756958,4.26103019714355,3.65649008750915,3.61301994323731
Ecuador,ECU,Individuals using the Internet (% of population),IT.NET.USER.ZS,4.26079691519764,4.46022834472698,4.83444263759525,5.994299889,7.199999809,10.80000019,18.8,24.6,29.03,31.3668083587433,35.1351464545516,40.279121941,45.5903906666095,48.9404337892669,54.0629247288864,55.79999924,57.5,59.2,70.7,69.1147995,69.71811356
Ecuador,ECU,Current health expenditure (% of GDP),SH.XPD.CHEX.GD.ZS,4.81404829,5.79232407,5.88152218,5.85904884,5.93617773,5.55722475,5.52174902,6.03388453,6.34925699,6.60509682,6.87859821,6.77866411,6.76601839,7.76786041,7.58817482,7.52484131,7.83364677,7.80878448,8.60608387,8.37526226,7.60183907
Ecuador,ECU,"Unemployment, total (% of total labor force) (national estimate)",SL.UEM.TOTL.NE.ZS,7.168,5.662,5.002,3.779,3.55,3.142,3.917,4.608,4.088,3.458,3.235,2.913,3.279,3.419,4.39,3.708,3.396,3.703,6.084,4.434,3.672
Ecuador,ECU,"School enrollment, primary (% gross)",SE.PRM.ENRR,108.658729553223,108.234580993652,107.823509216309,107.851249694824,108.028701782227,109.574661254883,107.735610961914,112.422248840332,108.529831519835,108.222664680389,105.657930195512,104.495253899633,105.59687272731,101.055189173942,98.960813930118,98.1861872199016,98.8828234359272,98.3159782205083,98.1163823787708,98.1757597284585,99.5680141602854
Ecuador,ECU,"Agriculture, forestry, and fishing, value added (% of GDP)",NV.AGR.TOTL.ZS,9.43400389965372,9.05012813090098,7.96891951563388,7.72632554619423,7.71967865189029,7.64839421670263,7.3493757008365,8.61225542007853,8.33021025899583,7.90853917487421,6.99944108995073,6.96320880489033,7.40439967003185,8.02049629728797,8.07212585894998,7.90222040951574,7.64505994805811,7.78676459859086,8.38574905899645,8.07999983280318,7.39303992355462
Ecuador,ECU,Urban population (% of total population),SP.URB.TOTL.IN.ZS,61.2871268050958,61.5418469886978,61.7829573274038,62.0068704145716,62.2099988435587,62.3887552077227,62.5395521004212,62.6588021150118,62.7405258611644,62.7949053547691,62.8408732819135,62.8837286624122,62.9232432195799,62.959188676731,62.9913367571804,63.0194591842425,63.0433276812321,63.0627139714638,63.0773897782521,63.0871268249117,63.0901835932266
Ecuador,ECU,"Foreign direct investment, net inflows (% of GDP)",BX.KLT.DINV.WD.GD.ZS,2.8951552675912,2.81449236195545,2.37801066697343,1.22499487397379,0.594056305145447,0.388921736574003,1.7294958127597,0.513570185696715,0.243419054034351,0.817966548837347,0.646739602691481,0.752903273859877,0.751953401658059,1.36067004574537,0.78469706502846,0.605279629548276,1.29341012436864,0.915058228783613,1.16754746598289,0.607504922954352,0.759637557255968
Ecuador,ECU,Poverty headcount ratio at $3.00 a day (2021 PPP) (% of population),SI.POV.DDAY,..,18.9,19.4,15.4,10.9,10.9,9.8,9.3,7.8,6.4,6,4.5,4,4.8,5,4.3,4.7,4.6,8.4,5.3,4.4
Ecuador,ECU,GDP per capita (current US$),NY.GDP.PCAP.CD,2059.1585535974,2315.62215223014,2586.20914663347,2909.02606014388,3243.67010359339,3478.92488770671,4194.75750661981,4053.36331139298,4520.30959039763,5153.6916424375,5634.08393191094,6109.29031510341,6405.79979300441,5976.1596805651,5917.63771271481,6233.32244797718,6303.91886658338,6205.05765246766,5463.64515348598,6061.32350181711,6515.58528418336
Ecuador,ECU,Access to electricity (% of population),EG.ELC.ACCS.ZS,94.2,95,94.8,95.8,96.3,96.8,97.2,96.5,97.5,96.9,97.2,98,99,98.8,98.7,99.2,98.7,99.1,98.8,100,100
"Egypt, Arab Rep.",EGY,GDP growth (annual %),NY.GDP.MKTP.KD.ZG,2.39020402675627,3.19345473756772,4.09207161019908,4.4717444710621,6.84383819369884,7.08782742675582,7.15628356711522,4.67359980000663,5.14723485746742,1.76457194806041,2.22619979818487,2.18546605363386,2.91591188052836,4.37201907781687,4.34664345601914,4.18122099961562,5.33110861887155,5.55209307084222,3.55016483883115,3.29064601193245,6.58784560870467
"Egypt, Arab Rep.",EGY,"Inflation, consumer prices (annual %)",FP.CPI.TOTL.ZG,2.73723855000334,4.50777636319304,11.270619332052,4.86939696871988,7.64452644526434,9.3189690579923,18.3168316831684,11.7634954386443,11.2651882653185,10.0649259874818,7.11172943343083,9.46971981064921,10.0702154687481,10.370490343517,13.813606214829,29.5066083940039,14.4014657807422,9.15279959324804,5.04493288977539,5.21404940513043,13.8956609775178
"Egypt, Arab Rep.",EGY,"Life expectancy at birth, total (years)",SP.DYN.LE00.IN,67.846,68.045,68.211,68.355,68.493,68.627,68.761,68.915,69.078,69.232,69.464,69.632,69.911,70.135,70.437,70.709,70.974,71.213,69.79,68.976,71.01
"Egypt, Arab Rep.",EGY,"Government expenditure on education, total (% of GDP)",SE.XPD.TOTL.GD.ZS,..,4.94563007354736,4.67072010040283,4.79442977905273,4.00178003311157,3.68460988998413,3.76082992553711,..,..,..,..,..,..,..,..,..,..,..,..,..,..
"Egypt, Arab Rep.",EGY,Individuals using the Internet (% of population),IT.NET.USER.ZS,2.71999971465421,4.03788510706701,11.92,12.75,13.66,16.03,18.01,20,21.6,25.6,26.4,29.4,33.8946039115275,37.8193834276939,41.2480670885772,44.9502042452857,46.92433676792,57.2828663990195,71.91420096,72.05599976,72.19806556
"Egypt, Arab Rep.",EGY,Current health expenditure (% of GDP),SH.XPD.CHEX.GD.ZS,5.5107379,5.2242527,4.85732365,4.92229176,4.84190083,4.44493246,4.46634817,4.37870932,4.15319157,4.35707569,4.45891809,4.6710043,4.77415323,5.06153202,5.07462406,5.34661913,4.74892998,4.5994668,4.15384626,4.60955143,4.72362804
"Egypt, Arab Rep.",EGY,"Unemployment, total (% of total labor force) (national estimate)",SL.UEM.TOTL.NE.ZS,10.015,10.416,10.745,11.243,10.491,8.805,8.517,9.087,8.757,11.849,12.597,13.154,13.105,13.052,12.45,11.767,9.855,7.851,7.974,7.441,7.344
"Egypt, Arab Rep.",EGY,"School enrollment, primary (% gross)",SE.PRM.ENRR,88.993049621582,89.3009490966797,89.3801803588867,89.0111618041992,90.0128402709961,90.5241470336914,..,91.2096481323242,90.9477588784227,87.469737936967,91.8601632814812,91.5819650596849,89.1874065189482,..,90.1130487612999,90.6515125272044,92.6909066089532,94.2500854039165,95.6433012164233,97.0010583504222,89.5100870340285
"Egypt, Arab Rep.",EGY,"Agriculture, forestry, and fishing, value added (% of GDP)",NV.AGR.TOTL.ZS,15.4048561625759,15.2867065868263,14.2699361219864,13.9816898792943,13.2372025254978,13.4201262083781,12.6302400893356,12.9979466513145,13.3407591579645,13.8691050980964,11.2727652713919,11.2743496022361,11.3377089201878,11.3940627685257,11.769316084742,10.9863806449848,10.8302490249025,10.6971354538956,11.1668239443487,11.4369326589725,10.9457535224737
"Egypt, Arab Rep.",EGY,Urban population (% of total population),SP.URB.TOTL.IN.ZS,42.8347629483917,42.8834685533792,42.9255593360476,42.9569271409488,42.9729991680104,42.9729666344509,42.9608989120873,42.9383470624904,42.9057175520154,42.8634168470177,42.8118514138525,42.7514277188751,42.6825522284408,42.6056314089048,42.5210717266225,42.4486008687179,42.4577177449969,42.4812027332648,42.5181534630674,42.5686062621468,42.6325129008032
"Egypt, Arab Rep.",EGY,"Foreign direct investment, net inflows (% of GDP)",BX.KLT.DINV.WD.GD.ZS,0.759753233043019,0.295683832335329,1.59083618380383,5.99551598885794,9.34856726566294,8.87633606337272,5.8314126186488,3.54835118019574,2.91601657550141,-0.204542848807527,1.00234071774049,1.45343420769727,1.50925042253521,2.10258128401326,2.43856278142762,2.98301550917695,3.10040077579187,2.82732944960686,1.52462948997172,1.20617861055665,2.39118080969079
"Egypt, Arab Rep.",EGY,Poverty headcount ratio at $3.00 a day (2021 PPP) (% of population),SI.POV.DDAY,..,..,4.1,..,..,..,3.7,..,1.5,..,1.2,..,..,1.2,..,3.1,..,2,..,1.4,..
"Egypt, Arab Rep.",EGY,GDP per capita (current US$),NY.GDP.PCAP.CD,1116.82884626213,1031.27556291284,991.255689145253,1105.53920713903,1298.97900203124,1547.74170735909,1896.21594269779,2161.63964573927,2455.08194645282,2590.64384891965,2996.0677072015,3025.52563552448,3133.39102265541,3306.98159414141,3270.6287768197,2395.10333299491,2484.70315630508,2962.98892023003,3511.11381026379,3827.35415374308,4233.30783744856
"Egypt, Arab Rep.",EGY,Access to electricity (% of population),EG.ELC.ACCS.ZS,97.5,98.8,97.8,99.4,99,98.4,99.8,98.9,99.4,99.4,99.7,99.9,99.8,99.3,100,100,100,100,100,100,100
El Salvador,SLV,GDP growth (annual %),NY.GDP.MKTP.KD.ZG,1.57291844759789,1.56539303147618,0.889404485692197,2.68083009363194,4.3369986028604,1.84760220587859,2.15440298282768,-2.10876837627522,2.15419536693635,3.80688113429295,2.82262371802327,2.23562439198375,1.70870628357073,2.40000008852115,2.53906241135864,2.24761908134138,2.4124442237792,2.43747159065784,-7.893101359867,11.9047617015957,2.9546041089332
El Salvador,SLV,"Inflation, consumer prices (annual %)",FP.CPI.TOTL.ZG,1.86552503610077,2.1203909173333,4.45194392395045,4.69094870903769,4.03712359429612,4.57808572377153,6.70792293515939,1.05595029731201,1.17933576873673,5.1289237668161,1.72973481581383,0.757669184522973,1.14134467538233,-0.731384487387957,0.60404908699661,1.0123540331558,1.09033000581892,0.0753241350024612,-0.371590212324095,3.46692585313082,7.19861615609867
El Salvador,SLV,"Life expectancy at birth, total (years)",SP.DYN.LE00.IN,68.526,68.792,69.295,69.336,69.612,69.82,70.138,70.359,70.909,71.192,71.42,71.225,71.144,70.952,70.908,71.007,71.384,71.725,70.244,69.941,71.969
El Salvador,SLV,"Government expenditure on education, total (% of GDP)",SE.XPD.TOTL.GD.ZS,3.242840051651,3.13467001914978,..,3.17785000801086,3.49298000335693,3.60984992980957,4.45810985565185,4.65950012207031,4.04807996749878,3.89854001998901,3.7124400138855,3.80149006843567,3.82416009902954,3.90987992286682,3.82523989677429,3.7252299785614,3.60575008392334,3.38710999488831,3.66088008880615,3.57766008377075,3.26848006248474
El Salvador,SLV,Individuals using the Internet (% of population),IT.NET.USER.ZS,1.9,2.5,3.2,4.199999809,5.5,6.11,10.08,12.11,15.9,18.89999962,20.3213877242007,23.1093,24.7617121459061,26.8026049600572,28.99710083,33.8207289048526,43.79999924,50.4911940673888,54.60136976,57.26380157,60.05609894
El Salvador,SLV,Current health expenditure (% of GDP),SH.XPD.CHEX.GD.ZS,7.88565731,7.77182293,8.1302166,9.20057869,8.69338894,8.47836304,8.49585915,8.83749676,8.90416241,8.87645435,8.60625362,9.05235958,8.5989418,8.75833225,8.71456337,8.42286873,8.322752,8.80846119,8.95105076,10.12668991,9.82036304
El Salvador,SLV,"Unemployment, total (% of total labor force) (national estimate)",SL.UEM.TOTL.NE.ZS,6.2,6.9,6.8,6.961,6.505,6.406,5.884,7.332,4.893,4.297,3.843,3.693,4.154,3.998,4.418,4.385,4.006,4.17,5.008,4.327,2.993
El Salvador,SLV,"School enrollment, primary (% gross)",SE.PRM.ENRR,111.444900512695,114.588432312012,117.880020141602,117.893600463867,116.765838623047,121.694122314453,113.391387939453,111.723289489746,111.703523728467,110.558314695839,109.439958408779,107.756009020989,106.234750251213,104.056527416248,101.843930228579,98.3138463687883,96.8014948340295,91.6274097482467,90.6579425663395,89.0818774059816,89.1304089502047
El Salvador,SLV,"Agriculture, forestry, and fishing, value added (% of GDP)",NV.AGR.TOTL.ZS,5.82298419820808,5.48839713449193,5.72792591262587,6.17165600762008,6.04616656739515,6.99310770496862,7.09010840673402,6.66859073198944,6.98170850697531,7.33019190703113,6.5143562539307,5.61330655869503,5.86687215376832,5.52976674016479,5.73215390739613,5.39300914080881,5.13276852985202,5.1464335217926,5.35480047301112,4.81225514872015,4.55875426849797
El Salvador,SLV,Urban population (% of total population),SP.URB.TOTL.IN.ZS,58.3486233966841,59.2468576589718,60.1425374326239,61.0308213239291,61.9068679391763,62.7676878093683,63.6372503452723,64.5299047495248,65.4327927543162,66.334413642034,67.2232666950659,68.0878511957995,68.9166664266223,69.6982116699219,70.3990173339844,71.0856704711914,71.7577209472656,72.4148941040039,73.0570220947266,73.6838531494141,74.1465021298679
El Salvador,SLV,"Foreign direct investment, net inflows (% of GDP)",BX.KLT.DINV.WD.GD.ZS,3.71125187529755,1.06615183714648,2.64681242347754,3.47761600217717,1.50707286112592,9.11434743633077,5.0206011155903,2.09486399547314,-0.613406192808089,0.603930846788838,2.01123945886672,1.11490857279595,2.2408951362935,2.10997804482034,1.98198031581358,2.01688451540263,1.58620478716365,2.59024369040438,1.55101998611342,2.7560499827498,0.0823187826775637
El Salvador,SLV,Poverty headcount ratio at $3.00 a day (2021 PPP) (% of population),SI.POV.DDAY,19.5,20.9,16.3,16.4,12.6,9.2,12.6,12.4,11.4,10.1,8.5,7.1,7,5.3,5.8,4.6,4.1,3,..,5.1,5.2
El Salvador,SLV,GDP per capita (current US$),NY.GDP.PCAP.CD,2115.41187355626,2207.83089518069,2285.68907438892,2447.39140845394,2665.61807194853,2830.65693770733,2983.24829577976,2910.18651752011,3040.07300952878,3330.60049486653,3497.91256915509,3582.26694005169,3666.01248913873,3790.34089108162,3901.34014965811,4020.12671373919,4183.54620971358,4320.11671534627,3997.19279583709,4642.60743101342,5074.60050994225
El Salvador,SLV,Access to electricity (% of population),EG.ELC.ACCS.ZS,87.5,87,87.4,87.5,89.2,91.1,91,91.1,91.6,92.6,93.7,95,95.1,95.4,96,96.8,97,97.4,99.7,97.9,100
Equatorial Guinea,GNQ,GDP growth (annual %),NY.GDP.MKTP.KD.ZG,19.4628340359251,13.9552503163825,37.9987268556423,16.7487006053541,7.70491760658767,15.2821139194857,17.7991091333811,1.34335628806095,-8.92417588851806,6.52392362989873,8.31287184445641,-4.13319850131583,0.415066301596866,-9.11004114881537,-8.81641723219757,-5.66750850486686,-6.23654406734575,-5.48182537893445,-4.79108083383294,0.860269956382069,3.22350831658598
Equatorial Guinea,GNQ,"Inflation, consumer prices (annual %)",FP.CPI.TOTL.ZG,7.5924784983324,7.32354399351809,4.21968787094834,5.63163351357613,4.41589984169561,2.80373831775704,6.55176691184535,4.69106567747375,7.78916547991184,4.805389221557,3.65662048278806,2.94887694639662,4.30999866149107,1.67663085315988,1.41193915479015,0.74435474661241,1.06007410662171,1.53027528964189,4.76669523944228,-0.0971007664640198,4.78671704710803
Equatorial Guinea,GNQ,"Life expectancy at birth, total (years)",SP.DYN.LE00.IN,54.324,54.791,55.307,55.766,56.354,56.857,57.384,57.881,58.344,58.827,59.301,59.784,60.228,60.635,61.081,61.481,61.915,62.297,62.141,62.447,63.355
Equatorial Guinea,GNQ,"Government expenditure on education, total (% of GDP)",SE.XPD.TOTL.GD.ZS,..,..,..,..,..,..,..,..,..,..,..,..,..,..,..,..,..,..,..,..,..
Equatorial Guinea,GNQ,Individuals using the Internet (% of population),IT.NET.USER.ZS,0.321197997152044,0.520524272046806,0.843930284607049,1.149799943,1.279199958,1.557100058,1.820000052,2.130000114,6,11.5,13.94320011,16.39999962,18.86000061,21.31999969,23.78000069,26.23999977,29.39999962,49.13370132,55.00130081,58.71730042,63.65950012
Equatorial Guinea,GNQ,Current health expenditure (% of GDP),SH.XPD.CHEX.GD.ZS,2.88730073,1.97185338,1.58463597,1.42048728,1.41217864,1.42080677,1.23333216,1.87389886,1.73363662,1.54309607,1.62290311,1.75622749,1.868559,2.45693421,2.97177482,2.86121631,2.92214823,3.27948833,3.70560718,3.5103004,2.83726358
Equatorial Guinea,GNQ,"Unemployment, total (% of total labor force) (national estimate)",SL.UEM.TOTL.NE.ZS,..,..,..,..,..,..,..,..,..,..,..,..,..,..,..,..,..,..,..,..,..
Equatorial Guinea,GNQ,"School enrollment, primary (% gross)",SE.PRM.ENRR,78.566780090332,71.1979064941406,..,68.3863525390625,..,..,57.2042198181152,56.3207702636719,56.0219993591309,54.6865997314453,54.9725494384766,..,..,47.5486488342285,..,..,..,..,..,..,..
Equatorial Guinea,GNQ,"Agriculture, forestry, and fishing, value added (% of GDP)",NV.AGR.TOTL.ZS,..,..,..,..,1.51825527772648,1.37288404400353,0.892696119574311,1.05819979061204,1.06137128570531,1.05350238777482,1.05565709179581,1.19199068015273,1.29424877164029,1.88839087566802,2.33223920932761,2.31546339686272,2.25797968820385,2.43787857420381,3.15157383866339,2.8263690019315,2.48978303214525
Equatorial Guinea,GNQ,Urban population (% of total population),SP.URB.TOTL.IN.ZS,39.1969150391705,39.895902485648,40.9304009672368,42.2814597171299,43.9301279685204,45.8574549546013,48.0444899085658,50.4722820636069,53.1218806529176,55.9743349096911,59.0106940671203,62.2120073583984,65.5593240167184,68.951270615355,69.253269853051,69.5516019132985,69.8396623666175,70.1175419547293,70.3853314193247,70.6431215020592,70.8910029445467
Equatorial Guinea,GNQ,"Foreign direct investment, net inflows (% of GDP)",BX.KLT.DINV.WD.GD.ZS,17.899145375458,27.7605754478919,7.72914723671237,9.36000539014063,4.65478286948259,9.50702132548057,-4.01962840224965,10.8879553596521,16.7581567258275,9.24740468952516,4.4007560526439,2.65594378481707,0.771291915530887,9.00761663149669,15.6154447046738,3.1541343035206,-1.10304372116447,7.22811929659373,-0.0916985922610923,4.59725955429429,10.1419330984832
Equatorial Guinea,GNQ,Poverty headcount ratio at $3.00 a day (2021 PPP) (% of population),SI.POV.DDAY,..,..,..,..,..,..,..,..,..,..,..,..,..,..,..,..,..,..,..,..,8.8
Equatorial Guinea,GNQ,GDP per capita (current US$),NY.GDP.PCAP.CD,2264.21065580365,2930.60183743733,4901.30127408119,8673.9026086535,10184.8841248541,12616.9532942011,18210.5552970599,13232.5019378102,13720.1658723222,17198.2136668275,17308.5723924575,16304.0713196418,15548.6624656619,9068.91003238645,7453.19797948517,7809.10465655488,8102.47084834031,6804.14923073888,5764.05502912947,6945.63069794539,7589.29964909381
Equatorial Guinea,GNQ,Access to electricity (% of population),EG.ELC.ACCS.ZS,64.9,64.9,64.9,65,65.1,65.1,65.2,65.4,66.1,66.1,65.7,65.9,66,66.1,66.2,66.4,66.5,66.6,66.7,66.8,67
Eritrea,ERI,GDP growth (annual %),NY.GDP.MKTP.KD.ZG,3.0054291917378,-2.65551592487554,1.45173556595506,2.57444955124846,-0.969217110711355,1.42682221120323,-9.78303001782456,3.8765015275421,2.19419034888082,8.67980010138049,..,..,..,..,..,..,..,..,..,..,..
Eritrea,ERI,"Inflation, consumer prices (annual %)",FP.CPI.TOTL.ZG,..,..,..,..,..,..,..,..,..,..,..,..,..,..,..,..,..,..,..,..,..
Eritrea,ERI,"Life expectancy at birth, total (years)",SP.DYN.LE00.IN,58.941,59.455,60.063,60.628,61.457,61.998,62.422,63.203,63.665,64.231,64.697,65.005,65.517,65.909,66.242,66.612,66.979,67.306,66.98,66.94,67.789
Eritrea,ERI,"Government expenditure on education, total (% of GDP)",SE.XPD.TOTL.GD.ZS,3.52390003204346,..,3.14896988868713,..,2.12700009346008,..,..,..,..,..,..,..,..,..,..,..,..,..,..,..,..
Eritrea,ERI,Individuals using the Internet (% of population),IT.NET.USER.ZS,0.227090137626716,..,..,..,..,0.409999996,0.469999999,0.540000021,0.610000014,0.699999988,0.800000012,0.899999976,0.99000001,1.083699942,1.177099943,2.496099949,5.293000221,11.22379971,14.34939957,..,..
Eritrea,ERI,Current health expenditure (% of GDP),SH.XPD.CHEX.GD.ZS,6.68857431,7.33703375,7.00984907,6.8641758,6.85727453,5.2786293,6.57807541,5.42343187,4.81866503,5.1622901,3.74245787,4.96813059,3.91432381,4.50776815,3.73838949,4.15359449,4.24748898,4.64806461,4.31117725,4.17839003,3.87537837
Eritrea,ERI,"Unemployment, total (% of total labor force) (national estimate)",SL.UEM.TOTL.NE.ZS,..,..,..,..,..,..,..,..,..,..,..,..,..,..,..,..,..,..,..,..,..
Eritrea,ERI,"School enrollment, primary (% gross)",SE.PRM.ENRR,101.331848144531,107.540420532227,106.525672912598,103.574653625488,97.0371780395508,87.2029037475586,81.1434326171875,77.9211807250977,73.636848449707,79.17431640625,82.6438980102539,92.6765518188477,83.275146484375,82.3669509887695,..,78.3494720458984,78.7916488647461,..,..,..,89.7312469482422
Eritrea,ERI,"Agriculture, forestry, and fishing, value added (% of GDP)",NV.AGR.TOTL.ZS,13.6018100565387,11.8299212236971,10.642274296598,22.6000002108942,24.59999989582,24.2659805873687,16.7763073752775,14.1242274354984,..,..,..,..,..,..,..,..,..,..,..,..,..
Eritrea,ERI,Urban population (% of total population),SP.URB.TOTL.IN.ZS,34.5420799255371,34.7451286315918,34.9324645996094,35.1022033691406,35.2525177001953,35.3820953369141,35.4897117614746,35.5742034912109,35.6346549987793,35.6706275939941,35.6824264526367,35.6713333129883,35.639720916748,35.591007232666,35.5254287719727,35.4427146911621,35.3451042175293,35.2352333068848,35.116138458252,34.9871139526367,34.8469276428223
Eritrea,ERI,"Foreign direct investment, net inflows (% of GDP)",BX.KLT.DINV.WD.GD.ZS,3.12155398906868,2.87271930691421,2.17335313535463,0.130327551691687,1.26949256396085,0.546785999949131,2.82570036794966,4.9011804838025,5.72501513985957,1.8886183675912,..,..,..,..,..,..,..,..,..,..,..
Eritrea,ERI,Poverty headcount ratio at $3.00 a day (2021 PPP) (% of population),SI.POV.DDAY,..,..,..,..,..,..,..,..,..,..,..,..,..,..,..,..,..,..,..,..,..
Eritrea,ERI,GDP per capita (current US$),NY.GDP.PCAP.CD,304.775756465092,348.950327077742,426.840947887032,412.753079199423,447.997404727201,480.44762365456,490.066956003333,642.92572288007,539.699512069686,688.68165957684,..,..,..,..,..,..,..,..,..,..,..
Eritrea,ERI,Access to electricity (% of population),EG.ELC.ACCS.ZS,32.2,32.4,33.4,34.5,35.6,36.7,37.8,38.9,40.1,41.2,42.3,43.5,44.6,45.8,46.9,48,49.1,50.3,51.4,52.5,55.4
Estonia,EST,GDP growth (annual %),NY.GDP.MKTP.KD.ZG,6.93300082616575,7.59630181032645,6.80070110758655,9.52305386462066,9.76257131206653,7.57091879311882,-5.12531154308803,-14.6302225427906,2.4497502063999,7.60697458913162,3.67201872506541,1.75649379621869,3.32278988182702,1.83815262882932,3.09301920751959,5.63467248963991,3.69969756161726,3.72664943466884,-2.88380751483778,8.25488044580031,-1.22616966587796
Estonia,EST,"Inflation, consumer prices (annual %)",FP.CPI.TOTL.ZG,3.57191270164027,1.33499116549955,3.04811107523416,4.07971423199849,4.43762042389213,6.60132603055637,10.3623580313683,-0.0784083112809768,2.97204512015694,4.9819013145361,3.93339987296985,2.78056658954988,-0.10617514652171,-0.49232600654737,0.148684907627373,3.41723549488054,3.43632688420446,2.27725931243522,-0.44453109767983,4.65316673847473,19.3982634080616
Estonia,EST,"Life expectancy at birth, total (years)",SP.DYN.LE00.IN,70.9048780487805,71.3170731707317,71.909756097561,72.5682926829268,72.6914634146341,72.8146341463415,73.7707317073171,74.8243902439024,75.4292682926829,76.2292682926829,76.3268292682927,77.1414634146341,77.0341463414634,77.590243902439,77.6414634146342,78.0926829268293,78.2439024390244,78.6463414634147,78.5951219512195,76.9439024390244,77.8439024390244
Estonia,EST,"Government expenditure on education, total (% of GDP)",SE.XPD.TOTL.GD.ZS,5.433030128479,5.27171993255615,4.87566995620728,4.80935001373291,..,4.6196699142456,5.48375988006592,5.9597601890564,5.51753997802734,4.99514007568359,4.67340993881226,4.78006982803345,4.32586002349854,5.05127000808716,5.05511999130249,4.86288022994995,5.13962984085083,5.16415023803711,5.44180011749268,5.21514987945557,5.20733976364136
Estonia,EST,Individuals using the Internet (% of population),IT.NET.USER.ZS,41.52,45.32,53.2,61.45,63.51,66.19,70.58,72.5,74.1,76.5,78.3899259259259,80.0043,84.2415280294352,88.4097035040431,87.2402327514547,88.1024568740199,89.3570077747426,90.2289281997919,89.05828666,90.97970174,91.52016546
Estonia,EST,Current health expenditure (% of GDP),SH.XPD.CHEX.GD.ZS,4.70192671,5.13748884,5.33641052,5.29434633,4.97308683,5.18429422,5.95694113,6.84443808,6.59404182,6.05471659,6.03782082,6.19788504,6.26286125,6.52138662,6.56918621,6.46636105,6.56314421,6.64763546,7.47179365,7.47591066,6.93641424
Estonia,EST,"Unemployment, total (% of total labor force) (national estimate)",SL.UEM.TOTL.NE.ZS,10.026,11.288,10.248,8.033,5.915,4.592,5.455,13.548,16.707,12.328,10.021,8.631,7.352,6.412,6.882,5.807,5.412,4.514,6.956,6.178,5.571
Estonia,EST,"School enrollment, primary (% gross)",SE.PRM.ENRR,105.472816467285,105.654472351074,104.811653137207,103.570648193359,102.761779785156,101.679817199707,100.795516967773,100.181121826172,99.5972671508789,99.042839050293,98.3196105957031,97.6795196533203,97.5922622680664,97.1191482543945,97.2923431396484,97.2500534057617,97.4559478759766,98.1577224731445,98.3466720581055,98.8146667480469,99.2638168334961
Estonia,EST,"Agriculture, forestry, and fishing, value added (% of GDP)",NV.AGR.TOTL.ZS,3.5524871000821,3.45928807770416,3.61869925607531,3.28668552534137,3.14382046697103,3.92534204177827,3.40126152586792,2.47104873277575,3.17092945309266,3.66566862923271,3.2843229052027,3.04742973666601,3.11496161660999,2.80642152865051,2.0715978609001,2.33885596628311,2.04938469969066,2.265648962634,1.93181527353408,1.94353771254558,2.44640859997873
Estonia,EST,Urban population (% of total population),SP.URB.TOTL.IN.ZS,67.4090870965661,67.4341760348669,67.467351453949,67.5080523578799,67.5557177507269,67.6097866365576,67.6696980194394,67.7348909034398,67.8048042926262,67.8775556334506,67.9629593320316,68.0923458296768,68.2668382808032,68.4796609690553,68.724038178078,68.9931941915158,69.2803532930133,69.5787397662154,69.8815778947665,70.1777274135822,70.4892333736738
Estonia,EST,"Foreign direct investment, net inflows (% of GDP)",BX.KLT.DINV.WD.GD.ZS,4.58926418891502,10.5121715393056,8.94665953048459,21.6702241581922,10.3265683442585,13.5105132723156,8.12253971916627,9.50544171137007,13.2770330129027,4.80240449251588,7.6916567949516,4.31393930629533,6.58511618123403,-3.06910519292015,3.7692325610639,6.31892721219604,4.08015832167199,9.76819364646981,12.0147752855703,20.2291128645653,4.52988372813183
Estonia,EST,Poverty headcount ratio at $3.00 a day (2021 PPP) (% of population),SI.POV.DDAY,2.9,3.6,1.6,1.1,1.1,0.6,0.6,0.8,1,1.2,1,1.1,1,0.7,0.6,0.5,0.4,0.7,0.4,0.3,0.5
Estonia,EST,GDP per capita (current US$),NY.GDP.PCAP.CD,5343.18310760735,7205.40703313243,8916.0728274602,10414.6381183565,12641.4800976473,16745.4308011148,18205.9064113446,14712.4494217916,14663.7041018705,17555.5455239426,17568.2137969714,19310.3874900757,20581.7898991695,17722.1557669523,18666.3736521706,20851.5223496861,23618.1361254581,24021.2501413306,23933.9939421065,27951.1659277744,28340.3826549406
Estonia,EST,Access to electricity (% of population),EG.ELC.ACCS.ZS,100,100,100,100,100,100,100,100,100,100,100,100,100,100,100,100,100,100,100,100,100
Eswatini,SWZ,GDP growth (annual %),NY.GDP.MKTP.KD.ZG,4.0886479398829,4.53865525672528,3.61711931922247,5.99228289096037,6.72880946564094,4.31772144872362,1.44055358727118,1.43311134247756,3.82443487429767,1.83973625916165,4.09048190124592,4.09458522119226,2.05738179246586,1.70425806017289,2.94916821059911,3.52095345987983,0.0653956557843571,6.43186888691574,-2.95183453409287,4.23621913615419,0.386070835562705
Eswatini,SWZ,"Inflation, consumer prices (annual %)",FP.CPI.TOTL.ZG,12.0197154699232,7.28999999999999,3.44533507316614,4.77400404553712,5.30463946338728,8.07608827861589,12.6574601863915,7.44823423445754,4.50923691774369,6.10742714590251,8.93964682788212,5.62130623468948,5.68134885776447,4.95124493704919,7.8472745908568,6.22137528933118,4.81506167461513,2.59801620311077,..,..,..
Eswatini,SWZ,"Life expectancy at birth, total (years)",SP.DYN.LE00.IN,45.38,44.632,43.906,43.958,44.563,45.16,45.853,46.913,48.331,49.057,50.714,52.11,53.491,54.941,56.228,57.574,58.707,59.85,59.862,58.228,63.028
Eswatini,SWZ,"Government expenditure on education, total (% of GDP)",SE.XPD.TOTL.GD.ZS,4.44086980819702,5.81677007675171,5.40160989761353,6.48462009429932,6.55475997924805,..,6.61812019348145,6.47135019302368,6.11837005615234,6.86432981491089,5.59328219778155,5.08461029694871,7.28094005584717,5.35494723006471,5.43355309210979,6.177914116856,5.73687354676617,5.69914824136892,5.32546270122803,5.28714899285221,5.57274175738511
Eswatini,SWZ,Individuals using the Internet (% of population),IT.NET.USER.ZS,1.81620380712642,2.43707385055863,3.22868507316111,3.697000027,3.69653878906882,4.1,6.85,8.94,11.04,18.13,20.78179932,24.70000076,25,25.64299965,28.56999969,35.33160019,39.38100052,43.93389893,49.01300049,53.99530029,57.34370041
Eswatini,SWZ,Current health expenditure (% of GDP),SH.XPD.CHEX.GD.ZS,5.52298307,6.37864399,6.81432486,7.37623358,7.82560062,7.93004131,8.85792923,8.63292217,8.5912571,8.46997261,7.82047606,7.45703411,7.25596571,7.05855274,6.82044792,6.98103714,7.31937742,8.40033817,7.0983777,7.40552139,7.2449131
Eswatini,SWZ,"Unemployment, total (% of total labor force) (national estimate)",SL.UEM.TOTL.NE.ZS,..,..,..,..,..,28.242,..,..,..,..,..,..,..,..,22.718,..,..,..,..,33.762,..
Eswatini,SWZ,"School enrollment, primary (% gross)",SE.PRM.ENRR,98.1205520629883,99.3593521118164,105.444831848145,108.126197814941,112.744270324707,114.515029907227,..,117.071746826172,123.160533409574,122.704797199075,122.64780160954,122.925602493288,123.990655603286,124.645792886943,123.849988082778,123.79425580389,123.906487641965,123.596847259682,..,..,117.195740765085
Eswatini,SWZ,"Agriculture, forestry, and fishing, value added (% of GDP)",NV.AGR.TOTL.ZS,10.3254630626656,10.1773781294435,7.93542577068212,9.04728048608606,9.20239622112456,8.84366174301086,8.1820020018654,7.55189409574541,8.30965206310733,7.97421442671441,8.44107107954548,8.37545690425617,8.20388205629893,7.37857520050359,5.37686940648276,8.11477800092546,7.38537092360196,7.42401138221192,7.62881465189563,7.17040128400091,7.57116956723157
Eswatini,SWZ,Urban population (% of total population),SP.URB.TOTL.IN.ZS,22.5690884303038,22.4312316968119,22.3077107838089,22.2102447619336,22.1505527018245,22.139989967508,22.1692008829856,22.2343865624794,22.3330792067471,22.4634753665393,22.6237715926065,22.8121644356992,23.026850446568,23.2660261759632,23.5278881746356,23.8052004963161,24.0579295404227,24.3459549517751,24.6652798922192,25.0156180525173,25.396682918542
Eswatini,SWZ,"Foreign direct investment, net inflows (% of GDP)",BX.KLT.DINV.WD.GD.ZS,6.66778898222294,-2.8000452332194,2.56728759984033,-1.48002383468155,3.764215946629,1.10564693422697,3.26736558419805,1.86388312281576,3.11096766561026,2.08998856482498,0.557730516305156,1.83246466722921,0.601685882709023,0.805945191942897,0.721382841978235,-1.2917821060433,0.670381040235302,2.7717218211659,0.938105324268348,2.34790226144325,0.281255609924273
Eswatini,SWZ,Poverty headcount ratio at $3.00 a day (2021 PPP) (% of population),SI.POV.DDAY,..,..,..,..,..,..,..,58.2,..,..,..,..,..,..,44.5,..,..,..,..,..,..
Eswatini,SWZ,GDP per capita (current US$),NY.GDP.PCAP.CD,1315.73634647994,2015.21743065251,2525.5640452625,2871.06877437449,2964.95865200682,3109.11097608864,2946.8606613746,3189.79679956637,3922.74039390733,4225.06049411911,4224.54789174487,3949.94310039907,3771.07228381938,3419.82276559528,3238.17611961364,3853.09956569679,3972.65450620357,3913.14577547336,3466.56936278145,3984.00229174306,3894.1620089869
Eswatini,SWZ,Access to electricity (% of population),EG.ELC.ACCS.ZS,25.9,28.7,31.4,34.2,35.2,39.8,42.6,38.6,45.6,51.2,54.3,57.5,65,64.1,63.4,73.5,74,77,80,82.9,82.3
Ethiopia,ETH,GDP growth (annual %),NY.GDP.MKTP.KD.ZG,1.51472570667433,-2.16135972256865,13.5726031401471,11.8187659491625,10.8347270679373,11.4561670019891,10.7885216870332,8.8025531990487,12.5505383347633,11.1782962297008,8.64781163513926,10.5822700502552,10.2574929627477,10.3924630141307,9.43348265981905,9.56418965754014,6.81614778557282,8.36408573111346,6.05953089248577,5.64153069324176,5.32175988485454
Ethiopia,ETH,"Inflation, consumer prices (annual %)",FP.CPI.TOTL.ZG,0.675089102170801,13.6740452028272,3.32737047894847,9.96997123512892,12.2994763114825,17.2404008340898,44.3566858766952,8.48364404530282,8.14926402965082,33.2499598823344,23.600417677317,7.46402192944517,6.89001951597192,9.56889955968623,6.62813337230924,10.6871150284238,13.8330356586661,15.8096321719344,20.3563468559061,26.8395221557722,33.8898797100898
Ethiopia,ETH,"Life expectancy at birth, total (years)",SP.DYN.LE00.IN,52.085,52.877,53.735,54.364,55.402,56.566,57.733,58.715,59.709,60.595,61.443,62.161,62.927,63.592,64.162,64.766,65.257,65.741,65.969,65.33,66.897
Ethiopia,ETH,"Government expenditure on education, total (% of GDP)",SE.XPD.TOTL.GD.ZS,3.63245010375977,..,..,..,5.49094009399414,5.45110988616943,5.40819978713989,4.42207002639771,4.49659013748169,5.4857702255249,5.56677007675171,4.4985499382019,4.60201978683472,4.73791868878759,5.06151399998447,5.49905076025271,5.22011189522399,4.48086946127054,4.0905654220699,4.06524874309096,3.73649512188829
Ethiopia,ETH,Individuals using the Internet (% of population),IT.NET.USER.ZS,0.0724022618698295,0.105811658802603,0.155334520794722,0.219659818999505,0.310592656856176,0.37,0.449999988,0.540000021,0.75,1.100000024,2.900000095,4.599999905,7.699999809,13.8551755555556,15.3669238595896,15.62440014,15.88619995,15.98460007,16.06959915,16.6981031,17.9836998
Ethiopia,ETH,Current health expenditure (% of GDP),SH.XPD.CHEX.GD.ZS,4.7126298,4.89970922,4.31281853,4.10098124,4.45757294,5.00128317,4.28063869,4.6496563,5.46637249,4.46897745,4.5395956,4.07506514,4.03365517,3.82316828,3.60033751,3.45336914,3.30371761,3.24287128,3.48096275,3.20779967,2.85298109
Ethiopia,ETH,"Unemployment, total (% of total labor force) (national estimate)",SL.UEM.TOTL.NE.ZS,..,..,..,2.497,..,..,..,..,..,..,..,2.251,..,..,..,..,..,..,..,3.935,..
Ethiopia,ETH,"School enrollment, primary (% gross)",SE.PRM.ENRR,59.6043586730957,60.7021408081055,63.5657081604004,74.5096893310547,79.2329330444336,85.4697265625,91.4530181884766,90.3419418334961,88.511037030714,90.6282577514648,89.9253221073517,..,93.1145890062913,94.0857534729235,..,101.223991472845,..,..,112.6701710274,101.338920969252,84.6317733971345
Ethiopia,ETH,"Agriculture, forestry, and fishing, value added (% of GDP)",NV.AGR.TOTL.ZS,38.6923716914638,37.2850554139561,38.6797549469264,41.1744985607337,42.5241701226393,42.2650121920913,45.1845583729593,45.8826942649105,41.4468200699758,41.2499638574537,44.3309427521463,41.2395055340925,38.5204496889284,36.0569753905786,34.6969564523634,33.7792813400479,31.218806650139,33.6333246910556,35.5582700358115,37.5791137563489,37.6422268391462
Ethiopia,ETH,Urban population (% of total population),SP.URB.TOTL.IN.ZS,15.333233833313,15.5438537597656,15.7585906982422,15.982967376709,16.2148475646973,16.0948330261902,16.7936706542969,17.1511001586914,17.4937839508057,17.863790512085,18.2061367034912,18.615514755249,19.0262870788574,19.451566696167,19.8763618469238,20.3084850311279,20.7838096618652,21.2486705780029,21.6260051727295,22.1067085266113,22.7367687225342
Ethiopia,ETH,"Foreign direct investment, net inflows (% of GDP)",BX.KLT.DINV.WD.GD.ZS,3.2480726995032,5.39212251252315,5.38041579859625,2.13780093729558,3.5682352741624,1.12647092519686,0.400997134132688,0.682729366934427,0.963030625359937,1.96735663905254,0.643172898229037,2.82040845857162,3.33569111068815,4.22926466080082,6.0502150951561,5.26039764214773,4.03228222144798,2.77536541538477,2.4279259279615,3.90520609775086,2.98033315911234
Ethiopia,ETH,Poverty headcount ratio at $3.00 a day (2021 PPP) (% of population),SI.POV.DDAY,..,..,41.3,..,..,..,..,..,37.4,..,..,..,..,33,..,..,..,..,..,38.6,..
Ethiopia,ETH,GDP per capita (current US$),NY.GDP.PCAP.CD,109.593813612988,116.800491132777,133.169812538096,158.243458082465,189.345737521418,237.146255996319,316.410475118075,368.574712267445,330.619412798644,343.024942351887,452.101031885754,484.039833104062,549.986577082588,597.912113218663,641.651523286233,696.348429076216,739.702022272086,793.473247218996,829.790982552951,893.009835441784,982.103161502198
Ethiopia,ETH,Access to electricity (% of population),EG.ELC.ACCS.ZS,11.9,13.5,15.2,14,18.6,20.3,22,23.7,25.5,23,29,30.8,27.2,29,42.9,44.3,44.8,48,51.1,54.2,55
Faroe Islands,FRO,GDP growth (annual %),NY.GDP.MKTP.KD.ZG,..,..,..,..,..,..,..,-4.55329824103478,-0.379817991218616,3.56636317884431,7.08148344487884,5.85614389735763,5.43214206841004,0.958001934486234,1.38644795938293,3.51201367488443,2.76370952267429,4.53851028676189,-1.63732118017028,5.06636291600633,3.86099981669155
Faroe Islands,FRO,"Inflation, consumer prices (annual %)",FP.CPI.TOTL.ZG,..,..,..,..,..,..,..,..,..,..,..,..,..,..,..,..,..,..,..,..,..
Faroe Islands,FRO,"Life expectancy at birth, total (years)",SP.DYN.LE00.IN,78.7876585365854,78.9848073170732,79.2049804878049,79.4453463414634,79.6898609756098,79.9238243902439,80.1460804878049,80.3695317073171,80.604956097561,80.8518097560976,81.1060951219512,81.356643902439,81.5912048780488,81.7995975609756,81.962112195122,82.1062926829268,82.2486024390244,82.3912829268293,82.5341926829268,82.6763219512195,82.8162292682927
Faroe Islands,FRO,"Government expenditure on education, total (% of GDP)",SE.XPD.TOTL.GD.ZS,..,..,..,..,..,..,..,..,..,..,..,..,..,..,..,..,..,..,..,..,..
Faroe Islands,FRO,Individuals using the Internet (% of population),IT.NET.USER.ZS,53.2992218313613,58.9126409695337,66.5335994677312,67.9026317413939,69.359445124439,75.98,75.57,75.18,75.2,80.7321728,85.3351892392109,90,93.3,94.2,95.1086816720257,97.5819589384468,..,..,..,..,..
Faroe Islands,FRO,Current health expenditure (% of GDP),SH.XPD.CHEX.GD.ZS,..,..,..,..,..,..,..,..,..,..,..,..,..,..,..,..,..,..,..,..,..
Faroe Islands,FRO,"Unemployment, total (% of total labor force) (national estimate)",SL.UEM.TOTL.NE.ZS,..,3.846,3.704,3.461,1.802,1.727,2.359,3.938,6.386,5.29,3.026,4.034,..,..,..,..,..,..,..,..,..
Faroe Islands,FRO,"School enrollment, primary (% gross)",SE.PRM.ENRR,..,..,..,..,..,..,..,..,..,..,..,..,..,..,..,..,..,..,..,..,..
Faroe Islands,FRO,"Agriculture, forestry, and fishing, value added (% of GDP)",NV.AGR.TOTL.ZS,15.4433020414245,12.0059023882437,11.8782177834553,11.5436368805079,13.7781593005909,12.385238241092,9.51731961524221,10.0025185028719,14.8137133793903,14.4254642225295,12.2216295031829,14.8016017473608,14.9925404162692,15.6643760466594,19.4105036381493,17.9788585658383,16.3200031785764,17.0514062234626,13.7184823893818,14.2148369483437,18.7358298803846
Faroe Islands,FRO,Urban population (% of total population),SP.URB.TOTL.IN.ZS,35.9365425109863,36.1276473999023,36.317985534668,36.3320579528809,36.4584197998047,36.2929878234863,36.4679222106934,36.8888092041016,37.2536926269531,37.2975959777832,37.3244972229004,37.7414817810059,37.9093894958496,38.1431503295898,38.3200225830078,38.3324699401855,38.4058837890625,38.3945655822754,38.6689987182617,38.8083763122559,38.9959824546757
Faroe Islands,FRO,"Foreign direct investment, net inflows (% of GDP)",BX.KLT.DINV.WD.GD.ZS,..,..,..,..,..,..,..,..,..,..,..,..,..,..,..,..,..,..,..,..,..
Faroe Islands,FRO,Poverty headcount ratio at $3.00 a day (2021 PPP) (% of population),SI.POV.DDAY,..,..,..,..,..,..,..,..,..,..,..,..,..,..,..,..,..,..,..,..,..
Faroe Islands,FRO,GDP per capita (current US$),NY.GDP.PCAP.CD,26937.6505602847,31269.6031997217,35647.5440400531,36389.081644098,41743.6812847661,48348.7393711011,51287.8911081663,47060.1592550833,47924.1364756678,51620.0541648551,50263.0024625867,55759.364098362,60173.3057854661,52638.2668218454,56876.4302363804,59388.5365965776,62525.2647698273,63070.7228080361,62247.9273907098,69421.6981686515,67069.3987440509
Faroe Islands,FRO,Access to electricity (% of population),EG.ELC.ACCS.ZS,100,100,100,100,100,100,100,100,100,100,100,100,100,100,100,100,100,100,100,100,100
Fiji,FJI,GDP growth (annual %),NY.GDP.MKTP.KD.ZG,3.19999861722759,0.999998995078172,5.30000086613597,0.699999592969263,1.85248357237371,-0.8506533546566,1.03279368777636,-1.38603752085589,2.95467268842502,2.70514231228027,1.41131415220703,4.7342203729816,5.60351397766961,4.50120064471365,2.44565202449249,5.35336434979577,3.812350939512,-0.581946590349759,-17.1835352599354,-4.3459619989752,17.7451269773594
Fiji,FJI,"Inflation, consumer prices (annual %)",FP.CPI.TOTL.ZG,0.762032085561206,4.17274777763034,2.82748519391201,2.36576453830434,2.49083638787079,4.80370641306989,7.73227857918422,3.13103559015967,3.68901229670761,7.278117827085,3.42337523401979,2.91354193603992,0.519306474579107,1.37488542621447,3.86322538221278,3.34757834757831,4.08147637644543,1.79388647514555,-1.70014167847318,1.53454853751592,6.07882431529725
Fiji,FJI,"Life expectancy at birth, total (years)",SP.DYN.LE00.IN,65.492,65.653,65.841,65.983,66.126,66.161,66.32,66.347,66.778,66.88,65.812,66.545,66.581,66.48,66.657,67.06,66.965,67.009,66.924,64.904,67.148
Fiji,FJI,"Government expenditure on education, total (% of GDP)",SE.XPD.TOTL.GD.ZS,6.27586984634399,..,6.20915985107422,5.16705989837646,5.6553201675415,5.89472007751465,4.25357007980347,4.49847984313965,..,4.17305994033813,4.46150592221937,3.88288998603821,3.76960923580896,4.80931781024695,4.83590249175322,4.65119160575452,4.79706049383602,5.15273175975853,5.80519512902055,4.8526862712935,3.93839539074194
Fiji,FJI,Individuals using the Internet (% of population),IT.NET.USER.ZS,6.15264970011985,6.72543473821551,7.4129434854202,8.45363663371359,9.6000384001536,10.89780045,13,17,20,28,33.74240112,35.20000076,37.40000153,42.5,49.41999817,53.6473999,58.2364006,63.21789932,68.62560272,70.56800079,72.56549835
Fiji,FJI,Current health expenditure (% of GDP),SH.XPD.CHEX.GD.ZS,2.98349524,2.97298193,3.25768542,3.25656676,3.34798193,3.41514993,3.18467116,3.53587627,3.41664124,3.14293504,3.2655499,3.20040679,3.36860466,3.32468939,3.27979708,3.18689561,4.10572624,4.28229284,5.28987408,7.06084681,4.01752949
Fiji,FJI,"Unemployment, total (% of total labor force) (national estimate)",SL.UEM.TOTL.NE.ZS,..,8.222,4.7,3.886,..,8.75,8.938,8.717,8.914,4.406,8.997,8.957,6.165,..,4.319,..,..,..,..,..,..
Fiji,FJI,"School enrollment, primary (% gross)",SE.PRM.ENRR,100.668678283691,100.217338562012,100.840873718262,..,98.807487487793,93.939826965332,93.6200714111328,93.1077728271484,..,94.1014862060547,95.1824417114258,96.6247792169561,96.8942906526928,99.3576818152788,100.256688986124,102.960840496657,106.223152022315,114.912590026855,112.553329467773,114.93183377296,112.260294588848
Fiji,FJI,"Agriculture, forestry, and fishing, value added (% of GDP)",NV.AGR.TOTL.ZS,13.3109099072134,12.5143538475649,12.349896656794,12.0743313492063,12.3726571154966,11.8829102406206,10.6974950619792,10.0884444017423,9.38189737562413,9.21771557173261,9.67577870713452,10.1131069949223,8.0985227018506,7.8716240846939,10.6643336396929,10.5318273601847,10.9065639753696,12.4005161469113,15.6918345311972,17.2536724147942,14.1928948833304
Fiji,FJI,Urban population (% of total population),SP.URB.TOTL.IN.ZS,48.7795139144731,49.1260494882891,49.4772922157817,49.8421361321385,50.2294752725468,50.6494569776975,51.0979752573339,51.5628013169579,52.0415147785104,52.5335449475105,53.0383211294771,53.5552726299291,54.0838287543856,54.6234188083653,55.1734720973874,55.7408343449609,56.2328347385698,56.70989552257,57.186684691874,57.6618364761928,58.1352701465266
Fiji,FJI,"Foreign direct investment, net inflows (% of GDP)",BX.KLT.DINV.WD.GD.ZS,1.67309841241214,1.75225501277583,9.25370794256615,5.80296958864135,18.9830079707872,13.7414773077002,19.2785877551773,10.7423905992561,5.67141021084985,5.74582849158733,6.9816643965711,5.81824859099488,7.77972455296746,4.38599233241205,7.94325933214602,7.24021289135771,8.40038118168196,6.02971795135456,5.66217121930221,9.85590435372296,2.08084502833913
Fiji,FJI,Poverty headcount ratio at $3.00 a day (2021 PPP) (% of population),SI.POV.DDAY,5.4,..,..,..,..,..,3.8,..,..,..,..,1.6,..,..,..,..,..,4.7,..,..,..
Fiji,FJI,GDP per capita (current US$),NY.GDP.PCAP.CD,2136.56794118683,2655.58079586044,3097.19096651759,3377.69126953493,3455.10599907349,3762.74692789299,3899.92231512129,3164.13275408169,3449.14452883369,4139.60288609702,4341.40338748749,4572.44377544245,5293.35676680464,5097.53106864695,5363.79026679243,5826.84814459328,6085.41979485376,5842.07344577597,4620.6457238014,4536.73312110335,5414.12092119088
Fiji,FJI,Access to electricity (% of population),EG.ELC.ACCS.ZS,79.6,80,80.6,81.6,82.6,88.9,86.2,85.6,92.4,92.5,92.6,91.8,93,93.2,93.4,96,95.1,96.1,97.1,92.1,92
Finland,FIN,GDP growth (annual %),NY.GDP.MKTP.KD.ZG,1.68732644358099,2.01179992738312,4.00537952277651,2.77730918518017,4.01957326515895,5.31280176694145,0.784431235717051,-8.07603116552393,3.1682879121621,2.39039455396828,-1.52284013040689,-0.979741024949618,-0.4780684247837,0.466503766322674,2.57193414898754,3.30337003591039,1.19297759742292,1.34973845741737,-2.49103605535707,2.67634641498897,0.763041912763526
Finland,FIN,"Inflation, consumer prices (annual %)",FP.CPI.TOTL.ZG,1.5712201278938,0.877440386254729,0.187120559084474,0.623874450025224,1.56666380704379,2.5106656524034,4.06595355358383,-9.17360424903996E-07,1.18413523154651,3.4168075425521,2.80833622561574,1.4782861568881,1.0411962117843,-0.207928839905177,0.356684500891695,0.754015047084438,1.08382098409296,1.02409392963431,0.290554555653239,2.19457432339998,7.12350773301412
Finland,FIN,"Life expectancy at birth, total (years)",SP.DYN.LE00.IN,78.119512195122,78.3682926829268,78.7146341463415,78.8170731707317,79.2146341463415,79.2634146341464,79.5682926829268,79.719512195122,79.8707317073171,80.4707317073171,80.6268292682927,80.9756097560976,81.1804878048781,81.4804878048781,81.4292682926829,81.6317073170732,81.7341463414634,81.9829268292683,81.9317073170732,81.8853658536585,81.1878048780488
Finland,FIN,"Government expenditure on education, total (% of GDP)",SE.XPD.TOTL.GD.ZS,6.01865005493164,6.168869972229,6.15823984146118,6.02582979202271,5.92960977554321,5.67164993286133,5.83046007156372,6.45998001098633,6.504310131073,6.45624017715454,7.1715497970581,7.15288019180298,7.13832998275757,7.07199001312256,6.90873003005981,6.40826988220215,6.31771993637085,6.45300006866455,6.6812801361084,6.58820009231567,6.37578010559082
Finland,FIN,Individuals using the Internet (% of population),IT.NET.USER.ZS,62.43,69.22,72.39,74.48,79.66,80.78,83.67,82.49,86.89,88.70999491353,89.879997974222,91.5144,86.5303927529377,86.4221333325445,87.7036499599455,87.4689290730615,88.8899599985585,89.6073851129779,92.17027106,92.80806082,92.98879471
Finland,FIN,Current health expenditure (% of GDP),SH.XPD.CHEX.GD.ZS,7.63005877,7.93988276,8.05999184,8.28901291,8.2858429,8.08415604,8.34362221,9.16182804,9.14183331,9.23903561,9.61732101,9.84504986,9.83066177,9.69998264,9.45625591,9.19148445,9.10587025,9.22295189,9.69977188,9.90969753,9.74152565
Finland,FIN,"Unemployment, total (% of total labor force) (national estimate)",SL.UEM.TOTL.NE.ZS,10.423,10.469,10.358,9.602,8.935,6.854,6.369,8.249,8.394,7.781,7.689,8.193,8.663,9.376,8.818,8.64,7.361,6.695,7.759,7.617,6.719
Finland,FIN,"School enrollment, primary (% gross)",SE.PRM.ENRR,99.6447677612305,99.689567565918,99.7934265136719,99.7841110229492,99.7659530639648,99.6621475219727,99.7198715209961,99.664192199707,99.6880569458008,99.7851867675781,99.7071228027344,99.6918487548828,99.6617202758789,99.5672302246094,99.5080413818359,99.4682083129883,99.7032012939453,99.5557479858398,99.8175811767578,99.353630065918,98.6190185546875
Finland,FIN,"Agriculture, forestry, and fishing, value added (% of GDP)",NV.AGR.TOTL.ZS,2.67313392616545,2.53635129256364,2.37997744754033,2.27855173502727,2.00160822857672,2.38053234540974,2.20537134561628,2.25383112774094,2.36676641136983,2.25898661809719,2.18836399205502,2.21182621856833,2.21758033567317,2.06049706934612,2.08977502932082,2.06803556647353,2.11422780880102,2.18977184111891,2.24039393029227,2.15907446415076,2.24134367895993
Finland,FIN,Urban population (% of total population),SP.URB.TOTL.IN.ZS,67.7951641569199,68.0425549126858,68.2766596767133,68.5140529517604,68.7588279849327,69.0200377316963,69.2943672196361,69.546259966947,69.7855798796947,70.0583261874252,70.3661363168712,70.6742118159277,70.9879168940753,71.3054930040604,71.6158383428171,71.9563038312956,72.3423467740343,72.7431214358314,73.0849439791673,73.3710215780329,73.6967597835949
Finland,FIN,"Foreign direct investment, net inflows (% of GDP)",BX.KLT.DINV.WD.GD.ZS,5.76697056308707,3.47606211936874,3.43216639798219,5.30500837470056,2.1374386449528,8.57406338234925,6.7927004343529,-3.48204515637954,4.89959763196754,-2.18405747554129,1.91512248449208,-1.83489440736896,6.41537482088507,7.53800542922806,2.18951964860612,6.66136555422276,-3.84456657280518,6.09707710249334,-0.939114055968044,8.01406291677223,4.66691154081507
Finland,FIN,Poverty headcount ratio at $3.00 a day (2021 PPP) (% of population),SI.POV.DDAY,..,0,0,0.1,0.1,0.1,0.1,0.1,0.1,0.1,0.1,0.1,0.1,0.1,0,0.1,0.1,0,0,0,0.1
Finland,FIN,GDP per capita (current US$),NY.GDP.PCAP.CD,26989.389260959,32920.0857192568,37768.1334202029,39049.8703780223,41214.0187765069,48473.0240091455,53769.4726240385,47478.3495310999,46506.2919016566,51060.3242589767,47551.6740841369,49691.0145200739,50073.7760815871,42560.3456767103,43451.2562442158,46085.0174739036,49654.2497035329,48358.1807773701,48828.6846862799,53099.1351400148,50440.560224974
Finland,FIN,Access to electricity (% of population),EG.ELC.ACCS.ZS,100,100,100,100,100,100,100,100,100,100,100,100,100,100,100,100,100,100,100,100,100
France,FRA,GDP growth (annual %),NY.GDP.MKTP.KD.ZG,1.06775027069419,0.967827182558352,2.86825052501032,1.88856584109286,2.71406448755236,2.53048188351066,0.380171435849121,-2.82455153714783,2.00032476039051,2.43757653729007,0.183835264973013,0.781756446231,0.997832947295251,1.06675474783462,0.860031075424033,2.08361485997399,1.64590872395887,2.02744646419237,-7.44064589948231,6.88233783360239,2.71676264185913
France,FRA,"Inflation, consumer prices (annual %)",FP.CPI.TOTL.ZG,1.92341228727064,2.09847219146919,2.14208964640239,1.74586936380487,1.67512449608726,1.4879980595386,2.81286194914785,0.0876204781574653,1.53112270420919,2.11159795175,1.9541953161351,0.863715497861804,0.50775882293799,0.0375143805125182,0.183334861123765,1.03228275064681,1.85081508315493,1.10825492288294,0.476498852725065,1.64233141038394,5.22236748369725
France,FRA,"Life expectancy at birth, total (years)",SP.DYN.LE00.IN,79.2609756097561,79.1146341463415,80.1634146341463,80.1634146341463,80.8121951219512,81.1121951219512,81.2146341463415,81.4146341463415,81.6634146341463,82.1146341463415,81.9682926829268,82.219512195122,82.719512195122,82.3219512195122,82.5731707317073,82.5756097560976,82.6756097560976,82.8268292682927,82.1756097560976,82.3243902439024,82.1292682926829
France,FRA,"Government expenditure on education, total (% of GDP)",SE.XPD.TOTL.GD.ZS,..,..,..,..,..,..,..,..,..,..,..,..,..,..,..,5.46482992172241,5.42540979385376,5.36638021469116,5.65871000289917,5.41743993759155,5.32434988021851
France,FRA,Individuals using the Internet (% of population),IT.NET.USER.ZS,30.18,36.14,39.15,42.87,46.87,66.09,70.68,71.58,77.28,77.8199989926706,81.44,81.9198,83.7510996681821,78.0060377071902,79.2698113207547,80.5024597243607,82.0431867788484,83.3397440866883,84.70639801,86.09548575,85.33331734
France,FRA,Current health expenditure (% of GDP),SH.XPD.CHEX.GD.ZS,10.08250141,10.13474941,10.2117033,10.23720551,10.39764977,10.33418846,10.51340675,11.29095459,11.22430801,11.17601013,11.33749485,11.37891197,11.57935429,11.50032997,11.57036018,11.44944572,11.30847645,11.17058277,12.12949371,12.24894238,11.82888794
France,FRA,"Unemployment, total (% of total labor force) (national estimate)",SL.UEM.TOTL.NE.ZS,8.702,8.306,8.914,8.882,8.832,8.008,7.386,9.122,9.279,9.228,9.841,9.913,10.273,10.354,10.057,9.409,9.018,8.415,8.009,7.871,7.303
France,FRA,"School enrollment, primary (% gross)",SE.PRM.ENRR,100.249298095703,99.9754486083984,99.8111801147461,104.636489868164,104.278846740723,103.85977935791,103.622146606445,103.041137695312,102.761512756348,102.691101074219,102.523162841797,102.276443481445,101.280349731445,101.989639282227,102.260429382324,102.417221069336,102.464408874512,102.447647094727,102.651626586914,102.580406188965,102.709487915039
France,FRA,"Agriculture, forestry, and fishing, value added (% of GDP)",NV.AGR.TOTL.ZS,1.90378389721189,1.74560664256609,1.72018557547967,1.58270403235962,1.42706409375236,1.516727357675,1.42030674677991,1.23241577481447,1.50088040274637,1.55137276231397,1.52594468949115,1.36140137870511,1.46154600121993,1.50360116027898,1.33798472564444,1.43496006533197,1.53110170543578,1.40828485472535,1.4604342657704,1.46334541457898,1.72017137018833
France,FRA,Urban population (% of total population),SP.URB.TOTL.IN.ZS,77.2543866607525,77.4691216035138,77.4900500011961,77.4363315105438,77.3467240068648,77.2457976606157,77.1561901569367,77.1005391809676,77.0962844808803,77.1182717387509,77.1669464919916,77.2440721470918,77.3524296788613,77.7610919150066,78.5999114705779,78.6467804026368,78.6714432536599,78.6890784549356,78.7119131765249,78.7364603392338,78.7591921123356
France,FRA,"Foreign direct investment, net inflows (% of GDP)",BX.KLT.DINV.WD.GD.ZS,3.45413596292302,2.30782482603352,1.68777447237363,3.8837306583925,3.40646118259263,3.15449449926763,2.32326700027606,0.682311492843145,1.46961673029144,1.54005293306163,1.22790071519382,1.18823404938295,0.176974174772525,1.76596182973896,1.44200321416196,1.68928072199317,2.78594184568695,1.96486943301562,0.731471704018579,3.30405312221271,4.0180319137717
France,FRA,Poverty headcount ratio at $3.00 a day (2021 PPP) (% of population),SI.POV.DDAY,0.1,0.2,0.1,0.1,0,0,0,0.1,0.1,0,0.1,0.1,0,0.1,0.1,0,0,0.1,0.1,0.1,0.1
France,FRA,GDP per capita (current US$),NY.GDP.PCAP.CD,24144.5727019529,29479.5222101175,33644.9282220364,34696.3718316971,36431.5658906555,41486.1907828787,45464.8181385158,41728.0884164132,40694.8211697025,43929.7840873812,40863.5814412333,42669.1795111893,43148.0459288416,36702.4323733379,37024.2157133669,38687.1626407164,41418.1766484844,40408.2848574751,39169.8606000707,43725.0999521245,40988.6396406579
France,FRA,Access to electricity (% of population),EG.ELC.ACCS.ZS,100,100,100,100,100,100,100,100,100,100,100,100,100,100,100,100,100,100,100,100,100
French Polynesia,PYF,GDP growth (annual %),NY.GDP.MKTP.KD.ZG,0.846181482808589,2.1269288487261,0.971259129987544,0.309973476180005,0.889584117597607,1.70497563803002,0.00676755066312751,-4.23139183069446,-2.4660641898174,-2.96195745427229,-0.927537712532072,0.398801414346934,0.593554452942286,1.80334081452726,2.30219823670438,4.29263363103487,1.80687498305207,2.68946658143334,-10.5738138632489,3.36590242421546,2.9373470716322
French Polynesia,PYF,"Inflation, consumer prices (annual %)",FP.CPI.TOTL.ZG,..,..,..,..,..,..,..,..,..,..,..,..,..,..,..,..,..,..,..,..,..
French Polynesia,PYF,"Life expectancy at birth, total (years)",SP.DYN.LE00.IN,79.544,79.71,79.829,79.951,80.1,80.328,80.587,80.867,81.141,81.434,81.695,81.935,82.151,82.339,82.555,82.774,82.985,83.195,82.459,79.571,83.859
French Polynesia,PYF,"Government expenditure on education, total (% of GDP)",SE.XPD.TOTL.GD.ZS,..,..,..,..,..,..,..,..,..,..,..,..,..,..,..,..,..,..,..,..,..
French Polynesia,PYF,Individuals using the Internet (% of population),IT.NET.USER.ZS,8.20021648571522,14.1242937853107,17.8845374263753,21.5421854743002,25.1079642462589,28.59,33.87,44.6,49,49,52.8766305867993,56.8,60.68,64.560209747212,68.440419493378,72.7038953132942,..,..,..,..,..
French Polynesia,PYF,Current health expenditure (% of GDP),SH.XPD.CHEX.GD.ZS,..,..,..,..,..,..,..,..,..,..,..,..,..,..,..,..,..,..,..,..,..
French Polynesia,PYF,"Unemployment, total (% of total labor force) (national estimate)",SL.UEM.TOTL.NE.ZS,11.714,..,..,..,..,11.738,..,..,..,..,21.787,..,..,..,..,..,..,..,..,..,..
French Polynesia,PYF,"School enrollment, primary (% gross)",SE.PRM.ENRR,..,..,..,..,..,..,..,..,..,..,..,..,..,..,..,..,..,..,..,..,..
French Polynesia,PYF,"Agriculture, forestry, and fishing, value added (% of GDP)",NV.AGR.TOTL.ZS,..,..,..,3.05963576025818,2.94803658150196,2.55076680608596,2.26578407008733,2.30302105096859,2.26967001717539,2.4923805279951,2.63770555361179,3.02217318220315,3.17771114316168,3.22845890100068,3.21708081765994,3.0564999715999,2.85240041681856,2.25047826168236,2.21570108763617,..,..
French Polynesia,PYF,Urban population (% of total population),SP.URB.TOTL.IN.ZS,55.8631794440685,55.9283550220738,56.2729949941787,56.8472850820701,57.5825834325129,58.4102481922721,59.2616375081129,60.0681095268001,60.7610223950988,61.2717342597741,61.5286539604592,61.6130486661995,61.6824807401268,61.7374742154907,61.7744381369651,61.7896941062846,61.7888025236875,61.7824142427508,61.7673100921,61.7399813226008,61.6913806937112
French Polynesia,PYF,"Foreign direct investment, net inflows (% of GDP)",BX.KLT.DINV.WD.GD.ZS,0.275657450690165,1.18132772419036,0.11538274817529,0.137052859567267,0.521428395296917,0.878420113685228,0.194543891308964,0.331741593749197,1.05647287708659,2.15733093027309,2.58568836654249,1.64472839380472,1.00664512234416,0.488319553216919,1.11959443206211,1.54351459172254,0.0967844740802214,0.21140096510623,-0.279061107774017,-0.427435261380748,-0.168607958150952
French Polynesia,PYF,Poverty headcount ratio at $3.00 a day (2021 PPP) (% of population),SI.POV.DDAY,..,..,..,..,..,..,..,..,..,..,..,..,..,..,..,..,..,..,..,..,..
French Polynesia,PYF,GDP per capita (current US$),NY.GDP.PCAP.CD,16004.0583292112,19582.8936395312,21764.2203208782,21984.1936230719,22330.8676659055,24888.1781337361,26592.0262835732,24434.2197555208,22494.806706186,22831.5185348524,20846.5457478364,21955.6329264095,22258.6321384251,19166.9594761931,19690.0775734589,20826.9312492172,21925.616043938,21582.5892046801,19966.4838503859,21426.3854449835,20053.9569369322
French Polynesia,PYF,Access to electricity (% of population),EG.ELC.ACCS.ZS,100,100,100,100,100,100,100,100,100,100,100,100,100,100,100,100,100,100,100,100,100
Gabon,GAB,GDP growth (annual %),NY.GDP.MKTP.KD.ZG,-0.249033168543434,2.2473300115045,0.689543058464849,2.67620333310926,-2.80657835569052,6.00810802487668,-3.30843064878751,0.130331119816617,7.08988731455126,7.09175334258654,5.25107691750407,5.63869900338696,4.31496444107469,3.8788993950789,2.09144220829562,0.472642030911146,0.83791658082157,3.92080879452831,-1.8377610635094,1.46795731508091,3.03761449525692
Gabon,GAB,"Inflation, consumer prices (annual %)",FP.CPI.TOTL.ZG,0.0366828893971394,2.23535313551536,0.40820530743925,3.70833333333304,-1.4094013660098,5.03031883679951,5.26430145575285,1.88570754577918,1.46154402720469,1.26331707837421,2.65241828695626,0.505441058915615,4.69045751826284,-0.338795188753406,2.10670712784054,2.65192583143902,4.74906652083221,2.46456756151187,1.35276110675333,1.0869074651941,4.23124798274579
Gabon,GAB,"Life expectancy at birth, total (years)",SP.DYN.LE00.IN,62.175,62.463,62.694,62.978,63.259,63.619,64.011,64.361,64.715,65.102,65.438,65.751,66.07,66.336,66.583,66.816,67.043,67.337,67.073,67.072,67.713
Gabon,GAB,"Government expenditure on education, total (% of GDP)",SE.XPD.TOTL.GD.ZS,..,..,..,..,..,..,..,..,3.07808995246887,2.987459897995,3.01340007781982,3.02971005439758,2.66667008399963,2.82435985823512,2.66773089670199,3.55570801059931,3.071542956299,2.87430983233369,3.39874087928788,2.7007928993976,2.20773650357931
Gabon,GAB,Individuals using the Internet (% of population),IT.NET.USER.ZS,1.93953010616212,2.65958659385985,2.97906980035019,4.89326474972412,5.48920080280135,5.767000198,7.5,9.5,13,18,24,30.53800011,38.07120132,45.78450012,48.0522995,51.60490036,55.42020035,59.51760101,63.91790009,65.76809692,67.67169952
Gabon,GAB,Current health expenditure (% of GDP),SH.XPD.CHEX.GD.ZS,3.32970691,3.53648472,3.36498594,2.92175174,3.14623928,3.0834198,2.84760666,3.78076673,2.47556901,2.55771565,2.42097569,2.84087205,2.53282261,2.65743947,3.1076982,2.78068876,2.75235105,2.76837039,3.4401269,2.79254127,2.89087176
Gabon,GAB,"Unemployment, total (% of total labor force) (national estimate)",SL.UEM.TOTL.NE.ZS,..,..,..,16.976,..,..,..,..,20.39,..,..,..,..,..,..,..,..,..,..,..,..
Gabon,GAB,"School enrollment, primary (% gross)",SE.PRM.ENRR,135.686462402344,133.139846801758,..,..,..,..,..,..,..,129.775996342797,..,..,..,..,..,..,..,100.171603677222,..,..,..
Gabon,GAB,"Agriculture, forestry, and fishing, value added (% of GDP)",NV.AGR.TOTL.ZS,5.74386163895503,6.00402093513223,5.46729104251047,4.98463861102881,4.91120031463828,4.95783080287957,4.22984203194841,5.04416979273101,3.91445441728357,3.43228977977158,3.35369777676334,3.32908065074657,3.62120476996243,4.31162904410146,4.97313690987068,5.2657648440765,5.43595280305822,5.5544308701413,6.61619761297697,6.76982280995704,6.50616941615975
Gabon,GAB,Urban population (% of total population),SP.URB.TOTL.IN.ZS,81.2205241874174,81.9970830091574,82.7355438220611,83.4326746392243,84.0852434737431,84.6900183387136,85.2437672472316,85.7432582123932,86.1852592472945,86.5665383650315,86.8838635787001,87.1482480671637,87.6236017962969,88.085308383892,88.5445883406178,89.0009733256896,89.4539949981866,89.9031850170394,90.3480750410147,90.7881967286967,91.2243355459988
Gabon,GAB,"Foreign direct investment, net inflows (% of GDP)",BX.KLT.DINV.WD.GD.ZS,0.0217546424549428,1.53052262034086,4.04069424179394,3.40362339596918,2.59310046782659,5.25722235465119,4.45376516954727,5.24757097949021,3.64540417621404,6.16978545780463,3.94472371225415,1.84153865698512,6.93864724297156,0.289976985604188,8.86815381799839,8.80157025688894,8.17598940777917,9.20409837955739,11.1881442291207,7.86436710821205,5.40389729404727
Gabon,GAB,Poverty headcount ratio at $3.00 a day (2021 PPP) (% of population),SI.POV.DDAY,..,..,..,9.2,..,..,..,..,..,..,..,..,..,..,..,3.8,..,..,..,..,..
Gabon,GAB,GDP per capita (current US$),NY.GDP.PCAP.CD,3966.48001864663,4710.74862768151,5465.79193590708,6547.87613955186,6847.00985685394,8003.54289696049,9688.64519690633,7290.57526093114,8356.74662013345,10219.1139339454,9296.96587941088,9197.70106323947,9201.36276648105,7047.12654634355,6677.07003901644,6921.73373135624,7624.2775233771,7441.1786472281,6605.80346077904,8181.40914134398,8409.20741452279
Gabon,GAB,Access to electricity (% of population),EG.ELC.ACCS.ZS,77.8,78.5,79.2,81.6,80.5,81.3,82,82.7,89.3,88.7,89.3,86.4,87.1,87.3,88.1,86.3,89.6,90.3,91.1,91.8,93.5
"Gambia, The",GMB,GDP growth (annual %),NY.GDP.MKTP.KD.ZG,-3.25000014970206,6.86999962173842,7.05000000064635,-2.35172936176019,-0.555580977246521,3.04324950829739,6.25590553394287,6.6657243078367,5.90833580968288,-8.13044422315659,5.24156924630741,2.872768790327,-1.40738249510954,4.0580738039996,1.94335965478776,4.8226112492757,7.23489033258579,6.22205315994859,0.591487287873974,5.25596878816744,5.49299823010114
"Gambia, The",GMB,"Inflation, consumer prices (annual %)",FP.CPI.TOTL.ZG,8.60912474386327,17.0328665431988,14.2067432845569,4.83862177543157,2.0565034236599,5.36913473801957,4.4436549094501,4.56150687670983,5.04968075857402,4.7958826618311,4.25432199813899,5.69912989637382,5.94799935696626,6.8084549457961,7.22879272057922,8.03418974545911,6.52096823946573,7.11567625631192,5.93127636562441,7.37034758876618,11.5131198380505
"Gambia, The",GMB,"Life expectancy at birth, total (years)",SP.DYN.LE00.IN,57.736,58.223,58.749,59.11,59.667,60.001,60.473,60.735,61.167,61.561,61.9,62.252,62.576,62.971,63.386,63.708,64.034,64.427,64.418,63.847,64.859
"Gambia, The",GMB,"Government expenditure on education, total (% of GDP)",SE.XPD.TOTL.GD.ZS,1.44291996955872,1.36337995529175,0.622470021247864,0.691879987716675,0.751630008220673,0.816860020160675,2.18129992485046,1.90813994407654,2.56322002410889,2.50116991996765,2.63756990432739,1.81839001178741,2.23094010353088,2.16002988815308,2.0244300365448,2.45919445096525,2.36543989181519,2.80809703332656,2.88734569797808,3.04477694635226,2.89168744551701
"Gambia, The",GMB,Individuals using the Internet (% of population),IT.NET.USER.ZS,1.79677988296495,2.436781193062,3.30800347812937,3.799000025,5.23769115841218,6.20503741852418,6.880000114,7.630000114,9.2,10.87030029,12.44919968,14,15.56000042,17.59950066,19.90640068,22.5156002,28.30900002,31.11829948,36.01100159,41.67309952,48.22539902
"Gambia, The",GMB,Current health expenditure (% of GDP),SH.XPD.CHEX.GD.ZS,6.2326026,5.29709053,5.42000151,5.386024,5.43720818,4.95501947,4.65938759,4.46430635,4.11944056,4.36967373,4.26872253,3.91374874,3.05234575,3.1761291,3.19523716,3.35449266,3.18501234,3.14534926,4.01436949,3.74321485,3.53697729
"Gambia, The",GMB,"Unemployment, total (% of total labor force) (national estimate)",SL.UEM.TOTL.NE.ZS,..,..,..,..,..,..,..,..,..,..,9.268,..,..,..,..,..,4.055,..,..,..,..
"Gambia, The",GMB,"School enrollment, primary (% gross)",SE.PRM.ENRR,69.3324279785156,72.404167175293,73.5793991088867,72.1908874511719,71.4759674072266,73.9508819580078,73.5566177368164,73.4096527099609,73.4599827384096,72.1906633471926,75.4592652374635,77.5318910077468,80.6712752410406,83.6767800021667,85.4968152866242,88.6915742090233,91.4803276676529,95.0965771907399,96.8827026600674,96.3235417651704,97.2781723362608
"Gambia, The",GMB,"Agriculture, forestry, and fishing, value added (% of GDP)",NV.AGR.TOTL.ZS,24.1249321438198,26.7482904903386,31.502618345017,32.0906328098921,25.6002258377034,23.5661970390261,29.7757115194915,31.7342257887518,35.1932434877047,27.202420609824,27.393571461515,26.2221225134284,22.4588391707898,22.2088860199147,21.8613793599274,21.0018946913892,19.8715961801257,20.0040458725555,21.2440052017636,23.579267737043,22.8604385781593
"Gambia, The",GMB,Urban population (% of total population),SP.URB.TOTL.IN.ZS,49.5731153377033,50.6010077995371,51.5062022597801,52.3582132660613,53.1603285370566,53.9196109423854,54.6431233516671,55.3379286345209,56.0110896605662,56.6696692994225,57.3207304207091,57.970305611505,58.6141799655551,59.2458499408388,59.8652472486563,60.471712657237,61.0645869348107,61.643210849607,62.2069251698555,62.7550706637859,63.2869880996278
"Gambia, The",GMB,"Foreign direct investment, net inflows (% of GDP)",BX.KLT.DINV.WD.GD.ZS,7.4065003138309,3.75180060709964,5.77256282742027,5.22041688120703,7.79879790286452,6.10257365099724,4.53283904240458,2.72023911271176,2.40659689644853,2.55921826982754,2.91048196914862,4.96800325180048,1.8718835765044,5.22255647330922,4.70370236790454,4.27524164277035,4.89653501762191,3.9194379121789,10.4612755737217,12.5026201279668,10.4995860985808
"Gambia, The",GMB,Poverty headcount ratio at $3.00 a day (2021 PPP) (% of population),SI.POV.DDAY,..,55.2,..,..,..,..,..,..,34.2,..,..,..,..,17.1,..,..,..,..,22,..,..
"Gambia, The",GMB,GDP per capita (current US$),NY.GDP.PCAP.CD,376.531026962584,308.719123437587,593.285346326581,616.483657865348,614.544307904464,724.726407242432,859.127671411226,774.888030908091,801.033372714536,710.608411468152,692.579361628102,653.862713272743,568.00453558864,619.536364296461,650.056501323611,642.522641296331,696.219806960615,738.186751987483,720.335143352133,781.890925169531,836.244875868476
"Gambia, The",GMB,Access to electricity (% of population),EG.ELC.ACCS.ZS,31.5,27.8,34.8,30.5,38.1,39.8,41.5,43.2,46.8,48.3,49.9,51.5,53,54.7,56.4,56.2,60.3,62.1,62.2,63.7,65.4
Georgia,GEO,GDP growth (annual %),NY.GDP.MKTP.KD.ZG,5.47402488700408,11.0570310020104,5.79268292682926,9.59113832853026,9.42148081189909,12.5755698246405,2.42161440960641,-3.65075229596822,6.24640865303363,7.9343365253078,6.57883101954195,5.13288531209382,4.09049059581743,3.35102350265353,3.45021517996871,5.15990261658827,6.062036412677,5.38071926589951,-6.2904717853839,10.6442336580969,10.9585321385624
Georgia,GEO,"Inflation, consumer prices (annual %)",FP.CPI.TOTL.ZG,5.58783730000794,0.837734531536568,5.65632636191132,8.24709043114158,9.16096508394497,9.24489745592404,9.99948761552747,1.7275146113791,7.11017897486099,8.5429333333333,-0.943658853270964,-0.512058410947092,3.06881210379543,4.00357820695097,2.13492713939121,6.03531725272117,2.6152447139767,4.85289821696723,5.2024648897534,9.56691433824769,11.8981654203198
Georgia,GEO,"Life expectancy at birth, total (years)",SP.DYN.LE00.IN,70.438,71.377,71.011,70.689,70.983,70.985,70.949,71.058,71.732,72.485,72.672,73.025,73.105,73.241,73.136,73.435,73.985,74.165,73.509,71.635,74.141
Georgia,GEO,"Government expenditure on education, total (% of GDP)",SE.XPD.TOTL.GD.ZS,2.23501992225647,2.06559991836548,2.91420006752014,2.48431992530823,3.00364995002747,2.69687008857727,2.9195499420166,3.22237992286682,2.76179333360622,2.5149199962616,1.86033999919891,2.8330966857175,2.94113947736272,3.10870368877345,3.52338004112244,3.52442002296448,3.46094989776611,3.82985997200012,3.80951130708125,3.59441995620727,3.75498008728027
Georgia,GEO,Individuals using the Internet (% of population),IT.NET.USER.ZS,1.58787562980332,2.55881648068489,3.88622135350273,6.079500198,7.52687684487832,8.26,10.01000023,20.06999969,26.9,31.52000046,36.93999863,43.3,49.1024547144647,47.5697596438736,58.4592896118725,59.7055045962571,62.7179081974285,68.8467135616978,72.53157487,76.4427093,78.71127536
Georgia,GEO,Current health expenditure (% of GDP),SH.XPD.CHEX.GD.ZS,7.81474257,8.02952862,8.08910847,8.07734203,7.63208008,7.43517828,8.44424057,9.56681633,9.02123737,7.88224316,7.95168972,8.00574589,8.2940836,8.6599493,9.07258892,8.70140266,7.75524616,7.31291389,9.22991848,10.53835487,8.29634285
Georgia,GEO,"Unemployment, total (% of total labor force) (national estimate)",SL.UEM.TOTL.NE.ZS,12.594,11.51,12.621,13.805,13.573,13.276,17.866,20.71,20.203,19.632,19.653,19.416,17.439,16.506,16.604,13.939,12.667,11.565,11.734,11.83,10.198
Georgia,GEO,"School enrollment, primary (% gross)",SE.PRM.ENRR,112.332733154297,111.812088012695,112.910789489746,109.41764831543,109.272163391113,110.829132080078,109.99112701416,108.244682312012,107.155245895564,107.761952206271,109.651399821348,110.575228390453,109.976680992118,107.800106850779,104.042509897438,102.937767734127,100.786840229187,101.236423646202,100.779530049426,101.286441127535,102.727831178351
Georgia,GEO,"Agriculture, forestry, and fishing, value added (% of GDP)",NV.AGR.TOTL.ZS,19.2408798283262,19.3015027848811,16.3950612257362,14.7699403660646,11.1987759157064,9.19570666949123,8.13162847511651,8.10130101189814,8.86598672626304,9.73887160427603,8.56565938989856,9.21478687624408,9.2042368072631,8.54206032187102,8.00327332913851,6.91860933720368,7.56159033807908,7.33548626473072,8.31654843439314,7.22731737039721,6.63235520175679
Georgia,GEO,Urban population (% of total population),SP.URB.TOTL.IN.ZS,52.4127676027039,52.5144705663341,52.7173199317225,53.0036280624359,53.3593916521584,53.7706073945741,54.2232719833673,54.7033821122222,55.1969344748228,55.6899257648533,56.1683526759979,56.6182119019407,57.0237612994258,57.3803800455672,57.6984032005062,57.9996827205757,58.3038181862576,58.6304091780343,58.9990552763878,59.4293560618005,60.0101622679115
Georgia,GEO,"Foreign direct investment, net inflows (% of GDP)",BX.KLT.DINV.WD.GD.ZS,4.72348885200524,8.39036166616402,9.61361623129554,7.06775086735302,15.1240361672901,18.5993001881899,12.5221905619449,6.13732507746039,7.41065931415781,7.56100540937968,5.73087327277528,5.97432640298838,10.2241873429056,11.3986492046024,10.746989399988,11.7183676491747,7.28401976586955,7.92523222582948,3.47997036066188,6.84360165773215,9.03652531888906
Georgia,GEO,Poverty headcount ratio at $3.00 a day (2021 PPP) (% of population),SI.POV.DDAY,22.3,22.3,20.9,22.3,22.5,23.9,21.7,21.1,23.6,21.6,18.8,14.9,12,10.6,10.5,11.1,11,9.7,12,10.8,7.7
Georgia,GEO,GDP per capita (current US$),NY.GDP.PCAP.CD,853.526171868939,1010.03151630868,1305.04748557208,1642.78359414797,1996.02013272284,2635.36650276116,3324.7537205015,2822.68939668797,3281.72930937343,4119.66818307193,4530.69533409431,4712.00229382665,4830.33486170249,4086.6223465965,4143.40125686315,4418.75206546679,4804.0546040444,4741.2832715876,4300.85701291207,5083.60695484577,6729.84659930283
Georgia,GEO,Access to electricity (% of population),EG.ELC.ACCS.ZS,99.9,100,99.9,97.9,100,100,100,100,100,100,100,100,100,100,100,100,99.9,100,100,100,100
Germany,DEU,GDP growth (annual %),NY.GDP.MKTP.KD.ZG,-0.228255715793637,-0.529801394291297,1.16208684507278,0.885485292551564,3.86668241523209,2.8891174138025,0.887902330743628,-5.54455451920674,4.13463778522758,3.75796884489337,0.463512036709204,0.396995583779145,2.18018602168017,1.66300602334775,2.22222216259371,2.797906720551,1.13569604599849,0.977734697038784,-4.13191443239947,3.90999994204108,1.8092581243061
Germany,DEU,"Inflation, consumer prices (annual %)",FP.CPI.TOTL.ZG,1.42080615551526,1.03422218628562,1.66573696655992,1.54691114751328,1.57742642840563,2.29834400700951,2.62837981637219,0.312739007368447,1.1038103778926,2.07517283735874,2.00848884782956,1.50472330251876,0.906794000434246,0.514426137125456,0.491747008445174,1.50949485109628,1.73216879766942,1.44565976888253,0.144877925813982,3.06666666666673,6.87257438551097
Germany,DEU,"Life expectancy at birth, total (years)",SP.DYN.LE00.IN,78.2292682926829,78.3804878048781,78.6804878048781,78.9317073170732,79.1317073170732,79.5341463414634,79.7365853658537,79.8365853658537,79.9878048780488,80.4365853658537,80.5390243902439,80.490243902439,81.090243902439,80.6414634146341,80.990243902439,80.9926829268293,80.8926829268293,81.2926829268293,81.0414634146342,80.790243902439,80.6080487804878
Germany,DEU,"Government expenditure on education, total (% of GDP)",SE.XPD.TOTL.GD.ZS,..,..,..,..,..,..,4.47337007522583,..,4.99525022506714,4.88583993911743,4.83153009414673,4.83911991119385,4.82582998275757,4.76157999038696,4.76321983337402,4.77830982208252,4.88401985168457,5.02757978439331,5.51600980758667,5.36734008789062,5.23916006088257
Germany,DEU,Individuals using the Internet (% of population),IT.NET.USER.ZS,48.82,55.9,64.73,68.71,72.16,75.16,78,79,82,81.26999953602,82.3499984738392,84.17,86.1937006578756,87.5897993525767,84.1652066441212,84.3941537010844,87.037112092841,88.1345169091916,89.81294133,91.43060973,91.62984383
Germany,DEU,Current health expenditure (% of GDP),SH.XPD.CHEX.GD.ZS,10.028965,10.22255325,9.97466278,10.1068058,9.96236897,9.83482933,10.03185749,10.97003078,10.8311739,10.52106953,10.59356213,10.7432127,10.76819706,10.92317677,10.97133732,11.05091095,11.18380833,11.42805386,12.46780777,12.72403336,12.44708347
Germany,DEU,"Unemployment, total (% of total labor force) (national estimate)",SL.UEM.TOTL.NE.ZS,8.482,9.779,10.727,11.193,10.277,8.732,7.508,7.88,7.043,5.967,5.372,5.316,4.979,4.612,4.104,3.781,3.384,3.163,3.881,3.54,3.098
Germany,DEU,"School enrollment, primary (% gross)",SE.PRM.ENRR,104.92115020752,103.66805267334,103.642723083496,103.440620422363,104.262641906738,104.793502807617,105.103981018066,104.816513061523,104.337593078613,104.415718078613,104.140548706055,103.638671875,102.62181854248,102.702461242676,101.406066894531,101.738708496094,102.645378112793,102.547470092773,101.996658325195,101.346549987793,100.218132019043
Germany,DEU,"Agriculture, forestry, and fishing, value added (% of GDP)",NV.AGR.TOTL.ZS,0.901338514680484,0.829342960804352,0.948871367267906,0.72605784900095,0.716599757643703,0.822076767549622,0.837028054130878,0.670417045914746,0.775984032180357,0.924638957956395,0.911412934754651,0.927130138706706,0.915606456087681,0.708512712866412,0.730531013610999,0.860007620510574,0.742451289010288,0.833126017731138,0.728659526127881,0.753895620719434,0.994638278032481
Germany,DEU,Urban population (% of total population),SP.URB.TOTL.IN.ZS,80.1213973750556,80.1373116303862,80.1549694901257,80.1745168510383,80.1960996098884,80.2198636634402,80.2459549084581,80.2745192417062,80.305702559949,80.3405762928198,80.393447520218,80.4732318400362,80.57574023743,80.6974371632814,80.8347870684725,80.9842544038853,81.1423036204018,81.3053991689039,81.4700055002738,81.6325870653934,81.7867852780995
Germany,DEU,"Foreign direct investment, net inflows (% of GDP)",BX.KLT.DINV.WD.GD.ZS,2.43861371432105,2.5802310174772,-0.715503012520614,2.06799391408494,2.87049561649648,1.4594247021417,0.81284475683707,1.63004671127687,2.48154528887853,2.55089499875415,1.8196411156431,1.76515036525359,0.437762571704246,1.82239938063641,1.64365840117303,2.88914588414184,4.00082875273687,1.9056930139782,4.48523547812751,2.93002168676674,1.82269397984058
Germany,DEU,Poverty headcount ratio at $3.00 a day (2021 PPP) (% of population),SI.POV.DDAY,0.1,0.1,0.1,0.1,0,0.1,0.1,0.1,0.1,0.1,0.1,0.1,0.1,0.1,0.1,0.2,0.1,0.2,0.3,0.6,0.7
Germany,DEU,GDP per capita (current US$),NY.GDP.PCAP.CD,25486.5942008748,30711.1022511331,34566.7359143735,35084.4363546269,36980.3349948954,42350.9217211489,46379.1647953479,42471.8868625226,42396.9665976293,47630.9761883572,44718.0159214069,47206.8353514242,48959.5991203133,41929.7549110722,42948.9381932694,45553.9341495339,48916.1686612154,47656.199739747,47394.8734504469,52349.2459994422,50506.5179638543
Germany,DEU,Access to electricity (% of population),EG.ELC.ACCS.ZS,100,100,100,100,100,100,100,100,100,100,100,100,100,100,100,100,100,100,100,100,100
Ghana,GHA,GDP growth (annual %),NY.GDP.MKTP.KD.ZG,4.49999955900331,5.200000133101,5.59999999077445,5.90000381855104,6.39991260618034,4.34681910440079,9.14979893831817,4.84448705175076,7.89971194051621,14.0471235803149,9.2927894063005,7.31252501678145,2.85624016330883,2.12075933817334,3.37346574966936,8.12889488100956,6.20007768127284,6.5077747939152,0.513941670628171,5.07646643533542,3.80484978178042
Ghana,GHA,"Inflation, consumer prices (annual %)",FP.CPI.TOTL.ZG,9.36093239560313,29.7729797160384,18.0427388232565,15.4389920155908,11.6791839392492,10.7342665456292,16.494639613412,19.2469482220857,10.7333898354915,8.7284593709302,11.1863409441067,11.6661923071729,15.4896160333318,17.1499695007878,17.4546347070868,12.3719215507048,7.80876516610703,7.14364003330857,9.88728956269944,9.9710886750444,31.2558951049016
Ghana,GHA,"Life expectancy at birth, total (years)",SP.DYN.LE00.IN,58.709,59.014,59.316,59.638,59.975,60.282,60.578,60.928,61.297,61.617,61.995,62.397,62.832,63.175,63.522,63.829,64.138,64.455,64.309,64.286,65.246
Ghana,GHA,"Government expenditure on education, total (% of GDP)",SE.XPD.TOTL.GD.ZS,..,..,7.53558015823364,7.42208003997803,5.14794015884399,5.51986980438232,5.75795984268188,5.31744003295898,5.54059982299805,8.14097023010254,7.91913986206055,4.57644987106323,4.39978981018066,4.43404006958008,4.3945198059082,3.53362989425659,3.8861300945282,3.15307114842573,3.40915991351725,3.4005042684722,2.90963831638452
Ghana,GHA,Individuals using the Internet (% of population),IT.NET.USER.ZS,0.830284033818738,1.19305791098328,1.71679770389504,1.83119746104616,2.72317597313987,3.85,4.27,5.44,7.8,9,10.6,15,19,23,28,37.88420105,43,22.0732,62.51760101,68.6,69.91329956
Ghana,GHA,Current health expenditure (% of GDP),SH.XPD.CHEX.GD.ZS,1.94694591,2.14935279,2.36955285,3.27344108,3.67208791,3.70900321,3.72533512,4.17717743,4.52302933,4.46374655,3.93023658,4.59225416,4.01644135,4.54299259,3.39035821,2.68786979,2.43001175,3.25450468,4.4331708,3.86030865,3.67459154
Ghana,GHA,"Unemployment, total (% of total labor force) (national estimate)",SL.UEM.TOTL.NE.ZS,..,..,..,..,4.897,..,..,..,5.384,..,..,2.173,..,6.806,..,3.369,..,..,..,3.195,2.87
Ghana,GHA,"School enrollment, primary (% gross)",SE.PRM.ENRR,78.8475799560547,76.3093490600586,80.2254409790039,86.7024688720703,91.2332763671875,95.9956512451172,100.841491699219,99.0773620605469,..,99.4130783081055,102.068698169955,101.089456129828,99.5600865756332,103.213138177351,101.751107525308,100.478896703055,98.6813906905268,99.8750321985622,98.4048952723908,99.4509436572472,98.2318953247047
Ghana,GHA,"Agriculture, forestry, and fishing, value added (% of GDP)",NV.AGR.TOTL.ZS,35.1483770619295,36.5454059013539,37.9524260930096,37.4530129301836,28.3330959873622,27.294114484663,29.4080967578414,30.9933842095403,28.0387379636491,23.663704967184,22.1311546901572,20.3698425406713,19.5837731324669,19.9826505985758,20.8442929192419,19.5617099184239,18.1365503192521,17.323230201462,18.8537826616486,19.6574735227332,19.5136382081198
Ghana,GHA,Urban population (% of total population),SP.URB.TOTL.IN.ZS,45.3484692124806,46.0547973581418,46.7572004525685,47.4528437795757,48.1388926229785,48.8125122665918,49.4708679942306,50.1111250897099,50.7296926788704,51.3304086646488,51.9197918381031,52.4985794475913,53.0663398797148,53.6226415210752,54.167052758274,54.6991419779128,55.218477566593,55.7246279109161,56.2171613974837,56.6952556826536,57.250609602871
Ghana,GHA,"Foreign direct investment, net inflows (% of GDP)",BX.KLT.DINV.WD.GD.ZS,0.955694277966518,1.7916409392104,1.56810546990152,1.34923986570129,3.04529018468516,5.57118876952139,9.46643908231485,9.10808669100415,7.84948455261709,8.2558797134245,7.98251565917851,5.13479660884921,6.15120635162518,6.45737614178894,6.20782671803196,5.39035841681501,4.4440435772374,5.67619931009197,2.67937438514205,3.18633188953992,1.93240124333448
Ghana,GHA,Poverty headcount ratio at $3.00 a day (2021 PPP) (% of population),SI.POV.DDAY,..,..,..,60.9,..,..,..,..,..,..,41.8,..,..,..,39,..,..,..,..,..,..
Ghana,GHA,GDP per capita (current US$),NY.GDP.PCAP.CD,297.46164468774,358.39927142073,406.132105329565,478.611909191028,906.441027564887,1050.12461524926,1182.65761256016,1047.70430093586,1263.89251760539,1507.43573198753,1543.77524235764,2294.79584693743,1949.90832923846,1722.77282833606,1912.47991339951,2012.28662641265,2195.32166016377,2186.65822682613,2195.45481659987,2445.18662529344,2229.89122654479
Ghana,GHA,Access to electricity (% of population),EG.ELC.ACCS.ZS,46.8,48.3,50.8,41.2,55.1,56.9,60.5,61.1,64.2,64.1,56.5,70.7,78.3,74,79.3,79,80.4,83.5,85.4,86.3,85.1
Gibraltar,GIB,GDP growth (annual %),NY.GDP.MKTP.KD.ZG,..,..,..,..,..,..,..,..,..,..,..,..,..,..,..,..,..,..,..,..,..
Gibraltar,GIB,"Inflation, consumer prices (annual %)",FP.CPI.TOTL.ZG,..,..,..,..,..,..,..,..,..,..,..,..,..,..,..,..,..,..,..,..,..
Gibraltar,GIB,"Life expectancy at birth, total (years)",SP.DYN.LE00.IN,80.59,80.713,80.856,80.991,81.103,81.269,81.541,81.807,82.08,82.333,82.527,82.586,82.644,82.668,82.741,82.858,83.028,83.183,83.07,80.274,83.517
Gibraltar,GIB,"Government expenditure on education, total (% of GDP)",SE.XPD.TOTL.GD.ZS,..,..,..,..,..,..,..,..,..,..,..,..,..,..,..,..,..,..,..,..,..
Gibraltar,GIB,Individuals using the Internet (% of population),IT.NET.USER.ZS,23.670239745714,28.3257797920554,32.8860826098395,39.0701308849385,45.29864751181,51.61,58,65.07,65,65,65.017,..,..,..,94.4444715818151,..,..,..,..,..,..
Gibraltar,GIB,Current health expenditure (% of GDP),SH.XPD.CHEX.GD.ZS,..,..,..,..,..,..,..,..,..,..,..,..,..,..,..,..,..,..,..,..,..
Gibraltar,GIB,"Unemployment, total (% of total labor force) (national estimate)",SL.UEM.TOTL.NE.ZS,..,..,..,..,..,..,..,..,..,..,..,..,..,..,..,..,..,..,..,..,..
Gibraltar,GIB,"School enrollment, primary (% gross)",SE.PRM.ENRR,..,..,..,..,..,..,149.906631469727,149.380447387695,..,..,..,..,..,..,117.183570829841,118.478260869565,..,112.325038880249,108.720271800679,108.468335787923,106.327724945135
Gibraltar,GIB,"Agriculture, forestry, and fishing, value added (% of GDP)",NV.AGR.TOTL.ZS,..,..,..,..,..,..,..,..,..,..,..,..,..,..,..,..,..,..,..,..,..
Gibraltar,GIB,Urban population (% of total population),SP.URB.TOTL.IN.ZS,100,100,100,100,100,100,100,100,100,100,100,100,100,100,100,100,100,100,100,100,100
Gibraltar,GIB,"Foreign direct investment, net inflows (% of GDP)",BX.KLT.DINV.WD.GD.ZS,..,..,..,..,..,..,..,..,..,..,..,..,..,..,..,..,..,..,..,..,..
Gibraltar,GIB,Poverty headcount ratio at $3.00 a day (2021 PPP) (% of population),SI.POV.DDAY,..,..,..,..,..,..,..,..,..,..,..,..,..,..,..,..,..,..,..,..,..
Gibraltar,GIB,GDP per capita (current US$),NY.GDP.PCAP.CD,..,..,..,..,..,..,..,..,..,..,..,..,..,..,..,..,..,..,..,..,..
Gibraltar,GIB,Access to electricity (% of population),EG.ELC.ACCS.ZS,99.8,99.8,99.7,99.7,99.7,99.7,99.7,100,100,99.8,99.9,99.9,99.9,100,100,100,100,100,100,100,100
Greece,GRC,GDP growth (annual %),NY.GDP.MKTP.KD.ZG,4.68313727063017,5.79682274294369,5.37786634595851,1.18350635493289,6.44339762487436,3.50686976639459,0.0574740238200775,-4.11927606715011,-5.6937412158003,-9.87677875300243,-8.33113421099992,-2.27211699888024,0.792225060962835,-0.228301892172851,-0.0317947678412054,1.47312472702352,2.06467207892409,2.27718065334808,-9.19623149726978,8.65449786002131,5.52198580589408
Greece,GRC,"Inflation, consumer prices (annual %)",FP.CPI.TOTL.ZG,3.62935871878874,3.53065027765552,2.8988481075817,3.54507273335078,3.19594684144545,2.89500321516578,4.15279708110293,1.21007269197809,4.71298907760388,3.3298532335065,1.50152696177758,-0.921269454256994,-1.31226096405506,-1.73588804765284,-0.825653978390973,1.12125452031419,0.62562141345364,0.253007522038157,-1.24798355581405,1.22382501019854,9.64525981280632
Greece,GRC,"Life expectancy at birth, total (years)",SP.DYN.LE00.IN,78.6414634146341,78.8414634146341,79.0390243902439,79.2390243902439,79.4390243902439,79.4390243902439,79.9390243902439,80.1878048780488,80.3878048780488,80.7317073170732,80.6341463414634,81.2853658536585,81.3853658536585,81.0365853658537,81.3878048780488,81.2878048780488,81.7878048780488,81.6390243902439,81.2878048780488,80.0829268292683,80.7878048780488
Greece,GRC,"Government expenditure on education, total (% of GDP)",SE.XPD.TOTL.GD.ZS,3.52255010604858,3.52407002449036,3.76059007644653,4.0549201965332,..,..,..,..,..,..,..,..,..,3.68238997459412,..,3.46778011322021,3.57626008987427,3.55062007904053,..,..,3.37547993659973
Greece,GRC,Individuals using the Internet (% of population),IT.NET.USER.ZS,14.67,17.8,21.42,24,32.25,35.88,38.2,42.4,44.4,51.6499951676815,55.0699934418411,59.8663,63.2073404784561,66.8349594911035,69.0879154723892,69.8929706543154,72.2383733920483,75.6712066931757,78.11584474,78.49426371,83.17066333
Greece,GRC,Current health expenditure (% of GDP),SH.XPD.CHEX.GD.ZS,8.46998692,8.68253994,8.30002213,8.76117897,8.39596939,8.52304935,8.948102,9.53581333,9.61952496,9.18577003,9.04327774,8.52183914,7.94358587,8.26719952,8.45097542,8.11336899,8.07267761,8.11709499,9.38074493,9.03178692,8.44938278
Greece,GRC,"Unemployment, total (% of total labor force) (national estimate)",SL.UEM.TOTL.NE.ZS,10.346,9.839,10.628,10.074,8.906,8.351,7.664,9.546,12.719,17.973,24.731,27.686,26.708,24.981,23.514,21.413,19.179,17.045,15.899,14.656,12.426
Greece,GRC,"School enrollment, primary (% gross)",SE.PRM.ENRR,93.6346282958984,96.3618927001953,99.3358383178711,99.719970703125,99.1430435180664,98.7613906860352,..,..,99.9690399169922,99.5001678466797,99.5018005371094,98.7325210571289,97.959342956543,99.8291091918945,99.3706512451172,98.8267135620117,97.8011016845703,97.6437683105469,97.2831726074219,97.3313217163086,101.366188049316
Greece,GRC,"Agriculture, forestry, and fishing, value added (% of GDP)",NV.AGR.TOTL.ZS,5.22103153499556,5.3240542693888,4.54970535485524,4.47718109899217,3.28557674416163,3.15474298162147,2.89505867715816,2.92582395634654,2.9142102078812,3.0618456010827,3.41908207828197,3.35146223879432,3.53346105430384,3.82153798821664,3.45812941533327,3.7522702094539,3.52573090341626,3.66151933931312,3.9238294812332,3.53173488105093,3.78490731948212
Greece,GRC,Urban population (% of total population),SP.URB.TOTL.IN.ZS,73.0977109642516,73.432268024093,73.8267602923728,74.2617376694311,74.717750055608,75.1753473512439,75.615079456679,76.0174962722535,76.3631476983077,76.6352609929407,76.8679797449322,77.0951999650171,77.3130486275866,77.5194426317545,77.7122988766348,77.8895342613411,78.0490656849874,78.1888100466875,78.3066842455552,78.3884898647442,78.5502190980809
Greece,GRC,"Foreign direct investment, net inflows (% of GDP)",BX.KLT.DINV.WD.GD.ZS,0.0227485404811931,0.71501703822218,0.914091172780157,0.284127006962334,2.01112523714783,0.622837777539062,1.6328960526629,0.846404808815716,0.179789223267027,0.38562256563474,0.695897838082299,1.24506178790059,1.15314480305525,0.652184629866422,1.3975055397238,1.7162955046024,1.88723349665643,2.41172201156202,1.72637818314203,3.0165221032062,3.69648293387112
Greece,GRC,Poverty headcount ratio at $3.00 a day (2021 PPP) (% of population),SI.POV.DDAY,0.4,0.6,0.9,0.4,0.7,0.6,0.4,0.6,1.1,1.5,2.1,1.5,2,2,1.4,1.1,0.2,1,1.1,0.7,0.6
Greece,GRC,GDP per capita (current US$),NY.GDP.PCAP.CD,13782.195640943,18020.612039764,21449.2552764245,22054.1315756886,24416.0232970275,28440.7625328955,31695.8331092209,29425.4573200263,26653.0488008626,25504.7866510124,21624.346052551,21573.3449762805,21474.7257123892,17980.7298238137,17919.2426377048,18631.9930129293,19873.4015238771,19335.3602002969,17886.733165236,20652.89659591,20884.6773436263
Greece,GRC,Access to electricity (% of population),EG.ELC.ACCS.ZS,100,100,100,100,100,100,100,100,100,100,100,100,100,100,100,100,100,100,100,100,100
Greenland,GRL,GDP growth (annual %),NY.GDP.MKTP.KD.ZG,-0.971177310665553,4.43004572118211,6.90658283676629,4.98749177090193,5.55569490080012,2.3524379811805,6.1661327018619,0.865952328886948,1.73582505889665,-0.496519391959083,1.39419335955625,-1.29828069335511,4.7421356730152,-2.52931802394475,4.68195410972302,0.0527281828800312,0.62306542854094,2.83217756798683,0.250789762104304,1.63409410992996,2.00455580865604
Greenland,GRL,"Inflation, consumer prices (annual %)",FP.CPI.TOTL.ZG,..,..,..,..,..,..,..,..,..,..,..,..,..,..,..,..,..,..,..,..,..
Greenland,GRL,"Life expectancy at birth, total (years)",SP.DYN.LE00.IN,65.419512195122,66.1229268292683,66.8080487804878,67.3051219512195,67.8180487804878,68.2739024390244,68.5660975609756,69.0321951219512,69.349756097561,69.6146341463415,69.959512195122,70.2917073170732,70.5082926829268,70.909756097561,71.1990243902439,71.2563414634146,71.3609756097561,71.4092682926829,71.2858536585366,71.2614634146342,71.230243902439
Greenland,GRL,"Government expenditure on education, total (% of GDP)",SE.XPD.TOTL.GD.ZS,..,..,..,..,..,..,..,..,..,..,..,..,..,..,..,..,..,..,..,..,..
Greenland,GRL,Individuals using the Internet (% of population),IT.NET.USER.ZS,44.154789028418,54.5342598293605,56.0990147610533,57.7034045008656,59.361687268664,61.07,62.82,62.83,63,64,64.8960100995989,65.8,66.7,67.600443481006,68.500873675421,69.4824617821988,..,..,..,..,..
Greenland,GRL,Current health expenditure (% of GDP),SH.XPD.CHEX.GD.ZS,..,..,..,..,..,..,..,..,..,..,..,..,..,..,..,..,..,..,..,..,..
Greenland,GRL,"Unemployment, total (% of total labor force) (national estimate)",SL.UEM.TOTL.NE.ZS,8.818,10.299,10.444,9.251,8.398,..,..,..,7.8,9.4,9.8,10.1,10.3,9.1,..,..,..,..,..,..,..
Greenland,GRL,"School enrollment, primary (% gross)",SE.PRM.ENRR,..,..,..,..,..,..,..,..,..,..,..,..,..,..,..,..,..,..,..,..,..
Greenland,GRL,"Agriculture, forestry, and fishing, value added (% of GDP)",NV.AGR.TOTL.ZS,..,17.8778022320472,16.4497605026239,16.9456689293345,16.2452491333584,14.3313220056666,14.7291750060829,11.5861031645383,13.3982099730075,14.5808036302829,16.1929017960507,15.0270234424218,17.3355902451257,17.0377903864683,18.4117385602265,19.0568753352559,18.430149097486,18.4763686569553,15.7316156099106,15.2368028357423,16.0258939138543
Greenland,GRL,Urban population (% of total population),SP.URB.TOTL.IN.ZS,82.0752868652344,82.3485946655273,82.5634307861328,82.6899108886719,82.8471984863281,83.2039566040039,83.621826171875,83.8556137084961,84.2784881591797,84.5286026000977,84.8864593505859,85.3725891113281,85.6772384643555,86.046257019043,86.2261047363281,86.3915557861328,86.72509765625,87.0217895507812,87.2840881978115,87.5452017613678,87.8049405256832
Greenland,GRL,"Foreign direct investment, net inflows (% of GDP)",BX.KLT.DINV.WD.GD.ZS,..,..,..,..,..,..,..,..,..,..,..,..,..,..,..,..,..,..,..,..,..
Greenland,GRL,Poverty headcount ratio at $3.00 a day (2021 PPP) (% of population),SI.POV.DDAY,..,..,..,..,..,..,..,..,..,..,..,..,..,..,..,..,..,..,..,..,..
Greenland,GRL,GDP per capita (current US$),NY.GDP.PCAP.CD,20657.9506323097,27466.6494525504,32030.9987915109,32489.7277309899,35457.6297578214,39780.9441368721,44366.7858688175,44918.8413832155,44277.1993400972,47186.8759969388,45936.9562817724,47535.4883792376,50485.2244135291,44536.3549705377,48181.7453541266,50765.7494665372,54545.135857765,53309.2035905065,54812.6661771023,58135.9939910203,55635.0006491223
Greenland,GRL,Access to electricity (% of population),EG.ELC.ACCS.ZS,100,100,100,100,100,100,100,100,100,100,100,100,100,100,100,100,100,100,100,100,100
Grenada,GRD,GDP growth (annual %),NY.GDP.MKTP.KD.ZG,3.43732352954147,9.46397343076491,-0.647450316084857,13.2761883306272,-3.99532824427482,6.12345094741467,0.947542624907697,-6.61328134799545,-0.511146187173722,0.764773550338731,-1.15483816409801,2.35109801677905,7.34212396037948,6.44522314693144,3.7396039558691,4.43867566948151,4.36144039364797,0.676511738873756,-13.7566222572107,4.6977240232674,7.31023806981959
Grenada,GRD,"Inflation, consumer prices (annual %)",FP.CPI.TOTL.ZG,1.06721547992874,2.15492809908679,2.3129167822611,3.475806937554,4.25195321977967,3.85882922469653,8.0332732765034,-0.308654779585642,3.43650905943351,3.0334728033474,2.41077704021862,-0.0439997864828058,-0.98360305555498,-0.515448031435329,1.65038994431573,0.908458255874249,0.804102313277033,0.598149764736022,-0.740732597045498,1.21951193916838,2.5805392590792
Grenada,GRD,"Life expectancy at birth, total (years)",SP.DYN.LE00.IN,73.142,73.291,72.447,73.7,73.93,74.159,74.374,74.567,74.731,74.861,74.961,75.022,75.045,75.037,75.01,74.977,74.957,74.971,75.019,74.522,75.151
Grenada,GRD,"Government expenditure on education, total (% of GDP)",SE.XPD.TOTL.GD.ZS,..,3.92673993110657,..,..,..,..,..,..,5.07508233496978,5.48532342071091,5.07225880686028,..,4.47756594772942,4.23861035989182,..,3.17379999160767,3.55919341882594,..,..,4.09030334217367,4.03767284869161
Grenada,GRD,Individuals using the Internet (% of population),IT.NET.USER.ZS,14.7588405454867,18.6451821830564,19.5706205843787,20.4878006,21.39599991,22.29,23.18000031,24.04999924,27,30,32,35,51.6,52.5,53.29999924,54.20000076,61.42459869,64.31279755,65.65380096,67.02279663,68.42030334
Grenada,GRD,Current health expenditure (% of GDP),SH.XPD.CHEX.GD.ZS,6.17569733,5.28485727,5.36568451,5.14460278,5.11352158,5.23867893,5.386199,5.43471003,5.4188118,5.80423355,5.82235765,5.62652922,4.77353573,4.64675617,4.43910027,4.65701056,4.58373737,4.93189621,5.30602551,5.27963448,4.99701262
Grenada,GRD,"Unemployment, total (% of total labor force) (national estimate)",SL.UEM.TOTL.NE.ZS,..,..,..,..,..,..,..,..,..,..,..,24.2,24.5,22.9,..,..,13.658,9.788,12.974,13.035,..
Grenada,GRD,"School enrollment, primary (% gross)",SE.PRM.ENRR,108.388946533203,107.695297241211,106.289047241211,99.8684768676758,..,101.044807434082,105.570350646973,111.271469116211,110.229927062988,109.883287807301,..,109.840515778758,108.844735077129,111.623080116231,108.662712097168,110.180032733224,107.786483839373,..,..,99.2608147837043,..
Grenada,GRD,"Agriculture, forestry, and fishing, value added (% of GDP)",NV.AGR.TOTL.ZS,6.29051955717342,5.86974887101655,5.0143352561992,2.96407880724175,3.89055494436817,3.55708232832337,3.76733196411895,4.62642452810256,4.5130515818498,4.4473617869357,4.83219736257223,4.83545561235478,6.10189188310633,7.42852685072365,6.20632633624404,5.37154325760442,5.20543943814909,4.67951202688308,4.90307786781958,5.34059405940594,4.12004284650904
Grenada,GRD,Urban population (% of total population),SP.URB.TOTL.IN.ZS,35.9199179937357,35.9194385233611,35.9181958391436,35.9158260786725,35.9119653795374,35.9062498793276,35.8983157156326,35.8877990260417,35.8743359481443,35.8601091092326,35.8652755773132,35.8792242623778,35.9014624346562,35.9319491111708,35.9706014181883,36.0173296416579,36.0720421424532,36.1346465679904,36.2050502515788,36.2831603706908,36.3688840183487
Grenada,GRD,"Foreign direct investment, net inflows (% of GDP)",BX.KLT.DINV.WD.GD.ZS,14.4083748207884,16.7656355887062,21.0923990279235,11.7331857542313,14.7018185551416,21.7777169094036,17.4857564898281,14.0935303304599,7.21829642572972,11.0347999232425,6.22764121735725,15.4729269608086,9.18674323761499,15.4731884681937,10.3063305270724,13.6164508332703,15.9441349586327,17.1914579677146,13.5399655332758,13.5644762706271,13.3138087097027
Grenada,GRD,Poverty headcount ratio at $3.00 a day (2021 PPP) (% of population),SI.POV.DDAY,..,..,..,..,..,..,..,..,..,..,..,..,..,..,..,..,0.8,..,..,..,..
Grenada,GRD,GDP per capita (current US$),NY.GDP.PCAP.CD,4984.47405931447,5427.96377252312,5480.26117644588,6338.56011405358,6344.0383771432,6864.54816771858,7448.2040563865,6932.56472176781,6909.60169568597,6947.38136096464,7092.71985352677,7424.80212287327,7986.33421210788,8694.12438005692,9221.23461079424,9751.42661155932,10083.021279225,10462.7929159533,8968.55890108484,9617.28902905373,10469.3867012856
Grenada,GRD,Access to electricity (% of population),EG.ELC.ACCS.ZS,86.6,86.9,87.2,87.5,87.9,88.2,90,89,89.4,88.8,90.2,90.6,91,91.4,91.8,92.2,92.3,93,93.4,93.7,94.2
Guam,GUM,GDP growth (annual %),NY.GDP.MKTP.KD.ZG,..,0.879314134974734,6.49378949662236,3.64231634949867,-3.65251727541954,0.717213114754102,2.03458799593082,0.438683948155543,2.26325193567601,0.0776548243059523,2.13385063045585,1.69040835707501,1.79305192379529,0.825688073394488,0.18198362147406,0.890099909173486,-0.828231904933389,2.52360203340596,-10.5188595714539,2.0581832574708,5.09986426216793
Guam,GUM,"Inflation, consumer prices (annual %)",FP.CPI.TOTL.ZG,..,..,..,..,..,..,..,..,..,..,..,..,..,..,..,..,..,..,..,..,..
Guam,GUM,"Life expectancy at birth, total (years)",SP.DYN.LE00.IN,75.506,75.885,76.114,76.427,76.477,76.397,76.233,76.141,76.095,76.153,76.237,76.361,76.423,76.444,76.449,76.463,76.561,76.645,75.529,75.434,77.102
Guam,GUM,"Government expenditure on education, total (% of GDP)",SE.XPD.TOTL.GD.ZS,..,..,..,..,..,..,..,..,..,..,..,..,..,..,..,..,..,..,..,..,..
Guam,GUM,Individuals using the Internet (% of population),IT.NET.USER.ZS,31.1922942556271,33.7166817880876,36.1617878387908,38.559877557558,43.8514430048178,46.1504736192355,48.4187021509296,50.6420283820435,54.04,57.7,61.5341593079002,65.4,69.27,73.139999947043,77.009999893206,80.5054655600831,..,..,..,..,..
Guam,GUM,Current health expenditure (% of GDP),SH.XPD.CHEX.GD.ZS,..,..,..,..,..,..,..,..,..,..,..,..,..,..,..,..,..,..,..,..,..
Guam,GUM,"Unemployment, total (% of total labor force) (national estimate)",SL.UEM.TOTL.NE.ZS,11.394,..,7.659,7.017,7.133,8.349,..,9.259,8.2,13.316,12.2,11.5,7.6,6.9,5.4,..,..,..,..,..,..
Guam,GUM,"School enrollment, primary (% gross)",SE.PRM.ENRR,..,..,..,..,..,..,..,..,..,..,..,..,..,..,..,..,..,..,..,..,..
Guam,GUM,"Agriculture, forestry, and fishing, value added (% of GDP)",NV.AGR.TOTL.ZS,..,..,..,..,..,..,..,..,..,..,..,..,..,..,..,..,..,..,..,..,..
Guam,GUM,Urban population (% of total population),SP.URB.TOTL.IN.ZS,93.4166219465011,93.5502870629964,93.6758326459328,93.7899888326279,93.8894857603993,93.9710535665648,94.0314223884421,94.0673223633488,94.0765173267308,94.0771054436498,94.0777276704115,94.0782751403862,94.0787476782557,94.079145108702,94.079467256407,94.0797139460527,94.079885002321,94.0799802498939,94.0804991087801,94.0884327694075,94.1068261842046
Guam,GUM,"Foreign direct investment, net inflows (% of GDP)",BX.KLT.DINV.WD.GD.ZS,..,..,..,..,..,..,..,..,..,..,..,..,..,..,..,..,..,..,..,..,..
Guam,GUM,Poverty headcount ratio at $3.00 a day (2021 PPP) (% of population),SI.POV.DDAY,..,..,..,..,..,..,..,..,..,..,..,..,..,..,..,..,..,..,..,..,..
Guam,GUM,GDP per capita (current US$),NY.GDP.PCAP.CD,20909.9590302806,21877.3178371553,23618.8266894573,25631.9776108052,25709.9351488422,26605.4324214756,28112.2316573422,29054.0581201519,29719.7967836082,29926.2052442913,31653.7506538168,32530.7593121483,33900.1486530583,35165.7014644795,35930.6594898711,36779.0078903909,37195.9503070464,39274.9431424899,36482.9363953675,38074.8793745801,41833.1517132825
Guam,GUM,Access to electricity (% of population),EG.ELC.ACCS.ZS,100,100,100,100,100,100,100,100,100,100,100,100,100,100,100,100,100,100,100,100,100
Guatemala,GTM,GDP growth (annual %),NY.GDP.MKTP.KD.ZG,3.83928708556792,2.56037766801896,3.13791683609193,3.27602692588886,5.35139778711536,6.33771869016203,3.29352400028485,0.476898106596394,2.88417542800377,4.16390688293349,2.97470856847661,3.69476814623695,4.44397825774911,4.09217170075418,2.6778031930216,3.0798512212244,3.40687328176345,4.01789830861587,-1.78555117570465,8.04170398855833,4.15492196609047
Guatemala,GTM,"Inflation, consumer prices (annual %)",FP.CPI.TOTL.ZG,8.13263054281054,5.60347675434469,7.57862247309729,9.1086498571922,6.56085282795384,6.82161753590326,11.355761126315,1.85910254733028,3.8595090983316,6.214123930671,3.78180754679678,4.34337131279521,3.4183616966296,2.3887203283955,4.44844199942827,4.42453655182546,3.75186186704508,3.69998398008605,3.21444062197345,4.26105127422813,6.88512823344287
Guatemala,GTM,"Life expectancy at birth, total (years)",SP.DYN.LE00.IN,67.835,68.204,68.245,68.167,68.79,69.299,69.493,69.676,69.885,70.321,70.722,70.878,70.942,70.915,71.215,71.583,71.496,71.639,69.971,67.858,71.206
Guatemala,GTM,"Government expenditure on education, total (% of GDP)",SE.XPD.TOTL.GD.ZS,..,..,..,..,3.03285002708435,3.08809995651245,3.23686003684998,..,2.84864997863769,2.96865010261536,3.00524997711182,2.88808989524841,2.98563003540039,3.03032994270325,2.94474005699158,2.95009994506836,3.13193988800049,3.19297003746033,3.29485011100769,3.09189009666443,3.20787000656128
Guatemala,GTM,Individuals using the Internet (% of population),IT.NET.USER.ZS,3.39174627024502,4.54885490848324,5.1,5.699999809,6.5,7.300000191,8.300000191,9.300000191,10.5,12.30000019,16,19.70000076,23.39999962,28.80590057,34.50930023,37.90000153,41.5,44.401049838502,47.51229858,50.84164945,54.40430069
Guatemala,GTM,Current health expenditure (% of GDP),SH.XPD.CHEX.GD.ZS,6.01301289,6.15306854,6.26182795,6.14826393,6.36362219,6.1918335,6.08129978,6.33938646,6.1247797,5.96306896,6.07316971,5.77188921,5.8885684,6.00602007,6.07008219,6.13563824,6.10662699,6.17443275,6.4591527,7.35698891,7.1678791
Guatemala,GTM,"Unemployment, total (% of total labor force) (national estimate)",SL.UEM.TOTL.NE.ZS,2.254,2.807,2.971,..,1.902,..,..,..,3.497,4.126,2.765,3.017,2.717,2.506,2.583,2.462,2.283,2.193,..,2.174,3.051
Guatemala,GTM,"School enrollment, primary (% gross)",SE.PRM.ENRR,102.802780151367,..,108.796012878418,109.972137451172,111.043182373047,111.587127685547,112.624313354492,118.536636352539,117.27329338311,116.099510743236,111.646252383001,107.864590547525,105.231154037687,103.756960177093,101.352012012457,101.387446797743,102.983138102239,101.979363381256,101.500290013425,103.026494452795,102.998277778394
Guatemala,GTM,"Agriculture, forestry, and fishing, value added (% of GDP)",NV.AGR.TOTL.ZS,14.1702868527657,13.4691278963937,13.0735432996184,12.5899676936002,11.4490682853821,11.6376079270391,11.3336648903463,11.8486078978063,11.2341516901897,11.2587427520036,10.7227497533367,10.3562262011186,10.0744824629421,9.96700294850351,9.66139477990376,9.69628321231672,9.43550881537545,9.40872375710839,9.9263191804303,9.17348943872533,9.07942583528994
Guatemala,GTM,Urban population (% of total population),SP.URB.TOTL.IN.ZS,45.7754731938848,46.5865389722105,47.326819486636,48.0557951573834,48.7676356188334,49.4565105053665,50.1165894513633,50.7420420912045,51.3270380592706,51.8657469899423,52.3523385176,52.7809822766245,53.1458479013964,53.4411050262961,53.6609232857043,53.7994723140017,53.845962303542,54.1882267267974,54.5483167911628,54.9047071553758,55.2581228215265
Guatemala,GTM,"Foreign direct investment, net inflows (% of GDP)",BX.KLT.DINV.WD.GD.ZS,-4.97449876130187,0.0903239703402523,1.36317570702825,2.01617500337249,2.13587522888421,2.55959192771149,1.89952208705823,1.34627822535543,2.71030706792051,1.87038244023626,2.82256297187213,2.87216286478145,2.43302117698753,1.93508794944894,1.28045862124744,1.39328931381397,1.25790065429015,1.51707073546928,1.29230382378627,4.19448571319716,1.51665826758099
Guatemala,GTM,Poverty headcount ratio at $3.00 a day (2021 PPP) (% of population),SI.POV.DDAY,..,..,..,..,10.5,..,..,..,..,..,..,..,8,..,..,..,..,..,..,..,..
Guatemala,GTM,GDP per capita (current US$),NY.GDP.PCAP.CD,1669.33517469705,1722.54701910774,1840.91184884,2046.46611650758,2225.1234753878,2458.81573919384,2763.05988172926,2611.64632773352,2805.25960237322,3168.98370607705,3286.61959336267,3444.15802275864,3689.14510410202,3893.50533299068,4060.13784737643,4324.99768915601,4352.94593289707,4511.99839552697,4477.61785000665,4912.62240414681,5356.92435887895
Guatemala,GTM,Access to electricity (% of population),EG.ELC.ACCS.ZS,78.7,78.5,77.2,78.3,83.7,80.7,81.9,83.1,84.3,84,86.8,88.1,85.5,90.5,91.8,93.3,94.2,95.4,96.6,97.9,99.1
Guinea,GIN,GDP growth (annual %),NY.GDP.MKTP.KD.ZG,5.16460946696631,1.24860125923698,2.34011731288737,2.99727256275818,1.18960211693242,6.81747111070281,4.13301615965833,-1.12264204848687,4.81336016967553,5.61211177430975,5.91528626133322,3.94568708624053,3.69655311664086,3.82591056949435,10.82062719659,10.3000053427355,6.35849192736715,5.61691446889876,4.70459096113575,5.5823328114905,3.97240784200721
Guinea,GIN,"Inflation, consumer prices (annual %)",FP.CPI.TOTL.ZG,..,..,..,31.3733025877534,34.6952705997072,18.1755656108597,23.065612938798,4.68438868976504,15.0502688559001,21.3169268542577,15.2262941038638,11.8875884481828,6.1505055670642,11.7800825029834,8.17268112275132,8.91435947913097,9.82761701259191,9.47001039253012,10.6016203387167,12.5972882566934,10.4930409984424
Guinea,GIN,"Life expectancy at birth, total (years)",SP.DYN.LE00.IN,53.2,53.589,53.975,54.422,54.875,55.233,55.703,56.052,56.431,56.778,57.117,57.459,57.581,57.899,58.49,58.715,59.043,59.379,59.35,59.373,60.432
Guinea,GIN,"Government expenditure on education, total (% of GDP)",SE.XPD.TOTL.GD.ZS,1.77897000312805,1.62612998485565,1.5156899690628,1.26814997196198,..,..,1.58112001419067,2.20725011825561,2.55118989944458,2.28742003440857,1.83369994163513,2.63421988487244,2.42281007766724,2.51713991165161,2.54450011253357,2.3203399181366,2.38432002067566,1.85811996459961,2.44806003570557,2.04074820610586,2.00722302981184
Guinea,GIN,Individuals using the Internet (% of population),IT.NET.USER.ZS,0.402022748744397,0.450960370842751,0.508819332302937,0.542299986,0.637499988,0.780025279059244,0.92,0.94,1,2,3.099999905,4.5,6.400000095,9.199999809,13.10000038,18.70000076,21.8300230430563,23.89049911,26.14550018,28.61330032,31.31399918
Guinea,GIN,Current health expenditure (% of GDP),SH.XPD.CHEX.GD.ZS,5.35653734,4.77216482,4.77632809,4.03452682,3.61526895,3.48262477,3.26561713,3.58146644,3.42781734,3.78955102,3.50398517,3.46108651,4.787992,5.80919266,5.39694929,3.91512728,3.73843002,4.08876228,3.90094519,3.7175858,3.83292699
Guinea,GIN,"Unemployment, total (% of total labor force) (national estimate)",SL.UEM.TOTL.NE.ZS,4.549,..,..,..,..,..,..,..,..,..,..,..,5.044,..,..,..,..,5.018,..,..,..
Guinea,GIN,"School enrollment, primary (% gross)",SE.PRM.ENRR,69.4354019165039,72.6687164306641,75.5423583984375,77.486198425293,79.18359375,81.362548828125,82.7527465820312,82.9110794067383,85.6168670654297,89.3744888305664,91.4924621582031,93.5301284790039,95.1517791748047,..,93.1132583618164,..,..,..,100.474517822266,..,..
Guinea,GIN,"Agriculture, forestry, and fishing, value added (% of GDP)",NV.AGR.TOTL.ZS,14.8357430403433,14.2516528815736,15.9897180256217,15.2811594891059,15.5845641334162,16.81970768631,15.980005361399,16.3606168762438,17.4849504866218,16.0697496615218,16.8316746641336,17.5452728357444,17.5238169176245,18.478241904135,17.5899474364211,20.5284733113745,22.9400092652548,26.4272768142306,26.3032774879888,27.0715374807562,28.3819737139685
Guinea,GIN,Urban population (% of total population),SP.URB.TOTL.IN.ZS,31.5131362085814,31.8086015036327,32.1032575610216,32.3962712159907,32.6868093037822,32.9740386596386,33.2571261188022,33.5352385165154,33.8075426880206,34.0732054685603,34.3313936933767,34.5812741977122,34.8177920826682,35.0373191833496,35.3100280761719,35.5827331542969,35.8554382324219,36.1281547546387,36.4802208060551,36.8502178436256,37.2384967469106
Guinea,GIN,"Foreign direct investment, net inflows (% of GDP)",BX.KLT.DINV.WD.GD.ZS,0.697413496345229,1.57141015760488,1.8469021984972,2.45185683545098,2.96207137841546,6.14302807033806,5.48348837799648,1.3552372021911,..,14.0905035719922,7.92820721970247,0.00226821971801587,-0.840221306496811,0.605767981893699,18.8280094343567,5.59427174638354,2.97511256265365,0.330286821832839,1.25171292113785,1.15770496278309,3.30630355394451
Guinea,GIN,Poverty headcount ratio at $3.00 a day (2021 PPP) (% of population),SI.POV.DDAY,50.3,..,..,..,..,44,..,..,..,..,21.3,..,..,..,..,..,11.7,..,..,..,..
Guinea,GIN,GDP per capita (current US$),NY.GDP.PCAP.CD,495.916073559269,566.48540588068,584.897740538081,463.17768685098,446.980554135013,650.148575304743,703.532825784369,662.185914665575,659.235326211315,636.694958747648,699.353377212197,748.455020824734,765.146999389279,747.356966759448,711.996509782316,833.598621691121,933.273615633705,1031.34146480732,1053.66097696415,1244.96550477914,1416.59612011764
Guinea,GIN,Access to electricity (% of population),EG.ELC.ACCS.ZS,17.7,18.9,20.2,20.2,22.8,24.1,25.4,26.7,28.1,29.5,26.2,32.2,33.5,34.9,33.5,35.4,45,42.2,44.7,46.8,47.7
Guinea-Bissau,GNB,GDP growth (annual %),NY.GDP.MKTP.KD.ZG,3.65393603642713,-0.285931052286514,1.17189152277038,6.55977111846077,2.66650493269572,2.55982647078751,4.52457514610252,2.44795106098685,5.60536311358261,8.08504167173554,-1.71286958446419,3.25607190852087,0.964525745841428,6.1340893623123,5.4326782650304,4.66367943913264,3.76145359637003,5.32749571119344,2.89149979806913,5.0173096003907,5.45776090019501
Guinea-Bissau,GNB,"Inflation, consumer prices (annual %)",FP.CPI.TOTL.ZG,3.30012175283752,-3.50258551103421,0.883302696930943,3.32919922802856,1.95473717628916,4.61743772241997,10.4600731354706,-1.65139733620775,2.51785140171701,5.046102263202,2.13054580274503,1.20712555668405,-1.50924460570494,1.47672048910485,1.50312055861088,1.69111461822298,0.381324702790992,0.24660026814783,1.14000939393222,2.24248879577658,9.39075933985203
Guinea-Bissau,GNB,"Life expectancy at birth, total (years)",SP.DYN.LE00.IN,51.608,52.186,52.8,52.949,54.089,54.87,55.3,56.297,56.999,57.663,58.27,58.879,59.476,60.071,60.619,61.148,61.652,62.161,61.343,61.653,63.605
Guinea-Bissau,GNB,"Government expenditure on education, total (% of GDP)",SE.XPD.TOTL.GD.ZS,..,..,..,..,..,..,..,..,1.68221998214722,1.76593005657196,1.8863799571991,2.01027011871338,..,..,..,..,..,..,..,..,..
Guinea-Bissau,GNB,Individuals using the Internet (% of population),IT.NET.USER.ZS,1.02299323436117,1.35419747762901,1.80814220342991,1.90139997,2.057199955,2.20630002,2.35488871087933,2.30328059172582,2.450000048,2.671999931,2.894000053,3.099999905,3.319999933,6.099999905,13.80000019,14.80000019,15.69999981,17.92149925,20.45730019,23.3519001,27.67379951
Guinea-Bissau,GNB,Current health expenditure (% of GDP),SH.XPD.CHEX.GD.ZS,3.87280011,3.50201416,4.27070189,4.53462505,5.07826185,4.92573404,5.35239792,4.61063194,4.87133694,6.21634817,5.94134808,7.03943443,9.96897411,8.13228226,8.32881451,7.00049543,7.28164959,7.14602089,8.98898792,8.39794922,8.33752728
Guinea-Bissau,GNB,"Unemployment, total (% of total labor force) (national estimate)",SL.UEM.TOTL.NE.ZS,..,..,..,..,..,..,..,..,..,..,..,..,..,..,..,..,3.127,2.52,..,..,2.666
Guinea-Bissau,GNB,"School enrollment, primary (% gross)",SE.PRM.ENRR,..,..,107.977500915527,114.700538635254,119.655990600586,..,..,..,113.436782836914,..,..,..,..,..,..,..,..,..,..,..,..
Guinea-Bissau,GNB,"Agriculture, forestry, and fishing, value added (% of GDP)",NV.AGR.TOTL.ZS,35.2759589835735,36.8098623857343,36.9704988860037,40.3978248032999,39.4804221992245,38.169319139059,38.2595218073501,39.1543740432148,37.9530889182683,37.5633896672074,38.08528951059,38.6615813465664,34.8258068713683,35.1577785508063,36.3487649050334,36.3584920912937,32.5475708900674,31.3857385123606,36.6407419590115,40.05238080001,39.6677212772359
Guinea-Bissau,GNB,Urban population (% of total population),SP.URB.TOTL.IN.ZS,37.4734924367695,37.7773055741583,38.0781980012196,38.3801443659997,38.6871193165452,39.0030975009025,39.3320535671181,39.6716434222135,40.0095596313477,40.4391136169434,40.8686027526855,41.2976379394531,41.7271995544434,42.1568145751953,42.586109161377,43.0155792236328,43.4449081420898,43.8745574951172,44.3038330078125,44.7334136962891,45.1627159118652
Guinea-Bissau,GNB,"Foreign direct investment, net inflows (% of GDP)",BX.KLT.DINV.WD.GD.ZS,0.759522998746594,0.723518172893491,0.329050599325975,1.35867358840187,2.81783767413937,2.49217201872461,0.695948347275502,2.12209420424558,2.79117647230681,2.16270009395862,0.631297914892102,1.76984840814073,2.54152912247103,1.61191900956541,1.92748272635559,1.06744396733032,1.32316927565873,4.48928839147048,1.23102382929433,0.971357397018973,1.16676746385654
Guinea-Bissau,GNB,Poverty headcount ratio at $3.00 a day (2021 PPP) (% of population),SI.POV.DDAY,68.2,..,..,..,..,..,..,..,75.7,..,..,..,..,..,..,..,37.1,..,..,39.9,..
Guinea-Bissau,GNB,GDP per capita (current US$),NY.GDP.PCAP.CD,362.034574570354,419.78486611807,431.376557669634,463.073962650452,448.513075469701,519.069789794741,640.210331101753,583.190020139094,600.194298540768,719.539573498937,635.461653303881,654.304534409417,652.022501029449,645.066837207039,679.665386626818,783.123186602022,808.531613218504,811.210004050041,846.918134967613,926.54619187706,881.602654162231
Guinea-Bissau,GNB,Access to electricity (% of population),EG.ELC.ACCS.ZS,1.3,2.6,3.9,5.2,14.5,7.9,9.3,4.7,6,13.5,14.9,16.3,17.2,20.1,22.9,26,28.4,30.9,33.4,35.8,37.4
Guyana,GUY,GDP growth (annual %),NY.GDP.MKTP.KD.ZG,1.13262696199476,-0.632225388266377,1.56335211034042,-1.95095759501714,5.12960934773,7.19123624057457,1.75522349592019,3.61150847218585,4.13844160137342,5.19625156051602,5.27633062046809,3.65338433338232,1.68649445019584,0.687404590619494,3.80745626378814,3.73449154571284,4.44091288475967,5.35284003535665,43.479651716849,20.0599975568418,63.3346343654855
Guyana,GUY,"Inflation, consumer prices (annual %)",FP.CPI.TOTL.ZG,5.34101521377408,5.98097814066473,4.66846622369881,6.92554303890158,6.67715790410028,12.2001544446648,8.10202206969276,2.95230096381001,4.3005534033896,4.4073041447003,2.39057526653742,1.9111250917408,0.683700250354637,-0.865401289233742,0.826177341246544,1.94571617739331,1.25128567037044,2.11238986774464,0.722434045501787,4.50619858925893,6.93346066500816
Guyana,GUY,"Life expectancy at birth, total (years)",SP.DYN.LE00.IN,64.183,64.117,64.214,64.392,64.848,65.462,65.721,66.03,66.204,66.469,66.443,66.71,67.334,67.719,68.069,68.543,68.829,69.067,67.751,64.323,69.888
Guyana,GUY,"Government expenditure on education, total (% of GDP)",SE.XPD.TOTL.GD.ZS,8.36553955078125,6.95590019226074,5.51291990280151,8.13973045349121,3.11891007423401,2.39117002487183,..,2.15057992935181,2.40938997268677,2.50669002532959,2.24131989479065,..,4.36033010482788,3.89569997787476,4.73775005340576,4.6647801399231,4.45058012008667,..,..,..,..
Guyana,GUY,Individuals using the Internet (% of population),IT.NET.USER.ZS,1.5,2.4,3.7,5.699999809,8.899999619,13.80000019,18.2,23.9,29.9,30,30.5,31,32,34,35.65999985,42.6753006,48.59889984,55.31269836,62.95399857,71.65090179,76.56240082
Guyana,GUY,Current health expenditure (% of GDP),SH.XPD.CHEX.GD.ZS,3.19353795,3.26884198,3.43770432,3.79409742,3.93144464,4.28126192,4.20242214,4.35117149,4.21897697,4.17213488,3.7081871,3.80231309,3.94755435,4.02264786,4.01842117,4.3191123,4.90492535,4.90331507,5.37510586,4.64326477,2.52456355
Guyana,GUY,"Unemployment, total (% of total labor force) (national estimate)",SL.UEM.TOTL.NE.ZS,11.814,..,..,..,10.7,..,..,..,..,..,..,..,..,..,..,..,13.627,13.172,12.594,14.738,..
Guyana,GUY,"School enrollment, primary (% gross)",SE.PRM.ENRR,..,96.3386611938477,..,101.88932800293,..,98.7052307128906,100.129516601562,97.6101226806641,100.620507153069,104.945060789465,105.236896620854,..,..,..,..,..,..,87.7391790964465,96.3569272771871,96.3971945367294,..
Guyana,GUY,"Agriculture, forestry, and fishing, value added (% of GDP)",NV.AGR.TOTL.ZS,30.8816641067377,32.1128109729009,31.4937319776355,28.8858697300346,34.0002671058965,30.3847427538396,31.7275647737363,29.4241191257626,28.5284323037662,25.6836014005978,25.4400079005114,25.6475733667273,24.5940865009998,25.4431214761023,20.3872409058451,22.7580270434004,19.5356933126322,17.5953367342493,16.8510033249851,13.4551932931892,10.0298359219808
Guyana,GUY,Urban population (% of total population),SP.URB.TOTL.IN.ZS,28.4796776810692,28.3083472486662,28.0668850172523,27.7758550706193,27.4604582346121,27.1458953350755,26.8573671978542,26.620074648793,26.4592185137368,26.3999996185303,26.3999996185303,26.4003891353669,26.4018152016157,26.4043918297579,26.4080892882899,26.412905546573,26.4188378517884,26.4258834773058,26.4340397353676,26.443303961947,26.4536735068183
Guyana,GUY,"Foreign direct investment, net inflows (% of GDP)",BX.KLT.DINV.WD.GD.ZS,6.0044226038902,3.51248368176644,3.80800361007364,9.31043894391441,4.30285006670754,5.58043153055629,5.88393294374128,5.18058909263255,5.76769722571896,6.68583866568761,6.8398706440639,4.81209139842568,5.75992305097648,3.21740985101614,1.29386384235538,4.46995182690347,25.7279321835024,51.9994680084664,23.4509659519186,27.8124987352703,-20.3619575428882
Guyana,GUY,Poverty headcount ratio at $3.00 a day (2021 PPP) (% of population),SI.POV.DDAY,..,..,..,..,..,..,..,..,..,..,..,..,..,..,..,..,..,..,..,..,..
Guyana,GUY,GDP per capita (current US$),NY.GDP.PCAP.CD,950.866932470993,973.742598054188,1033.31030902188,1084.06541388904,3135.60553528326,3608.28685240188,4008.9628671603,4209.13230624565,4581.76179693492,4947.22170589917,5444.39751913913,5556.91231156932,5472.68820452237,5640.41560569466,5870.87823759835,6178.6650437298,6048.38697180418,6405.82443444562,6775.70939096303,9860.87014834386,17913.4928066879
Guyana,GUY,Access to electricity (% of population),EG.ELC.ACCS.ZS,75.7,76.2,76.8,77.5,73.4,78.5,79.1,77.6,83.3,84.2,85.1,86,86.9,88,89,90,90.9,91.6,92.3,92.9,93
Haiti,HTI,GDP growth (annual %),NY.GDP.MKTP.KD.ZG,1.05182013450109,3.48077973188326,-1.3178567596495,3.07217337664731,1.76875060288195,4.70652994008303,2.6580323082747,5.89037894844316,-5.65151153448299,5.09821354410036,0.502424403581585,4.32478411472874,2.88877250863379,1.40000000859727,1.81246807847532,2.51027134544685,1.66781095484656,-1.72309699839232,-3.30550546965893,-1.79823988931486,-1.68198396897978
Haiti,HTI,"Inflation, consumer prices (annual %)",FP.CPI.TOTL.ZG,7.03287406224601,28.6995777887374,21.0318339277222,13.973008326384,11.3452152244299,6.55722772638066,15.2817744823772,0.393886040173341,4.82734190074673,6.33279483849042,5.01804155429246,4.76502404779142,3.43816659958601,6.73184069658997,11.5029073942666,10.6800887242584,12.4814111170435,18.7037825672506,22.7963113642528,16.8415240198785,33.98393194707
Haiti,HTI,"Life expectancy at birth, total (years)",SP.DYN.LE00.IN,59.041,59.44,58.517,60.318,60.74,61.09,61.28,61.694,45.577,61.581,62.273,62.624,62.969,63.224,63.325,63.832,64.077,64.328,63.773,62.613,63.948
Haiti,HTI,"Government expenditure on education, total (% of GDP)",SE.XPD.TOTL.GD.ZS,..,..,..,..,..,..,..,..,..,..,..,..,1.75226998329163,1.85497999191284,1.38776004314423,1.49846994876862,1.63715994358063,1.08414978067408,1.11353641558643,1.24275181117048,1.02689812206798
Haiti,HTI,Individuals using the Internet (% of population),IT.NET.USER.ZS,0.893432988337908,1.64735834557778,5.401261907622,6.376200199,6.796000004,7.199999809,7.599999905,8.100000381,8.369999886,9,9.800000191,10.60000038,11.39999962,14.19999981,22.79999924,27.20000076,32.4736271300557,35.76409912,39.38809967,43.37919998,47.77470016
Haiti,HTI,Current health expenditure (% of GDP),SH.XPD.CHEX.GD.ZS,3.43250132,3.53695321,3.42928433,3.30554652,3.48013902,3.64734101,3.75722051,3.50277376,4.54871035,5.91197777,5.56462336,4.10524035,4.52035809,5.07518148,4.80760574,3.8199389,4.31650305,3.91107917,3.78651953,3.57739854,3.20755076
Haiti,HTI,"Unemployment, total (% of total labor force) (national estimate)",SL.UEM.TOTL.NE.ZS,..,25.438,..,..,..,16.8,..,..,..,..,14.1,..,..,..,..,..,..,..,..,..,..
Haiti,HTI,"School enrollment, primary (% gross)",SE.PRM.ENRR,..,..,..,..,..,..,..,..,..,..,..,..,..,..,183.989440244666,..,..,..,..,..,..
Haiti,HTI,"Agriculture, forestry, and fishing, value added (% of GDP)",NV.AGR.TOTL.ZS,15.8465044649721,16.720141598204,15.8505214181337,18.053012942039,17.716303487923,19.0751062719029,18.4326161641106,18.7934646435559,20.2326950876929,20.0431188990154,19.4699035948555,19.3274999569264,17.8297636475726,17.2198989989619,17.9835139851461,18.8264709950195,18.7060141160075,19.1874037315046,20.362493732044,20.8736635722952,20.41702851414
Haiti,HTI,Urban population (% of total population),SP.URB.TOTL.IN.ZS,39.9708985140797,41.2007603284477,41.8705746346912,42.5791771857318,43.2846444920296,43.9866171992907,44.6847359532184,45.3786413995138,46.0679741838751,46.7523749519985,47.4314843495779,48.1049430223048,48.7723916158687,49.4334707759572,50.087821148256,50.735083378449,51.374898112219,52.0069059952475,52.6307476732151,53.2460637918026,53.8524949966907
Haiti,HTI,"Foreign direct investment, net inflows (% of GDP)",BX.KLT.DINV.WD.GD.ZS,0.0918488613041635,0.272084819262136,0.0969221359795515,0.369835650694654,2.10244121995639,0.807269738778004,0.285633151798952,0.478313239983432,1.50093014768549,0.91476918408797,1.13794476642421,1.0865204500402,0.653599798370867,0.711667596569424,0.745596209929376,2.48360915333592,0.640093066153268,0.499464210439719,0.17231607778598,0.247164798843834,0.195958763168676
Haiti,HTI,Poverty headcount ratio at $3.00 a day (2021 PPP) (% of population),SI.POV.DDAY,..,..,..,..,..,..,..,..,..,..,40.4,..,..,..,..,..,..,..,..,..,..
Haiti,HTI,GDP per capita (current US$),NY.GDP.PCAP.CD,720.969568042522,578.995291079709,683.185298155273,775.845704056916,828.805700289589,984.566983448521,1094.66058421644,1196.8528706018,1209.72733503094,1312.03953552013,1361.39396587374,1457.83221179626,1460.18898613914,1411.12684746796,1318.40268167953,1395.23945184461,1496.38048970156,1352.17204191532,1290.32538667383,1824.6798742577,1748.40890116803
Haiti,HTI,Access to electricity (% of population),EG.ELC.ACCS.ZS,33.1,31.6,34.1,34.5,33.9,35.5,36.1,36.6,37.2,37.8,37.9,38.9,39.6,40.8,40.4,43.3,44.4,45.4,46.3,47.2,49.3
Honduras,HND,GDP growth (annual %),NY.GDP.MKTP.KD.ZG,3.75433786119939,4.54703805165397,6.23230296069102,6.05059922215973,6.56724355177587,6.18832716678008,4.23160011009342,-2.43162787988011,3.73114034433009,3.83569066207505,4.12868774866939,2.79155975746801,3.0580805621437,3.84007997093951,3.89297219726413,4.84291391050387,3.84499476966735,2.55963434592314,-8.96508223267296,12.5652843771279,4.14356194013767
Honduras,HND,"Inflation, consumer prices (annual %)",FP.CPI.TOTL.ZG,7.6905097203429,7.67416639397743,8.11379097093383,8.80906074819817,5.57775207654292,6.93621470895786,11.4034270813932,5.49634273772203,4.69889064976232,6.7622795731476,5.19618615531848,5.16189898581494,6.12924930313031,3.15783117980915,2.72461223295289,3.93436084442037,4.34734937777536,4.36587159819274,3.46841177951171,4.48087963413446,9.08963911525032
Honduras,HND,"Life expectancy at birth, total (years)",SP.DYN.LE00.IN,68.714,68.874,69.05,69.198,69.364,69.539,69.657,69.823,69.77,70.116,70.46,70.765,71.032,71.323,71.615,71.805,72.001,72.124,70.864,69.492,72.715
Honduras,HND,"Government expenditure on education, total (% of GDP)",SE.XPD.TOTL.GD.ZS,..,..,..,..,..,..,..,..,..,..,6.29972793577391,5.87493991851807,7.09010982513428,6.41298007965088,6.09509492079297,5.74434396129576,6.05646991729736,5.98198266311593,6.09801328648889,5.88160201792279,4.48280030802056
Honduras,HND,Individuals using the Internet (% of population),IT.NET.USER.ZS,2.5974025974026,4.8,5.6,6.5,7.800000191,9.399999619,9.6,9.800000191,11.09,15.9,18.12,17.8,23,27.1395454833776,29.5282180796457,31.7357924661485,36.0400608231468,39.3883521850111,45.24829865,51.95159912,56.88069916
Honduras,HND,Current health expenditure (% of GDP),SH.XPD.CHEX.GD.ZS,6.2445755,6.89004707,6.85484362,7.50086403,7.86318684,8.08494949,8.60362625,8.99592495,8.72536373,8.79187012,8.65655136,8.47723007,7.91455746,7.4837904,7.709445,7.00668859,7.22820663,7.34316635,9.21912384,9.27311516,8.15452766
Honduras,HND,"Unemployment, total (% of total labor force) (national estimate)",SL.UEM.TOTL.NE.ZS,4.019,5.302,5.986,4.909,3.574,3.211,3.156,3.292,4.119,4.474,3.755,5.646,7.078,6.147,6.727,5.528,5.648,5.698,10.982,8.506,8.774
Honduras,HND,"School enrollment, primary (% gross)",SE.PRM.ENRR,..,108.33374786377,106.424087524414,102.47428894043,105.866416931152,100.833831787109,101.453086853027,99.5311126708984,99.4327616233952,97.6766786028118,94.1871653490279,90.5529233749786,89.4033670410587,89.2421539364839,88.6465188864987,87.1120951772099,..,85.3644845988859,83.6552990388855,80.8933611486072,82.2937171979577
Honduras,HND,"Agriculture, forestry, and fishing, value added (% of GDP)",NV.AGR.TOTL.ZS,12.1834127398259,11.6140985227332,12.1707041468662,12.4709247586633,11.8565791514775,11.9110474415928,12.1501702062634,10.8250414864446,11.5912204379757,14.2196558016976,13.5662940347061,12.1911279403961,12.5383501333105,12.2159784468116,12.0499014058464,12.6697681094878,11.6101604613644,10.6380334094751,12.1880671407553,10.8930519266193,12.4732730244455
Honduras,HND,Urban population (% of total population),SP.URB.TOTL.IN.ZS,46.4194190064116,46.990184604045,47.5739776096056,48.1703884178554,48.7790074235564,49.3994250214704,50.0312316063593,50.6740175729851,51.3273733161098,51.9908892304951,52.6641557109031,53.356379133253,53.8768089124249,54.3828473751434,54.8868414578857,55.3877322339915,55.8852577716247,56.3791561389766,56.8691654042685,57.3550236357547,57.8364689017254
Honduras,HND,"Foreign direct investment, net inflows (% of GDP)",BX.KLT.DINV.WD.GD.ZS,3.6562173778393,4.74055553954205,6.67606399673031,6.16028277171203,6.57287305327357,7.82223281251053,8.65020371949481,3.38987200238321,3.83460574737835,5.88681418228473,5.83610988955542,5.77862113948416,8.62899693066618,6.27594328427599,5.28156973350556,4.10592046689605,5.99386120691106,3.83846408231678,1.0106822391556,2.84361329738544,2.41292398026651
Honduras,HND,Poverty headcount ratio at $3.00 a day (2021 PPP) (% of population),SI.POV.DDAY,29,34,33.3,31.3,27.3,22,20.9,18.1,19.6,20.1,24,20.8,20.6,19.9,19.8,19.3,19.8,18.8,..,..,..
Honduras,HND,GDP per capita (current US$),NY.GDP.PCAP.CD,1132.49965345317,1156.08162681357,1215.13995412761,1304.70039153826,1425.84780051892,1577.73789197407,1732.49062702803,1781.15703614674,1893.32722662035,2073.66121088074,2126.03474686503,2081.12843527945,2179.88171977271,2271.20265980349,2307.34468351082,2413.0076562942,2464.64241531918,2502.32744328073,2307.61494319511,2735.14751503977,3003.28996826399
Honduras,HND,Access to electricity (% of population),EG.ELC.ACCS.ZS,63.1,65.1,67.1,68.9,71.3,73.5,76.4,78.3,81,82.2,83.6,87.2,88.7,90,91.6,86.5,91.6,91.1,93.1,94.1,94.4
"Hong Kong SAR, China",HKG,GDP growth (annual %),NY.GDP.MKTP.KD.ZG,1.6567016736435,3.05635886663597,8.70006555836002,7.38815395153696,7.03264766297669,6.46482809096842,2.12793685154209,-2.45909150468412,6.76770683250318,4.81466801092733,1.70032214482865,3.10155262780289,2.76241378329884,2.38780116013344,2.17544820327555,3.79610937243891,2.84690922660509,-1.67242865968056,-6.54479640529367,6.45443038333934,-3.68528359281325
"Hong Kong SAR, China",HKG,"Inflation, consumer prices (annual %)",FP.CPI.TOTL.ZG,-2.98313878080415,-2.67379679144394,-0.274725274725253,0.826446280991827,2.00025160397534,2.03502713369511,4.30315484104921,0.579441418472608,2.29289088604673,5.3052489299392,4.05390950903844,4.33799342105267,4.42364532019699,2.99084819322581,2.40930743862224,1.49387243939522,2.40613432046534,2.88320853773996,0.2509620210808,1.56875834445922,1.88136707196853
"Hong Kong SAR, China",HKG,"Life expectancy at birth, total (years)",SP.DYN.LE00.IN,81.4521951219512,81.3434146341464,81.7992682926829,81.6090243902439,82.3848780487805,82.3668292682927,82.3404878048781,82.7751219512195,82.9575609756098,83.4119512195122,83.450243902439,83.8312195121951,83.9356097560976,84.2526829268293,84.2114634146342,84.6956097560976,84.869756097561,85.1558536585366,85.4963414634146,85.5326829268293,83.6609756097561
"Hong Kong SAR, China",HKG,"Government expenditure on education, total (% of GDP)",SE.XPD.TOTL.GD.ZS,4.01555013656616,4.28530979156494,4.55894994735718,4.13463020324707,3.84278011322021,3.45455002784729,3.2606201171875,4.39211988449097,3.5100200176239,3.41823005676269,3.50960993766785,3.76031994819641,3.57254004478455,3.26210999488831,3.29269003868103,3.30989003181458,3.32624006271362,3.81017994880676,4.40563011169434,4.00030994415283,3.72866988182068
"Hong Kong SAR, China",HKG,Individuals using the Internet (% of population),IT.NET.USER.ZS,43.0823830278909,52.2000433497404,56.3998803935333,56.9,60.8,64.8,66.7,69.4,72,72.19999695,72.9,74.2,79.8662704309064,84.9483529634062,87.47941467087,89.4159446487565,90.5073953294283,91.7434003891587,92.41313602,93.08715788,95.61357052
"Hong Kong SAR, China",HKG,Current health expenditure (% of GDP),SH.XPD.CHEX.GD.ZS,..,..,..,..,..,..,..,..,..,..,..,..,..,..,..,..,..,..,..,..,..
"Hong Kong SAR, China",HKG,"Unemployment, total (% of total labor force) (national estimate)",SL.UEM.TOTL.NE.ZS,7.28,7.86,6.74,5.58,4.77,4.01,3.56,5.26,4.329,3.422,3.285,3.4,3.296,3.314,3.392,3.124,2.805,2.917,5.808,5.174,4.318
"Hong Kong SAR, China",HKG,"School enrollment, primary (% gross)",SE.PRM.ENRR,101.921310424805,102.71070098877,100.331642150879,100.73030090332,101.055946350098,100.729278564453,102.480163574219,104.338989257812,105.429219600726,104.602752580544,107.340572556762,106.884666666667,105.045690213869,105.131520708188,104.741013824885,104.80790960452,103.430995475113,102.202607278653,105.128762541806,106.033688453786,103.028312901343
"Hong Kong SAR, China",HKG,"Agriculture, forestry, and fishing, value added (% of GDP)",NV.AGR.TOTL.ZS,0.0881032820206869,0.0751987993656245,0.0731235605934626,0.0674869434363105,0.0629926078474022,0.0614869792991817,0.0541731796493912,0.0656925288308839,0.0533684018528068,0.0487999048815413,0.0546866831053985,0.0572883662527095,0.0661945438173809,0.0679653751855497,0.0762065977729043,0.0652727034141459,0.0621422719454446,0.0723017256105577,0.098961317261836,0.0755934592131795,0.0529028573951146
"Hong Kong SAR, China",HKG,Urban population (% of total population),SP.URB.TOTL.IN.ZS,100,100,100,100,100,100,100,100,100,100,100,100,100,100,100,100,100,100,100,100,100
"Hong Kong SAR, China",HKG,"Foreign direct investment, net inflows (% of GDP)",BX.KLT.DINV.WD.GD.ZS,4.05644798053661,11.5049681043857,13.1249372796878,22.5606006200286,23.2008118497036,29.358179802523,30.570763400766,25.3568166432836,36.174608362048,38.684029536737,28.5144344855168,27.8775202185389,44.5506957088126,58.5183725103253,41.5318364506118,36.8375516616862,26.8255240590301,16.0571325877868,34.0497513548395,37.1838191639948,34.1279470162123
"Hong Kong SAR, China",HKG,Poverty headcount ratio at $3.00 a day (2021 PPP) (% of population),SI.POV.DDAY,..,..,..,..,..,..,..,..,..,..,..,..,..,..,..,..,..,..,..,..,..
"Hong Kong SAR, China",HKG,GDP per capita (current US$),NY.GDP.PCAP.CD,24665.8362318216,23977.1734120477,24928.1003722551,26649.637724155,28224.0951563146,30593.9511738646,31515.5292103443,30697.5383861641,32550.136489179,35142.4879344543,36730.796195815,38403.7777145477,40315.3739510191,42432.1619740441,43734.1980702999,46160.429791493,48537.5668888343,48359.0011950597,46109.2299946609,49770.5642374739,48825.0272275805
"Hong Kong SAR, China",HKG,Access to electricity (% of population),EG.ELC.ACCS.ZS,100,100,100,100,100,100,100,100,100,100,100,100,100,100,100,100,100,100,100,100,100
Hungary,HUN,GDP growth (annual %),NY.GDP.MKTP.KD.ZG,4.73006530805553,3.93877761242727,4.96312536156307,4.30028318461673,3.93393162712054,0.332354337878925,0.993437085479655,-6.7401660845502,1.06795068152046,1.91670916599742,-1.33948446518181,2.03216990678146,4.33435364113967,3.65981615406955,2.43864141309342,4.12418389451805,5.60613813768876,5.07718495088933,-4.33872540024058,7.22291580811137,4.15238057779229
Hungary,HUN,"Inflation, consumer prices (annual %)",FP.CPI.TOTL.ZG,5.26544821583985,4.66101694915254,6.74434679569469,3.56151711378352,3.93032603841001,7.9587451654491,6.0425125388106,4.21171171171171,4.85555795691956,3.9299209893507,5.65214517088646,1.73319984983101,-0.227566270988219,-0.0616446800641672,0.394769306686392,2.34824281150154,2.85024792594646,3.33858635382008,3.32674385766738,5.11096534382855,14.6081439492433
Hungary,HUN,"Life expectancy at birth, total (years)",SP.DYN.LE00.IN,72.3487804878049,72.3,72.6487804878049,72.6487804878049,73.0975609756098,73.1512195121951,73.7024390243903,73.9048780487805,74.2073170731707,74.8585365853659,75.0634146341463,75.5658536585366,75.7634146341463,75.5682926829269,76.0634146341464,75.8170731707317,76.0658536585366,76.3195121951219,75.419512195122,74.0658536585366,75.8682926829268
Hungary,HUN,"Government expenditure on education, total (% of GDP)",SE.XPD.TOTL.GD.ZS,5.17711019515991,5.79872989654541,5.33301019668579,5.32539987564087,5.29485988616943,5.13725996017456,4.97069978713989,4.95626020431519,4.73365020751953,4.57056999206543,4.15359020233154,4.19040012359619,4.59878015518188,4.49287986755371,4.60210990905762,4.64034986495972,4.60567998886108,4.20140981674194,4.12265014648438,4.65407991409302,3.8011999130249
Hungary,HUN,Individuals using the Internet (% of population),IT.NET.USER.ZS,16.67,21.63,27.74,38.97,47.06,53.3,61,62,65,68.0199878861296,70.579998153838,72.6439,75.6531974544103,72.8347370323805,79.2594121273057,76.7505471201922,76.0743606365063,80.3716936050482,84.77115202,88.64083466,89.14282688
Hungary,HUN,Current health expenditure (% of GDP),SH.XPD.CHEX.GD.ZS,7.1181159,8.12986469,7.76592064,7.99248505,7.78556442,7.20719147,7.09275723,7.2366724,7.46420383,7.49342251,7.43047714,7.23645353,7.04192352,6.8501935,6.96752644,6.73338366,6.55460501,6.24677849,7.230515,7.33524847,6.6474123
Hungary,HUN,"Unemployment, total (% of total labor force) (national estimate)",SL.UEM.TOTL.NE.ZS,5.608,5.79,5.832,7.189,7.494,7.406,7.817,10.03,11.172,11.029,11.003,10.177,7.725,6.813,5.115,4.156,3.667,3.411,4.248,4.021,3.583
Hungary,HUN,"School enrollment, primary (% gross)",SE.PRM.ENRR,101.256103515625,101.329246520996,100.859748840332,100.982482910156,101.501808166504,101.520332336426,101.747993469238,100.920570373535,100.467422485352,100.100288391113,101.069969177246,100.73802947998,101.617790222168,101.536590576172,100.159217834473,99.7975769042969,98.3147735595703,98.4033508300781,99.1123809814453,103.530723571777,105.575531005859
Hungary,HUN,"Agriculture, forestry, and fishing, value added (% of GDP)",NV.AGR.TOTL.ZS,4.3698045801714,3.90627498031927,4.35683545455054,3.72514185336456,3.53874601085628,3.48786630899698,3.47814940071837,2.99527728031797,3.00710894106453,3.97302154410133,3.88850753892061,3.92253734459854,3.94529830379291,3.76135548183773,3.8677257212942,3.74894666908719,3.47162730279737,3.32505112170721,3.36254685371176,3.45755919325803,3.14401314538933
Hungary,HUN,Urban population (% of total population),SP.URB.TOTL.IN.ZS,65.0400009155273,64.8452987670898,65.0225372314453,66.1261367797852,67.0155868530273,67.0041656494141,68.0976986078883,68.4592590332031,69.5305480957031,69.4779934082031,69.5772326660156,69.9277636266638,70.3071053512008,70.4847717285156,70.4733810424805,70.4542541503906,70.4711761474609,70.4565277099609,70.2917327880859,70.2059275331413,70.1585064243445
Hungary,HUN,"Foreign direct investment, net inflows (% of GDP)",BX.KLT.DINV.WD.GD.ZS,5.38678090915431,4.88025299452782,4.36291277823616,24.3060288068427,16.1574876503265,50.4065230275136,47.2364211896638,-2.28280495631194,-15.8854380283338,7.45442145492381,8.30549850772091,-2.74986395257086,9.1265022330579,-4.3672559097876,53.8467636785015,-8.6313549623639,-40.1082460169744,59.5775493833952,105.635755544096,18.2639108972104,-1.05246677407293
Hungary,HUN,Poverty headcount ratio at $3.00 a day (2021 PPP) (% of population),SI.POV.DDAY,0.1,0.2,0.3,1,0.2,0.2,0.1,0.1,0.2,0.2,0.5,0.5,1,1,1.6,0.9,..,..,..,..,..
Hungary,HUN,GDP per capita (current US$),NY.GDP.PCAP.CD,6658.04494326809,8410.09248198479,10291.2694721409,11212.2046968994,11478.4891640501,13934.605460375,15762.6322515113,13051.1831777184,13189.8433874768,14211.460557822,12950.1594488143,13739.4620151401,14352.501883174,12782.9412577973,13215.8605277789,14736.1668157258,16605.0570511887,17012.8598553199,16386.9308821258,19030.628130329,18428.028825614
Hungary,HUN,Access to electricity (% of population),EG.ELC.ACCS.ZS,100,100,100,99.9,99.9,100,100,100,100,100,100,100,100,100,100,100,100,100,100,100,100
Iceland,ISL,GDP growth (annual %),NY.GDP.MKTP.KD.ZG,0.542286728290463,2.28136971847135,7.62260520494142,7.02934061160924,5.67161248703039,8.74132941862472,1.69961072411662,-8.32146414938261,-2.22181843777449,1.37999669197329,1.16931174934061,3.59695697128252,1.91381613095174,3.76859020213645,6.21808764670307,3.48506704155555,4.66077036232377,1.13821227336888,-6.64587810456635,5.18057190719905,8.85729897856851
Iceland,ISL,"Inflation, consumer prices (annual %)",FP.CPI.TOTL.ZG,5.1970223021663,2.05566329753744,3.15819324298459,3.98704782806593,6.68707906136667,5.05155736492143,12.6943942775877,12.0031298461743,5.39673113167484,4.0010266434312,5.18589988750698,3.8722792374824,2.04461481539342,1.63305558181335,1.69692761997734,1.76041559180605,2.68291768267392,3.01397179156061,2.84792401518657,4.44423970189746,8.30875511558912
Iceland,ISL,"Life expectancy at birth, total (years)",SP.DYN.LE00.IN,80.5024390243903,80.9634146341464,80.9975609756098,81.5024390243902,81.1585365853659,81.4536585365854,81.609756097561,81.7512195121951,81.8975609756097,82.3585365853659,82.9170731707317,82.0609756097561,82.8609756097561,82.4682926829268,82.2048780487805,82.6609756097561,82.8609756097561,83.1634146341463,83.0634146341463,83.1658536585366,82.119512195122
Iceland,ISL,"Government expenditure on education, total (% of GDP)",SE.XPD.TOTL.GD.ZS,7.29892015457153,7.24507999420166,7.16119003295898,7.33842992782593,7.19518995285034,6.94434022903442,7.03599977493286,7.18984985351562,6.94422006607056,6.78996992111206,7.58223009109497,7.44866991043091,7.6414098739624,7.45796012878418,7.43221998214722,7.58384990692139,7.56350994110107,7.60129976272583,8.5838098526001,8.2265796661377,7.30798006057739
Iceland,ISL,Individuals using the Internet (% of population),IT.NET.USER.ZS,79.12,83.14,83.88,87,89.51,90.6,91,93,93.39,94.8196868008949,96.2097995545657,96.5468,98.1580233097118,98.19999695,98.23999786,98.2552011867973,99.0109539916991,99.5049411693787,99.5327519,99.68701957,97.58339691
Iceland,ISL,Current health expenditure (% of GDP),SH.XPD.CHEX.GD.ZS,9.40382481,9.72930241,9.32854366,8.94694996,8.55709076,8.3535862,8.34370804,8.77518463,8.36173058,8.25498867,8.23091221,8.22651291,8.29044247,8.13121986,8.15569115,8.3243084,8.43817616,8.63996315,9.64908886,9.72073746,9.08145332
Iceland,ISL,"Unemployment, total (% of total labor force) (national estimate)",SL.UEM.TOTL.NE.ZS,2.988,3.997,4.031,2.547,2.83,2.251,2.946,7.22,7.564,7.028,6,5.376,4.897,3.979,2.978,2.742,2.704,3.507,5.478,6.029,3.789
Iceland,ISL,"School enrollment, primary (% gross)",SE.PRM.ENRR,98.8905715942383,99.0588302612305,99.1075668334961,99.1848678588867,98.8979187011719,98.5585098266602,98.4482421875,98.4017105102539,98.8301391601562,98.7551574707031,98.8329925537109,98.7876205444336,98.7708206176758,98.6862182617188,98.9531784057617,98.8624114990234,98.88671875,98.8134307861328,98.5561218261719,98.5672912597656,98.5116424560547
Iceland,ISL,"Agriculture, forestry, and fishing, value added (% of GDP)",NV.AGR.TOTL.ZS,7.40410685574256,6.34802769431979,5.22712887100887,4.65914418730598,4.71216540055294,4.14422017475605,4.84499076014344,5.59973924229062,6.30607576724851,6.80354686881859,6.78778087975117,6.04859910943695,5.2481645293506,5.38208899929138,4.47135515188719,3.75031988716598,4.16468316974913,4.42492787831943,4.79261696705132,4.41052130328966,4.20588929303782
Iceland,ISL,Urban population (% of total population),SP.URB.TOTL.IN.ZS,92.1674022598912,92.3235559316863,92.4377293375354,92.377441015064,92.1949009038813,92.3614571703229,93.0646442174216,93.4441340553707,93.4588348107886,93.41106112427,93.514892578125,93.6166725158692,93.6196716315805,93.727919768566,93.7822647094726,93.7718982310092,93.8526667025487,93.9770847416131,94.1367102874722,94.2108206403841,94.1787071228028
Iceland,ISL,"Foreign direct investment, net inflows (% of GDP)",BX.KLT.DINV.WD.GD.ZS,0.976035937953064,2.8998206651811,5.40905235148605,18.042727115684,21.9365764797895,31.2938758397836,6.59629631732958,0.48127099169328,1.84577695426496,7.19083904863249,6.85345908435807,2.90937107233191,4.24755010057716,6.47308431453939,-5.05739639771987,-27.9324374411863,-2.33423231382448,-2.22712995709055,-3.98671122506617,1.52832650765088,4.73857488658574
Iceland,ISL,Poverty headcount ratio at $3.00 a day (2021 PPP) (% of population),SI.POV.DDAY,..,0,0.2,0,0.2,0.1,0.1,0.1,0.1,0.2,0,0.1,0,0,0,0,0.3,0.1,..,..,..
Iceland,ISL,GDP per capita (current US$),NY.GDP.PCAP.CD,32749.379004627,39944.2104095591,47809.6073050042,57783.7745608117,58172.1426656622,70483.0117228535,57489.3399795216,41483.7843682814,43776.4677400475,48254.953927254,46594.9869146614,50173.3360061057,55140.364935793,53505.6964079339,62854.0906407932,72976.3729990975,75633.8651351915,69296.3144361601,60127.9393575616,70425.4064277273,76376.9599334915
Iceland,ISL,Access to electricity (% of population),EG.ELC.ACCS.ZS,100,100,100,100,100,100,100,100,100,100,100,100,100,100,100,100,100,100,100,100,100
India,IND,GDP growth (annual %),NY.GDP.MKTP.KD.ZG,3.80397532120038,7.86038147545045,7.92293661307978,7.92343062131789,8.06073257305057,7.66081506510766,3.08669805950082,7.8618888330338,8.49758470165625,5.24131620024293,5.45638755164772,6.38610640091713,7.41022760516977,7.99625378567987,8.25630550176662,6.79538341902422,6.45385134495295,3.87143694070524,-5.77772470687303,9.68959249191741,7.6093649776932
India,IND,"Inflation, consumer prices (annual %)",FP.CPI.TOTL.ZG,4.29715203929562,3.80585899528853,3.76725173477517,4.24634362031924,5.79652337561634,6.37288135593231,8.34926704907575,10.8823529411764,11.9893899204245,8.9117933648336,9.47899691419793,10.0178784746104,6.66565671867899,4.90697344127249,4.94821634062134,3.32817337461305,3.93882646691643,3.72950573539123,6.6234367762853,5.13140747176364,6.69903414079858
India,IND,"Life expectancy at birth, total (years)",SP.DYN.LE00.IN,63.649,64.086,64.484,64.939,65.373,65.803,66.247,66.7,67.162,67.623,68.076,68.499,68.932,69.326,69.709,70.068,70.415,70.746,70.156,67.282,71.698
India,IND,"Government expenditure on education, total (% of GDP)",SE.XPD.TOTL.GD.ZS,..,3.61342000961304,3.35254001617432,3.18876004219055,3.14284992218018,..,..,3.27824997901917,3.377690076828,3.79618000984192,3.8675000667572,3.84467005729675,3.89878023242693,4.1145601272583,4.25406980514526,4.30543994903565,4.36374998092651,3.89732003211975,4.29335021972656,4.62949991226196,4.09865814174589
India,IND,Individuals using the Internet (% of population),IT.NET.USER.ZS,1.53787558175083,1.68648997063625,1.97613649190559,2.388099909,2.80549986534254,3.95,4.38,5.12,7.5,10.07,11.10000038,12.30000019,13.5,14.89999962,16.5,18.20000076,20.0813000379384,29.52350044,43.40544313,49.2580986,55.9
India,IND,Current health expenditure (% of GDP),SH.XPD.CHEX.GD.ZS,4.31453371,4.07877731,4.02679491,3.85508275,3.66901541,3.58103991,3.58856082,3.54637694,3.33625913,3.24634218,3.32935286,3.74944186,3.61956549,3.59565973,3.50430417,2.93597651,2.8584938,2.95299792,3.34146094,3.34680939,3.39623499
India,IND,"Unemployment, total (% of total labor force) (national estimate)",SL.UEM.TOTL.NE.ZS,..,..,..,3.804,..,..,..,..,3.115,..,3.222,..,..,..,..,..,7.652,6.51,7.859,6.38,4.822
India,IND,"School enrollment, primary (% gross)",SE.PRM.ENRR,97.4474563598633,105.664947509766,..,..,..,113.330406188965,113.827751159668,112.490791320801,112.218696594238,109.707902683748,112.384407043457,106.095840129942,103.55659949185,104.221831829753,103.742722477923,101.886981326278,101.097955349788,99.5039235046054,101.291254076896,102.316124063995,111.084455602236
India,IND,"Agriculture, forestry, and fishing, value added (% of GDP)",NV.AGR.TOTL.ZS,19.5345432709546,19.5919979784251,17.8146906487994,17.6202069548839,16.8094420944381,16.7501197597569,16.7909423598037,16.7442701563161,17.0265090136912,17.191973558015,16.8453770661356,17.1484235433697,16.7919345145039,16.1745081068401,16.3638005616331,16.5583314049368,16.031630686449,16.7555683032837,18.6685376603727,17.3725615260314,18.2106659929942
India,IND,Urban population (% of total population),SP.URB.TOTL.IN.ZS,28.1756878910456,28.4660287698,28.7726067228528,29.0945497159107,29.4309857146804,29.7810426848684,30.1438485921815,30.5185314023263,30.9042190810094,31.2746502853309,31.5898935604399,31.9096789235237,32.2288233408821,32.5472990022299,32.8650780972823,33.1821328157539,33.4984353473598,33.8139578818147,34.1286726088333,34.4425517181304,34.7555673994206
India,IND,"Foreign direct investment, net inflows (% of GDP)",BX.KLT.DINV.WD.GD.ZS,1.01156946489919,0.605887857091792,0.765596855110284,0.886098378458823,2.13016842534495,2.07339404668754,3.6205232354017,2.65159033235479,1.6350340943491,2.0020634629993,1.31293453035323,1.5162764665975,1.69565958990806,2.09211521443253,1.9373641224439,1.50731583255894,1.55821483801456,1.78482633957161,2.40620322673636,1.41217101040888,1.53665241748393
India,IND,Poverty headcount ratio at $3.00 a day (2021 PPP) (% of population),SI.POV.DDAY,..,..,46.4,..,..,..,..,34.6,..,27.1,..,..,..,..,..,..,..,..,..,..,5.3
India,IND,GDP per capita (current US$),NY.GDP.PCAP.CD,469.149928973927,544.143133545002,624.258826510066,710.488080408949,801.668353659022,1021.88707706826,992.519584923828,1094.94974598436,1347.51939071367,1445.46127486037,1429.32199520032,1432.84397512195,1553.88396075118,1583.99815907985,1707.50892912243,1950.10468280866,1966.25455171679,2041.42863698585,1907.04251637669,2239.61384367482,2279.98145719369
India,IND,Access to electricity (% of population),EG.ELC.ACCS.ZS,62.3,65.4,64.4,68.8,67.9,72.3,74.1,75,76.3,79.5,79.9,83.1,85.1,88,89.6,91.8,95.7,95.9,96.5,99.6,99.2
Indonesia,IDN,GDP growth (annual %),NY.GDP.MKTP.KD.ZG,4.49947539085764,4.78036912167654,5.03087394501685,5.69257130383384,5.50095178520348,6.34502222667214,6.01370360009123,4.62887118256153,6.22385418062366,6.16978420771008,6.03005065305615,5.5572636889101,5.006668425755,4.87632230022123,5.03306918280177,5.06978590134916,5.17429153955024,5.01928768046282,-2.06551182934165,3.70288562827751,5.30719722664799
Indonesia,IDN,"Inflation, consumer prices (annual %)",FP.CPI.TOTL.ZG,11.9001200338414,6.75731256333564,6.06406189133648,10.4532001873347,13.108670985346,6.40656087966005,10.2266663272483,4.38641311792074,5.13420639015885,5.35604849112582,4.2795142691943,6.41249457900391,6.39492882396559,6.36312061196646,3.52580452815451,3.80879857691949,3.19834755924996,3.03058460941661,1.91983527270793,1.56007882983334,4.20946463714784
Indonesia,IDN,"Life expectancy at birth, total (years)",SP.DYN.LE00.IN,66.954,67.134,65.521,67.531,67.664,67.914,68.085,68.267,68.364,68.629,68.862,69.064,69.292,69.52,69.733,69.953,70.08,70.349,68.817,67.452,70.925
Indonesia,IDN,"Government expenditure on education, total (% of GDP)",SE.XPD.TOTL.GD.ZS,2.64568996429443,3.21799993515015,2.74846005439758,2.87281990051269,..,3.04426002502441,2.90190005302429,3.52513003349304,2.81227993965149,3.18944001197815,3.40748000144958,3.35904002189636,3.28800988197327,3.58361005783081,1.21023452496964,1.05324382490056,0.994436460846179,0.964399077622927,1.01593221347809,1.03221750658374,0.863943349575907
Indonesia,IDN,Individuals using the Internet (% of population),IT.NET.USER.ZS,2.13413573295808,2.38701977959476,2.60028587633414,3.60202476259646,4.76481313366657,5.78627472934199,7.917500019,6.92,10.92,12.28,14.52,14.94,17.1431598350566,22.062742603379,25.447353701827,32.335806250688,39.9046386385762,47.6906489788375,53.72649449,62.10447842,66.48461277
Indonesia,IDN,Current health expenditure (% of GDP),SH.XPD.CHEX.GD.ZS,1.98062706,2.24837184,2.12002277,2.53189397,2.61946416,2.82385564,2.54842305,2.62324095,2.7908783,2.98942471,2.91427088,2.86934805,2.96433568,2.92428517,3.02147198,2.90417194,2.86757827,2.87862897,3.42067289,3.70634937,2.69389749
Indonesia,IDN,"Unemployment, total (% of total labor force) (national estimate)",SL.UEM.TOTL.NE.ZS,6.604,6.657,7.303,7.945,7.551,8.06,7.208,6.106,5.614,5.153,4.468,4.336,4.049,4.514,4.301,3.783,4.387,3.59,4.255,3.827,3.462
Indonesia,IDN,"School enrollment, primary (% gross)",SE.PRM.ENRR,110.116897583008,110.176658630371,109.678840637207,109.01708984375,107.672538757324,110.421722412109,109.333679199219,110.992286682129,113.010775075983,114.684137554242,115.201069565404,111.656675108204,109.659608599994,107.983525766989,105.922391949136,104.382521256166,103.299542869882,101.264685825869,100.951933675872,100.309665446849,98.7008730463611
Indonesia,IDN,"Agriculture, forestry, and fishing, value added (% of GDP)",NV.AGR.TOTL.ZS,16.3196689664379,15.1853482186248,14.3357802955642,13.1266186400506,12.9738027192484,13.7166831034562,14.4817402607761,15.290148146172,13.929212707137,13.5122870743946,13.3739742350727,13.3566991621949,13.3367549992146,13.4926435578886,13.4787485470271,13.1566308462661,12.8084975586902,12.7126026577522,13.6984142796138,13.2801691376596,12.3996501634108
Indonesia,IDN,Urban population (% of total population),SP.URB.TOTL.IN.ZS,43.7824069030376,44.6301761521872,45.4476736441888,46.2373757571669,47.0017588692457,47.7432993585496,48.4644736032029,49.16775798133,49.8521375148888,50.4830017089844,51.1593933105469,51.8307495117188,52.5002136230469,53.1720771789551,53.812557220459,54.4541015625,55.0956840515137,55.7382049560547,56.2785287648768,56.8761702464027,57.4934704226599
Indonesia,IDN,"Foreign direct investment, net inflows (% of GDP)",BX.KLT.DINV.WD.GD.ZS,0.0741516383181159,-0.254256320381005,0.738243979887563,2.91611483313067,1.34794264068931,1.6030105718879,1.82632902403998,0.90391941965406,2.02517914569356,2.30298429381592,2.30978031853073,2.55135633401058,2.81997260412102,2.29761639380441,0.487372471368879,2.01948919812582,1.81428979349441,2.23336204282241,1.81058402027127,1.7878556314554,1.87264100861425
Indonesia,IDN,Poverty headcount ratio at $3.00 a day (2021 PPP) (% of population),SI.POV.DDAY,46.8,45.5,45.4,41.1,46.8,41.1,38,37.9,34.1,31.2,26.6,27.2,25.7,21.6,18,14.8,12.5,10.9,9.8,8.6,7.9
Indonesia,IDN,GDP per capita (current US$),NY.GDP.PCAP.CD,881.002913569131,1043.2105838671,1126.84004447173,1238.21447629488,1558.31562847163,1823.21976255073,2124.55483920618,2218.48541852977,3065.68348377765,3579.46442466152,3632.27254030331,3566.60284506078,3441.06808464008,3288.22269725538,3521.46943457574,3798.88326174526,3860.95353090726,4106.94856160358,3853.70288774146,4287.17313995098,4730.83484836107
Indonesia,IDN,Access to electricity (% of population),EG.ELC.ACCS.ZS,87.6,87.9,89,84.8,90.6,91.1,92.7,93.6,94.2,94.8,96,96.5,97,97.5,97.6,98.1,98.5,98.8,97,99.2,100
"Iran, Islamic Rep.",IRN,GDP growth (annual %),NY.GDP.MKTP.KD.ZG,8.07882927975243,8.6392983972006,4.33666597851041,3.18980408728824,4.99979526181222,8.15577352358517,0.250856553493634,1.00738545790475,5.79793830169604,2.6457179180628,-3.74717139864109,-1.52197920494184,4.98477506709476,-1.42488493937503,8.8150866425182,3.02685468694025,-3.74796015711334,-2.36143538770575,4.44180865358672,4.13089685034471,4.35281087521344
"Iran, Islamic Rep.",IRN,"Inflation, consumer prices (annual %)",FP.CPI.TOTL.ZG,14.3359337378404,16.4680116244792,14.7615086970672,13.433118008508,10.0158982511924,17.3410404624277,25.4105090311987,13.5515548281506,10.0893629287979,26.2933856738608,27.2568127242908,36.6030355191029,16.6065532357449,12.4846815611533,7.24542548952979,8.04492437660278,18.0141183371874,39.9073455697784,30.5941390387295,43.3890162681514,43.4884641742179
"Iran, Islamic Rep.",IRN,"Life expectancy at birth, total (years)",SP.DYN.LE00.IN,71.112,70.464,72.04,72.446,72.895,73.299,73.683,74.041,74.39,74.721,75.039,75.349,75.635,75.907,76.155,76.396,76.621,76.855,74.141,73.752,76.799
"Iran, Islamic Rep.",IRN,"Government expenditure on education, total (% of GDP)",SE.XPD.TOTL.GD.ZS,4.48487997055054,4.36323022842407,4.29662990570068,4.05651998519897,4.28998994827271,4.59681987762451,3.91376996040344,3.84244990348816,3.70917010307312,3.48497009277344,2.93899989128113,2.85279011726379,2.61668992042542,2.62911009788513,3.17396998405456,3.45956993103027,3.61980009078979,3.24005007743835,3.20495009422302,..,2.6699800491333
"Iran, Islamic Rep.",IRN,Individuals using the Internet (% of population),IT.NET.USER.ZS,4.62617511492205,6.93372195304053,7.49,8.100000381,8.760000229,9.470000267,12.02,13.80000019,15.9,19,22.73,29.95,39.353614505223,45.3349761533285,53.2267716709857,64.0439736249513,70.2005650008363,72.4509047672065,75.56986637,78.5957366,81.71649933
"Iran, Islamic Rep.",IRN,Current health expenditure (% of GDP),SH.XPD.CHEX.GD.ZS,4.65182209,4.95589161,5.12801409,5.29996157,5.15990877,4.91188192,5.03990459,6.11493444,6.29153061,6.09787989,6.12235355,5.73697805,6.81539536,8.38232708,7.80285025,7.71801233,6.63571692,6.23426771,4.96098137,4.85886621,5.62794113
"Iran, Islamic Rep.",IRN,"Unemployment, total (% of total labor force) (national estimate)",SL.UEM.TOTL.NE.ZS,12.8,..,10.3,11.813,11.519,10.772,10.63,12.113,13.679,12.491,12.275,10.595,10.68,11.166,12.618,12.232,12.195,10.74,9.687,9.282,9.085
"Iran, Islamic Rep.",IRN,"School enrollment, primary (% gross)",SE.PRM.ENRR,103.43717956543,106.779502868652,108.260078430176,105.198722839355,102.88353729248,99.7476577758789,99.2127914428711,99.2889633178711,98.408576965332,99.0494384765625,99.128791809082,111.42115020752,103.500160217285,104.115409851074,105.821022033691,105.369766235352,..,105.451843261719,104.680130004883,..,100.974853515625
"Iran, Islamic Rep.",IRN,"Agriculture, forestry, and fishing, value added (% of GDP)",NV.AGR.TOTL.ZS,7.82554689747938,7.45109456120201,6.88957846945821,6.50138220908685,7.11821124095933,7.18556823147499,6.12277259111112,6.9244896148629,6.49939072557201,4.64211620456629,6.79693716710654,8.77490977276026,9.37842415684426,10.0916014141126,8.44788029281743,8.49044927227644,9.63092024660805,11.8081014676882,11.6933506979702,10.6344854027271,10.6950417706195
"Iran, Islamic Rep.",IRN,Urban population (% of total population),SP.URB.TOTL.IN.ZS,65.9271621704102,66.6049270629883,67.2567367553711,67.8708801269531,68.3101850492144,68.806189933608,69.3790072996746,69.99007683587,70.6092626774386,71.204050944517,71.7633634041294,72.3030873515412,72.8324070385223,73.3561403575949,73.8796100096595,74.4011840820312,74.8034286499023,75.2038879394531,75.5986404418945,75.9926376342773,76.3342208862305
"Iran, Islamic Rep.",IRN,"Foreign direct investment, net inflows (% of GDP)",BX.KLT.DINV.WD.GD.ZS,2.73611498145264,1.89418626211609,1.61769687939769,1.28425430112768,0.872560020177082,0.5769461352122,0.487596567096289,0.720530462050838,0.74916862626536,0.679834574763516,0.723850091355471,0.609501593960532,0.45545387401938,0.500987695412685,0.70452835935243,0.983654956177998,0.576106085876311,0.433347777066285,0.47769170946132,0.34982143161472,0.354893288694741
"Iran, Islamic Rep.",IRN,Poverty headcount ratio at $3.00 a day (2021 PPP) (% of population),SI.POV.DDAY,..,..,..,4.5,4.5,..,..,4.9,..,2.3,1.8,1.9,3.3,3,3,2.7,3.2,4.3,4.6,3.7,2.8
"Iran, Islamic Rep.",IRN,GDP per capita (current US$),NY.GDP.PCAP.CD,1891.25756091033,2208.99636552406,2672.4226651404,3132.0508192007,3618.91601364428,4687.99166260718,5377.4115072957,5415.52280553446,6291.19443655454,8025.68743364356,8114.08099831877,6222.74194840326,5672.06372896319,4952.73355532178,5710.59947089104,6000.93346404409,4783.01067340237,3997.4935449585,3202.50003502169,4605.14881318992,4721.20437099984
"Iran, Islamic Rep.",IRN,Access to electricity (% of population),EG.ELC.ACCS.ZS,98.1,98.2,98.3,98.4,98.4,98.7,98.8,99.7,99.4,99.5,99.5,99.8,100,100,100,99.9,100,100,100,100,100
Iraq,IRQ,GDP growth (annual %),NY.GDP.MKTP.KD.ZG,-8.20370481187175,-36.6567804383165,53.3855472887501,1.67522863586828,5.63829915220637,1.88853936243953,8.22810710383277,3.37929909442771,6.40256484471193,7.546471200426,13.9364301737537,7.62828592298754,2.26368817563613,2.60676642939541,13.7873730187089,-1.81975035118309,2.63385099105624,5.5137905789381,-12.0367930960454,1.5021807095434,7.95904804990212
Iraq,IRQ,"Inflation, consumer prices (annual %)",FP.CPI.TOTL.ZG,19.316694601979,33.6162105992383,26.9619068193271,36.9594809201871,53.230962911428,-10.0674925768978,12.6628528269228,6.87361547212555,2.42986826837753,5.6040514426601,6.0890964159516,1.87949800749416,2.23597407904726,1.39333028780268,0.556521397155548,0.184058898847553,0.367441488936828,-0.198965380023882,0.574162679425856,6.04186489058043,4.9947659638103
Iraq,IRQ,"Life expectancy at birth, total (years)",SP.DYN.LE00.IN,65.724,64.834,64.634,64.899,64.029,64.428,66.465,67.834,68.092,68.435,68.827,69.047,69.679,69.977,68.683,69.788,71.116,71.245,69.651,70.704,72.037
Iraq,IRQ,"Government expenditure on education, total (% of GDP)",SE.XPD.TOTL.GD.ZS,..,..,..,..,..,..,..,..,..,..,..,..,..,..,..,..,..,..,..,..,..
Iraq,IRQ,Individuals using the Internet (% of population),IT.NET.USER.ZS,0.5,0.6,0.9,0.899999976,0.95234424383919,0.93,1,1.06,2.5,5,7.099999905,9.199999809,11.6453267304545,15.21440029,19.87719917,25.96920013,33.92810059,44.3263465511579,53.67779922,65.00219727,78.71560926
Iraq,IRQ,Current health expenditure (% of GDP),SH.XPD.CHEX.GD.ZS,..,2.99693608,3.90128636,3.01704645,2.49370432,3.2148056,3.06604242,3.77203989,3.23955345,2.80316377,2.69365859,2.80868459,2.78786659,3.15587044,4.57253027,4.08944416,4.07600641,4.207232,5.72766161,5.14179993,4.33226347
Iraq,IRQ,"Unemployment, total (% of total labor force) (national estimate)",SL.UEM.TOTL.NE.ZS,..,..,..,..,..,8.646,..,..,..,..,7.965,..,10.592,..,10.82,13.017,..,..,..,16.173,..
Iraq,IRQ,"School enrollment, primary (% gross)",SE.PRM.ENRR,..,96.4831237792969,95.6360015869141,..,..,104.57022857666,..,..,..,..,..,..,..,..,..,..,..,..,..,..,..
Iraq,IRQ,"Agriculture, forestry, and fishing, value added (% of GDP)",NV.AGR.TOTL.ZS,8.5626717122094,8.40560829262466,6.93856130624701,6.88686273542446,5.82603290514173,4.92949827595085,3.84778019548826,5.22993319137947,5.16228354680036,4.56377343749618,4.12427143758484,4.76843971585529,4.92940777204755,4.19186817517212,3.97718981146129,2.97672780101335,2.81581764320492,3.77000825306199,6.08867414692412,3.27919752953038,2.05870621388374
Iraq,IRQ,Urban population (% of total population),SP.URB.TOTL.IN.ZS,67.8938101691696,68.0521271794625,68.2202223846538,68.391425621866,68.5590667282222,68.716475540845,68.8569818968574,68.9742328505284,69.0582953378474,69.1252233869916,69.2222213745117,69.444450378418,69.6666641235352,69.920524597168,69.9123778259643,69.8944511190753,69.8765148865842,69.8683395385742,69.8683166503906,69.8682708740234,69.8682861328125
Iraq,IRQ,"Foreign direct investment, net inflows (% of GDP)",BX.KLT.DINV.WD.GD.ZS,-0.00099002520234575,4.56171717525217,0.818918786960291,1.02925980764254,0.587900739517653,1.09391286623188,1.40995173662765,1.43142990859109,1.00796493975113,1.12086339764167,1.55961531280073,-0.995279210263068,-4.45521124532956,-4.54159235443502,-3.75180911604806,-2.68799428357231,-2.14854834807913,-1.31640616709339,-1.58049696252586,-1.25770209772783,-0.726653366772653
Iraq,IRQ,Poverty headcount ratio at $3.00 a day (2021 PPP) (% of population),SI.POV.DDAY,..,..,..,..,0.6,..,..,..,..,..,0.6,..,..,..,..,..,..,..,..,..,..
Iraq,IRQ,GDP per capita (current US$),NY.GDP.PCAP.CD,1266.15961275094,817.887862499622,1328.37157628292,1762.39360423421,2276.55435744086,3128.99010329066,4542.96609046032,3714.71205987194,4461.75196161555,5775.54229080293,6477.59618450955,6650.35282247395,6249.39226978969,4440.14189252367,4334.42096404188,4759.2846435467,5646.68932074742,5671.8568632942,4295.18945121228,4868.49431080783,6520.73154560584
Iraq,IRQ,Access to electricity (% of population),EG.ELC.ACCS.ZS,97.1,97.2,97.3,97.4,97.6,98.1,97.9,98.1,98.4,98,99.3,99,99.2,99.4,99.7,99.9,99.9,100,100,100,100
Ireland,IRL,GDP growth (annual %),NY.GDP.MKTP.KD.ZG,5.89936506079005,3.01383869396012,6.78813990621356,5.73978202625278,4.98785364537615,5.31011830898613,-4.48407081043062,-5.09578277913846,1.68297175486512,1.60886648916944,-0.40502941658977,2.1929375750029,9.38579335130922,24.6239856364006,1.22271661130947,10.1088576065965,7.68865937437435,4.97288003766816,7.15369505735335,16.2581881158197,7.51113888415304
Ireland,IRL,"Inflation, consumer prices (annual %)",FP.CPI.TOTL.ZG,4.62820512820515,3.49221909079765,2.17854605730523,2.45654692931639,3.93576114001354,4.88574537540802,4.03568834941391,-4.44754686876746,-0.918388645376774,2.5489783020855,1.69474116680366,0.515099484900573,0.190916398713745,-0.330959783371788,0.0201247735963237,0.362173038229378,0.471130713712916,0.937842961189274,-0.326183651280033,2.34034113447044,7.82945736434105
Ireland,IRL,"Life expectancy at birth, total (years)",SP.DYN.LE00.IN,77.6341463414634,78.1390243902439,78.5390243902439,78.9439024390244,79.2414634146342,79.6414634146341,80.0951219512195,80.190243902439,80.7439024390244,80.7463414634146,80.8463414634146,80.9487804878049,81.3487804878049,81.4536585365854,81.6536585365854,82.1560975609756,82.2048780487805,82.7024390243903,82.4560975609756,82.2536585365854,82.509756097561
Ireland,IRL,"Government expenditure on education, total (% of GDP)",SE.XPD.TOTL.GD.ZS,4.10487985610962,4.20493984222412,4.48295021057129,4.51897001266479,4.54742002487183,4.71541976928711,5.45828008651733,6.15609979629517,6.04835987091065,5.77199983596802,5.70776987075806,5.23177003860474,4.73554992675781,3.62438988685608,3.65881991386414,3.37737011909485,3.30347990989685,3.22984004020691,3.19163990020752,2.90461993217468,..
Ireland,IRL,Individuals using the Internet (% of population),IT.NET.USER.ZS,25.85,34.31,36.99,41.61,54.82,61.158324551,65.34,67.38,69.85,74.8899729670944,76.919992540097,78.2477,83.4917223351728,83.4947916666667,83.5,84.1140070623844,87.0001401148942,87.0000552425146,91.99989097,93.50610352,95.03690338
Ireland,IRL,Current health expenditure (% of GDP),SH.XPD.CHEX.GD.ZS,6.67263031,7.00761414,7.21972942,7.64242792,7.51646996,7.80773735,9.12564754,10.52275753,10.52062798,10.4888649,10.47466946,10.0333004,9.23077869,7.07827806,7.3382206,6.91718578,6.74710846,6.61860561,6.97323275,6.44113493,6.02078247
Ireland,IRL,"Unemployment, total (% of total labor force) (national estimate)",SL.UEM.TOTL.NE.ZS,4.216,4.478,4.491,4.237,4.355,4.98,6.774,12.609,14.534,15.354,15.451,13.735,11.858,9.908,8.374,6.713,5.741,4.95,5.623,6.357,4.465
Ireland,IRL,"School enrollment, primary (% gross)",SE.PRM.ENRR,102.821228027344,102.718627929688,102.96354675293,103.077850341797,102.999237060547,103.308532714844,102.475601196289,102.795967102051,103.235488891602,103.378677368164,102.118339538574,101.958343505859,101.542236328125,101.184638977051,101.341491699219,100.508880615234,100.399070739746,100.025863647461,99.8793487548828,98.1601486206055,96.4761428833008
Ireland,IRL,"Agriculture, forestry, and fishing, value added (% of GDP)",NV.AGR.TOTL.ZS,1.7353084894094,1.48000381983801,1.57408727204836,1.03354966551094,0.921152718855531,1.04322286551282,0.850028643552735,0.557956348121,0.955429971049666,1.20481169133057,0.98628534243733,1.07000530417849,1.21732475012945,0.86869465225802,0.925941331563359,1.11981590911886,0.928168981879793,0.953896616119834,1.00897235932956,1.03312440304987,1.17281530326124
Ireland,IRL,Urban population (% of total population),SP.URB.TOTL.IN.ZS,59.6367259990731,59.9120142632573,60.1994750854288,60.4882988006461,60.7703677431593,61.0601979374234,61.3581903884996,61.6421022728798,61.8910689348512,62.0872735820277,62.2529318511038,62.4047157756118,62.535401730577,62.6392123492764,62.7229399123734,62.9035196521232,63.0844503476779,63.2737009154127,63.4713366724915,63.6774229356985,63.8920250215059
Ireland,IRL,"Foreign direct investment, net inflows (% of GDP)",BX.KLT.DINV.WD.GD.ZS,22.8030331294708,13.8344483636902,-5.4573737070047,22.1832694953892,9.50555829114517,22.1915415030247,8.45449268903961,22.827608853053,17.0242973051905,9.83474085171317,25.5993064499855,29.8612971089447,39.3649751606697,74.8169261487244,26.1253590357369,20.4170966260237,20.3601504375203,7.67467578422042,8.0934578228257,14.6537815105934,-6.48790793588936
Ireland,IRL,Poverty headcount ratio at $3.00 a day (2021 PPP) (% of population),SI.POV.DDAY,0.3,0.2,0.1,0.1,0.5,0.1,0.2,0.6,0.7,0.7,0.5,0.7,0.4,0.4,0.3,0.3,0.1,0.1,0.2,0.1,0.2
Ireland,IRL,GDP per capita (current US$),NY.GDP.PCAP.CD,32705.4345565698,41203.5295847568,47754.2023194244,50933.0216095589,54329.1618599624,61396.417461176,61353.1065629523,52133.0906162544,48623.9666422487,52613.8540355689,49335.8408099555,52537.6108648692,57214.5379785709,64250.1385181257,64129.5571542383,72161.4047531385,80804.1123164826,81827.6688873996,86514.0706108754,103783.446284479,105190.685952731
Ireland,IRL,Access to electricity (% of population),EG.ELC.ACCS.ZS,100,100,100,100,100,100,100,100,100,100,100,100,100,100,100,100,100,100,100,100,100
Isle of Man,IMN,GDP growth (annual %),NY.GDP.MKTP.KD.ZG,6.19999819490684,5.99999968812641,5.20000310402496,5.89999933576675,7.69999871253432,7.50000022988817,4.90000100081545,2.10000027181374,3.39999842395957,1.99999938207415,7.30389108511717,4.14186158753493,5.15509983748599,-0.385866882198087,6.95230284899407,2.83775807093689,2.2133975392251,0.254877847398262,-8.83681697473475,3.83783632334639,-4.16847722466753
Isle of Man,IMN,"Inflation, consumer prices (annual %)",FP.CPI.TOTL.ZG,..,..,..,..,..,..,..,..,..,..,..,..,..,..,..,..,..,..,..,..,..
Isle of Man,IMN,"Life expectancy at birth, total (years)",SP.DYN.LE00.IN,75.785,76.319,76.876,77.453,77.971,78.451,78.899,79.303,79.613,79.836,80.007,80.12,80.199,80.267,80.391,80.506,80.614,80.74,80.591,80.42,80.956
Isle of Man,IMN,"Government expenditure on education, total (% of GDP)",SE.XPD.TOTL.GD.ZS,..,..,..,..,..,..,..,..,..,..,..,..,..,..,..,..,..,..,..,..,..
Isle of Man,IMN,Individuals using the Internet (% of population),IT.NET.USER.ZS,..,..,..,..,..,..,..,..,..,..,..,..,..,..,..,..,..,..,..,..,..
Isle of Man,IMN,Current health expenditure (% of GDP),SH.XPD.CHEX.GD.ZS,..,..,..,..,..,..,..,..,..,..,..,..,..,..,..,..,..,..,..,..,..
Isle of Man,IMN,"Unemployment, total (% of total labor force) (national estimate)",SL.UEM.TOTL.NE.ZS,0.5,0.8,1,1.4,2.417,1.4,1.4,..,..,3.3,..,2.598,1.98,..,2.667,..,..,..,..,..,..
Isle of Man,IMN,"School enrollment, primary (% gross)",SE.PRM.ENRR,..,..,..,..,..,..,..,..,..,..,..,..,..,..,..,..,..,..,..,..,..
Isle of Man,IMN,"Agriculture, forestry, and fishing, value added (% of GDP)",NV.AGR.TOTL.ZS,..,..,..,..,..,..,..,..,..,..,0.642657103075182,0.596599796488864,0.446094368875088,0.472320117585132,0.590100696950693,0.400506349187324,0.410935899164255,0.316670665474295,0.372633924187371,0.337744275420086,0.372466783015541
Isle of Man,IMN,Urban population (% of total population),SP.URB.TOTL.IN.ZS,51.7294050812584,51.5389094585101,51.3260536002657,51.1608382095573,51.1148712415781,51.2353481079414,51.4683663096054,51.7305375428215,51.9396170300917,52.0246324097527,52.0555317322629,52.0804107092926,52.0997913403899,52.1164840474526,52.1331532169475,52.1498415744309,52.1651893864538,52.1789898247578,52.1909519786866,52.1999559660634,52.1955609162662
Isle of Man,IMN,"Foreign direct investment, net inflows (% of GDP)",BX.KLT.DINV.WD.GD.ZS,..,..,..,..,..,..,..,..,..,..,..,..,..,..,..,..,..,..,..,..,..
Isle of Man,IMN,Poverty headcount ratio at $3.00 a day (2021 PPP) (% of population),SI.POV.DDAY,..,..,..,..,..,..,..,..,..,..,..,..,..,..,..,..,..,..,..,..,..
Isle of Man,IMN,GDP per capita (current US$),NY.GDP.PCAP.CD,24471.0798814847,28861.6178062918,35564.6023910146,38135.8597885858,42627.5089352891,55040.2437046236,72276.7741329461,66156.105656847,70587.3140283741,77808.8579649376,79329.2034347434,83207.6588430451,91885.4528718026,84753.5187422732,82025.9454509241,83481.3038489014,89393.8244248812,87127.5517977404,79513.5330346598,94299.969348965,88328.548125887
Isle of Man,IMN,Access to electricity (% of population),EG.ELC.ACCS.ZS,100,100,100,100,100,100,100,100,100,100,100,100,100,100,100,100,100,100,100,100,100
Israel,ISR,GDP growth (annual %),NY.GDP.MKTP.KD.ZG,-0.152880392675172,1.43455918035305,4.64944459908543,4.35256427740218,5.59106550120008,6.31307137087018,3.2158134842205,1.22017480850096,5.54470607068944,5.51341969081251,2.40993765217618,4.09013743330735,3.718144149431,2.23599889603805,4.53601939236572,4.34394518932547,4.05349952888294,3.57898762923605,-1.80206927953466,9.33534690236249,6.36407234798706
Israel,ISR,"Inflation, consumer prices (annual %)",FP.CPI.TOTL.ZG,5.80234589468429,0.70763061681807,-0.421595034547416,1.34070328119492,2.05407914587443,0.466226972936065,4.52744765138651,3.3676231727125,2.70270270270273,3.48837209302323,1.67553715750052,1.58976347421476,0.467557251908503,-0.617342577642765,-0.535168195718695,0.249807840123008,0.805060379528526,0.817645940292794,-0.575254620897756,1.47965474722561,4.41162725488371
Israel,ISR,"Life expectancy at birth, total (years)",SP.DYN.LE00.IN,79.4512195121951,79.6487804878049,80.1463414634146,80.1512195121951,80.5536585365854,80.5048780487805,80.9512195121951,81.4048780487805,81.6024390243903,81.6560975609756,81.7048780487805,82.0560975609756,82.1536585365854,82.0512195121951,82.4073170731707,82.5512195121951,82.8024390243903,82.8048780487805,82.6487804878049,82.5,82.7
Israel,ISR,"Government expenditure on education, total (% of GDP)",SE.XPD.TOTL.GD.ZS,6.24923992156982,6.13486003875732,5.75040006637573,5.56489992141724,5.58409023284912,5.33169984817505,5.40716981887817,5.34174013137817,5.40408992767334,5.42928981781006,5.56122016906738,5.76972007751465,5.69225978851318,5.79657983779907,5.80271005630493,6.00425004959106,6.06919002532959,6.06899976730347,6.51824998855591,6.16727018356323,5.93291997909546
Israel,ISR,Individuals using the Internet (% of population),IT.NET.USER.ZS,17.7645990630493,19.5933936579649,22.7704855254035,25.19400024,27.8810997,48.1280621948445,59.39,63.12,67.5,68.8738779907441,70.8,70.250311945,75.0177531628076,77.3520896572253,79.6531241815281,81.5811835871611,83.7331569615326,86.7878776180583,90.12734091,90.29689758,91.85079615
Israel,ISR,Current health expenditure (% of GDP),SH.XPD.CHEX.GD.ZS,6.90767479,6.84975958,6.79696989,6.8828454,6.70000744,6.67256165,6.80668306,6.86992359,6.85038328,6.80594969,6.94185257,6.94074392,7.02990532,7.02090645,7.09919167,7.17189407,7.23550367,7.20701885,7.74801874,7.83961058,7.12004995
Israel,ISR,"Unemployment, total (% of total labor force) (national estimate)",SL.UEM.TOTL.NE.ZS,12.888,13.505,13.029,11.342,10.707,9.379,7.704,9.534,8.48,7.139,6.762,6.137,5.789,5.176,4.723,4.14,3.917,3.731,4.169,4.812,3.695
Israel,ISR,"School enrollment, primary (% gross)",SE.PRM.ENRR,98.8637771606445,98.2597808837891,98.2713317871094,97.4764099121094,97.3902893066406,98.17578125,97.2980575561523,97.4821395874023,99.982536315918,99.3588409423828,100.082717895508,99.2992935180664,99.1835784912109,99.77294921875,99.1769638061523,99.3655319213867,98.9501571655273,98.6528015136719,98.5226974487305,98.2143936157227,98.0188064575195
Israel,ISR,"Agriculture, forestry, and fishing, value added (% of GDP)",NV.AGR.TOTL.ZS,1.8235929215393,1.71700755496317,1.62732842646118,1.8909166326078,1.83070715651626,1.75759805162562,1.81893085102566,2.15055287894338,1.83828057709311,1.85284294203979,1.49484781325948,1.5233149487473,1.39092717696261,1.42574237362895,1.45872080858947,1.44031962010396,1.39351241557999,1.35332886174885,1.37217783069975,1.33051800415199,1.18596323576565
Israel,ISR,Urban population (% of total population),SP.URB.TOTL.IN.ZS,91.4444967249569,91.5176897789793,91.5829008110251,91.6384296279033,91.6825760364229,91.713639843393,91.7292868898136,91.7319738585748,91.7316426703946,91.7304024673781,91.7276502819515,91.7227831465406,91.7151980935716,91.7042921554705,91.6894623646632,91.6701057535759,91.6456193546346,91.6154002002652,91.5788453228939,91.5353517549466,91.4979834273327
Israel,ISR,"Foreign direct investment, net inflows (% of GDP)",BX.KLT.DINV.WD.GD.ZS,1.26381649811692,2.53049066402201,2.10605044907695,3.27012530253451,9.0705160460163,4.76993944503941,4.64995928220569,2.16172057771712,2.91791645550029,3.23187455100204,3.42638899025665,3.9732882944923,1.92409260277085,3.7432820780929,3.73360294740648,4.72701516315835,5.73001193313582,4.34923898223678,5.10300458684,3.86941902029446,4.35745092445992
Israel,ISR,Poverty headcount ratio at $3.00 a day (2021 PPP) (% of population),SI.POV.DDAY,0.8,0.9,1,0.9,0.5,0.6,0.7,0.9,0.6,0.3,0.8,0.6,0.6,0.5,0.5,0.7,0.7,0.9,0.7,0.6,0.4
Israel,ISR,GDP per capita (current US$),NY.GDP.PCAP.CD,19058.7462869465,19624.0321412582,20550.0694706176,21261.7474251846,22499.7541717986,25688.901610248,30231.0191013609,28469.6817348489,31398.9266927022,34476.7252065949,33268.7066672115,36980.622214228,38265.3651949373,36138.13561386,37571.2561196275,41013.2575323519,42269.3770257585,44091.8678022544,44590.8237253282,52258.4693499398,54947.2091250715
Israel,ISR,Access to electricity (% of population),EG.ELC.ACCS.ZS,100,100,100,100,100,100,100,100,100,100,100,100,100,100,100,100,100,100,100,100,100
Italy,ITA,GDP growth (annual %),NY.GDP.MKTP.KD.ZG,0.26992966378873,0.0665538088732092,1.4740217064723,0.762410677306491,1.79947992234244,1.46229205289291,-1.02313851177097,-5.30515401233991,1.52910573247101,0.695463154440176,-3.12523877282996,-1.81802510749792,-0.00138761730454462,0.885667635240807,1.23622108511661,1.60369995294101,0.826646712344115,0.429162533780342,-8.86822122185345,8.93106210800055,4.82117669913565
Italy,ITA,"Inflation, consumer prices (annual %)",FP.CPI.TOTL.ZG,2.46532319171165,2.6725555277285,2.20673661423657,1.9852929852798,2.09084391012754,1.82974112202403,3.34783258401022,0.774768131387381,1.52551602118248,2.78063272879323,3.04136333226775,1.21999342274306,0.241047429826756,0.0387903996579733,-0.09401665691575,1.22653316645812,1.13748763600391,0.611246943765304,-0.13770757391651,1.87378325762481,8.20128991161718
Italy,ITA,"Life expectancy at birth, total (years)",SP.DYN.LE00.IN,80.2292682926829,79.9829268292683,80.7804878048781,80.7829268292683,81.2829268292683,81.4341463414634,81.4853658536585,81.6365853658537,82.0365853658537,82.1878048780488,82.2390243902439,82.690243902439,83.090243902439,82.5439024390244,83.2439024390244,82.9463414634147,83.3463414634146,83.4975609756098,82.1951219512195,82.6463414634146,82.7
Italy,ITA,"Government expenditure on education, total (% of GDP)",SE.XPD.TOTL.GD.ZS,4.41520977020264,4.52654981613159,4.37002992630005,4.22292995452881,4.50464010238647,4.08763980865479,4.37188005447388,4.50414991378784,4.31626987457275,4.09431982040405,4.03481006622315,4.12192010879517,4.04026985168457,4.05422019958496,3.795490026474,4.02662992477417,4.24094009399414,4.07843017578125,4.41803979873657,4.17118978500366,4.06775999069214
Italy,ITA,Individuals using the Internet (% of population),IT.NET.USER.ZS,28.04,29.04,33.24,35,37.99,40.79,44.53,48.83,53.68,54.3899983018814,55.829997993283,58.4593,55.6384602242293,58.1417349568747,61.3242527666303,63.0773469984291,74.3871829234822,67.8507102874836,70.48342785,74.8623274,85.06074504
Italy,ITA,Current health expenditure (% of GDP),SH.XPD.CHEX.GD.ZS,7.83638906,7.80670929,8.13726902,8.30906773,8.39791012,8.10167217,8.50157547,8.91290951,8.87928963,8.728508,8.7983427,8.7897644,8.85913563,8.84596729,8.72043991,8.69060516,8.65467453,8.61536789,9.5643034,9.28164482,8.85022926
Italy,ITA,"Unemployment, total (% of total labor force) (national estimate)",SL.UEM.TOTL.NE.ZS,9.211,8.869,7.866,7.73,6.777,6.076,6.723,7.749,8.363,8.359,10.655,12.149,12.683,11.896,11.688,11.211,10.538,9.884,9.192,9.497,8.069
Italy,ITA,"School enrollment, primary (% gross)",SE.PRM.ENRR,102.743858337402,103.36434173584,103.984909057617,103.975212097168,103.77815246582,103.754417419434,102.942947387695,101.482978820801,100.804321289062,100.302833557129,100.028991699219,101.111892700195,100.752258300781,100.37190246582,99.8127670288086,102.803092956543,102.894989013672,102.959373474121,102.636672973633,101.089881896973,101.56453704834
Italy,ITA,"Agriculture, forestry, and fishing, value added (% of GDP)",NV.AGR.TOTL.ZS,2.36532442144257,2.35238168739719,2.34229627595505,2.03006110909468,1.94158568418969,1.89414967924379,1.87300893559166,1.80208177882956,1.76928173132246,1.84910093882918,1.90886941227517,2.05779366637333,1.90848213125891,1.99152552817849,1.84915248302101,1.89343264776643,1.85755612561626,1.81866879873849,1.9280162015612,1.83339290794707,1.89037175125669
Italy,ITA,Urban population (% of total population),SP.URB.TOTL.IN.ZS,67.3538786566538,67.4299414611787,67.5072499739908,67.5897169318419,67.6812550714834,67.7857771296669,67.9071958431441,68.0494239486665,68.2163741829857,68.4015073889511,68.7608794235259,69.3073989916076,69.5807638614879,69.6100006103516,69.5969232525286,69.5180784259382,69.4800033569336,69.5050010681153,69.5187492370606,69.4812507629394,69.4839779766539
Italy,ITA,"Foreign direct investment, net inflows (% of GDP)",BX.KLT.DINV.WD.GD.ZS,1.34499006490549,1.23649728851371,1.10881762156492,1.9711754818286,2.91006549515942,2.9684958153757,-0.393031898243063,0.751632233908177,0.462974196548407,1.49396922230512,0.00166359418160293,0.907076904789878,0.783743281747353,0.720886367724088,1.35957350873308,0.44334154868577,2.10769610409512,1.77066894209208,-0.893869914296462,1.20474315612308,2.94181405797187
Italy,ITA,Poverty headcount ratio at $3.00 a day (2021 PPP) (% of population),SI.POV.DDAY,1.7,0.9,0.8,0.8,0.8,0.8,0.9,1.1,1.4,1.3,1.4,1.6,1.4,2.1,1.8,1.5,1.7,1,0.9,0.9,0.7
Italy,ITA,GDP per capita (current US$),NY.GDP.PCAP.CD,22451.3964379368,27577.5700319855,31348.1901841445,32062.723833669,33537.1286994269,37826.1754554823,40828.5795580937,37099.6133958219,35856.8625485539,38432.3742820019,34854.3949441965,35701.6746002376,36028.3494022349,30639.8829751432,31391.5692898108,32844.115660604,35062.3364176949,33812.788724868,32091.4866621366,36852.5425414951,35653.9042103495
Italy,ITA,Access to electricity (% of population),EG.ELC.ACCS.ZS,100,100,100,100,100,100,100,100,100,100,100,100,100,100,100,100,100,100,100,100,100
Jamaica,JAM,GDP growth (annual %),NY.GDP.MKTP.KD.ZG,1.99729094191295,3.66631759041991,1.32372510450574,0.893797935409893,2.89912534481287,1.43195403769627,-0.811736702186792,-4.34530185828071,-1.45714720850386,1.73037627006349,-0.613636042132399,0.517686011311724,0.689822359762587,0.92148712399856,2.76043761369557,2.29303371291363,2.51584458612513,1.80943147301357,-8.30441923583135,5.70467978309095,6.43930323656186
Jamaica,JAM,"Inflation, consumer prices (annual %)",FP.CPI.TOTL.ZG,7.07635009310985,10.0869565217391,13.5545023696682,15.0528658875905,8.56106408706157,9.24482067275562,22.0228384991843,9.59224598930482,12.6105519975603,7.555856465809,6.87397708674309,9.34150076569673,8.27407886231419,3.69154228855725,2.35102197485846,4.37839864991561,3.73663882152163,3.90510000865872,5.2267777929352,5.86278242801063,10.3495688391272
Jamaica,JAM,"Life expectancy at birth, total (years)",SP.DYN.LE00.IN,71.478,71.585,71.542,71.493,71.395,71.405,71.502,71.717,71.979,72.245,72.405,72.435,72.357,72.214,72.052,71.879,71.606,71.532,71.452,69.085,71.481
Jamaica,JAM,"Government expenditure on education, total (% of GDP)",SE.XPD.TOTL.GD.ZS,5.37522983551025,4.25684976577759,3.91254997253418,4.61641979217529,..,5.49022006988525,6.19131994247437,6.19848012924194,6.37058019638062,6.26664018630981,6.1124701499939,6.25106000900269,6.01584005355835,5.45523023605347,5.31459999084473,5.26015996932983,5.41379022598267,5.16364002227783,5.38065828197341,5.63122987747192,5.35435009002685
Jamaica,JAM,Individuals using the Internet (% of population),IT.NET.USER.ZS,6.1,7.8,10,12.80000019,16.39999962,21.10000038,23.6,24.3,27.67,37.438613414848,33.79,37.1,40.4027351046672,42.2212211907441,44.3668563671334,55.0720670507751,68.2145170876072,70.8410169743356,76.38400269,82.36071561,85.84329987
Jamaica,JAM,Current health expenditure (% of GDP),SH.XPD.CHEX.GD.ZS,5.57934141,4.99239254,5.83766747,5.82104874,5.51022339,6.19109583,6.65533972,6.37021589,6.44219255,6.5231781,6.18602896,6.28453302,6.28673887,6.61477137,6.5901823,6.98476934,6.83884478,6.96945572,7.47555304,8.00261688,8.65338707
Jamaica,JAM,"Unemployment, total (% of total labor force) (national estimate)",SL.UEM.TOTL.NE.ZS,14.19,11.736,11.442,11.263,10.325,9.745,6.666,7.314,7.63,8.034,8.695,9.698,9.046,..,8.634,7.399,5.47,4.987,6.501,5.188,4.083
Jamaica,JAM,"School enrollment, primary (% gross)",SE.PRM.ENRR,91.628547668457,90.5682067871094,93.2493362426758,93.7356567382812,..,94.1794891357422,98.6940078735352,100.603439331055,97.1699421507251,97.673273504187,97.340224725271,95.0332335110657,93.9670022450334,92.1031527692369,93.1394980981879,91.3626103171547,94.9112697345669,93.2289962768555,90.9494400024414,92.3761226287061,93.2681834287689
Jamaica,JAM,"Agriculture, forestry, and fishing, value added (% of GDP)",NV.AGR.TOTL.ZS,5.5443040664747,5.2138620043709,4.98216525525125,5.18624085360629,5.15582607453948,4.61760640988582,4.89912215623133,5.47226787895058,5.26899732039303,5.64728677796925,5.77144048591992,5.97047963265033,5.97248983885497,5.85612196392822,6.09832325620201,5.91066469479472,5.90087317528371,6.30529102020964,7.72056947491963,7.38278062941281,6.79979684725228
Jamaica,JAM,Urban population (% of total population),SP.URB.TOTL.IN.ZS,52.1467222312645,52.3564891419558,52.5637655955662,52.7685237926234,52.9707359336549,53.1703742191887,53.3674108497524,53.5618180258738,53.7535679480806,53.956586109128,54.2478817703732,54.548819811983,54.8660395670395,55.1995248014924,55.549259277615,55.9152267548307,56.297410990325,56.6957957395074,57.1103647563627,57.5411017937226,57.9879906034775
Jamaica,JAM,"Foreign direct investment, net inflows (% of GDP)",BX.KLT.DINV.WD.GD.ZS,4.56630894573429,7.2479637433656,5.49763452709418,5.67333342894728,7.06060472344707,6.34318590681939,10.0413036123443,4.00285728105842,1.4052035043033,1.19599317121359,2.79145695894721,3.81898294324016,4.18835617241287,6.18152374482186,6.22844979056863,5.63139063640052,4.59566903085149,3.90817004443178,1.76731178461616,2.00753132739669,1.69418617103882
Jamaica,JAM,Poverty headcount ratio at $3.00 a day (2021 PPP) (% of population),SI.POV.DDAY,6.4,..,4.5,..,..,..,..,..,..,..,..,..,..,..,..,..,0.4,..,..,1.4,..
Jamaica,JAM,GDP per capita (current US$),NY.GDP.PCAP.CD,3680.64551727724,3549.70758394618,3807.56293124552,4184.43974867497,4417.00127135363,4716.48612542727,5029.80095281745,4428.38153333557,4809.977380312,5232.63644918132,5340.83333232158,5124.21301411137,4975.11325459872,5339.30718256806,5302.29553353854,5605.43541173019,5976.90362644337,6030.68896415921,5299.04530804283,5625.67806271236,6626.47502388538
Jamaica,JAM,Access to electricity (% of population),EG.ELC.ACCS.ZS,86.7,86.5,87.2,88,88.7,89.4,92,91,92.2,91.1,93.1,93.9,93.3,94.9,96.6,97.4,98.2,98.9,99.7,100,100
Japan,JPN,GDP growth (annual %),NY.GDP.MKTP.KD.ZG,0.0849888050363319,1.38010935830795,2.11294823723127,1.8482813374834,1.54630843078741,1.72837912865577,-1.16662209355141,-5.9359411383964,4.13645589222239,-0.20035785332982,1.64893452981225,1.99727653399265,0.905915486065865,1.79997735783475,0.704986495111257,1.62345062245441,0.834143845965585,-0.308496921143259,-4.28327942675573,3.56419531474475,1.33164750653741
Japan,JPN,"Inflation, consumer prices (annual %)",FP.CPI.TOTL.ZG,-0.923494026942321,-0.256541816316025,-0.00857338820310272,-0.282946068764391,0.249355116079085,0.060039454498669,1.3800788616492,-1.35283672951719,-0.728243207517779,-0.27245561610124,-0.0440645104432602,0.335037912184741,2.75922671353253,0.795279630579839,-0.127258844489754,0.484199796126385,0.989094598021848,0.46877615938395,-0.024995834027731,-0.233352779398264,2.49770278172255
Japan,JPN,"Life expectancy at birth, total (years)",SP.DYN.LE00.IN,81.6907317073171,81.76,82.030243902439,81.9551219512195,82.3219512195122,82.5070731707317,82.5875609756098,82.9314634146342,82.8426829268293,82.5912195121951,83.0960975609756,83.3319512195122,83.5878048780488,83.7939024390244,83.9848780487805,84.099756097561,84.2109756097561,84.3563414634146,84.56,84.4456097560976,83.9963414634146
Japan,JPN,"Government expenditure on education, total (% of GDP)",SE.XPD.TOTL.GD.ZS,3.40898990631104,3.46662998199463,3.42611002922058,3.31493997573852,3.27667999267578,3.27934002876282,3.27241992950439,..,3.59951996803284,3.60526990890503,3.41945004463196,3.40874004364014,3.41529989242554,3.31221008300781,3.14643001556396,3.13057994842529,3.07782006263733,3.15533995628357,3.30628991127014,3.33663988113403,..
Japan,JPN,Individuals using the Internet (% of population),IT.NET.USER.ZS,46.5942011179917,48.4352658899653,62.3939296327259,66.9210661042901,68.6852703213795,74.3,75.4,78,78.21,79.0541135244739,79.4964,88.219428911,89.1068330166075,91.0580283929962,93.1827212821617,91.7265472366635,88.7463508901772,92.7303978145525,90.21945812,82.91407928,84.92343147
Japan,JPN,Current health expenditure (% of GDP),SH.XPD.CHEX.GD.ZS,7.35235405,7.48654842,7.53518438,7.65818596,7.68688869,7.77935696,8.08909321,8.9587822,9.0630064,10.48780155,10.67169094,10.67438698,10.7290144,10.74969959,10.65891552,10.65627098,10.73988247,10.96998405,11.44974613,12.08108234,12.32275677
Japan,JPN,"Unemployment, total (% of total labor force) (national estimate)",SL.UEM.TOTL.NE.ZS,5.386,5.251,4.734,4.446,4.192,3.888,4.002,5.068,5.102,4.55,4.358,4.038,3.589,3.385,3.132,2.822,2.467,2.351,2.809,2.808,2.614
Japan,JPN,"School enrollment, primary (% gross)",SE.PRM.ENRR,..,..,..,..,..,..,..,..,..,..,..,100.464469909668,100.945281982422,101.250503540039,101.551628112793,101.437026977539,101.828887939453,101.936538696289,101.801902770996,101.774467468262,101.098106384277
Japan,JPN,"Agriculture, forestry, and fishing, value added (% of GDP)",NV.AGR.TOTL.ZS,1.27479663435206,1.20761175062494,1.1538358664365,1.04909848652326,1.03356481909702,1.01665328916647,1.03017612646277,1.07479207956878,1.11140166338783,1.10595400106158,1.13661659778411,1.07559314069116,0.991053653091654,1.0203205987902,1.10437494356716,1.10813828591854,1.01125619011391,0.981152004588712,1.00457628073053,0.938649382602401,0.848657019671377
Japan,JPN,Urban population (% of total population),SP.URB.TOTL.IN.ZS,80.5469860733981,82.4206778416671,84.3710541898905,85.9573620483714,87.1460898958075,88.2701404492656,89.2921563808851,90.1131158718189,90.6228586840649,90.8631654434251,91.0265277326652,91.1516595654317,91.2548945132333,91.3532644103625,91.4541254852142,91.5498419685883,91.6377318609728,91.7164207898107,91.7809926267889,91.8741049279527,91.9776532428406
Japan,JPN,"Foreign direct investment, net inflows (% of GDP)",BX.KLT.DINV.WD.GD.ZS,0.272197790665394,0.191794076237143,0.152341816004989,0.111977275601545,-0.0515679721801721,0.467735072888992,0.477207449449493,0.229098901311457,0.128037155210339,-0.0135476953217396,0.00863561136941304,0.201969683435447,0.396173028620197,0.115829519336403,0.801395644123668,0.37319148031924,0.490646618599307,0.761769170240795,1.20605775501323,0.67025659122188,1.08260095152642
Japan,JPN,Poverty headcount ratio at $3.00 a day (2021 PPP) (% of population),SI.POV.DDAY,..,..,..,..,..,..,1.1,0.8,0.6,0.5,1.4,0.9,0.7,0.4,0.7,0.6,1,1.3,1.2,..,..
Japan,JPN,GDP per capita (current US$),NY.GDP.PCAP.CD,33315.9165174962,35808.6816792388,38677.5708064787,38158.6758263963,36354.4271646349,36129.9535132925,40294.2081309702,41678.1783063195,45378.1378109399,49122.077634247,49626.6830327571,41369.1948479498,39172.8471161948,35664.6446110613,40214.9688631562,39679.8635262948,40645.478086519,41424.8655601543,41098.9739004553,41580.739040705,35548.2645222433
Japan,JPN,Access to electricity (% of population),EG.ELC.ACCS.ZS,100,100,100,100,100,100,100,100,100,100,100,100,100,100,100,100,100,100,100,100,100
Jordan,JOR,GDP growth (annual %),NY.GDP.MKTP.KD.ZG,5.78380792679309,4.16166755544363,8.56721424236906,8.1465948107994,8.09297527811921,8.17616995204655,7.22038637280149,5.11667226950634,2.6377158262256,2.90729315392207,2.40465716535539,2.72311205964112,3.32287328047509,2.52261671092148,2.11166806967252,2.50770398070352,1.85383415616927,1.85633006592765,-1.15257534158022,3.75201276755828,2.7468615450031
Jordan,JOR,"Inflation, consumer prices (annual %)",FP.CPI.TOTL.ZG,1.83299389002049,1.62999999999998,3.36186821476601,3.49368534619531,6.25172466656443,4.74390639021648,13.9712310012729,-0.739069743144777,4.84551875852116,4.1624416292779,4.5152295667099,4.82462314269537,2.89947905006057,-0.876851359704049,-0.778430463054142,3.32389447576097,4.46231108475481,0.761514047265601,0.333294350628378,1.34609377243118,4.22915568897117
Jordan,JOR,"Life expectancy at birth, total (years)",SP.DYN.LE00.IN,72.359,72.585,72.788,72.977,73.225,73.407,73.563,73.707,73.797,73.929,74.087,74.282,74.606,75.06,75.55,76.071,76.491,76.865,75.583,74.204,77.088
Jordan,JOR,"Government expenditure on education, total (% of GDP)",SE.XPD.TOTL.GD.ZS,..,..,..,..,..,..,..,..,3.16850989003323,3.59900580598478,3.63716008451231,3.78372228032099,3.76692408663556,3.71272133351629,3.45282006263733,3.21305990219116,2.95461988449097,2.98846006393433,3.55303483980158,3.13837003707886,3.15300011634827
Jordan,JOR,Individuals using the Internet (% of population),IT.NET.USER.ZS,6.02553241191204,8.46600501623938,11.6587413706379,12.93290043,13.86709976,20,23,26,27.2,34.9,37,41.4,46.2,54.22000122,56.15000153,64.5,65.2,70.08470154,78.4178009,85.999997,90.4999984
Jordan,JOR,Current health expenditure (% of GDP),SH.XPD.CHEX.GD.ZS,9.2786417,8.78901005,8.74670506,8.49441624,7.67925692,7.90982628,8.48880577,9.22396946,8.17025661,8.14807701,7.81799555,7.16592407,7.20892906,7.4609561,6.97644138,7.10953665,6.98295021,7.07244635,7.54554749,7.69733906,7.73623276
Jordan,JOR,"Unemployment, total (% of total labor force) (national estimate)",SL.UEM.TOTL.NE.ZS,15.3,14.5,..,14.8,14,13.1,12.7,12.9,12.5,12.9,12.2,12.6,11.9,13.075,15.275,18.12,18.257,16.801,19.213,19.837,18.2
Jordan,JOR,"School enrollment, primary (% gross)",SE.PRM.ENRR,93.9076538085938,95.4888534545898,96.6252517700195,96.5220336914062,95.7085113525391,93.8907775878906,91.7442932128906,..,89.6905264770576,90.3732005628315,90.9311831042006,93.7163727553549,97.6110112655065,..,98.4272996476146,98.5589481924953,98.8939228109343,98.8603333083425,98.960533668868,98.0017496363734,98.541267066326
Jordan,JOR,"Agriculture, forestry, and fishing, value added (% of GDP)",NV.AGR.TOTL.ZS,2.19163968207242,2.46655691894808,2.49786797513256,2.75835798153626,2.58350975139105,2.53146818560253,4.1497532688884,4.42207373381623,4.97053082877959,4.59269751586294,3.97973556725392,3.97733734427352,4.24636795376777,4.43181485575889,4.64825852368191,4.56751477814013,4.46958792425547,4.39686183197217,4.73287537525391,4.82885342865116,4.76761883150185
Jordan,JOR,Urban population (% of total population),SP.URB.TOTL.IN.ZS,78.2972918926847,78.3069420335538,78.3185350370311,78.412126230667,78.755612573541,79.3358270749644,80.1290966207551,81.1117480967305,82.2601083887084,83.5505043825064,84.9592629639423,86.4627110188335,88.0371754329978,89.8881391939133,90.56272794707,90.8764609714428,91.2008859099729,91.515966492507,91.8216722992319,92.117972910453,92.4048379066163
Jordan,JOR,"Foreign direct investment, net inflows (% of GDP)",BX.KLT.DINV.WD.GD.ZS,2.48601734100151,5.36472671434697,8.2092227069918,15.7636461414358,23.5372913427131,15.3248262609959,11.0197500384043,8.78688730340838,5.59019642688163,4.5528280155948,4.4426748997237,5.1397527233423,5.37423314588782,3.77477904735167,3.554614581726,4.45743038303198,2.01309678009089,1.50023479065386,1.58617483665323,1.22641995478769,1.79856207883079
Jordan,JOR,Poverty headcount ratio at $3.00 a day (2021 PPP) (% of population),SI.POV.DDAY,1,..,..,..,0.3,..,0.1,..,0.1,..,..,..,..,..,..,..,..,..,..,..,..
Jordan,JOR,GDP per capita (current US$),NY.GDP.PCAP.CD,1706.26744384401,1775.67625581432,1940.08641342805,2087.87079273635,2342.63459574933,2506.20599484139,3669.83012701745,3845.34388086274,4139.04283161368,4363.42800211536,4593.83609729005,4739.02253641778,4610.60460269382,4441.61896013754,4366.06999647268,4449.34618076611,4533.97658437205,4557.79334729121,4411.48321838396,4581.71967230365,4754.41362207378
Jordan,JOR,Access to electricity (% of population),EG.ELC.ACCS.ZS,99.5,99,99.2,99,100,98.8,100,99.4,100,99.6,99.5,99.7,99.8,99.9,100,100,99.9,99.9,99.9,99.9,100
Kazakhstan,KAZ,GDP growth (annual %),NY.GDP.MKTP.KD.ZG,9.79999999960842,9.30000000033759,9.60000000136854,9.69999999922682,10.7,8.89999999999405,3.30000000021091,1.19999999942873,7.30000000329814,7.40000000144188,4.79999999528297,5.99999999671084,4.20000000566705,1.20000000053288,1.09999999910173,4.10000000257358,4.09999999309841,4.50000000091883,-2.49999999628,4.29999999729456,3.19999999970734
Kazakhstan,KAZ,"Inflation, consumer prices (annual %)",FP.CPI.TOTL.ZG,5.83692452105643,6.4382181011894,6.88205438981899,7.57999929125766,8.72169386091726,10.8468362075557,17.139899777207,7.31607858288578,7.40046356341396,8.4529046617679,5.19568369035073,5.94283871648418,6.84944977003358,6.67828585615236,14.3610942386248,7.44266321306792,6.16366247577762,5.33356098916669,6.71815454861458,8.04147134028401,15.0278644440851
Kazakhstan,KAZ,"Life expectancy at birth, total (years)",SP.DYN.LE00.IN,64.441,64.753,65.04,65.356,65.722,66.18,66.759,67.46,68.257,69.108,69.939,70.719,71.415,72.024,72.549,72.996,73.369,73.658,71.195,70.131,73.503
Kazakhstan,KAZ,"Government expenditure on education, total (% of GDP)",SE.XPD.TOTL.GD.ZS,3.02970004081726,..,2.25590991973877,2.26353001594544,2.62679004669189,2.83138990402222,2.58946990966797,3.06072998046875,3.58735481721566,3.6143401736456,3.90163701288194,3.44564886564109,3.42903954512824,2.78858995437622,2.9780900478363,2.75081992149353,2.61595010757446,2.8569700717926,4.44620380169618,4.38569397571466,4.36185360851405
Kazakhstan,KAZ,Individuals using the Internet (% of population),IT.NET.USER.ZS,1.67477099516366,2.00041475265872,2.6503946570164,2.961699963,3.268399954,4.02,11,18.2,31.6,50.6,61.9066274652008,63.30422443,66,70.82993359566,74.5877264735738,76.4267482325439,78.9039190578816,81.8776204746284,85.94259898,90.9239507,92.29685266
Kazakhstan,KAZ,Current health expenditure (% of GDP),SH.XPD.CHEX.GD.ZS,3.6148138,3.72335005,3.98307681,3.90172958,3.39824843,2.70314813,3.02569842,3.47355628,2.73641396,2.60236669,3.03725982,2.66286755,2.97468448,3.04051113,3.42235589,3.0524447,2.90062451,2.87143755,3.83133817,3.98701859,3.74577999
Kazakhstan,KAZ,"Unemployment, total (% of total labor force) (national estimate)",SL.UEM.TOTL.NE.ZS,9.334,8.777,8.402,8.11,7.79,7.258,6.63,6.6,5.767,5.389,5.286,5.205,..,4.971,..,4.9,..,..,4.9,..,4.9
Kazakhstan,KAZ,"School enrollment, primary (% gross)",SE.PRM.ENRR,100.211357116699,100.594848632812,101.440238952637,100.948692321777,99.8527221679688,99.7916412353516,101.085159301758,99.4884185791016,98.6651271682671,98.200290536057,95.6735941529056,94.8001054814475,94.6582153565871,95.0759557064159,95.5584446566675,97.3418813354746,97.418791535514,99.0552309326299,98.9588592775913,98.2733886173645,99.223902183157
Kazakhstan,KAZ,"Agriculture, forestry, and fishing, value added (% of GDP)",NV.AGR.TOTL.ZS,7.99590909279888,7.86220602699238,7.12295798751998,6.36952301555866,5.49583486199441,5.66029151907027,5.31580324655219,6.14688498650048,4.51052752955614,4.9889741557576,4.28833015629833,4.50354556962711,4.32955246164473,4.71054741881579,4.55600427070659,4.51698454026741,4.39585810287636,4.46633595812751,5.3912826934481,5.03000193996331,5.24714480730074
Kazakhstan,KAZ,Urban population (% of total population),SP.URB.TOTL.IN.ZS,55.5045911261585,55.2115277236592,54.9200902244233,54.6481873472392,54.4137278108953,54.2346203341799,54.1287736358813,54.1167144748885,54.2054127497102,54.3996086425518,54.69208192838,55.0779764821252,55.5524361787178,56.1106048930882,56.7476265001667,57.4586448748837,58.2388038921695,59.0832474269546,59.9871193541692,61.030254280267,61.444157327248
Kazakhstan,KAZ,"Foreign direct investment, net inflows (% of GDP)",BX.KLT.DINV.WD.GD.ZS,10.5066901062522,8.05370034022495,13.0128589220718,4.45711144385218,9.39605595950726,11.4190297456091,12.6039290016987,12.3805834457831,5.03630628288047,7.14351039762779,6.56164821145973,4.23069709209016,3.3006311188168,3.56737402233377,12.5466202801438,2.85205738000704,0.196995426846668,2.05367649290766,4.21199990309163,2.31675874599247,2.25355434978679
Kazakhstan,KAZ,Poverty headcount ratio at $3.00 a day (2021 PPP) (% of population),SI.POV.DDAY,16.2,12.3,7.6,14.6,2.4,1.1,0.8,0.8,0.5,0.2,0.1,0.1,0.1,0.1,0.2,0.1,0.1,0.1,0,0,..
Kazakhstan,KAZ,GDP per capita (current US$),NY.GDP.PCAP.CD,1573.55219932325,1958.02050246511,2722.47407755402,3577.35804001782,5030.13494711519,6449.43931096532,8123.54705891736,6938.01175663001,8793.07589980782,11287.1464926039,12018.7966527993,13478.459627612,12427.7094576939,10196.1226255982,7475.56688689424,8943.08416791984,9472.48527327758,9457.12614657136,8781.50797787648,9983.60103576902,11255.3396437881
Kazakhstan,KAZ,Access to electricity (% of population),EG.ELC.ACCS.ZS,99.8,99.9,100,100,99.8,100,100,100,100,99.8,100,100,100,100,100,100,100,100,100,100,100
Kenya,KEN,GDP growth (annual %),NY.GDP.MKTP.KD.ZG,0.546859530175595,2.93247554570904,5.10429977629738,5.90666607980057,6.47249430015484,6.85072976998784,0.232282744812977,3.30693981631089,8.05847360290906,5.1211061197056,4.56867961444982,3.7978483925754,5.02011100232484,4.96772112759767,4.21351706814744,3.83795817364721,5.64794640709219,5.11415885767801,-0.272766327438816,7.59048947333467,4.85998104287999
Kenya,KEN,"Inflation, consumer prices (annual %)",FP.CPI.TOTL.ZG,1.96130821739162,9.81569062979654,11.6240355442426,10.3127783574683,14.4537342081708,9.75888023027529,26.2398166445063,9.23412592394652,3.96138889115385,14.0224913014704,9.37777003547598,5.71749357037733,6.87815499275949,6.58215429284779,6.29724953814625,8.00564967709945,4.6898064677633,5.23963795764792,5.40516207933392,6.10793603659176,7.65986268272224
Kenya,KEN,"Life expectancy at birth, total (years)",SP.DYN.LE00.IN,56.759,57.369,57.947,58.51,59.059,59.407,59.955,60.483,60.915,61.283,61.537,61.729,61.99,62.279,62.526,62.725,62.825,62.939,61.596,61.225,63.549
Kenya,KEN,"Government expenditure on education, total (% of GDP)",SE.XPD.TOTL.GD.ZS,6.17199993133545,6.49428987503052,6.79693984985352,7.3356499671936,7.04981994628906,..,..,..,4.81548976898193,4.70012998580933,4.93122005462646,4.83721017837524,4.7172999382019,4.74349021911621,4.89518022537231,4.96308994293213,5.10761976242065,5.37359210998097,5.04574892454155,4.89040202257195,4.51101801829815
Kenya,KEN,Individuals using the Internet (% of population),IT.NET.USER.ZS,1.20777388492125,2.94190286101524,3.0235280420962,3.101900101,3.599999905,4.400000095,5.199999809,6.1,7.2,8.800000191,10.5,13,16.5,16.5878548475992,16.6,17.82710075,19.5,22.6687733618171,24.7227993,26.96290016,29.40589905
Kenya,KEN,Current health expenditure (% of GDP),SH.XPD.CHEX.GD.ZS,3.82159472,4.03365707,4.21159506,4.2174139,5.0134387,5.12358475,5.19050598,5.29172945,5.38849831,5.20212841,5.0180583,4.93100405,4.91267347,4.76439571,4.75429106,3.98597503,4.09903383,4.36874676,4.49248886,4.56992722,4.32241869
Kenya,KEN,"Unemployment, total (% of total labor force) (national estimate)",SL.UEM.TOTL.NE.ZS,..,..,..,9.957,..,..,..,9.6,..,..,..,..,..,..,2.757,..,..,5.014,..,5.585,..
Kenya,KEN,"School enrollment, primary (% gross)",SE.PRM.ENRR,89.2491912841797,103.90389251709,103.729431152344,103.62956237793,101.201988220215,107.582710266113,107.076469421387,107.945739746094,..,..,111.422226680456,..,107.141220092773,104.780090332031,104.114852905273,101.957891317521,99.770420205161,77.5132254988803,91.9542486020668,93.7669067632864,98.551967362001
Kenya,KEN,"Agriculture, forestry, and fishing, value added (% of GDP)",NV.AGR.TOTL.ZS,25.8539676039456,25.8044393708329,24.9290410875057,24.2362747002419,20.5196878049409,20.5866644602991,22.1963401579826,16.2549814662286,17.5677598863696,18.8947112249953,18.8297259329446,18.6165515854622,18.3478393393556,19.4696147780528,20.0345164328349,20.8936374065292,20.314910419968,20.8611638110686,22.7027261604451,21.4770750957252,21.0361920649933
Kenya,KEN,Urban population (% of total population),SP.URB.TOTL.IN.ZS,21.8586568137501,23.563889811899,25.4147539714454,27.2686745625048,28.9830768551925,30.4153861196239,31.4230276259143,31.8603086707305,31.8713287706458,31.8673949025409,31.8558130142761,31.8324454433988,31.7931545274563,31.7338026039958,31.6502520105647,31.5383650847102,31.3940041639796,31.1895566421135,31.2063494632616,31.2879334021971,31.4307820066946
Kenya,KEN,"Foreign direct investment, net inflows (% of GDP)",BX.KLT.DINV.WD.GD.ZS,0.210062364887451,0.548412532071825,0.286194263505208,0.113202068934601,0.196219632064752,2.28124317373484,0.266291327300955,0.274534230856511,0.392164287395035,3.09471103381268,2.44725940988928,1.81417037253291,1.20220842439576,0.883799936312692,0.627591266355583,1.64083690398642,0.832686217791619,0.468168547481475,-0.00536845439351621,0.382593996518954,0.691645983068062
Kenya,KEN,Poverty headcount ratio at $3.00 a day (2021 PPP) (% of population),SI.POV.DDAY,..,..,..,44.6,..,..,..,..,..,..,..,..,..,37.7,..,..,..,..,44.4,46.4,45.5
Kenya,KEN,GDP per capita (current US$),NY.GDP.PCAP.CD,402.936385605382,442.898457253405,463.662781300121,523.456312433863,699.80237063381,840.201439476765,915.54435473604,1047.9678324485,1091.51873101194,1096.14499807675,1285.00536171512,1370.87885214659,1482.81566253497,1489.11959777284,1554.12610314423,1667.48447230835,1836.45275528993,1960.40808854893,1927.66459027849,2061.35622089594,2109.56288513137
Kenya,KEN,Access to electricity (% of population),EG.ELC.ACCS.ZS,18.9,16,22.6,24.5,26.4,28.3,30.3,23,19.2,36.2,38.1,40.1,36,41.6,53.1,55.8,61.2,69.7,71.5,76.5,76
Kiribati,KIR,GDP growth (annual %),NY.GDP.MKTP.KD.ZG,1.44715494184476,-1.57546689217141,-0.608967597152244,1.29243029465849,5.77693449836185,3.05507981566669,-2.98473121631831,0.536801194648319,1.2259519892488,3.26372719532225,5.80365974645258,7.73092188699647,1.26366268044595,11.2653209431294,7.08803465778669,3.71200171622053,3.42465753424656,3.31125827814569,-1.28205128205127,8.44155844155846,5.08982035928143
Kiribati,KIR,"Inflation, consumer prices (annual %)",FP.CPI.TOTL.ZG,..,..,..,..,..,3.59252131266417,13.6653995252441,9.81643884508657,-3.89955040651649,1.4974097987597,-3.04586292775571,-1.488059084681,2.10398520925043,0.572015743634256,1.91731090233378,0.355520888546828,0.564030491493476,-1.81307995302947,2.5532455441463,2.05361676773907,5.34595440908904
Kiribati,KIR,"Life expectancy at birth, total (years)",SP.DYN.LE00.IN,65.123,65.287,65.416,65.517,65.601,65.677,65.746,65.808,65.859,65.896,65.908,65.898,65.869,65.831,65.799,65.787,65.807,65.866,65.205,64.148,66.269
Kiribati,KIR,"Government expenditure on education, total (% of GDP)",SE.XPD.TOTL.GD.ZS,..,..,..,..,..,..,..,..,..,..,12.499488,12.0902942583732,11.513136036036,10.7683901960784,11.646473381295,11.4761649484536,12.9204194888179,14.5197413461539,16.2303756141975,13.9871516883117,14.7860312820513
Kiribati,KIR,Individuals using the Internet (% of population),IT.NET.USER.ZS,2.5,3,3.5,4,4.5,6,7,8.97,9.07,10,10.74680042,11.5,12.25,14.89999962,19.41939926,25.30960083,32.9864006,41.79299927,52.95090103,67.08760071,84.99849701
Kiribati,KIR,Current health expenditure (% of GDP),SH.XPD.CHEX.GD.ZS,11.4402895,10.05060768,12.17176056,11.36301994,11.30852318,10.9454546,13.51428604,12.73888874,8.76666641,7.98947382,7.94999981,8.7081337,8.9549551,7.21568632,9.04265118,9.68424225,10.89694214,10.16600227,13.65645027,11.83228588,10.52553844
Kiribati,KIR,"Unemployment, total (% of total labor force) (national estimate)",SL.UEM.TOTL.NE.ZS,..,..,..,14.649,..,..,..,..,30.584,..,..,..,..,9.334,..,..,..,8.557,10.971,..,..
Kiribati,KIR,"School enrollment, primary (% gross)",SE.PRM.ENRR,105.259788513184,110.661247253418,107.773559570312,109.628982543945,107.576568603516,104.204116821289,105.912109375,102.407890319824,..,..,..,..,109.117865085248,105.430103966625,108.727858293076,103.304250974568,..,..,105.717202654416,103.688433251616,102.156527494347
Kiribati,KIR,"Agriculture, forestry, and fishing, value added (% of GDP)",NV.AGR.TOTL.ZS,21.5198283356643,22.0411967073946,22.613067101907,19.9785440818543,21.6296437311933,22.6952534039334,24.6515263462685,26.6757133740491,24.656994278618,25.7140796838501,25.2322527301857,23.6658906066429,25.295949931433,22.919663600839,27.0676818963115,31.0106872852234,26.7699361022364,26.9900320512821,26.9632710280374,24.6990263157895,27.9577956877189
Kiribati,KIR,Urban population (% of total population),SP.URB.TOTL.IN.ZS,43.4985457088421,43.510668313316,43.5238025326975,43.5443274444527,43.7349826427011,44.6212141757087,45.9461325515373,47.3510238975116,48.4603839564718,49.1228169536795,49.5800786695548,49.9687043258795,50.3909308922385,50.9541970402064,51.7710553002321,52.9734697275451,54.5004023142497,56.2846727145489,58.4123714112748,59.6364645301985,60.5739126559419
Kiribati,KIR,"Foreign direct investment, net inflows (% of GDP)",BX.KLT.DINV.WD.GD.ZS,0.334194634159284,0.697940457936143,1.87697867593672,2.28808112178245,0.506000711616138,0.835207086847366,-0.86226187796661,3.56373391370914,-3.99041060819927,-0.177954446979993,-1.15262125678328,0.415473344082877,1.31418451065811,-0.427973964466896,0.875179449056022,0.351879895773833,-0.48933912768022,-0.257400772595406,1.18785979525366,0.361313798304443,1.5744619490777
Kiribati,KIR,Poverty headcount ratio at $3.00 a day (2021 PPP) (% of population),SI.POV.DDAY,..,..,..,..,21.3,..,..,..,..,..,..,..,..,..,..,..,..,6.1,..,..,..
Kiribati,KIR,GDP per capita (current US$),NY.GDP.PCAP.CD,810.10870037444,1020.50033851394,1083.2688987175,1161.78341739977,1123.19258990684,1352.57814048911,1410.62246914058,1316.62753853678,1522.10068744154,1771.12926848792,1843.55336349889,1772.08718317132,1736.70535682101,1639.85274740652,1742.66799324117,1854.3326920967,1915.56002581991,1750.24040333237,1751.87199542272,2223.54147866465,2078.7648751855
Kiribati,KIR,Access to electricity (% of population),EG.ELC.ACCS.ZS,59,60.7,62.4,69.7,68.8,67.7,69.4,64.2,63.2,74.9,76.7,78.8,83.4,90.6,92.6,85.7,87.5,89.3,91,92.8,94.4
"Korea, Dem. People's Rep.",PRK,GDP growth (annual %),NY.GDP.MKTP.KD.ZG,..,..,..,..,..,..,..,..,..,..,..,..,..,..,..,..,..,..,..,..,..
"Korea, Dem. People's Rep.",PRK,"Inflation, consumer prices (annual %)",FP.CPI.TOTL.ZG,..,..,..,..,..,..,..,..,..,..,..,..,..,..,..,..,..,..,..,..,..
"Korea, Dem. People's Rep.",PRK,"Life expectancy at birth, total (years)",SP.DYN.LE00.IN,60.877,69.399,69.294,69.168,69.061,69.021,69.303,69.702,70.246,70.772,71.317,71.867,72.451,72.825,72.971,73.034,73.02,72.928,72.783,73.437,73.641
"Korea, Dem. People's Rep.",PRK,"Government expenditure on education, total (% of GDP)",SE.XPD.TOTL.GD.ZS,..,..,..,..,..,..,..,..,..,..,..,..,..,..,..,..,..,..,..,..,..
"Korea, Dem. People's Rep.",PRK,Individuals using the Internet (% of population),IT.NET.USER.ZS,0,0,0,..,..,..,..,..,..,..,..,..,..,..,..,..,..,..,..,..,..
"Korea, Dem. People's Rep.",PRK,Current health expenditure (% of GDP),SH.XPD.CHEX.GD.ZS,..,..,..,..,..,..,..,..,..,..,..,..,..,..,..,..,..,..,..,..,..
"Korea, Dem. People's Rep.",PRK,"Unemployment, total (% of total labor force) (national estimate)",SL.UEM.TOTL.NE.ZS,..,..,..,..,..,..,..,..,..,..,..,..,..,..,..,..,..,..,..,..,..
"Korea, Dem. People's Rep.",PRK,"School enrollment, primary (% gross)",SE.PRM.ENRR,..,..,..,..,..,..,..,101.156799316406,..,..,..,..,..,..,..,..,92.0648422241211,..,..,..,..
"Korea, Dem. People's Rep.",PRK,"Agriculture, forestry, and fishing, value added (% of GDP)",NV.AGR.TOTL.ZS,..,..,..,..,..,..,..,..,..,..,..,..,..,..,..,..,..,..,..,..,..
"Korea, Dem. People's Rep.",PRK,Urban population (% of total population),SP.URB.TOTL.IN.ZS,59.5419414235486,59.6064024764394,59.6753901274401,59.7506437119853,59.8339025655097,59.926906023448,60.0310692203612,60.1544414620403,60.307007469148,60.4836230684404,60.6781140779735,60.8843063158034,61.0940947540873,61.3247571174501,61.5681351428803,61.8206076091402,62.0826119807623,62.3542226611578,62.6355140538495,62.926560562457,63.2274365906829
"Korea, Dem. People's Rep.",PRK,"Foreign direct investment, net inflows (% of GDP)",BX.KLT.DINV.WD.GD.ZS,..,..,..,..,..,..,..,..,..,..,..,..,..,..,..,..,..,..,..,..,..
"Korea, Dem. People's Rep.",PRK,Poverty headcount ratio at $3.00 a day (2021 PPP) (% of population),SI.POV.DDAY,..,..,..,..,..,..,..,..,..,..,..,..,..,..,..,..,..,..,..,..,..
"Korea, Dem. People's Rep.",PRK,GDP per capita (current US$),NY.GDP.PCAP.CD,..,..,..,..,..,..,..,..,..,..,..,..,..,..,..,..,..,..,..,..,..
"Korea, Dem. People's Rep.",PRK,Access to electricity (% of population),EG.ELC.ACCS.ZS,..,..,..,..,..,..,..,26,29.3,31.4,33.6,35.7,37.8,40,42.1,44.2,46.3,48.4,50.5,52.6,54.7
"Korea, Rep.",KOR,GDP growth (annual %),NY.GDP.MKTP.KD.ZG,7.74399895319569,3.07472661826947,5.1836368597334,4.35823667337156,5.24500550580342,5.8419633918717,3.00440451679569,0.81986175641795,6.98166138853071,3.6880320602952,2.54766550568242,3.2913959543442,3.21468019683108,2.92029267301234,3.17152748983935,3.433191763972,3.17611568177327,2.31380210595475,-0.700242317542106,4.61296795454287,2.72756456708991
"Korea, Rep.",KOR,"Inflation, consumer prices (annual %)",FP.CPI.TOTL.ZG,2.76226210296599,3.51487451459939,3.59066298882578,2.75379162735039,2.24234028518921,2.53457382137932,4.67389655533408,2.7564965449393,2.93928652655686,4.0259650043609,2.18707104433314,1.30134754547413,1.27477446401322,0.70633177245575,0.971685739912168,1.94433230786366,1.47583935002645,0.383000303608136,0.537288023411737,2.49833333333339,5.08951365062842
"Korea, Rep.",KOR,"Life expectancy at birth, total (years)",SP.DYN.LE00.IN,76.7658536585366,77.2146341463415,77.6658536585366,78.1682926829268,78.6682926829268,79.119512195122,79.5170731707317,79.9682926829268,80.1170731707317,80.5682926829269,80.819512195122,81.2707317073171,81.7219512195122,82.0243902439024,82.2756097560976,82.6268292682927,82.6268292682927,83.2268292682927,83.4268292682927,83.5268292682927,82.6804878048781
"Korea, Rep.",KOR,"Government expenditure on education, total (% of GDP)",SE.XPD.TOTL.GD.ZS,..,..,..,..,..,..,..,..,..,..,..,..,..,4.24247980117798,4.11502981185913,4.10775995254517,4.21645021438599,4.41813993453979,4.52706003189087,4.55590009689331,5.40910005569458
"Korea, Rep.",KOR,Individuals using the Internet (% of population),IT.NET.USER.ZS,59.4,65.5,72.7,73.5,78.1,78.8,81,81.6,83.7,83.7591201534472,84.07,84.77,87.5568264944747,89.8962557995106,92.8430256796075,95.0694218761004,96.0228595797887,96.157579184239,96.50506052,97.57132698,97.16855335
"Korea, Rep.",KOR,Current health expenditure (% of GDP),SH.XPD.CHEX.GD.ZS,3.90854764,4.46640348,4.43287992,4.65223551,4.95851803,4.95834208,5.24642324,5.68525076,5.79390717,5.90292883,5.9576025,6.06858635,6.24487352,6.46202612,6.6356945,6.79827499,7.14222002,7.69397116,8.02722836,8.34412766,8.8595314
"Korea, Rep.",KOR,"Unemployment, total (% of total labor force) (national estimate)",SL.UEM.TOTL.NE.ZS,3.046,3.348,3.42,3.482,3.254,3.013,2.959,3.363,3.324,2.992,2.812,3.067,3.082,3.546,3.65,3.653,3.824,3.746,3.931,3.639,2.857
"Korea, Rep.",KOR,"School enrollment, primary (% gross)",SE.PRM.ENRR,98.9580383300781,99.9939575195312,100.176528930664,100.344917297363,100.363288879395,100.793983459473,101.344970703125,101.050827026367,100.80436706543,100.998878479004,101.147590637207,100.268768310547,99.4568099975586,100.062088012695,99.7160110473633,98.6247100830078,98.6656723022461,99.6388168334961,99.217903137207,98.6079330444336,99.0050201416016
"Korea, Rep.",KOR,"Agriculture, forestry, and fishing, value added (% of GDP)",NV.AGR.TOTL.ZS,3.08041288429997,2.84536325210175,2.83577440437347,2.50593990708172,2.3878051747446,2.17912737068276,2.04179163138255,2.13804528061097,2.0444228836758,2.10765665250747,2.08215187594443,1.99508166521127,1.95176665660859,1.89858430952633,1.73945648142804,1.71494254133381,1.59932774432361,1.50689433955588,1.57795135359259,1.66515978191584,1.4483461547482
"Korea, Rep.",KOR,Urban population (% of total population),SP.URB.TOTL.IN.ZS,80.2766294544335,80.707793508044,81.104386778171,81.3901352283669,81.566462110512,81.712125801927,81.8350833138518,81.9245045084002,81.9685075986486,81.9615408086376,81.9087898200378,81.8269383502703,81.7315682816954,81.639489860678,81.5559241797057,81.471030429984,81.3823523035196,81.2901063535619,81.1759595622913,81.1616526507785,81.1624941626873
"Korea, Rep.",KOR,"Foreign direct investment, net inflows (% of GDP)",BX.KLT.DINV.WD.GD.ZS,0.842304427693724,0.962229414316563,1.61486572889407,1.403996477148,0.836569086676283,0.722975995794071,1.02488987542862,0.917731561520283,0.796207328344812,0.747683727442323,0.711120351080011,0.889863368558993,0.595893048504325,0.266636382581676,0.766507046338007,1.04741749331971,0.66781363782051,0.550202642546341,0.502554290313687,1.13577953855347,1.39186469730544
"Korea, Rep.",KOR,Poverty headcount ratio at $3.00 a day (2021 PPP) (% of population),SI.POV.DDAY,..,..,..,..,0.5,..,0.5,..,0.5,..,0.5,..,0.3,..,0.2,0.2,0.2,0.2,0.1,0.1,..
"Korea, Rep.",KOR,GDP per capita (current US$),NY.GDP.PCAP.CD,13642.9424537101,15211.5483770422,17121.6301633201,20167.0474902506,22609.7059431449,25078.4853957105,22252.3125108061,19937.3029137734,24071.2620526362,26175.2398553363,26600.5477433903,28449.3591104972,30667.0912467447,30171.7906545222,30832.0628072516,33296.9845439195,35363.9508228687,33826.9443301597,33645.7719545073,37518.4635305697,34822.4048404971
"Korea, Rep.",KOR,Access to electricity (% of population),EG.ELC.ACCS.ZS,100,100,100,100,100,100,100,100,100,100,100,100,100,100,100,100,100,100,100,100,100
Kosovo,XKX,GDP growth (annual %),NY.GDP.MKTP.KD.ZG,..,..,..,..,..,..,..,5.03485413839893,4.93995095961395,6.31981022896761,1.71219595890548,5.34079911900278,3.34880478431623,5.91623128345211,5.57177504731632,4.82565565298054,3.40663227056285,4.75680057007834,-5.34027547826166,10.7456560819583,4.27849895827543
Kosovo,XKX,"Inflation, consumer prices (annual %)",FP.CPI.TOTL.ZG,..,-1.08481262327414,-1.06472696605525,-1.38518913159299,0.621646938601728,4.35849695328369,9.35041764658178,-2.41026401661229,3.48050763735842,7.3364177131527,2.47673782156533,1.76732428354892,0.428957808324092,-0.536929392740659,0.273169431045468,1.48823430592319,1.05379773654991,2.67599202639893,0.198227922994854,3.35369139207997,11.5805104542012
Kosovo,XKX,"Life expectancy at birth, total (years)",SP.DYN.LE00.IN,72.227,72.678,73.132,73.437,73.63,74.422,74.711,74.79,74.609,75.323,75.75,76.336,76.179,76.024,76.748,77.105,77.117,77.249,74.212,74.981,77.623
Kosovo,XKX,"Government expenditure on education, total (% of GDP)",SE.XPD.TOTL.GD.ZS,..,..,..,..,..,..,..,..,..,..,..,..,..,..,..,..,..,..,..,..,..
Kosovo,XKX,Individuals using the Internet (% of population),IT.NET.USER.ZS,..,..,..,..,..,..,..,..,..,..,..,..,..,..,..,83.8935968102791,89.4430319734879,..,..,..,..
Kosovo,XKX,Current health expenditure (% of GDP),SH.XPD.CHEX.GD.ZS,..,..,..,..,..,..,..,..,..,..,..,..,..,..,..,..,..,..,..,..,..
Kosovo,XKX,"Unemployment, total (% of total labor force) (national estimate)",SL.UEM.TOTL.NE.ZS,55,49.7,39.7,41.4,44.9,46.3,47.5,45.4,..,..,30.879,29.767,35.264,32.84,27.491,30.344,27.761,25.069,25.459,20.392,12.093
Kosovo,XKX,"School enrollment, primary (% gross)",SE.PRM.ENRR,..,..,..,..,..,..,..,..,..,..,..,..,..,..,..,..,..,..,..,..,..
Kosovo,XKX,"Agriculture, forestry, and fishing, value added (% of GDP)",NV.AGR.TOTL.ZS,..,..,..,..,..,..,11.2611406776178,8.27613579615343,9.45683318489999,8.13256820161268,7.44545756610942,8.43161126110458,8.29870640805469,7.67716823366887,8.17152319317784,7.40871957581394,6.53116433269115,7.23866991904392,7.36200975780916,6.92330553068501,7.3926054610264
Kosovo,XKX,Urban population (% of total population),SP.URB.TOTL.IN.ZS,37.5341026492746,37.5615508963458,37.5923149033726,37.627884150598,37.6697481182649,37.7193962866165,37.7783181358957,37.8480031463455,37.929940798209,38.0255184272137,38.2296959226488,38.6251749487938,39.1938922761744,39.917681154075,40.7783748317802,41.7578065585746,42.8378095837429,44.0002171565695,45.2268625263391,46.4995789423362,47.8001996538455
Kosovo,XKX,"Foreign direct investment, net inflows (% of GDP)",BX.KLT.DINV.WD.GD.ZS,..,..,..,..,..,..,10.4549671966777,8.00567025856271,9.17015875370246,8.44148570365304,4.75526229642647,5.51557792241123,2.8255199046184,5.4536060723116,3.64804781540538,3.99449173765269,4.04305852511921,3.6089905562178,5.10214468008702,5.32217005283667,8.15747473082072
Kosovo,XKX,Poverty headcount ratio at $3.00 a day (2021 PPP) (% of population),SI.POV.DDAY,..,11.7,..,14.3,13.5,..,..,10.5,10.6,6.6,3.9,2.2,3.3,2.4,2,15.2,20.7,11.3,16.8,25,10
Kosovo,XKX,GDP per capita (current US$),NY.GDP.PCAP.CD,..,..,..,..,..,..,2889.14677086951,2805.94692985371,2987.54523493128,3538.94809762524,3410.65497983011,3704.55812411167,3902.49322261901,3520.62685324451,3759.44777525332,4009.32022064732,4384.18796440547,4415.6992744623,4320.58382547288,5269.69946181439,5298.1473871027
Kosovo,XKX,Access to electricity (% of population),EG.ELC.ACCS.ZS,..,..,..,..,..,..,..,..,..,..,..,..,..,..,..,..,..,..,..,..,..
Kuwait,KWT,GDP growth (annual %),NY.GDP.MKTP.KD.ZG,3.01428315192251,17.3260204175143,10.2402980586354,10.6090449840228,7.51477300024021,5.99157551059315,2.47975694278544,-7.07605643073411,-2.37054804425912,9.62863419534361,6.62587485078971,1.14946552780648,0.500914669444924,0.592770817217982,2.92607584256388,-4.71222270495362,2.74333045031415,2.26381706595791,-4.81731593381585,1.67213054307859,6.75866711966617
Kuwait,KWT,"Inflation, consumer prices (annual %)",FP.CPI.TOTL.ZG,0.888450148074907,0.961350293542112,1.24856443679889,4.14297583631023,3.05701339166722,5.48494983277596,10.5827097865144,4.60959548447787,4.49640287769787,4.8394034987095,3.25514600287211,2.68229684085039,2.90892672858625,3.27170166092133,3.19839776658374,2.17183298510006,0.543133148199567,1.09184802655856,2.101729548274,3.42362947609188,3.98064961990313
Kuwait,KWT,"Life expectancy at birth, total (years)",SP.DYN.LE00.IN,76.5316341463415,76.6445609756098,76.7276829268293,76.8007804878049,76.8876829268293,77.0101707317073,77.1890487804878,77.4333658536585,77.7262195121951,78.052243902439,78.3950243902439,78.7418048780488,79.0803414634146,79.3765609756098,79.6775853658537,79.9160731707317,80.1063658536585,81.969756097561,78.7609756097561,78.7365853658537,80.5878048780488
Kuwait,KWT,"Government expenditure on education, total (% of GDP)",SE.XPD.TOTL.GD.ZS,6.551109790802,..,5.53506994247437,4.73833990097046,3.75997996330261,..,..,..,..,..,..,..,..,..,5.95593958839578,6.35444222156987,6.39165256830382,6.72789551402991,6.24513034913966,7.76246706467929,6.58236499988891
Kuwait,KWT,Individuals using the Internet (% of population),IT.NET.USER.ZS,10.2489679289296,22.4029383804612,22.9271120360078,25.92609978,28.79120064,34.79999924,42,50.79999924,61.40000153,65.7690706867398,70.44999695,75.45999908,78.69999695,82,85.59999847,97.9999893344615,99.5988495907557,99.5426764518489,99.10587017,99.7,99.74729919
Kuwait,KWT,Current health expenditure (% of GDP),SH.XPD.CHEX.GD.ZS,3.12441754,2.76042604,2.35702467,2.013309,1.8213098,1.92673647,1.92400301,2.70638776,2.67879915,2.33303547,2.33311439,2.48789287,2.9159987,4.21497965,4.73096323,4.65326786,5.17201853,5.18200397,6.11295223,5.37273169,4.20024538
Kuwait,KWT,"Unemployment, total (% of total labor force) (national estimate)",SL.UEM.TOTL.NE.ZS,1.1,5.752,1.7,1.951,1.3,1.5,1.753,1.641,1.816,3.597,..,..,2.9,1.947,2.164,..,..,..,..,..,..
Kuwait,KWT,"School enrollment, primary (% gross)",SE.PRM.ENRR,100.232528686523,103.916358947754,106.364921569824,109.952461242676,107.883522033691,109.510246276855,105.871963500977,104.793342590332,103.456070631628,104.034639765968,101.201070548063,100.76174143249,100.81140841023,101.798934825921,95.082504528762,91.091846001843,88.3663601926408,83.058405539644,81.3867938642424,82.3634126791806,..
Kuwait,KWT,"Agriculture, forestry, and fishing, value added (% of GDP)",NV.AGR.TOTL.ZS,0.516824849007765,0.454889536839744,0.404756603698185,0.301358018412085,0.236515719642342,0.213317127370276,0.160020999601209,0.262327765426512,0.451728985475114,0.438835825324165,0.359874300848834,0.355177608949371,0.450636106109894,0.537729008869637,0.518592131185869,0.525092139249465,0.44590687116951,0.370434138380291,0.496326689989677,0.473024818982534,0.402460238899801
Kuwait,KWT,Urban population (% of total population),SP.URB.TOTL.IN.ZS,99.5090276880805,99.7655794280652,99.94716743531,100,100,100,100,100,100,100,100,100,100,100,100,100,100,100,100,100,100
Kuwait,KWT,"Foreign direct investment, net inflows (% of GDP)",BX.KLT.DINV.WD.GD.ZS,0.00949093260661865,-0.140181900729054,0.0399618649631494,0.289490192089246,0.119445435810722,0.0972971788343997,-0.00403837933985183,1.05086514387032,1.13036730425536,2.11573865053541,1.65046109668041,0.823130244872496,0.298681408941651,0.248414926379679,0.266918369047007,0.0936402094114043,-0.0154187787915342,0.366059041832984,-0.502546857177858,-0.183575378772919,0.409943823254394
Kuwait,KWT,Poverty headcount ratio at $3.00 a day (2021 PPP) (% of population),SI.POV.DDAY,..,..,..,..,..,..,..,..,..,..,..,..,..,..,..,..,..,..,..,..,..
Kuwait,KWT,GDP per capita (current US$),NY.GDP.PCAP.CD,18512.7523035862,22690.655175144,27552.2827399787,36122.6142741227,42946.6374104066,45709.4132876371,55585.1889344442,37907.1001320042,39212.252220155,49169.6063813095,52155.2225833921,49651.0439275077,44368.7813457751,29882.2126495698,27323.6890735517,29047.6536135703,32067.9623756889,31707.8737443551,25236.0755848941,34018.6342592913,39981.7691035833
Kuwait,KWT,Access to electricity (% of population),EG.ELC.ACCS.ZS,100,100,100,100,100,100,100,100,100,100,100,100,100,100,100,100,100,100,100,100,100
Kyrgyz Republic,KGZ,GDP growth (annual %),NY.GDP.MKTP.KD.ZG,-0.0173246130360667,7.03029319731168,7.02681242497607,-0.175515404044219,3.10289874199981,8.54287477507607,8.40161604861429,2.88629457537731,-0.471566596791618,5.95627429693504,-0.0881501998439376,10.9154694528045,4.02403863083252,3.87582544512439,4.33585592190116,4.73993722377884,3.75791013557165,4.60062565707598,-7.14897757727955,5.50700762671923,8.96750520041391
Kyrgyz Republic,KGZ,"Inflation, consumer prices (annual %)",FP.CPI.TOTL.ZG,2.13420986310243,2.97461295184355,4.11065084723381,4.3386739184431,5.55212333162542,10.2301032660484,24.5201024234102,6.83656248105368,7.96772225579684,16.6363262731495,2.76844236540957,6.61375202358082,7.5342472977589,6.50331838993384,0.388838296895799,3.1753098637994,1.54266145238436,1.13362257718804,6.32542296338078,11.9050398185147,13.9229093174176
Kyrgyz Republic,KGZ,"Life expectancy at birth, total (years)",SP.DYN.LE00.IN,68.1560975609756,68.2560975609756,68.1536585365854,67.9560975609756,67.6951219512195,67.8951219512195,68.4512195121951,69.1024390243903,69.3,69.6024390243903,70.0024390243902,70.2024390243902,70.4024390243902,70.6512195121951,70.9512195121951,71.2,71.4,71.6,71.8,71.9,72.0487804878049
Kyrgyz Republic,KGZ,"Government expenditure on education, total (% of GDP)",SE.XPD.TOTL.GD.ZS,4.44545984268188,4.47541999816895,4.62243986129761,4.87384986877441,5.54987001419067,6.46697998046875,5.91317987442017,6.23267984390259,5.81884002685547,6.79061985015869,7.38423013687134,6.78020000457764,5.53159999847412,5.98551988601685,6.58616018295288,6.02618980407715,5.55267000198364,5.0802698135376,5.7331600189209,5.16667985916138,7.16884382244099
Kyrgyz Republic,KGZ,Individuals using the Internet (% of population),IT.NET.USER.ZS,2.99926518003089,3.90876626828521,5.09038530732863,10.53380013,12.30690002,14.03,15.69999981,16,16.29999924,17.5,19.79999924,23,28.29999924,30.24699974,40.52619934,50.80530167,62.8,64.1,72,77.11769867,84.1937027
Kyrgyz Republic,KGZ,Current health expenditure (% of GDP),SH.XPD.CHEX.GD.ZS,4.59219551,5.82382107,6.20281315,7.45010662,8.3118391,6.93210649,6.52511883,6.89873457,6.95027161,7.1072917,8.50966358,8.18745041,7.35766459,7.14930916,6.41248226,6.18586349,5.01030922,4.25461817,4.93558979,5.35275602,5.04874945
Kyrgyz Republic,KGZ,"Unemployment, total (% of total labor force) (national estimate)",SL.UEM.TOTL.NE.ZS,12.549,..,8.53,8.109,8.271,..,8.219,8.4,8.692,7.455,5.908,5.526,5.051,4.2,4.009,3.319,4.559,5.45,5.945,5.149,4.767
Kyrgyz Republic,KGZ,"School enrollment, primary (% gross)",SE.PRM.ENRR,93.4230804443359,93.4400482177734,94.6500473022461,95.2993011474609,96.6627578735352,95.5742263793945,96.2590179443359,97.0543823242188,98.1180547707839,97.7979618076575,98.702532107947,98.5657231831631,98.8074237078529,98.0889255070076,99.7782949950732,100.800957688671,99.826455114381,98.9384768920384,96.2103354796137,96.3743766346118,96.7442875061351
Kyrgyz Republic,KGZ,"Agriculture, forestry, and fishing, value added (% of GDP)",NV.AGR.TOTL.ZS,34.4047962763445,33.6222526391595,29.9044500994693,28.4832783609781,28.6802911420992,26.8802101795871,23.4855331532901,18.7607374707352,17.4482561772443,16.56531665018,16.654196378216,14.6378725497812,14.7186631194877,14.0607643300857,12.8344731564928,12.5145788958853,11.6752864842384,10.3739026248931,12.1696556730884,12.4122330298243,10.9968056651977
Kyrgyz Republic,KGZ,Urban population (% of total population),SP.URB.TOTL.IN.ZS,35.3118703235333,35.3086519815317,35.3058886953128,35.3030968124082,35.2997926803498,35.2954926466692,35.2897130588983,35.2815523593591,35.267768240398,35.2466507961984,35.218916221918,35.1850529225105,35.1455493029297,35.1008937681291,35.0515747230627,34.9980805726839,34.9408997219466,34.8805205758044,34.8174315392111,34.7521210171204,34.7003053497743
Kyrgyz Republic,KGZ,"Foreign direct investment, net inflows (% of GDP)",BX.KLT.DINV.WD.GD.ZS,0.290348679041994,2.37334214616148,7.93380357994973,1.73012109521201,6.422443742837,5.46786640053175,7.33453630196803,4.03784480909439,9.86092233978431,11.0646449339785,3.95036874399421,8.34375023535304,4.59301012553734,17.1312307587207,9.08868385870298,-1.39184288798722,1.74369178553725,4.3096066288398,-4.85484703138398,2.44569276771409,0.451992680624909
Kyrgyz Republic,KGZ,Poverty headcount ratio at $3.00 a day (2021 PPP) (% of population),SI.POV.DDAY,58.1,56.6,32.5,36.6,26,23.3,13.8,9.8,12.6,9.3,10.5,13.5,8.1,11,8,8.2,5.9,4.9,9.4,5.6,4.5
Kyrgyz Republic,KGZ,GDP per capita (current US$),NY.GDP.PCAP.CD,321.726775366804,380.505828812441,433.233873286,476.548193640077,543.113512472219,721.771577544361,966.388569370494,870.198894546917,876.954476440354,1117.40174350185,1168.62244675446,1269.66303464348,1264.52668823891,1105.65193844261,1103.27489428412,1221.39046807082,1283.5203037417,1421.99927504102,1229.51766602907,1349.99730650542,1739.72018344174
Kyrgyz Republic,KGZ,Access to electricity (% of population),EG.ELC.ACCS.ZS,100,99.4,99.3,99.4,98.9,99.5,99.5,99.5,99,98.3,99.8,98.9,99.8,98.7,99.7,100,100,99.9,99.9,99.7,99.7
Lao PDR,LAO,GDP growth (annual %),NY.GDP.MKTP.KD.ZG,5.91874368370564,6.06700230344272,6.35769548008234,7.10756836811267,8.61926620832807,7.59682880054878,7.82490276337012,7.50177491225853,8.52690551739717,8.03865268023725,8.02609843461283,8.02630022699017,7.61196343979319,7.27006584373785,7.02283625501138,6.8925308726989,6.24796000755872,5.4577350924848,0.503031829018681,2.52835100486102,2.70742652643155
Lao PDR,LAO,"Inflation, consumer prices (annual %)",FP.CPI.TOTL.ZG,10.6313446323333,15.4893529233525,10.4622667314208,7.16541759946639,6.54559439052787,4.66197269469701,7.62880887577516,0.141187674980385,5.98254521550082,7.5689885610998,4.2551267783209,6.37142717782947,4.12924306873771,1.27735427102992,1.59691227583204,0.825478607568026,2.04039266890201,3.32255881256925,5.10407262959919,3.75562036658877,22.9562225132056
Lao PDR,LAO,"Life expectancy at birth, total (years)",SP.DYN.LE00.IN,59.302,59.643,60.08,60.688,61.074,61.694,62.248,63.023,63.69,64.505,65.126,65.723,66.35,66.688,67.014,67.345,67.594,67.911,68.339,67.807,68.715
Lao PDR,LAO,"Government expenditure on education, total (% of GDP)",SE.XPD.TOTL.GD.ZS,2.82522010803223,..,2.41300010681152,2.4140899181366,2.95879006385803,3.07841992378235,2.27854990959167,1.65485000610352,1.70978999137878,1.70801997184753,1.82147002220154,3.23380994796753,2.93781995773315,2.73689787884215,2.77442976110388,2.49797261414021,2.33501229018316,2.12201393748998,1.91597273223857,1.85949176876536,1.46083440434069
Lao PDR,LAO,Individuals using the Internet (% of population),IT.NET.USER.ZS,0.267899241309349,0.333912466428616,0.361434490258043,0.850399971,1.16989994,1.64,3.55,6,7,9,10.74769974,12.5,14.26000023,18.20000076,21.87000084,25.51040077,36.27130127,47.03229904,54,62,64.54000092
Lao PDR,LAO,Current health expenditure (% of GDP),SH.XPD.CHEX.GD.ZS,3.69751263,4.47920704,3.5405724,3.33673191,2.93200922,3.12986231,2.76727295,3.46300411,2.91154933,1.94457507,2.07637572,2.39984965,2.29845548,2.45366454,2.36087489,2.52606821,2.24630046,2.60312223,2.05965185,2.74392009,2.01825476
Lao PDR,LAO,"Unemployment, total (% of total labor force) (national estimate)",SL.UEM.TOTL.NE.ZS,..,1.683,..,1.351,..,..,..,..,0.708,..,..,..,..,2.006,..,3.268,..,..,..,..,1.209
Lao PDR,LAO,"School enrollment, primary (% gross)",SE.PRM.ENRR,105.233688354492,107.481590270996,108.649421691895,110.026527404785,110.817306518555,112.471809387207,114.984016418457,117.407089233398,119.705680847168,119.074599302583,118.414315740965,118.408152699995,117.425464096562,114.302879123065,110.502812681423,107.444972491228,104.275413158198,101.978544594664,100.27766790602,99.1101994809825,95.6988495024876
Lao PDR,LAO,"Agriculture, forestry, and fishing, value added (% of GDP)",NV.AGR.TOTL.ZS,33.3863040963517,32.0861145753545,30.5213475173909,28.2951353434837,26.7296699146578,25.788148677301,24.1764814314586,24.2053770855586,22.5957941345194,20.7912551864005,18.5484865737637,17.9304984280697,17.8487917824206,17.5877596970627,17.2301765948066,16.1997598561979,15.7091868201084,16.0503390570341,16.3377623592616,16.0676970155249,14.8688822282276
Lao PDR,LAO,Urban population (% of total population),SP.URB.TOTL.IN.ZS,24.5247834668291,25.5945881340707,26.5371091732139,27.3224977292697,28.0378756242097,28.7343050001346,29.4034348148069,30.0420311503825,30.6468600890172,31.2146877128668,31.7422801040872,32.2264033448341,32.6638235172635,33.1240204432199,33.8267455533474,34.5115346444216,35.2050070032013,35.9072880879451,36.6185033569111,37.338778268357,38.0682382805397
Lao PDR,LAO,"Foreign direct investment, net inflows (% of GDP)",BX.KLT.DINV.WD.GD.ZS,0.253176893420544,0.962969691363706,0.714895049062071,1.01332132437858,5.42138961728604,7.66062749777557,4.18200303606929,5.45905949594973,3.90935018167503,3.43702755895922,6.06067602678934,5.68624628337024,6.53385086120159,7.47075777292731,5.87774436155716,9.87799160512334,7.4856486219066,4.03149139231071,5.09807193491087,5.69344695957329,4.69509225789707
Lao PDR,LAO,Poverty headcount ratio at $3.00 a day (2021 PPP) (% of population),SI.POV.DDAY,43.1,..,..,..,..,36,..,..,..,..,21.7,..,..,..,..,..,15.7,..,..,..,..
Lao PDR,LAO,GDP per capita (current US$),NY.GDP.PCAP.CD,313.350817148131,355.097216151461,409.296298284117,466.061506997741,579.391947440719,697.323013673925,885.747376088762,935.03237283283,1125.91610151261,1361.54704394913,1563.5650771337,1812.51774424651,1981.03910900473,2121.01339097363,2303.22156035363,2432.43059478511,2545.1075420815,2589.32081035237,2583.77730696131,2526.05105018529,2046.40440255621
Lao PDR,LAO,Access to electricity (% of population),EG.ELC.ACCS.ZS,46.3,48,53.5,57.2,57,55,66,67.4,70.2,70,76.4,79.3,82.5,89.7,89,93.6,92.9,98.4,99.3,100,100
Latvia,LVA,GDP growth (annual %),NY.GDP.MKTP.KD.ZG,7.66548778586991,8.42913257059108,8.72514341727928,11.6153178557457,12.825017846905,10.4145372792714,-3.38871665849958,-16.0400195313042,-3.66125859554762,3.03634482668815,7.30524057200897,2.09609028156248,2.0949597710559,3.78336712084972,2.55168601974034,3.39894872623931,4.30971286294503,0.675372771884227,-3.46922750780554,6.94254173062592,1.90853419029801
Latvia,LVA,"Inflation, consumer prices (annual %)",FP.CPI.TOTL.ZG,1.93887573855886,2.94264752948478,6.19238547197429,6.74845027893124,6.53619908765872,10.0929775849169,15.4023191064986,3.53410672858934,-1.08463595015155,4.37073559939223,2.25778924374585,-0.029454778257828,0.620490636732421,0.174242243625186,0.140633334505327,2.93036312374665,2.53445424186598,2.81140920075624,0.219064904841985,3.27582937431165,17.3102830198815
Latvia,LVA,"Life expectancy at birth, total (years)",SP.DYN.LE00.IN,70.9609756097561,71.2658536585366,72.0268292682927,71.3560975609756,70.8658536585366,71.019512195122,72.419512195122,73.0804878048781,73.4829268292683,73.5756097560976,73.7780487804878,73.9829268292683,74.1243902439024,74.4804878048781,74.580487804878,74.6292682926829,74.7829268292683,75.3878048780488,75.1853658536585,72.9804878048781,74.2780487804878
Latvia,LVA,"Government expenditure on education, total (% of GDP)",SE.XPD.TOTL.GD.ZS,5.78911018371582,5.2944598197937,5.04684019088745,..,4.94490003585815,4.89059019088745,5.63671016693115,5.67728996276855,5.14355993270874,5.24315977096558,6.83852005004883,7.24962997436523,5.47479009628296,5.46670007705688,4.82350015640259,4.52905988693237,4.39430999755859,4.58675003051758,4.99749994277954,4.76774978637695,4.3196702003479
Latvia,LVA,Individuals using the Internet (% of population),IT.NET.USER.ZS,21.94,26.98,38.58,46,53.63,59.17,63.41,66.84,68.42,69.7499545592245,73.1199437663748,75.2344,75.8261041383556,79.2005829239344,79.8420977843089,80.1140770037369,83.5771748630956,86.13545644343,88.89796078,91.17964988,91.03009059
Latvia,LVA,Current health expenditure (% of GDP),SH.XPD.CHEX.GD.ZS,5.95477772,5.73644829,6.47518539,6.08161736,6.02127075,5.81969213,5.86603212,6.2683239,6.22420359,5.91758251,5.62075043,5.60404825,5.66363621,5.84916782,6.35184479,6.18721867,6.40854263,6.86276913,7.50587368,9.4105072,8.1044302
Latvia,LVA,"Unemployment, total (% of total labor force) (national estimate)",SL.UEM.TOTL.NE.ZS,13.829,12.061,11.708,10.033,7.03,6.052,7.739,17.515,19.482,16.206,15.047,11.867,10.846,9.873,9.643,8.715,7.412,6.312,8.098,7.513,6.815
Latvia,LVA,"School enrollment, primary (% gross)",SE.PRM.ENRR,104.02027130127,105.016151428223,105.490577697754,104.843978881836,104.261993408203,104.213363647461,103.548599243164,102.918098449707,102.958602905273,102.285652160645,101.048713684082,100.386268615723,99.8528213500977,99.3933181762695,99.1985473632812,99.3678436279297,99.614387512207,99.9834365844727,99.8328475952148,99.7407684326172,99.41796875
Latvia,LVA,"Agriculture, forestry, and fishing, value added (% of GDP)",NV.AGR.TOTL.ZS,4.62764983903159,4.10241052739919,4.36504580120425,3.86773701723693,3.42315192809587,3.45397603560539,3.09128712531246,3.28684121352283,4.11588497283241,3.77780079362838,3.53285388028976,3.2120869041368,3.61639638963682,3.55445018445087,3.32532538955761,3.62476211824764,3.66104778019513,3.85343444199836,4.0791819421756,4.20672251535361,5.11411038456871
Latvia,LVA,Urban population (% of total population),SP.URB.TOTL.IN.ZS,67.9813450702046,67.9493840506358,67.9206702831277,67.8953910570353,67.873733661714,67.8558853865191,67.8420335208058,67.8323653539295,67.8270681752453,67.8266897008267,67.8331638942219,67.847334482933,67.8686035364944,67.8965395668259,67.9307110858472,67.9706866054779,68.0160346376376,68.066323694246,68.1211222872228,68.1808791463693,68.2570218109034
Latvia,LVA,"Foreign direct investment, net inflows (% of GDP)",BX.KLT.DINV.WD.GD.ZS,1.73089175825638,2.81610339606913,4.27849106532647,4.96633075101776,8.34682590505321,9.22286409647281,4.20174399569372,-0.583936207217178,2.0239348136408,5.71773309105869,3.98573894005036,3.39352198804719,3.45179531513632,3.08543258338884,1.23693505180815,4.04880019492543,1.32076900628522,3.37100266711483,2.81413557812427,9.77936027100744,3.20337891789771
Latvia,LVA,Poverty headcount ratio at $3.00 a day (2021 PPP) (% of population),SI.POV.DDAY,1.5,1.5,3.7,3.1,1.9,0.8,1.6,2.6,2.6,1.7,1.4,1.5,1.1,1,1,1,0.6,0.3,0.5,0.5,0.4
Latvia,LVA,GDP per capita (current US$),NY.GDP.PCAP.CD,4003.60935783538,4914.57992829302,6109.73265186817,7283.78738127622,9211.7374468148,13370.9789452508,15677.6080864506,11996.0322729773,11188.4191700977,12902.574053337,13329.3499931271,14484.4715282132,15185.814581236,13321.9753140616,13838.5266823272,15132.4958333982,17252.1710428626,17294.9751600969,17564.2321549354,20261.8887788916,20221.103686109
Latvia,LVA,Access to electricity (% of population),EG.ELC.ACCS.ZS,99.8,99.8,99.7,99.7,99.6,99.7,99.7,100,99.8,99.8,100,100,100,100,100,100,100,100,100,100,100
Lebanon,LBN,GDP growth (annual %),NY.GDP.MKTP.KD.ZG,3.42314982843781,3.22709826879041,6.67944461641103,2.68577931016345,1.54951500083213,9.31062252641144,9.06912826789082,10.232155577776,7.97513555844932,0.86733987855277,2.56479133680038,3.8278734986016,2.48406010500743,0.462320792597581,1.55454940856943,0.903028464073813,-1.88470575631651,-6.91492472851026,-21.3998996914321,-7.00123862514116,-0.621678970663112
Lebanon,LBN,"Inflation, consumer prices (annual %)",FP.CPI.TOTL.ZG,..,..,..,..,..,..,..,1.19509671165543,3.98347941855833,4.97148571692384,6.58147447683677,4.82101956297399,1.8546042134091,-3.74914524799629,-0.783359624361508,4.32135218303191,6.07698907889607,3.00538949390383,84.8643330472041,154.756096023393,171.205491336641
Lebanon,LBN,"Life expectancy at birth, total (years)",SP.DYN.LE00.IN,74.836,75.275,75.693,76.074,75.677,76.732,76.956,77.262,77.529,77.768,77.941,78.037,78.148,78.275,78.306,78.192,78.263,78.208,76.299,73.65,78.003
Lebanon,LBN,"Government expenditure on education, total (% of GDP)",SE.XPD.TOTL.GD.ZS,2.55271005630493,..,2.64094996452331,2.64619994163513,2.77976989746094,2.58357000350952,2.01479005813599,1.76570999622345,1.61330997943878,1.65251994132996,2.14902997016907,2.4339599609375,..,..,2.17820270841405,2.21606844423238,2.6165251225734,2.51957250612723,2.4354185601396,..,1.33151427628711
Lebanon,LBN,Individuals using the Internet (% of population),IT.NET.USER.ZS,7,8,9,10.14000034,15,18.74,22.53,30.13999939,43.68000031,52,61.24980164,70.5,73,74,76.11000061,78.18080139,80.90000153,81.48120117,82.0664978,82.65599823,81.46479797
Lebanon,LBN,Current health expenditure (% of GDP),SH.XPD.CHEX.GD.ZS,9.28233719,8.67109871,7.99923086,7.54867649,8.66057873,8.55984211,7.81751728,7.0073576,7.43864489,8.17744446,7.00420094,7.06742191,7.52191401,7.41596651,7.92344952,7.80357552,8.07031727,8.68533897,7.48221779,4.40006208,4.91255951
Lebanon,LBN,"Unemployment, total (% of total labor force) (national estimate)",SL.UEM.TOTL.NE.ZS,..,..,7.853,..,..,8.984,..,6.355,..,..,..,..,..,..,..,..,..,11.301,..,..,..
Lebanon,LBN,"School enrollment, primary (% gross)",SE.PRM.ENRR,85.5243682861328,86.7726821899414,88.6836776733398,89.1887664794922,88.5270919799805,88.3269729614258,86.235969543457,85.3689270019531,84.7973450726083,84.8372167281463,85.2793225598415,86.8028638212504,78.51893817562,77.1609396441008,76.5474649245479,78.1223765134602,77.5757280340719,77.0927924297378,76.1016961624784,74.7292217654682,76.4541233193651
Lebanon,LBN,"Agriculture, forestry, and fishing, value added (% of GDP)",NV.AGR.TOTL.ZS,5.66292601828761,5.48637489677952,3.82091029633439,3.57963505822563,4.46973485890735,4.89276661829071,4.52188617992645,3.95087208611483,3.86195936751946,3.80460970714467,3.76453077704882,3.9553991560217,4.02280590517852,3.28466326670943,2.72714945763945,2.79291148520091,3.23189728304163,3.16909985150245,3.07825000560689,1.40016561487545,1.1895732629522
Lebanon,LBN,Urban population (% of total population),SP.URB.TOTL.IN.ZS,86.2942846645228,86.4475351790771,86.6049279736931,86.7665156672703,86.9323508787087,87.1024862269079,87.2769743307677,87.4558678091878,87.6392192810679,87.8270813653079,88.0195066808075,88.2165478464663,88.4182574811842,88.6246882038608,88.835892633396,89.0519233886895,89.272833088641,89.4986743521503,89.729499798117,89.965362045441,90.206313713022
Lebanon,LBN,"Foreign direct investment, net inflows (% of GDP)",BX.KLT.DINV.WD.GD.ZS,6.97552914588529,14.2410590326381,8.97351609461343,12.2038495910608,12.1444381288428,13.5978268963012,14.8805177180667,13.5696589141535,11.1327936305686,7.85693989450406,7.06847166156729,5.67636791033718,5.95175528625723,4.32469174487594,5.02174040562454,4.756779140202,4.84140308956364,3.69413245000342,5.06712986613403,2.5929006838647,2.50966160641735
Lebanon,LBN,Poverty headcount ratio at $3.00 a day (2021 PPP) (% of population),SI.POV.DDAY,..,..,..,..,..,..,..,..,..,0.1,..,..,..,..,..,..,..,..,..,..,5.8
Lebanon,LBN,GDP per capita (current US$),NY.GDP.PCAP.CD,4290.85283803266,4437.71588507526,4600.68371412993,4602.19804637945,4635.2514117486,5125.25809960149,5912.04532820842,7090.85493856621,7625.81051551165,7834.96257108993,8406.98405608118,8162.37929361396,7577.6413302369,7714.1099998804,8089.012088155,8608.21084982387,9174.53666204759,8905.88005497437,5561.19166950397,4045.37391066234,3654.35845534878
Lebanon,LBN,Access to electricity (% of population),EG.ELC.ACCS.ZS,99.3,99.2,99.9,99.2,99.4,97.8,99.9,99.3,99.5,99.7,99.5,99.6,99.7,99.7,99.8,99.9,99.7,100,100,100,100
Lesotho,LSO,GDP growth (annual %),NY.GDP.MKTP.KD.ZG,0.723836067167127,4.55977716384528,1.69237417358596,3.46612222755311,4.23009522805209,4.18791409957151,5.52341966978646,-1.25375779920832,5.26967078056286,4.61641394528752,6.33408374679448,1.79252555575545,1.71054990545476,3.12406678044546,3.60890731687714,-3.13817493733471,-1.48063315848241,-1.41799383085205,-8.15595785459911,2.26670961833291,2.38778020186284
Lesotho,LSO,"Inflation, consumer prices (annual %)",FP.CPI.TOTL.ZG,33.812578338126,6.62916357146762,5.02342068616285,3.43788423057443,6.07271879734293,8.01243669043409,10.7156661309681,-16.8596910540644,-2.40524254598706,5.0366305210156,6.05143662139967,4.86511899496385,5.37028961008587,3.21844513655931,6.59650490696543,4.447699373763,4.7518030162474,5.18708359197982,4.97809676252309,6.04774591950676,8.27180389943028
Lesotho,LSO,"Life expectancy at birth, total (years)",SP.DYN.LE00.IN,45.95,44.921,44.039,43.611,43.182,43.66,44.304,45.055,46.045,46.93,48.235,49.547,50.786,51.83,52.908,53.874,54.638,55.249,55.133,54.209,56.812
Lesotho,LSO,"Government expenditure on education, total (% of GDP)",SE.XPD.TOTL.GD.ZS,10.1004495620728,13.2195701599121,11.1090097427368,12.0796604156494,11.2712802886963,..,12.3287401199341,..,..,..,..,..,..,7.64272055728181,7.55247411216023,8.1553201675415,7.28360986709595,..,..,..,..
Lesotho,LSO,Individuals using the Internet (% of population),IT.NET.USER.ZS,1.08394313737534,1.53249659019509,2.17552433931097,2.580199957,2.97970818724486,3.44543125970873,3.58,3.72,3.859999895,7,10,15,22,25,32.4538569477365,39,40.79999924,42.301733569273,43.65750122,45.05670166,48.06959915
Lesotho,LSO,Current health expenditure (% of GDP),SH.XPD.CHEX.GD.ZS,5.8607502,5.33754826,5.24658537,4.67452669,5.40532398,7.22251844,7.66648197,8.9529829,7.4048481,8.99487114,9.98601341,10.97986031,9.98823929,9.25280476,9.19744301,10.52956581,11.12637329,21.92373085,10.40836906,10.66165733,12.89569187
Lesotho,LSO,"Unemployment, total (% of total labor force) (national estimate)",SL.UEM.TOTL.NE.ZS,..,..,..,..,..,..,35.462,..,..,..,..,24.582,..,..,..,..,..,16.876,..,..,..
Lesotho,LSO,"School enrollment, primary (% gross)",SE.PRM.ENRR,116.67520904541,122.545356750488,124.347053527832,125.938102722168,129.976348876953,124.028053283691,122.513938903809,119.620330810547,118.573860412332,117.181528807654,115.307928873959,110.493088742815,107.843876685208,105.217264805575,104.249373647237,105.559253372505,96.0052004309251,91.2787382569656,87.7447358699667,85.0366186011239,83.6343022439557
Lesotho,LSO,"Agriculture, forestry, and fishing, value added (% of GDP)",NV.AGR.TOTL.ZS,6.39531283270571,6.34688612370652,5.98400675567569,5.67113040473066,4.8427648086475,4.88998680002259,4.8970487478767,5.50352430775727,4.86217527655246,4.54395157549887,4.89530867188129,5.06436346227762,3.9607145663379,3.78190344669127,4.92411763358152,4.9636238571378,4.24977543430507,4.46380208822172,5.30771204408517,5.95625262808585,5.95085393730342
Lesotho,LSO,Urban population (% of total population),SP.URB.TOTL.IN.ZS,20.4926272688562,21.1231084926925,21.7993659097494,22.5317981562788,23.3329886243114,24.2187949905661,25.1966303659683,26.2591028264855,27.4004815007995,28.6150355175921,29.8970340055453,31.2407460933407,32.6404409096604,34.0903875831861,35.5077950709441,36.5283648068846,37.569092747415,38.6040920446259,39.6329305425532,40.6551760851997,41.6703965165322
Lesotho,LSO,"Foreign direct investment, net inflows (% of GDP)",BX.KLT.DINV.WD.GD.ZS,3.65971744859451,3.79574836270242,3.68383275611256,1.6309558178279,1.35116866658488,4.49541724323026,0.623122767576779,5.24720669313801,0.425490583298807,2.37160157638289,2.28650169667391,2.13033827559342,3.86963158626918,4.79809498524625,3.74733138412509,1.82806623182623,1.59898721077784,1.49464849213428,1.36347415769606,-0.512915958026648,-0.332065069453934
Lesotho,LSO,Poverty headcount ratio at $3.00 a day (2021 PPP) (% of population),SI.POV.DDAY,74.9,..,..,..,..,..,..,..,..,..,..,..,..,..,..,41.9,..,..,..,..,..
Lesotho,LSO,GDP per capita (current US$),NY.GDP.PCAP.CD,388.92334985135,583.270036200288,766.685820928242,861.381496414995,925.467485502842,861.188420899563,898.482517882593,878.847950537772,1119.47557793042,1280.73390931581,1217.93071228944,1151.03735837227,1173.5377928819,1121.19851342518,992.491840678465,1069.36673247542,1170.65569702819,1082.05706777516,918.582574704447,1066.58645143823,1030.12582947757
Lesotho,LSO,Access to electricity (% of population),EG.ELC.ACCS.ZS,3.4,5.4,6.8,9.6,9.7,13.9,16,17,17,22.5,20.6,26.9,27.8,31.8,35.1,33.7,47,44.6,47.5,50.4,50
Liberia,LBR,GDP growth (annual %),NY.GDP.MKTP.KD.ZG,3.76301761700071,-30.145132727942,2.61984689477413,5.28121245309295,8.04390997190059,9.53527536282282,7.14569112811476,5.30054050291531,6.09982524004147,8.20076822497064,7.99381444555367,8.68728781639683,0.701393100287518,-0.0185649695590939,-1.5549586174878,2.45515592012239,1.15757512207355,-2.46729763532686,-2.98249127649473,4.98671283481617,4.80810517290655
Liberia,LBR,"Inflation, consumer prices (annual %)",FP.CPI.TOTL.ZG,14.1596470116325,10.3302881236823,7.82908704883235,10.8343588481414,7.34144608278558,11.3918966807102,17.489448642993,7.42764305914919,7.28992796890218,8.488167518494,6.83178703418548,7.577306817414,9.86111285574904,7.74869687621322,8.83424868336488,12.4196323907138,23.5635148953742,26.9662760197878,16.9557241496255,7.81559385858648,7.59298486560313
Liberia,LBR,"Life expectancy at birth, total (years)",SP.DYN.LE00.IN,54.061,53.045,55.949,56.765,57.495,58.147,58.675,59.106,59.358,59.486,59.785,59.992,59.21,59.248,60.483,60.777,60.999,61.232,61.267,61.166,61.934
Liberia,LBR,"Government expenditure on education, total (% of GDP)",SE.XPD.TOTL.GD.ZS,..,..,..,..,..,..,1.70166003704071,..,..,..,1.77711999416351,1.69078004360199,2.20005011558533,2.11587468207978,2.11479684223088,2.66330003738403,2.50391006469727,2.16508193926132,2.13601415111746,2.4235999584198,2.2760960068702
Liberia,LBR,Individuals using the Internet (% of population),IT.NET.USER.ZS,0.0327133071190699,0.0318689345450327,0.0310111848040233,0.551400006,0.529999971,0.551400006,0.529999971,2,2.3,2.5,2.599999905,3.200000048,5.409999847,10,15.69999981,16.29999924,17.27770042,19.89579964,22.91069984,26.38229942,30.38010025
Liberia,LBR,Current health expenditure (% of GDP),SH.XPD.CHEX.GD.ZS,2.16462922,2.51847482,5.90509653,6.69497347,5.77426577,4.32884932,5.99615717,8.98514843,8.43860245,8.58399582,7.62987185,7.15610409,8.09817886,10.38244438,9.88514519,9.91087437,10.43527889,8.38325977,12.90504265,13.27175999,13.58819675
Liberia,LBR,"Unemployment, total (% of total labor force) (national estimate)",SL.UEM.TOTL.NE.ZS,..,..,..,..,..,5.551,..,..,2.266,..,..,..,2.079,..,3.081,5.931,..,..,..,..,..
Liberia,LBR,"School enrollment, primary (% gross)",SE.PRM.ENRR,..,..,..,..,89.2062301635742,..,88.4250335693359,95.9832763671875,..,100.745734764563,..,52.1977055032725,92.5530201850852,89.990046454263,83.8891158492465,79.5952338903314,..,..,72.4228278801865,67.4627150781073,66.5939255094706
Liberia,LBR,"Agriculture, forestry, and fishing, value added (% of GDP)",NV.AGR.TOTL.ZS,79.0423624595469,72.2403877005348,65.0474024526198,66.0327291886196,63.8180250223414,65.5981500364166,65.1745654692932,58.0357466063348,35.9187137137137,35.9187155963303,35.918715839654,35.9187140392662,35.9187165881502,35.9187142712518,35.9187135102446,35.9426159185731,35.4966999096751,36.4371513224574,39.2922850706535,37.4176168027237,36.2030463526172
Liberia,LBR,Urban population (% of total population),SP.URB.TOTL.IN.ZS,44.566701526991,45.0004573003041,45.4344781497244,45.8510093035277,46.2322959899902,46.6104850769043,47.1080497871025,47.6245255922562,48.1407517057907,48.6583302770849,49.1773247639526,49.6977986242077,50.2198153156642,50.7434382961363,51.2687310234384,51.7957569553849,52.3245795497906,52.85526226447,53.3878685572381,53.9224618859098,54.4591057083
Liberia,LBR,"Foreign direct investment, net inflows (% of GDP)",BX.KLT.DINV.WD.GD.ZS,0.302049622437972,49.7620320855615,8.4004160144418,8.72519614731938,9.63866591009294,9.58759370688019,16.4273509506381,7.22870048206176,103.337387099033,86.9894467611897,82.7471577822006,62.9068538615833,15.558740639735,7.21023781604438,9.1719033259717,7.30948578439651,3.77268493884788,2.61121194879185,-2.96003538007919,-1.11842850292887,3.09332516183889
Liberia,LBR,Poverty headcount ratio at $3.00 a day (2021 PPP) (% of population),SI.POV.DDAY,..,..,..,..,..,61.1,..,..,..,..,..,..,31.7,..,33.6,..,..,..,..,..,..
Liberia,LBR,GDP per capita (current US$),NY.GDP.PCAP.CD,299.536445539621,239.779556677091,284.140223992458,287.487333441381,320.55808618515,374.211308104278,451.713856283285,448.386367025545,492.252808033724,568.087865520004,638.368751462083,710.744570927863,706.714490064507,692.590082351257,714.613063145659,699.269095727404,692.203127129794,658.164180770507,616.787867006715,667.96610514319,744.617175237387
Liberia,LBR,Access to electricity (% of population),EG.ELC.ACCS.ZS,..,..,..,..,..,3,1.3,1.9,5.3,4.1,9.3,9.8,9.4,15.2,17.7,24.2,22.8,23.1,27.6,29.8,31.8
Libya,LBY,GDP growth (annual %),NY.GDP.MKTP.KD.ZG,-0.958897332849631,13.0160372478013,4.46163899648637,11.8707565226151,6.50052541959279,6.22998278561838,-0.162048238799883,-4.4001817631021,5.0272476723775,-50.3385151384986,86.8267484395784,-17.9979615745681,-23.0428058282215,-0.842656252118843,-1.4909411172622,32.4918021862688,7.9413678529104,-11.1960828853386,-29.4552967282824,28.2996823429147,-8.29981811198795
Libya,LBY,"Inflation, consumer prices (annual %)",FP.CPI.TOTL.ZG,-9.79764705882356,-2.19115191986647,-2.19756774055898,2.65020576131657,1.45926876202722,6.25098782993553,10.3607288954998,2.45990025609954,2.79989500109265,15.5184815317562,6.05980392156855,2.60581802719517,2.43294141599233,10.4022933588151,25.853874212446,25.8036184788337,13.1702038536722,-2.16217883470591,1.44703656998741,2.86833027751015,4.51030149235695
Libya,LBY,"Life expectancy at birth, total (years)",SP.DYN.LE00.IN,70.788,70.996,71.21,71.439,71.632,71.788,71.936,72.071,72.196,69.95,72.188,72.339,71.3,71.644,71.799,72.721,73.151,72.941,72.388,72.062,74.462
Libya,LBY,"Government expenditure on education, total (% of GDP)",SE.XPD.TOTL.GD.ZS,..,..,..,..,..,..,..,..,..,..,..,..,..,..,..,..,..,..,..,..,..
Libya,LBY,Individuals using the Internet (% of population),IT.NET.USER.ZS,2.24441822165946,2.81451798740855,3.53283816154549,3.91779995,4.301099777,4.72199937850513,9,10.80000019,14,14,15.19999981,16.5,17.76000023,25,35,47.5,47.5,71.40409851,74.35810089,77.438797,80.64720154
Libya,LBY,Current health expenditure (% of GDP),SH.XPD.CHEX.GD.ZS,4.73818302,3.97301245,3.38328195,2.51707149,2.29996443,2.41929626,2.24441886,3.5828805,3.28064442,4.01902008,3.95612097,4.97548628,5.17777824,5.80638647,6.17178679,4.67685318,4.86648417,5.54773426,7.10674047,6.05457449,4.74433613
Libya,LBY,"Unemployment, total (% of total labor force) (national estimate)",SL.UEM.TOTL.NE.ZS,..,..,..,..,..,..,..,..,..,..,19,..,..,..,..,..,..,..,..,..,..
Libya,LBY,"School enrollment, primary (% gross)",SE.PRM.ENRR,110.523216247559,108.359649658203,108.333869934082,102.512176513672,106.998237609863,..,..,..,..,..,..,..,..,..,..,..,..,..,..,..,..
Libya,LBY,"Agriculture, forestry, and fishing, value added (% of GDP)",NV.AGR.TOTL.ZS,5.18529909272643,4.09220701963117,3.34262291274763,2.51001097978428,1.51764483817067,1.54141662252696,1.38365254109486,2.15806763082219,1.79953001101668,3.05766833710666,1.81559365235981,2.41548515289585,3.51667860719144,4.3862973349324,4.61177989572916,3.87477645520451,3.66012922036917,2.04201619232517,4.326770152924,1.9292341608539,1.68643769937353
Libya,LBY,Urban population (% of total population),SP.URB.TOTL.IN.ZS,87.6256192750746,87.8659880500458,88.0371675280346,88.135773324416,88.1599560242948,88.1560287475586,88.1474456787109,88.1345825195312,88.1177139282227,88.0970458984375,88.0727920532227,88.0451431274414,88.0142059326172,87.8159103393555,87.8160056703177,87.8166729870528,87.818484275334,87.8220115209342,87.8278267096263,87.8365018271835,87.8486088593786
Libya,LBY,"Foreign direct investment, net inflows (% of GDP)",BX.KLT.DINV.WD.GD.ZS,0.707942488082424,0.544437834622249,1.07782345154323,2.19289483627204,3.43460585952791,6.89224565927254,4.74139501074499,2.25461670882223,2.36664960687642,..,1.53985903839829,0.931638601844643,..,..,..,..,..,..,..,1.71219284038518,1.62326033379453
Libya,LBY,Poverty headcount ratio at $3.00 a day (2021 PPP) (% of population),SI.POV.DDAY,..,..,..,..,..,..,..,..,..,..,..,..,..,..,..,..,..,..,..,..,..
Libya,LBY,GDP per capita (current US$),NY.GDP.PCAP.CD,3718.29434696755,4674.09943200321,5773.76333234281,8079.24957329001,10048.8480434289,11144.9448413435,13906.1407818125,9551.05403869755,11600.9068649472,7593.8391525702,14975.8902795144,11951.7134126011,8926.42074591474,7458.48917756374,7525.80299308216,9965.83236729757,11196.5854810844,9963.19489084483,6650.33810585348,4935.82787349801,5986.63694851258
Libya,LBY,Access to electricity (% of population),EG.ELC.ACCS.ZS,95.2,93.5,91.8,90.1,88.4,86.8,85.1,83.5,81.9,80.3,78.7,77.1,75.5,73.8,72.2,70.6,67,68.5,69.4,70.2,70
Liechtenstein,LIE,GDP growth (annual %),NY.GDP.MKTP.KD.ZG,-0.993919947159299,-1.93756534125014,3.03917210306501,4.82807677743524,8.64496857267281,3.325963509369,1.79808847836411,-1.15748291975636,..,..,..,..,..,..,..,..,..,..,..,..,..
Liechtenstein,LIE,"Inflation, consumer prices (annual %)",FP.CPI.TOTL.ZG,..,..,..,..,..,..,..,..,..,..,..,..,..,..,..,..,..,..,..,..,..
Liechtenstein,LIE,"Life expectancy at birth, total (years)",SP.DYN.LE00.IN,79.6365853658537,79.9609756097561,81.7707317073171,80.6682926829268,80.9487804878049,81.2951219512195,82.6829268292683,81.5,81.8414634146342,81.7926829268293,82.3829268292683,82.2609756097561,82.0731707317073,82.6560975609756,82.2585365853659,83.7463414634147,83.0414634146342,84.1609756097561,81.6585365853659,84.4024390243902,84.1219512195122
Liechtenstein,LIE,"Government expenditure on education, total (% of GDP)",SE.XPD.TOTL.GD.ZS,..,2.4601399898529,2.43333005905151,..,2.05380988121033,1.92119002342224,2.04836988449097,..,..,2.55604004859924,..,..,..,..,..,..,..,..,..,..,..
Liechtenstein,LIE,Individuals using the Internet (% of population),IT.NET.USER.ZS,59.4707106749926,58.8096918372148,64.0074481394199,63.37139893,64.21420288,65.0802002,70,75,80,85,89.40769958,93.80000305,95.20999908,96.6411972,98.09390259,99.54660034,..,93.14610291,94.34999847,95.56939697,97.88069916
Liechtenstein,LIE,Current health expenditure (% of GDP),SH.XPD.CHEX.GD.ZS,..,..,..,..,..,..,..,..,..,..,..,5.7494297,5.63615656,5.75139189,5.85200214,5.67968512,5.54688025,5.78483772,6.05532694,5.38460207,5.64409113
Liechtenstein,LIE,"Unemployment, total (% of total labor force) (national estimate)",SL.UEM.TOTL.NE.ZS,1.447,2.109,2.399,2.662,2.461,2.012,2.603,3.332,3.435,3.39,3.242,3.464,3.829,3.642,..,2.31,..,..,..,..,..
Liechtenstein,LIE,"School enrollment, primary (% gross)",SE.PRM.ENRR,..,106.175201416016,109.152221679688,105.754722595215,107.511962890625,107.265769958496,105.525672912598,105.751121520996,105.459182739258,104.950500488281,103.828002929688,..,102.660987854004,105.665420532227,105.491020202637,104.699737548828,106.329788208008,103.830009460449,102.913627624512,102.110137939453,..
Liechtenstein,LIE,"Agriculture, forestry, and fishing, value added (% of GDP)",NV.AGR.TOTL.ZS,..,..,..,..,..,..,..,..,..,..,..,..,..,..,0.115518531775731,0.134897728698707,0.139045930996547,0.139140766681258,0.211170416188623,0.161805584367091,0.169219054065488
Liechtenstein,LIE,Urban population (% of total population),SP.URB.TOTL.IN.ZS,14.8086674998164,14.7291064332791,14.6574624864307,14.594120964481,14.5394671726401,14.4938864161177,14.4577640001239,14.4314852298684,14.4154354105611,14.4099998474121,14.4124545370445,14.4201755971624,14.4336985145967,14.4535587761782,14.4802918687379,14.5144332791067,14.5565184941154,14.6070830005951,14.6666622853765,14.6989159370696,14.6923070071538
Liechtenstein,LIE,"Foreign direct investment, net inflows (% of GDP)",BX.KLT.DINV.WD.GD.ZS,255.307944331899,563.548407744583,53.4348182201493,-7.29505539672812,1114.93238551093,728.865659684804,319.097324077722,664.573767394696,587.838615656588,460.213518331784,540.366945866089,18.068983064869,140.293444143294,1282.60722939224,972.693538598386,602.374526148965,-1303.10826691135,..,..,..,..
Liechtenstein,LIE,Poverty headcount ratio at $3.00 a day (2021 PPP) (% of population),SI.POV.DDAY,..,..,..,..,..,..,..,..,..,..,..,..,..,..,..,..,..,..,..,..,..
Liechtenstein,LIE,GDP per capita (current US$),NY.GDP.PCAP.CD,79795.1785891101,90108.3673647008,100280.831356705,105295.057027611,114167.939211301,130492.595349517,143249.227302093,126024.714567466,141089.812849014,158066.369379163,148842.035144342,172823.607794648,178735.153020908,167187.15730982,165375.491396259,170547.092298954,174988.775083446,166907.839305016,164671.093553454,201944.830335076,188055.003235348
Liechtenstein,LIE,Access to electricity (% of population),EG.ELC.ACCS.ZS,100,100,100,100,100,100,100,100,100,100,100,100,100,100,100,100,100,100,100,100,100
Lithuania,LTU,GDP growth (annual %),NY.GDP.MKTP.KD.ZG,6.71983945103626,10.5518959629574,6.50203536075556,7.7314467577492,7.39548122468629,11.0779282578673,2.59946154605602,-14.8386117894848,0.427199566550769,6.32363664821298,4.38290584355157,4.04691318575325,3.7725437958099,2.83280643343234,2.67192215053329,4.61224310312809,4.91836780106811,4.67735183530451,0.0428158336981426,6.39481772930206,2.46532013155011
Lithuania,LTU,"Inflation, consumer prices (annual %)",FP.CPI.TOTL.ZG,0.281506610345575,-1.13430854990247,1.16410252104671,2.65848484065262,3.73912004060664,5.73717382799842,10.9258856241655,4.45304456518535,1.31921362055463,4.13027562645085,3.08998277055417,1.04747937065344,0.103758009433708,-0.884097405500596,0.905525075460342,3.72288862303707,2.69792779208394,2.33450937988027,1.19989444983569,4.68354420903453,19.7050461518394
Lithuania,LTU,"Life expectancy at birth, total (years)",SP.DYN.LE00.IN,71.7609756097561,72.0609756097561,71.9609756097561,71.2536585365854,71.0560975609756,70.9,71.8121951219512,72.9146341463415,73.2682926829268,73.5634146341464,73.8634146341464,73.9146341463415,74.5170731707317,74.3219512195122,74.6707317073171,75.4804878048781,75.6804878048781,76.2829268292683,75.0292682926829,74.0365853658537,75.6439024390244
Lithuania,LTU,"Government expenditure on education, total (% of GDP)",SE.XPD.TOTL.GD.ZS,5.79093980789185,5.1067099571228,5.14797019958496,4.87698984146118,4.83653020858765,4.59159994125366,4.83649015426636,5.56941986083984,5.36880016326904,5.15469980239868,4.78232002258301,4.62416982650757,4.5076699256897,4.21646022796631,4.01143980026245,3.81236004829407,3.85628008842468,3.9415500164032,4.47348022460938,4.23977994918823,4.25285005569458
Lithuania,LTU,Individuals using the Internet (% of population),IT.NET.USER.ZS,17.69,25.91,31.23,36.22,43.9,49.9,55.22,59.76,62.12,63.6399774002179,67.2299893276414,68.4529,72.1335378644566,71.3780590101754,74.3766455618662,77.6152565124514,79.7225827680518,81.5818683764046,83.05554724,86.93054425,87.72420219
Lithuania,LTU,Current health expenditure (% of GDP),SH.XPD.CHEX.GD.ZS,6.13477659,6.17724085,5.48347187,5.64637566,5.85725737,5.75978613,6.29010201,7.34499836,6.9058671,6.54017687,6.30798101,6.15501022,6.22244453,6.47396851,6.64928818,6.44472837,6.46896172,6.94472647,7.41619062,7.73210812,7.24367952
Lithuania,LTU,"Unemployment, total (% of total labor force) (national estimate)",SL.UEM.TOTL.NE.ZS,13.008,12.874,10.684,8.325,5.78,4.25,5.826,13.785,17.814,15.39,13.365,11.77,10.698,9.12,7.862,7.073,6.147,6.255,8.487,7.112,5.955
Lithuania,LTU,"School enrollment, primary (% gross)",SE.PRM.ENRR,103.104148864746,102.963088989258,103.970291137695,102.84455871582,102.028747558594,101.104446411133,99.499267578125,99.9498291015625,100.421501159668,101.251838684082,101.85440826416,101.802093505859,101.519287109375,102.10758972168,102.853378295898,103.467041015625,103.667556762695,102.557037353516,102.801078796387,101.846076965332,101.905830383301
Lithuania,LTU,"Agriculture, forestry, and fishing, value added (% of GDP)",NV.AGR.TOTL.ZS,4.76760475898336,4.41639298290057,4.15167623775201,4.32727074499656,3.8728905163979,3.47267609522387,3.28158323801393,2.52928276861212,3.06871518554059,3.51897129368263,4.00007448760216,3.53435810553224,3.4401608409572,3.43671864804715,3.12061896056681,3.54933633712632,2.88685726647675,3.12404744403716,3.53241993914326,3.39405707261599,3.94942094367082
Lithuania,LTU,Urban population (% of total population),SP.URB.TOTL.IN.ZS,66.8887100219727,66.7596664428711,66.6022567749023,66.5784912109375,66.6381530761719,66.7184982299805,66.7527770996094,66.7816619873047,66.7712860107422,66.7518340055756,66.8536758422852,67.0092086791992,67.1514937628023,67.2282485961914,67.1894226074219,67.1012954711914,67.1464742010457,67.245735168457,67.4254608154297,68.1912117004395,68.2866452426813
Lithuania,LTU,"Foreign direct investment, net inflows (% of GDP)",BX.KLT.DINV.WD.GD.ZS,4.62664162847931,1.15581132298026,3.86727514737433,4.9513140342573,7.50221604684683,6.54805565260343,3.61122070655171,-0.96067117365502,3.00969561169119,4.35509015104087,1.5855600934776,1.66003716547754,0.739699359398686,2.49622116332616,2.7403147410033,2.89745572307538,2.39550085067309,6.23035300556357,7.94344900363669,3.73869903984915,3.42488723499229
Lithuania,LTU,Poverty headcount ratio at $3.00 a day (2021 PPP) (% of population),SI.POV.DDAY,1.4,0.4,4,2.7,1.8,1.6,1.8,2.7,2,0.9,1.1,1.2,1.7,1,1.5,1.2,1,0.6,0.5,0.3,0.8
Lithuania,LTU,GDP per capita (current US$),NY.GDP.PCAP.CD,4148.13091485015,5507.47434187652,6734.57487061946,7857.03148786492,9210.10118229413,12295.1212779366,14955.5345462921,11854.3711053096,11829.122609457,14261.8433787325,14288.1853493139,15636.5252586048,16446.1647181663,14269.8039878287,14934.2702840428,16800.1510246099,19247.2315367967,19608.7943945553,20428.6478157394,23882.8668916753,24946.5724005188
Lithuania,LTU,Access to electricity (% of population),EG.ELC.ACCS.ZS,99.4,99.4,99.4,99.4,99.4,99.4,99.4,99.5,99.7,99.7,100,100,100,100,100,100,100,100,100,100,100
Luxembourg,LUX,GDP growth (annual %),NY.GDP.MKTP.KD.ZG,3.22528846998354,2.6192502126754,4.23067892192488,2.48250499371829,6.01662739677904,8.09852098069817,-0.302272983306707,-3.23895268839308,3.76040578658925,1.0442860057217,1.64971134354685,3.17168513780955,2.62308838097542,2.26836572735107,4.97819047122638,1.31711942298405,1.61129891211624,2.74932091920692,-0.510051634039826,6.92973270801744,-1.09741256293819
Luxembourg,LUX,"Inflation, consumer prices (annual %)",FP.CPI.TOTL.ZG,2.07408613571643,2.04984030563516,2.22567916428894,2.48769665164081,2.66631494577077,2.31245861786126,3.4018796302557,0.368041997888867,2.27367911621542,3.4106834106835,2.66284165508011,1.73403963519162,0.628543985440717,0.474743161437871,0.290833333333225,1.73079959118896,1.5281952430737,1.74332075653848,0.819957302127036,2.52692009066166,6.33600807777919
Luxembourg,LUX,"Life expectancy at birth, total (years)",SP.DYN.LE00.IN,77.9658536585366,77.7268292682927,79.1219512195122,79.4317073170732,79.2878048780488,79.3829268292683,80.5390243902439,80.6365853658537,80.6317073170732,80.9878048780488,81.3926829268293,81.8,82.2292682926829,82.2926829268293,82.6853658536585,82.0951219512195,82.2951219512195,82.6390243902439,82.1439024390244,82.5975609756098,82.9463414634147
Luxembourg,LUX,"Government expenditure on education, total (% of GDP)",SE.XPD.TOTL.GD.ZS,..,..,..,..,..,..,..,..,..,..,3.87815999984741,..,3.85569000244141,3.76792001724243,..,3.48645997047424,3.65772008895874,3.73705005645752,3.85499000549316,3.68531990051269,3.74451994895935
Luxembourg,LUX,Individuals using the Internet (% of population),IT.NET.USER.ZS,39.84,54.55,65.88,70,72.51,78.92,82.23,87.31,90.62,90.0298585646936,91.9499237417387,93.7765,94.6702052774766,96.3767141704759,98.1366986657616,97.3629603241751,97.061298705829,97.120635693272,98.45962893,98.66086333,98.24203749
Luxembourg,LUX,Current health expenditure (% of GDP),SH.XPD.CHEX.GD.ZS,6.76099968,6.96221447,7.2793355,7.12328196,6.6364212,6.15803099,6.23101091,6.94993162,6.66263008,5.95225334,5.29404306,5.23557377,5.23040915,5.08113575,5.07103872,5.13535357,5.27355194,5.46640301,5.7671175,5.60806084,5.60926914
Luxembourg,LUX,"Unemployment, total (% of total labor force) (national estimate)",SL.UEM.TOTL.NE.ZS,2.621,3.675,5.113,4.488,4.731,4.065,5.06,5.194,4.423,5.122,5.03,6.045,6.044,6.796,6.669,5.523,5.589,5.592,6.766,5.571,4.588
Luxembourg,LUX,"School enrollment, primary (% gross)",SE.PRM.ENRR,99.7913970947266,99.1101303100586,99.0978927612305,99.8659591674805,99.6400299072266,99.5173110961914,99.1816101074219,..,98.0030136108398,96.2988433837891,98.7363967895508,97.7293472290039,97.3061294555664,97.4022521972656,97.4095687866211,96.7351989746094,97.3428497314453,98.3345489501953,98.6442489624023,98.4758377075195,99.484260559082
Luxembourg,LUX,"Agriculture, forestry, and fishing, value added (% of GDP)",NV.AGR.TOTL.ZS,0.690665537887529,0.464234062791169,0.535432004959881,0.356507251359606,0.311756667166349,0.36322021232561,0.307776449123071,0.233334868942186,0.268409699709087,0.25111528958498,0.28795364886368,0.261907196956465,0.289554289054283,0.223728934771597,0.214197008159042,0.23457255011554,0.233738394048527,0.214828063048275,0.20041631187567,0.194861687098922,0.242167478298755
Luxembourg,LUX,Urban population (% of total population),SP.URB.TOTL.IN.ZS,85.203425653095,85.5906295073034,85.9799097226846,86.3735649102561,86.7738936810355,87.1831946460401,87.6037664162874,88.0379076027949,88.48791681658,88.9562814837254,89.4405768017292,89.9413746679705,90.4577807676859,90.9893679353068,91.5357090052649,92.0963768119916,92.6709441899184,93.2589839734767,93.8600689970981,94.5861743396533,94.7605400940185
Luxembourg,LUX,"Foreign direct investment, net inflows (% of GDP)",BX.KLT.DINV.WD.GD.ZS,17.9416677912933,14.4641078649714,14.7716141859696,12.32939877922,75.0860385350828,-57.5323140834096,12.0948257128755,50.0394903092505,69.6063943388728,14.3333707152268,4.7244838569188,35.7329034711934,29.1553925693205,75.6300240002581,28.257554145971,-41.6509945601316,-117.233947530512,234.310617307358,-4.55819523596748,28.7187121123012,-391.555119009248
Luxembourg,LUX,Poverty headcount ratio at $3.00 a day (2021 PPP) (% of population),SI.POV.DDAY,0,0.1,0,0,0,0,0,0,0,0.1,0,0.1,0.2,0.3,0.1,0.3,0.3,0.1,0,0.1,0.1
Luxembourg,LUX,GDP per capita (current US$),NY.GDP.PCAP.CD,53005.731801629,65689.3214536911,76544.9170868473,80988.2044869403,90788.8164271049,107475.320297978,120422.137934157,109419.746953106,110885.991378721,119025.057203467,112584.676270958,120000.140729859,123678.706919314,105462.012584423,106899.293549552,110193.213797228,116926.759593905,112696.649059674,116860.02817236,134965.815442152,123719.658915996
Luxembourg,LUX,Access to electricity (% of population),EG.ELC.ACCS.ZS,100,100,100,100,100,100,100,100,100,100,100,100,100,100,100,100,100,100,100,100,100
"Macao SAR, China",MAC,GDP growth (annual %),NY.GDP.MKTP.KD.ZG,8.90480904902596,11.6433551416587,26.6368742306114,8.07794929953978,13.3921711919351,14.4817728129028,3.39251560752048,1.29837946885112,25.1031075246958,21.6223064381087,9.21747479596735,10.7816711590297,-2.03874227961819,-21.7540078753246,-0.701510212552961,9.91855844513513,6.35917030567686,-2.4609094006739,-54.4020925789353,22.4622020023362,-18.956941494497
"Macao SAR, China",MAC,"Inflation, consumer prices (annual %)",FP.CPI.TOTL.ZG,-2.63751699816198,-1.56245203671305,0.980728452039451,4.39589284335674,5.14997337750692,5.57149689143952,8.61101858637,1.16906695453767,2.80947242060843,5.80624616691043,6.10738928336549,5.50057779178484,6.04823452094076,4.56056338028173,2.36895749705898,1.22812404052809,3.00446293166953,2.75193081051975,0.811410511491512,0.0264543647055504,1.04502802369954
"Macao SAR, China",MAC,"Life expectancy at birth, total (years)",SP.DYN.LE00.IN,80.9463414634146,81.0439024390244,80.9926829268293,81.3414634146341,81.7292682926829,81.7292682926829,82.0268292682927,82.1756097560976,82.2731707317073,82.4707317073171,82.4707317073171,82.7219512195122,83.0219512195122,83.2243902439024,83.2756097560976,83.5268292682927,83.6780487804878,83.9292682926829,84.1292682926829,83.7292682926829,83.0804878048781
"Macao SAR, China",MAC,"Government expenditure on education, total (% of GDP)",SE.XPD.TOTL.GD.ZS,2.84295988082886,2.78016996383667,2.23348999023438,2.2778799533844,2.19386005401611,2.04345011711121,2.1964099407196,2.53323006629944,2.61848998069763,2.67528009414673,3.32516002655029,2.05048990249634,2.04853010177612,3.00247001647949,3.09952998161316,2.70949006080627,2.7334098815918,3.0654399394989,6.38948011398315,5.10697984695435,6.05706977844238
"Macao SAR, China",MAC,Individuals using the Internet (% of population),IT.NET.USER.ZS,25.1718801643395,25.7421239826498,31.4840973824121,34.86289978,46.4,47.32699966,49.24,54,55.198,60.2036967182195,61.31,65.8,69.7809492200465,77.6001318608868,81.6429854646415,83.1740890688259,83.7940896091516,86.4679257062588,87.46230316,88.46810492,89.48549652
"Macao SAR, China",MAC,Current health expenditure (% of GDP),SH.XPD.CHEX.GD.ZS,..,..,..,..,..,..,..,..,..,..,..,..,..,..,..,..,..,..,..,..,..
"Macao SAR, China",MAC,"Unemployment, total (% of total labor force) (national estimate)",SL.UEM.TOTL.NE.ZS,6.405,6.134,4.891,4.16,3.775,3.034,3.033,3.6,2.8,2.6,2,1.8,1.7,1.8,1.964,1.981,1.803,1.73,2.542,..,..
"Macao SAR, China",MAC,"School enrollment, primary (% gross)",SE.PRM.ENRR,106.838760375977,105.168479919434,105.103332519531,102.854553222656,100.32633972168,101.569869995117,102.432548522949,101.260093688965,101.166413677399,102.676451543276,99.3245614035088,99.6905829596413,100.713656387665,99.8024691358025,101.287356321839,105.325925925926,101.238255033557,96.2426035502959,92.7896174863388,89.070351758794,84.9676674364896
"Macao SAR, China",MAC,"Agriculture, forestry, and fishing, value added (% of GDP)",NV.AGR.TOTL.ZS,..,..,..,..,..,..,..,..,..,..,..,..,..,..,..,..,..,..,..,..,..
"Macao SAR, China",MAC,Urban population (% of total population),SP.URB.TOTL.IN.ZS,100,100,100,100,100,100,100,100,100,100,100,100,100,100,100,100,100,100,100,100,100
"Macao SAR, China",MAC,"Foreign direct investment, net inflows (% of GDP)",BX.KLT.DINV.WD.GD.ZS,5.34424158844924,6.13730012796971,7.24868934401704,14.5971664934488,19.6103756817311,28.8206055046707,18.9404463569425,-1.91124126911204,12.8496394988665,4.76089394778049,8.25528889419514,7.32083901346214,4.41326860101837,1.08257865214181,4.13475853837245,3.38191416637271,3.12603183085927,11.7748789603391,-24.5780080658474,18.372810695022,13.3808225043823
"Macao SAR, China",MAC,Poverty headcount ratio at $3.00 a day (2021 PPP) (% of population),SI.POV.DDAY,..,..,..,..,..,..,..,..,..,..,..,..,..,..,..,..,..,..,..,..,..
"Macao SAR, China",MAC,GDP per capita (current US$),NY.GDP.PCAP.CD,16814.9926424134,18589.8998330534,23407.1993692194,25681.2167315221,29813.7877167933,35400.2334659409,38888.5118044503,40354.2810293673,52596.2250160214,67046.7284292101,76058.0224963659,87107.8313063626,88355.3181764446,69902.9605741233,68911.6755919628,77570.9876166977,83588.2875009014,81882.6964523869,36883.6652578543,44884.8961602393,36806.891255461
"Macao SAR, China",MAC,Access to electricity (% of population),EG.ELC.ACCS.ZS,100,100,100,100,100,100,100,100,100,100,100,100,100,100,100,100,100,100,100,100,100
Madagascar,MDG,GDP growth (annual %),NY.GDP.MKTP.KD.ZG,-12.4079711055149,9.78489212474175,5.25700362208742,4.75584509499119,5.3985084485368,5.71056419885052,6.71263253913001,-3.9787086116544,0.619239744622121,1.57842705366555,3.01114811621208,2.30037622800727,3.33920311195367,3.13229807490305,3.99314606199499,3.93330759462793,3.19435651744398,4.41123212909589,-7.13767162064489,4.65068343174309,4.13753534956307
Madagascar,MDG,"Inflation, consumer prices (annual %)",FP.CPI.TOTL.ZG,16.4985255315846,-1.70400479616298,13.9558018033211,18.3638246468932,10.7656371554865,10.2879663187671,9.29650839381057,8.95421802392949,9.24732173644116,9.48254048582992,5.71384434191053,5.8264294445198,6.08040811088302,7.40419174202129,6.03575858154679,8.60905075422949,8.59422958870476,5.61051441492365,4.20179312190557,5.81225118787715,8.16059031991844
Madagascar,MDG,"Life expectancy at birth, total (years)",SP.DYN.LE00.IN,59.17,59.693,60.168,60.664,61.14,61.533,61.992,62.304,62.597,62.86,63.007,63.161,63.261,63.362,63.431,63.433,63.491,63.504,62.706,62.516,63.068
Madagascar,MDG,"Government expenditure on education, total (% of GDP)",SE.XPD.TOTL.GD.ZS,2.23179006576538,2.61094999313354,2.81261992454529,3.30962991714477,2.83097004890442,2.90274000167847,2.55433988571167,2.82512998580933,2.28856151148168,2.38168001174927,2.34067010879517,1.77695000171661,2.3812301158905,2.21011996269226,2.68719005584717,2.70137416707567,2.84409999847412,3.01338389897728,3.25443385103636,3.19807542117225,3.06772823003204
Madagascar,MDG,Individuals using the Internet (% of population),IT.NET.USER.ZS,0.339720154596142,0.423252419277809,0.525353654946669,0.567700028,0.607599974,0.649999976,1.649999976,1.629999995,1.700000048,1.899999976,2.299999952,3,3.700000048,4.173999786,4.713699818,6.406000137,7.747799873,9.379400253,11.35470009,13.74590015,17.81170082
Madagascar,MDG,Current health expenditure (% of GDP),SH.XPD.CHEX.GD.ZS,4.92866945,5.00276566,5.25090027,5.21557808,5.07203865,4.60865784,4.08111811,4.38469839,4.69762659,4.521595,3.91105914,3.75156307,4.46240282,5.0062542,5.33248854,4.80225945,4.22160387,3.10129309,3.72316122,3.55335546,3.14948058
Madagascar,MDG,"Unemployment, total (% of total labor force) (national estimate)",SL.UEM.TOTL.NE.ZS,..,5.007,..,2.3,..,..,..,..,4.278,..,0.599,..,..,1.785,..,..,..,..,..,..,3.186
Madagascar,MDG,"School enrollment, primary (% gross)",SE.PRM.ENRR,96.6876831054688,110.26619720459,124.89672088623,128.547912597656,127.919273376465,129.294372558594,132.619201660156,140.266357421875,135.673193203157,135.663024043331,136.435592632075,136.436484265628,137.445786724101,138.833200771878,134.676592456536,139.186670285989,132.689298160896,124.946579330031,126.585803806645,140.2656625108,132.887817840118
Madagascar,MDG,"Agriculture, forestry, and fishing, value added (% of GDP)",NV.AGR.TOTL.ZS,34.1425139825593,32.0297909636333,31.4205052808436,30.7627339341287,30.1822717236059,28.0670132910209,27.0525720488789,30.4651481314923,29.0780963483597,29.0502057606452,28.0006123574142,26.4930339794941,25.8453829296172,25.7433543337656,25.1334543599723,24.5501377693098,23.9733833005861,22.9562520100657,24.6929443979329,22.5220913616157,21.608800850098
Madagascar,MDG,Urban population (% of total population),SP.URB.TOTL.IN.ZS,25.6037489918904,25.8967668078478,26.1869753064804,26.4743019495822,26.7586741989468,27.0400195163682,27.31826536364,27.5933392025561,27.8651684949103,28.1336807024963,28.3988032871081,28.6604637105393,28.9185894345838,29.1731079210354,29.4239466316878,29.671033028335,29.9181125346909,30.3046972370204,30.7019474167548,31.1137123216036,31.5397813465886
Madagascar,MDG,"Foreign direct investment, net inflows (% of GDP)",BX.KLT.DINV.WD.GD.ZS,0.273965160881608,0.202025723705933,1.0446898563867,1.45800803699285,4.60749200280627,9.26011530963958,10.5779307609142,13.4485427881281,9.13867133828111,7.05979214971634,7.03680533355538,4.55464531104897,2.97751123297568,2.89727727453157,4.56460803171494,3.52797151000056,4.44792798727992,3.36279830994653,2.74657132350245,2.49072338064723,3.04942783216552
Madagascar,MDG,Poverty headcount ratio at $3.00 a day (2021 PPP) (% of population),SI.POV.DDAY,..,..,..,55.3,..,..,..,..,65.3,..,67.3,..,..,..,..,..,..,..,..,69.2,..
Madagascar,MDG,GDP per capita (current US$),NY.GDP.PCAP.CD,304.941777398445,352.620095849925,272.20074858856,305.812074924388,324.146874882604,419.548001431865,512.579800058444,446.315238370592,450.009391645726,506.163691559309,493.511162904211,515.301589361832,505.684922503435,445.320069480568,453.970714522463,491.866848718929,500.45718552916,499.818837622534,450.771615205157,483.469463351195,504.059106969168
Madagascar,MDG,Access to electricity (% of population),EG.ELC.ACCS.ZS,14,20.3,15.3,16,16.8,17.5,18.3,17.4,12.3,14.3,18.7,12.9,23,23.8,22.9,24.1,36.5,31,32,35.1,36.1
Malawi,MWI,GDP growth (annual %),NY.GDP.MKTP.KD.ZG,1.70000003078317,5.70563940467414,5.42049754993828,3.26872602317066,4.69999976404691,9.59999987683469,7.63973639944591,8.3281098524038,6.87406585416142,4.93266999813729,1.90000000072909,5.41034999817167,5.62527000105139,2.80000000003355,2.49999999914311,4.00000000089172,4.35356471619211,5.71682519194337,0.793596429787286,4.55829212016083,0.921115069005936
Malawi,MWI,"Inflation, consumer prices (annual %)",FP.CPI.TOTL.ZG,14.7446346101603,9.57679786919214,11.4298060822124,15.4103446604296,13.9742943548388,7.9522099086403,8.71260186609043,8.42204427696655,7.41159092883827,7.6228226284852,21.2712650013779,27.2833333333334,23.7920649469687,21.8673475542553,21.7111132136499,11.5433939188771,12.420178108921,9.3708360560567,8.62551469650552,9.33014410835212,20.953969729969
Malawi,MWI,"Life expectancy at birth, total (years)",SP.DYN.LE00.IN,48.176,49.601,51.073,52.469,53.652,54.687,55.715,56.714,57.787,58.859,59.87,60.816,61.651,62.324,63.163,63.914,64.464,64.995,65.216,64.782,66.037
Malawi,MWI,"Government expenditure on education, total (% of GDP)",SE.XPD.TOTL.GD.ZS,..,2.20964002609253,..,..,..,..,..,..,2.43236994743347,2.85346007347107,2.52861185625253,3.72169995307922,3.32569003105164,3.85398006439209,3.28257989883423,2.76899003982544,3.32295989990234,..,..,..,2.74888371105811
Malawi,MWI,Individuals using the Internet (% of population),IT.NET.USER.ZS,0.21509472652259,0.278815116302304,0.347505334967577,0.384499997,0.425099999,0.965864736553132,0.7,1.07,2.26,3.33,4.350599766,5.050000191,5.829999924,6,6.300000191,7,8.798299789,11.05860043,13.89949989,15.30300045,16.84830093
Malawi,MWI,Current health expenditure (% of GDP),SH.XPD.CHEX.GD.ZS,2.69725966,3.32019806,4.07199907,4.30046511,4.91223288,5.44258356,6.10668802,5.87333822,5.14304781,5.32226658,6.02199793,8.22379494,6.89776182,6.62879086,7.72703791,7.58438921,6.88249922,6.37021732,7.03859568,7.5164628,6.62527609
Malawi,MWI,"Unemployment, total (% of total labor force) (national estimate)",SL.UEM.TOTL.NE.ZS,..,..,4.457,0.942,..,..,..,..,..,1.736,..,4.978,..,..,..,3.77,..,..,0.907,..,..
Malawi,MWI,"School enrollment, primary (% gross)",SE.PRM.ENRR,140.272842407227,..,133.789779663086,131.803100585938,131.494323730469,128.682327270508,136.033767700195,133.763076782227,135.953379497131,136.570114875395,136.603950137451,140.88915082399,140.734554498983,139.547593190997,137.823026920131,139.233233518644,136.723876953125,139.274520404398,136.43618677975,127.042360318779,126.587758962955
Malawi,MWI,"Agriculture, forestry, and fishing, value added (% of GDP)",NV.AGR.TOTL.ZS,32.287184795846,30.1281788478073,28.8733040048574,27.3766782308788,25.6738776075689,22.8824872507399,24.9323563197161,25.3093021258133,24.6321400620979,23.9314133083531,23.5292854390256,23.8492870296807,23.8734416539637,22.9948363698368,22.1929077690151,22.9262319821323,21.632593506951,22.9473991790142,25.0150110062267,25.5328304255348,27.5975518762201
Malawi,MWI,Urban population (% of total population),SP.URB.TOTL.IN.ZS,14.8722487440558,14.9551384691108,15.0316039821946,15.1041793656241,15.1753987017157,15.2477960727861,15.3238029928378,15.4015312766848,15.4776969380518,15.5523153908723,15.6253133040464,15.6966173464742,15.766154187056,15.8338504946918,15.899632938282,15.9634281867266,16.0221486554255,16.1383746619001,16.2961471756409,16.4881925800694,16.7146031979436
Malawi,MWI,"Foreign direct investment, net inflows (% of GDP)",BX.KLT.DINV.WD.GD.ZS,0.115974414290585,1.41089085148224,2.13119600751874,2.62567004771803,0.611208219192404,1.92814440747221,2.5237027903489,0.545293920588433,0.957814621345542,6.97752227761724,-0.101285426070357,5.61985138978348,6.79541385727369,3.12107477506801,1.46272973143861,1.0085487596618,0.779538295941585,0.499715595789277,2.14268264715469,1.04617739110529,1.5988861608404
Malawi,MWI,Poverty headcount ratio at $3.00 a day (2021 PPP) (% of population),SI.POV.DDAY,..,..,74.4,..,..,..,..,..,72.9,..,..,..,..,..,71.7,..,..,75.4,..,..,..
Malawi,MWI,GDP per capita (current US$),NY.GDP.PCAP.CD,428.210439838398,383.348596852642,404.674248445428,414.361121984475,440.822149023873,475.180261659331,554.048820396119,625.869729869625,683.124694716799,763.061000394572,558.46208832772,496.947368267313,529.5133440206,539.605363240686,450.506105510719,495.769683367165,533.202567189331,580.889139762475,602.507478176106,617.446994451007,604.269740360317
Malawi,MWI,Access to electricity (% of population),EG.ELC.ACCS.ZS,5.6,6.2,6.9,6.6,3.7,7.4,7.8,8.3,8.7,7.6,7.4,9,11.9,10.8,11,12.7,18,11.2,11.5,14.2,14
Malaysia,MYS,GDP growth (annual %),NY.GDP.MKTP.KD.ZG,5.39098830692797,5.7884992858875,6.78343772370305,5.33213916141486,5.5848470671515,6.29878592740947,4.83176988913097,-1.51352871598714,7.42484738326097,5.29391283414003,5.47345419253853,4.69372252557893,6.00672194558203,5.09153242155011,4.44978139761541,5.81272240983328,4.84308697634881,4.41318742129586,-5.45684658426701,3.31534954399166,9.03173723044451
Malaysia,MYS,"Inflation, consumer prices (annual %)",FP.CPI.TOTL.ZG,1.80787246281536,1.08967632577286,1.42127115937402,2.97507092684449,3.60923564224389,2.02735317779569,5.44078221100769,0.583308405623702,1.62285235577035,3.1744709215131,1.66357102479206,2.10501231233612,3.14299050879095,2.10438980238359,2.09056659525742,3.87120115774237,0.884709160571235,0.662891865764326,-1.1387021539305,2.47710241465447,3.37869862549928
Malaysia,MYS,"Life expectancy at birth, total (years)",SP.DYN.LE00.IN,73.469,73.727,74.027,74.37,74.697,74.961,75.151,75.269,75.376,75.488,75.552,75.464,75.345,75.288,75.371,75.542,75.734,75.9,76.057,73.917,75.444
Malaysia,MYS,"Government expenditure on education, total (% of GDP)",SE.XPD.TOTL.GD.ZS,7.65792989730835,7.50288009643555,5.92389011383057,..,4.48576021194458,4.37253999710083,3.95851993560791,5.97418022155762,4.96645021438599,5.76293992996216,5.73902988433838,5.48122978210449,5.21264982223511,4.89487981796265,4.75191020965576,4.6753101348877,4.47865009307861,4.15775012969971,3.91176009178162,4.26109393398867,3.49933781956284
Malaysia,MYS,Individuals using the Internet (% of population),IT.NET.USER.ZS,32.3382043389359,34.9711523397291,42.2522656295248,48.6291702459839,51.6379889864403,55.7,55.8,55.9,56.3,61,65.8,57.05751226,63.6654258813225,71.0640678111957,78.7883099275229,80.1404790103961,81.2010486181174,84.1871450078281,89.55501192,96.7514278,97.3986404
Malaysia,MYS,Current health expenditure (% of GDP),SH.XPD.CHEX.GD.ZS,2.66876554,2.92417073,2.86016941,2.78692698,3.10897732,3.07041144,3.00692558,3.2610569,3.16474271,3.31451917,3.45786357,3.51276922,3.71036959,3.82201481,3.70085335,3.71472311,3.75944281,3.83991051,4.08254337,4.37438345,3.90037823
Malaysia,MYS,"Unemployment, total (% of total labor force) (national estimate)",SL.UEM.TOTL.NE.ZS,3.476,3.612,3.544,3.535,..,3.227,3.341,3.694,3.252,3.055,3.035,3.113,2.883,3.1,3.4,3.36,3.3,3.3,4.5,4.6,3.9
Malaysia,MYS,"School enrollment, primary (% gross)",SE.PRM.ENRR,92.926628112793,93.3964691162109,96.0182037353516,97.1333618164062,97.8367385864258,98.3626403808594,98.6990509033203,98.7940902709961,98.8697814941406,98.855643801119,98.7042528833624,98.9066848845224,97.15563448844,95.6311535513474,96.2219697129545,96.2574604579347,95.7761544783431,94.3275054202176,93.1800129351047,92.5769881927004,89.7872630978958
Malaysia,MYS,"Agriculture, forestry, and fishing, value added (% of GDP)",NV.AGR.TOTL.ZS,8.98508140381459,9.30608521643197,9.27100209261509,8.26229170422644,8.60998284136304,9.98677367962245,9.96858233467411,9.21910004390782,10.0899159275121,11.4533531198278,9.79375074645921,9.11336384538206,8.87320901302643,8.2874950827938,8.46251885618027,8.59827753533139,7.51205693063821,7.24131401562151,8.16597089919598,9.56621458844467,8.96184922741417
Malaysia,MYS,Urban population (% of total population),SP.URB.TOTL.IN.ZS,64.056368465184,65.0750932867555,66.0647889111941,67.0159820173565,67.9191992840997,68.7649673902807,69.5438130147565,70.2462628363839,70.8625314831025,71.4245166681964,71.9680127926087,72.4882717118078,72.9802206910773,73.4387869957006,73.8588978909614,74.2354806421432,74.5634625145296,74.8377707734042,75.0511895575672,75.5088628191907,75.9741357073003
Malaysia,MYS,"Foreign direct investment, net inflows (% of GDP)",BX.KLT.DINV.WD.GD.ZS,3.16612432250471,2.92094209456765,3.50787262049412,2.73438734940078,4.72716484834358,4.68684578287436,3.28081949125174,0.056692316075743,4.26864663854031,5.07446032143377,2.82905738174529,3.49431175959971,3.14122940365348,3.27094402931735,4.47130958598651,2.9358203805856,2.31458721219734,2.50697705748044,1.20275464255821,5.41626377085161,3.68486215546291
Malaysia,MYS,Poverty headcount ratio at $3.00 a day (2021 PPP) (% of population),SI.POV.DDAY,..,3.2,..,..,1.7,..,1.5,..,..,0.4,..,0.1,..,0.1,..,..,0,..,..,0,..
Malaysia,MYS,GDP per capita (current US$),NY.GDP.PCAP.CD,4184.03163773539,4465.32194567208,4939.24851854427,5555.58179951206,6158.40785533236,7168.93031942508,8371.82156086005,7191.43287234626,8899.34505544675,10217.1068585031,10600.5744240026,10713.6407638899,11013.3107334403,9648.6797937523,9476.53409809923,9862.54806612235,10901.8019954421,10920.191763972,9957.52626697613,10903.1037480772,11754.5678336248
Malaysia,MYS,Access to electricity (% of population),EG.ELC.ACCS.ZS,98.6,98.7,98.7,98.7,98.8,98.9,99,99.3,99.5,99.5,99.8,99.6,99.7,99.9,99.9,100,100,100,100,100,100
Maldives,MDV,GDP growth (annual %),NY.GDP.MKTP.KD.ZG,7.26838656139654,13.7500496410836,5.92489251113133,-11.1773097061784,23.6302719852686,7.13338024717898,8.97645459033633,-8.34069861571051,6.7854678229144,8.84342600490342,2.38928797963442,6.97496226412528,7.86068643108074,3.86813536494475,6.37528306716864,7.07442863215275,8.5689555834747,6.92305989050099,-32.9088287752921,37.507870124321,13.8260895184139
Maldives,MDV,"Inflation, consumer prices (annual %)",FP.CPI.TOTL.ZG,4.1786723990479,-1.26065113450354,-1.68541212459466,1.30027500930997,2.73842131602099,6.79477353930168,12.0414583505108,4.53017659132801,6.14988536750173,11.2734146055937,10.884695658563,3.8056300091943,2.12000175718134,0.953206658777607,0.502509413611612,2.81747338234509,-0.133373386117595,0.220029731065383,-1.36977425569811,0.543149688737013,2.3305404647725
Maldives,MDV,"Life expectancy at birth, total (years)",SP.DYN.LE00.IN,72.36,73.263,73.008,74.785,75.256,75.711,75.999,76.371,76.756,77.141,77.512,77.847,78.187,78.607,78.913,79.228,79.433,79.707,78.713,78.052,80.76
Maldives,MDV,"Government expenditure on education, total (% of GDP)",SE.XPD.TOTL.GD.ZS,5.79186010360718,5.32406997680664,4.66160011291504,5.0168399810791,4.64523983001709,4.41788005828857,4.470290184021,5.08168983459473,3.63328003883362,3.08072996139526,3.34085988998413,3.3882999420166,3.0885899066925,3.8685998916626,3.66123008728027,3.82268559882407,3.85681779847259,4.12356944795488,5.84760793108804,4.61379747500137,4.67344315449896
Maldives,MDV,Individuals using the Internet (% of population),IT.NET.USER.ZS,5.3477651689359,5.97659284988557,6.58825487530861,6.86960506696215,11.0363527828647,16.3,23.2,24.8,26.53,34,38.93009949,44.09999847,49.27999878,54.4620018,59.47750092,64.95500183,70.93689728,77.46970367,79.09780121,81.95760345,83.91189054
Maldives,MDV,Current health expenditure (% of GDP),SH.XPD.CHEX.GD.ZS,8.78440189,6.77857542,7.48356962,8.82753372,8.04819012,8.30568123,11.47104168,10.0928812,8.48758984,7.92251587,8.67304802,8.15509319,7.91345072,8.68310642,10.23337078,9.14948273,7.2940383,7.50238085,11.43943214,8.85169506,7.4997015
Maldives,MDV,"Unemployment, total (% of total labor force) (national estimate)",SL.UEM.TOTL.NE.ZS,..,..,..,..,..,..,..,11.697,..,..,..,..,3.846,..,5.771,..,..,4.562,..,..,..
Maldives,MDV,"School enrollment, primary (% gross)",SE.PRM.ENRR,121.841133117676,121.19751739502,119.83869934082,113.929962158203,112.385597229004,107.563919067383,105.335929870605,104.559181213379,102.100165482332,100.38204155014,97.4747092509902,95.7687484324053,96.8073394495413,99.0061090225564,98.2565323867083,97.1472662194312,96.6406154097958,96.8629835988386,97.1784452967759,..,96.0147426502285
Maldives,MDV,"Agriculture, forestry, and fishing, value added (% of GDP)",NV.AGR.TOTL.ZS,..,5.31119298853852,5.58419942501182,7.72803149964174,6.59515840370508,6.16535560195977,6.87564674670536,5.41948176665845,5.63412062612204,5.385634653611,5.19060478867434,5.41343405241382,5.30718633604263,5.53360361810085,5.62856345772863,5.27109968794242,5.12400558285918,4.49402391073316,7.57494511363438,5.30620393459186,5.06182473582962
Maldives,MDV,Urban population (% of total population),SP.URB.TOTL.IN.ZS,29.8881681908815,31.3913356462169,32.8541942827704,34.0715178283824,34.8678636610379,35.4340781469745,35.9335121678807,36.3718272129661,36.7646137762553,37.1274623517731,37.475963433544,37.8257075155926,38.1938859868107,38.5771510715291,38.9560872317815,39.32787719143,39.6923354428279,40.0492764783282,40.3985147902839,40.7398648710483,41.0641769690663
Maldives,MDV,"Foreign direct investment, net inflows (% of GDP)",BX.KLT.DINV.WD.GD.ZS,2.75560074067064,3.02003609060425,4.31467445406402,4.55499673617996,4.05198051459747,7.08805679103643,7.97903444514319,6.73534012537353,8.36376433060736,15.2659407539778,7.89895747225905,10.9503892160384,9.01659145068896,7.21577938190819,10.3547618700189,9.50514529202919,10.6517647807373,16.7834728448357,11.8706880719155,12.238665987932,11.8454662775286
Maldives,MDV,Poverty headcount ratio at $3.00 a day (2021 PPP) (% of population),SI.POV.DDAY,18.8,..,..,..,..,..,..,13.1,..,..,..,..,..,..,0.1,..,..,0,..,..,..
Maldives,MDV,GDP per capita (current US$),NY.GDP.PCAP.CD,3076.07007160101,3548.5767011056,4070.2609459446,3796.51546524644,5018.94335409159,5758.10286933053,6757.43280929292,6734.03165601895,7173.59601844692,7424.520410971,7461.29703686309,8236.08177944126,8939.07416571472,9644.90655028145,9947.80744731739,10509.628805812,11423.2838427029,11740.2724029785,7393.8886543933,10176.143882547,11786.0191492983
Maldives,MDV,Access to electricity (% of population),EG.ELC.ACCS.ZS,88.3,89.1,90,90.9,91.7,92.6,93.6,99.9,99,99.1,99.2,99.4,100,99.8,100,99.8,100,100,100,100,100
Mali,MLI,GDP growth (annual %),NY.GDP.MKTP.KD.ZG,3.03627540738884,9.79712256086644,1.47732490290102,2.53837834888921,3.68960265255278,1.76004607852802,3.63871070923719,5.45473562683669,5.57678859793515,2.93537897118415,-1.07239924147837,3.29068742053545,6.50263878386326,6.23887890181064,6.00506308559498,5.37554769647939,4.86784999935264,4.99999911699705,-1.16910834857605,3.10094124463507,3.70319027585386
Mali,MLI,"Inflation, consumer prices (annual %)",FP.CPI.TOTL.ZG,5.03282275711194,-1.34672619047621,-3.09978128063957,6.39788293897883,1.54352596927582,1.41200201714577,9.17098813667678,2.46375188572299,1.10892690670186,2.95564395229392,5.32312847064058,-0.606736356351563,0.883814547137841,1.45069057605961,-1.79964707083386,1.75985742927165,0.299546507387843,-1.65826694846365,0.438088940320669,3.92560283104277,9.62147608489064
Mali,MLI,"Life expectancy at birth, total (years)",SP.DYN.LE00.IN,51.995,52.632,53.253,53.792,54.305,54.756,55.187,55.588,55.993,56.367,56.696,57.052,57.482,57.852,58.286,58.562,58.873,59.217,58.858,59.116,60.035
Mali,MLI,"Government expenditure on education, total (% of GDP)",SE.XPD.TOTL.GD.ZS,2.8962299823761,3.8055899143219,2.95918989181519,2.74722003936768,..,..,2.73080992698669,3.14385008811951,2.70853996276856,3.14614009857178,2.90706992149353,2.75836992263794,3.09299993515015,3.19690990447998,2.59244990348816,3.18063998222351,2.98218989372253,3.00001001358032,3.3367600440979,3.66363000869751,4.04512227529275
Mali,MLI,Individuals using the Internet (% of population),IT.NET.USER.ZS,0.2270455784917,0.310364443230575,0.432819639900985,0.507099986,0.729600012,0.81,1.57,1.799999952,2,2.2,2.799999952,3.5,7,10.32999992,14,18.89999962,21.39999962,24.96030045,29.11300087,33.95650101,35.19919968
Mali,MLI,Current health expenditure (% of GDP),SH.XPD.CHEX.GD.ZS,4.99775982,5.05061436,5.21768713,5.19517279,5.4559021,5.2530427,5.02688074,5.21225691,4.67867136,4.01485014,3.7521801,3.96408582,4.48158312,4.11143351,3.77377558,3.67425752,3.73251104,3.82943797,3.50623369,3.54318666,3.72170115
Mali,MLI,"Unemployment, total (% of total labor force) (national estimate)",SL.UEM.TOTL.NE.ZS,..,..,8.754,..,6.665,11.706,..,1.665,8.071,6.9,..,6.351,6.375,7.729,1.367,7.414,1.62,3.193,3.528,..,5.442
Mali,MLI,"School enrollment, primary (% gross)",SE.PRM.ENRR,61.1667289733887,63.1191711425781,66.4467468261719,69.7963180541992,72.4690475463867,74.726676940918,76.5747985839844,77.8208770751953,78.2843194478002,78.6656430079497,75.3898048541622,70.8734283447266,71.8215759998762,70.5209747052129,71.8693090094813,74.6733759399248,70.3689604909815,..,..,..,..
Mali,MLI,"Agriculture, forestry, and fishing, value added (% of GDP)",NV.AGR.TOTL.ZS,27.4767257862718,22.9908148165647,23.7241310013404,24.2687063383404,22.2004702801119,23.3084533868685,23.8672330806163,25.1844479659999,25.9857196705545,27.5615497300786,30.7772665368303,28.4968116057941,29.3244531264164,30.525122276133,30.9987192702461,31.4007766435761,32.4975413984656,32.2682205547332,32.2899608370191,32.0375587266747,32.7176729018653
Mali,MLI,Urban population (% of total population),SP.URB.TOTL.IN.ZS,19.6792980362731,20.0594231247985,20.4570532892964,20.8706715422205,21.2987608960246,21.7398043631622,22.1922849560871,22.6557955217884,23.1359461824894,23.6379674039304,24.1606168848588,24.7033626854883,25.2656728660325,25.847015486705,26.4468586077195,27.0646702892896,27.6999185916288,28.3520715749509,29.0205972994693,29.7049638253978,30.4015705681899
Mali,MLI,"Foreign direct investment, net inflows (% of GDP)",BX.KLT.DINV.WD.GD.ZS,-0.266203399112773,1.29366756461807,1.31045129448709,2.15749775649199,1.80622500320411,2.12739780757523,2.33379628947898,5.34101259309872,2.92612695497784,3.60372353520623,2.6890124945952,1.95552894418838,0.844265987939144,1.7680955706499,2.129006916198,3.0627942747803,2.29426079238045,4.19531107984596,2.5936673302322,2.78245724174957,3.17422530916772
Mali,MLI,Poverty headcount ratio at $3.00 a day (2021 PPP) (% of population),SI.POV.DDAY,..,..,..,..,64,..,..,63.3,..,..,..,..,..,..,..,..,29.4,..,..,36.1,..
Mali,MLI,GDP per capita (current US$),NY.GDP.PCAP.CD,378.191678628068,441.910358475171,495.006294675661,548.730382848879,586.985415512593,670.853394978069,767.194838946144,787.48256428259,797.151541141189,938.292902579598,872.506092463946,901.920957649814,947.915033293219,838.11986940103,872.468587171653,924.057531692284,996.379292136901,971.949318638092,953.242943290974,1027.27345365357,976.914116406452
Mali,MLI,Access to electricity (% of population),EG.ELC.ACCS.ZS,13,14.7,16.4,18.2,16.6,21.7,23.4,24,27,28.8,25.6,32.4,34.2,37.6,38.8,34.8,50.9,47.9,50.6,53.4,53
Malta,MLT,GDP growth (annual %),NY.GDP.MKTP.KD.ZG,2.74113503379645,3.69331066307235,0.407354423655889,2.88123652429068,2.33618870316785,5.03640177981643,4.41059689827608,-1.39524956144803,6.19734978656928,0.992201768011597,4.10167460261891,6.29233378116625,7.6313628225042,9.62070302842181,4.07800422216982,12.9713425287845,7.18921425536917,4.0850557312243,-3.45728232537419,13.3509818925498,2.59276776884379
Malta,MLT,"Inflation, consumer prices (annual %)",FP.CPI.TOTL.ZG,2.18849048060549,1.30383777442602,2.79082848067754,3.00796652450313,2.77378006481472,1.24921923797629,4.25862171897073,2.08432746082343,1.51563513618532,2.9629852819288,2.37582057760386,1.1802843636655,0.310306472181665,1.10054826378929,0.642702771527304,1.36435448150708,1.15782362451517,1.6420600176894,0.638544956776712,1.49789217934724,6.15375621933037
Malta,MLT,"Life expectancy at birth, total (years)",SP.DYN.LE00.IN,78.7390243902439,78.5463414634146,79.2536585365854,79.3,79.4390243902439,79.7926829268293,79.6365853658537,80.2414634146342,81.3975609756098,80.7463414634146,80.7463414634146,81.7463414634146,81.8951219512195,81.7975609756098,82.3536585365854,82.1951219512195,82.2487804878049,82.6585365853659,82.0975609756098,82.2585365853659,82.2975609756098
Malta,MLT,"Government expenditure on education, total (% of GDP)",SE.XPD.TOTL.GD.ZS,4.15744018554688,..,4.430260181427,..,..,5.95993995666504,5.47429990768433,5.04781007766724,6.20798015594482,7.57771015167236,6.24788999557495,7.40672016143799,6.84973001480103,4.91352987289429,4.95570993423462,4.34281015396118,..,4.79941987991333,..,4.92963981628418,4.71258020401001
Malta,MLT,Individuals using the Internet (% of population),IT.NET.USER.ZS,28.92,31.64,34.62,41.24,40.41,46.9,50.08,58.86,63,68.0198237885462,68.1998742928975,68.9138,73.1141157845193,75.9600189752747,78.0751488032182,81.0119110762945,81.6580442928014,85.7785963798031,86.85876183,87.46977742,91.54062209
Malta,MLT,Current health expenditure (% of GDP),SH.XPD.CHEX.GD.ZS,7.73333311,7.93917513,8.03966808,8.69497585,8.84659672,8.18593979,7.82490158,7.88854265,7.89857197,8.31816673,8.24921417,8.30319595,8.88463974,8.70199776,8.69928074,8.31366253,8.11269569,8.89282227,9.85403538,9.52782059,9.09105396
Malta,MLT,"Unemployment, total (% of total labor force) (national estimate)",SL.UEM.TOTL.NE.ZS,6.902,7.488,7.317,6.923,6.798,6.472,5.977,6.896,6.861,6.388,6.203,6.115,5.737,5.389,4.694,4.008,3.956,4.08,4.856,3.754,3.471
Malta,MLT,"School enrollment, primary (% gross)",SE.PRM.ENRR,105.043991088867,104.113998413086,105.063079833984,102.89608001709,102.830116271973,103.004371643066,103.135833740234,98.1346664428711,102.578308105469,100.981498718262,100.937980651855,100.87850189209,100.008308410645,99.9228973388672,99.7741088867188,99.4793930053711,99.830680847168,98.9984817504883,98.1449203491211,97.9103088378906,97.4764785766602
Malta,MLT,"Agriculture, forestry, and fishing, value added (% of GDP)",NV.AGR.TOTL.ZS,2.10568805020165,1.91969374222788,1.84736523257404,1.78755466352467,1.813524220551,1.75516138575379,1.07473996926973,1.33019267705217,1.27165148764665,1.08713374993752,1.0910541183165,1.01983625203559,1.00159746008451,0.941565497029315,1.01031771377506,0.675890607316043,0.621888918723848,0.471910717650196,0.78562042891342,0.886000827253817,0.833481606690094
Malta,MLT,Urban population (% of total population),SP.URB.TOTL.IN.ZS,93.4431095912187,93.5241031580205,93.6081858790552,93.6985189936163,93.7986874969541,93.9118231189546,94.0294765354989,94.1423744490362,94.2412435620154,94.3155916422812,94.3626256493653,94.3906567856206,94.412512773898,94.4387696268011,94.4800033569336,94.5691806330314,94.7242373261706,94.9332032524644,95.1841082280263,95.5145343617045,95.6003155132879
Malta,MLT,"Foreign direct investment, net inflows (% of GDP)",BX.KLT.DINV.WD.GD.ZS,-11.1735639287223,16.8221034288909,122.360207462303,341.007652103804,370.903560623921,450.045795914123,161.765413580926,16.4753471685722,101.626394392913,79.748918912388,34.5864948714194,4.72416532328184,1.31122424310897,32.1027480550593,23.0840309905395,299.824774271215,452.220863014151,198.199646841408,191.921868144409,433.606839879867,114.989519881534
Malta,MLT,Poverty headcount ratio at $3.00 a day (2021 PPP) (% of population),SI.POV.DDAY,..,..,..,..,0.5,0.5,0.2,0.5,0.3,0.2,0.2,0,0,0.1,0.1,0.2,0.2,0.3,0.4,0.1,0.1
Malta,MLT,GDP per capita (current US$),NY.GDP.PCAP.CD,11251.2024877398,13593.9787182902,15212.1312964883,15831.3439802756,16653.6038312389,19444.1743635565,22405.6426266551,21261.5428699817,21946.6073066905,23516.972445816,22878.3095862582,25415.5525389054,27424.5693619702,25529.6693210673,26459.0644285369,30317.2611769875,33382.280781103,32421.9087471186,31823.422001724,38078.0064279067,35658.8318250199
Malta,MLT,Access to electricity (% of population),EG.ELC.ACCS.ZS,100,100,100,100,100,100,100,100,100,100,100,100,100,100,100,100,100,100,100,100,100
Marshall Islands,MHL,GDP growth (annual %),NY.GDP.MKTP.KD.ZG,3.63579015049041,-1.56167510462087,-0.408355471416314,1.79104477611941,0.175953079178882,3.68852459016394,-7.56634669678148,3.66524129505193,5.53918680023571,-0.502512562814076,-1.29068462401796,3.80898237635019,-1.25958378970427,1.88574597892401,2.5040827436037,3.55815188528943,5.48717948717949,10.4521147301896,-2.77288732394366,2.15939339067452,-0.700580183196621
Marshall Islands,MHL,"Inflation, consumer prices (annual %)",FP.CPI.TOTL.ZG,..,..,..,..,..,..,..,..,..,..,..,..,..,..,..,..,..,..,..,..,..
Marshall Islands,MHL,"Life expectancy at birth, total (years)",SP.DYN.LE00.IN,63.848,63.956,64.044,64.112,64.207,64.259,64.3,64.395,64.498,64.641,64.776,64.954,65.11,65.292,65.477,65.673,65.87,66.047,65.387,65.421,66.725
Marshall Islands,MHL,"Government expenditure on education, total (% of GDP)",SE.XPD.TOTL.GD.ZS,8.1951904296875,11.8441295623779,..,..,..,..,..,..,..,..,..,..,..,..,..,..,..,9.88208961486816,13.8350374540234,15.1824411727819,7.70088005065918
Marshall Islands,MHL,Individuals using the Internet (% of population),IT.NET.USER.ZS,2.33544457522934,2.5697503671072,3.59977681383754,3.8787023977433,3.79559021427832,3.950000048,4.599999905,5.599999905,7,10,12.5,14,16.79999924,19.28240013,29.78779984,38.70119858,43.88249969,49.75749969,56.41910172,63.97259903,64.26719666
Marshall Islands,MHL,Current health expenditure (% of GDP),SH.XPD.CHEX.GD.ZS,12.06634617,13.3324337,14.15128136,18.45293236,22.29854774,16.82522392,18.97963715,18.7292881,17.73354912,11.35905361,11.66154385,12.13685322,12.04489326,14.78209972,14.62816238,12.02498436,14.46723938,14.98994541,12.12413406,12.49257088,13.60796833
Marshall Islands,MHL,"Unemployment, total (% of total labor force) (national estimate)",SL.UEM.TOTL.NE.ZS,..,..,..,25.369,..,..,..,..,..,4.735,..,..,..,..,..,..,..,6.342,..,9.823,..
Marshall Islands,MHL,"School enrollment, primary (% gross)",SE.PRM.ENRR,117.119171142578,102.813087463379,110.887100219727,105.958961486816,105.283256530762,101.758949279785,102.192817687988,102.752967834473,..,105.389073868541,..,..,..,106.642496439208,104.845524161605,..,..,109.175973437972,108.44888745566,111.781011781012,108.975505095655
Marshall Islands,MHL,"Agriculture, forestry, and fishing, value added (% of GDP)",NV.AGR.TOTL.ZS,6.45006062443165,6.86799589715432,7.21851015801354,7.12086956521739,7.06717877094972,7.34398671096346,8.80757162346521,9.57301587301587,10.5856610800745,13.8842716192687,17.8198118428334,15.8570815450644,12.0370967741935,12.4228089275993,12.7276511397423,15.8322414599906,16.2795,18.2091455560326,19.9060380479735,24.7417084696196,20.580387943113
Marshall Islands,MHL,Urban population (% of total population),SP.URB.TOTL.IN.ZS,69.0380806209326,69.5231265029735,70.0567388477898,70.6234401061174,71.2077527286922,71.7941991662501,72.3673018695269,72.9115832892586,73.4115658761809,73.8553711172585,74.2705132518924,74.6790601806083,75.0790555372177,75.4702568207363,75.8524215301796,76.2253071645634,76.5886712229035,76.9422712042154,77.285864607515,77.6163157431143,77.9855966195187
Marshall Islands,MHL,"Foreign direct investment, net inflows (% of GDP)",BX.KLT.DINV.WD.GD.ZS,0.635798726886935,-0.878527551218843,0.869826937547028,2.37653794315156,1.31058779650038,4.64273221779953,3.8845475551006,9.68877973310476,-5.80799077083683,-2.5425891687052,11.8283407902975,17.4614535003172,4.86434681611556,-2.9361124111434,-1.51429506881848,2.73069605974974,4.43275061931595,2.21765571320359,1.25933048526425,0.191172075059349,-3.02876794027796
Marshall Islands,MHL,Poverty headcount ratio at $3.00 a day (2021 PPP) (% of population),SI.POV.DDAY,..,..,..,..,..,..,..,..,..,..,..,..,..,..,..,..,..,2.1,..,..,..
Marshall Islands,MHL,GDP per capita (current US$),NY.GDP.PCAP.CD,2566.06708799222,2539.3307383954,2566.08291015814,2658.65217893885,2754.26988767503,2892.28403958874,2817.60522775322,2906.63026970914,3095.45768964722,3319.39815439151,3514.26515490383,3677.90690791421,3735.23977829545,3764.34426229508,4229.80988911945,4592.83457628576,4858.12079054875,5292.33985502306,5661.96787336674,6315.31172190393,6455.6603538189
Marshall Islands,MHL,Access to electricity (% of population),EG.ELC.ACCS.ZS,71.5,72.9,74.3,75.7,77.2,72.3,80.2,81.7,89.4,89.9,90.4,90.9,91.5,92.1,92.7,93.8,95.3,96.8,98.3,99.8,100
Mauritania,MRT,GDP growth (annual %),NY.GDP.MKTP.KD.ZG,1.38148396199058,6.92826955106302,4.7327579245203,8.56628724906668,18.3331987597713,-1.96942275160761,-0.331079195278377,0.0978758719728035,2.62022952055378,4.17278328304418,4.47001318233693,4.15081318627171,4.27482327130284,5.37633923694936,1.26090922448303,6.27054569386574,4.77217363890155,3.14100489264639,-0.36065738652286,0.7427154981402,6.7960049994761
Mauritania,MRT,"Inflation, consumer prices (annual %)",FP.CPI.TOTL.ZG,3.8957052575849,5.15190150769578,10.3676233473073,12.1256487185541,6.2410332814282,7.25410841304887,7.34663541249786,2.22092032381779,6.28354087427704,5.68631959575954,4.90242727217997,4.12910173783393,3.53436856147324,3.25472688117631,1.47171045650004,2.25427651934813,3.06735996058356,2.30009262117937,2.3856948845632,3.56516484650185,9.52526628622843
Mauritania,MRT,"Life expectancy at birth, total (years)",SP.DYN.LE00.IN,62.249,62.805,63.369,63.92,64.493,64.885,65.233,65.485,65.661,65.754,65.808,65.89,66.207,66.498,66.823,67.088,67.419,67.64,66.794,66.762,68.281
Mauritania,MRT,"Government expenditure on education, total (% of GDP)",SE.XPD.TOTL.GD.ZS,2.27714991569519,2.36501002311706,1.9507999420166,..,1.95850002765655,..,..,..,..,2.33102011680603,2.15821003913879,2.29352998733521,2.55796423507035,2.82956598871445,1.94405996799469,..,..,1.82317996025085,1.80263996124268,1.891970038414,1.38966000080109
Mauritania,MRT,Individuals using the Internet (% of population),IT.NET.USER.ZS,0.363229414608579,0.424004895843197,0.481470438230954,0.670000017,0.979700029,1.433599949,1.870000005,2.279999971,4,4.5,5,6.199999809,11.80000019,17.60000038,19.23279953,21.01720047,22.96699905,25.0977993,29.90649986,35.63660049,42.46450043
Mauritania,MRT,Current health expenditure (% of GDP),SH.XPD.CHEX.GD.ZS,4.00224972,4.03254652,3.70429492,3.40312648,2.70252752,2.87644005,3.01338983,3.11034036,2.63618922,2.47383666,2.64919329,2.86799884,3.46724391,3.67363763,3.18699503,3.41947556,2.88362551,3.09176588,3.00147843,3.78022528,4.66962671
Mauritania,MRT,"Unemployment, total (% of total labor force) (national estimate)",SL.UEM.TOTL.NE.ZS,..,..,..,..,..,..,..,..,..,..,9.864,..,..,..,..,10.336,..,10.416,..,..,..
Mauritania,MRT,"School enrollment, primary (% gross)",SE.PRM.ENRR,81.0384368896484,82.6807022094727,88.9611282348633,89.0759201049805,92.2504577636719,94.5087280273438,91.1832809448242,97.033561706543,97.8571652188966,95.4359624506773,94.9017954032329,93.6377057031555,93.9026961891851,96.699365333097,88.6641926490124,87.8173094861384,90.2193039220816,90.2671941351334,93.8044664780786,..,..
Mauritania,MRT,"Agriculture, forestry, and fishing, value added (% of GDP)",NV.AGR.TOTL.ZS,24.2300169627578,24.1788498451535,22.9178992193284,20.0701967217813,16.6071438940053,18.4325192807889,18.5594231007108,19.178182151624,16.7330487035243,14.5158947387598,16.0859607599369,16.2826011052317,18.8142560652114,20.6295456111909,21.7392133521855,22.7188300742502,23.655966000294,19.957882454072,19.1523401706647,19.1485811289032,21.2302013888594
Mauritania,MRT,Urban population (% of total population),SP.URB.TOTL.IN.ZS,38.3900378438208,38.8866922319919,39.5685575664461,40.407151934074,41.3739934217664,42.4406001164139,43.5784901049073,44.7591814741371,45.9541923109942,47.1350407023691,48.2732447351525,49.3553973225913,50.4694791226856,51.6680350049622,52.9185627319946,54.1970448502004,55.1305077000081,56.0596215779146,56.9836701058893,57.901535141641,58.8120996197226
Mauritania,MRT,"Foreign direct investment, net inflows (% of GDP)",BX.KLT.DINV.WD.GD.ZS,3.78943003870853,4.97077585567831,17.1048404222648,27.6520361298831,3.94434472704714,3.2067650776131,6.58359348707617,-0.0651602023733604,2.31890567703789,8.70335489423716,20.6013054045892,15.5726715114413,7.59717456790627,8.11553090859633,4.23125852970927,8.6344151052245,10.3390200831278,-11.1917343784634,11.2330815268832,11.6066300912418,14.6574727742887
Mauritania,MRT,Poverty headcount ratio at $3.00 a day (2021 PPP) (% of population),SI.POV.DDAY,..,..,28.5,..,..,..,19.2,..,..,..,..,..,11.7,..,..,..,..,10.2,..,..,..
Mauritania,MRT,GDP per capita (current US$),NY.GDP.PCAP.CD,648.879643934862,732.017820812675,823.554457141893,998.96583416747,1300.60367988659,1405.15016203368,1635.5630623124,1435.43010811893,1659.96369705455,1931.19975525465,1859.11733247641,1936.26950446101,1718.97089374709,1558.84205473416,1568.00551190332,1617.93401542267,1723.37809442655,1767.072710621,1795.72437324423,1947.47413907209,1961.28166648869
Mauritania,MRT,Access to electricity (% of population),EG.ELC.ACCS.ZS,21.7,23,24.3,18.2,27,33,30,31.1,34.2,35.3,36.4,37.6,38.8,39.5,41.2,42.9,43.6,44.9,45.4,47.7,49
Mauritius,MUS,GDP growth (annual %),NY.GDP.MKTP.KD.ZG,1.61491865862438,5.9254454894774,4.33001985464323,1.77754302034465,4.86554460775534,5.76380219453068,5.4630565042284,3.36352090607312,4.39672657214976,4.14555262561014,3.51062090167264,3.39755085220649,3.85773905280689,3.71766362108832,3.88576121076034,3.95441730960265,4.11669369456492,2.86394938684734,-14.1974358137792,3.33809084057279,8.3424438025047
Mauritius,MUS,"Inflation, consumer prices (annual %)",FP.CPI.TOTL.ZG,6.41933372221149,3.92105357558188,4.71037060105883,4.93717004981795,8.91350105650142,8.82729272393294,9.73228317146887,2.51609128145113,2.93236301369857,6.52249254869341,3.85216033315983,3.54329573934839,3.21769191994684,1.28654970760232,0.977675134718965,3.66699702675925,3.2160538314457,0.405655190309553,2.5808007718283,4.02852888157376,10.7737512242899
Mauritius,MUS,"Life expectancy at birth, total (years)",SP.DYN.LE00.IN,71.9658536585366,72.1170731707317,72.2658536585366,72.4321951219512,72.4321951219512,72.5707317073171,72.5707317073171,72.8824390243903,72.9673170731707,73.2668292682927,73.8634146341464,74.0170731707317,74.1943902439024,74.3531707317073,74.3948780487805,74.5146341463415,74.4163414634146,74.2358536585366,74.1770731707317,73.680243902439,73.5146341463415
Mauritius,MUS,"Government expenditure on education, total (% of GDP)",SE.XPD.TOTL.GD.ZS,3.02024006843567,4.35718011856079,4.25576019287109,4.02402019500732,3.64840006828308,3.18540000915527,3.06307005882263,3.04731011390686,3.55147004127502,3.33207011222839,3.41820001602173,3.56775999069214,4.81514978408813,4.75847005844116,4.88207006454468,4.87887001037598,4.67447996139526,4.54195022583008,4.35243988037109,4.67151021957397,4.84085988998413
Mauritius,MUS,Individuals using the Internet (% of population),IT.NET.USER.ZS,10.252624671916,12.1871062041308,13.6890885885342,15.1722002,16.7,20.22,21.81,22.51,28.33,34.95000076,35.42,40.116825135,44.8032753683379,50.1393184766711,52.19129944,55.4032403002657,58.596169704299,61.7299551453346,67.73290684,71.59999847,75.5
Mauritius,MUS,Current health expenditure (% of GDP),SH.XPD.CHEX.GD.ZS,3.18897271,3.18201613,3.31652546,3.51794028,3.60573649,3.52321672,3.93896508,4.17035627,4.51898289,4.25059652,4.21993399,4.620821,5.38024664,5.55042362,5.54289532,5.59857273,5.60310221,5.69508171,6.09606028,6.6160841,5.84209728
Mauritius,MUS,"Unemployment, total (% of total labor force) (national estimate)",SL.UEM.TOTL.NE.ZS,8.205,5.904,8.337,9.524,9.04,8.475,7.17,7.257,7.654,7.447,7.472,7.322,7.467,7.41,6.814,6.752,6.426,6.331,8.626,7.719,6.322
Mauritius,MUS,"School enrollment, primary (% gross)",SE.PRM.ENRR,102.728149414062,102.185363769531,101.855949401855,102.094566345215,101.59693145752,100.83757019043,101.194557189941,100.478866577148,100.593631948192,100.025853822488,99.3669004354746,97.8401164880995,97.151872457029,97.1186716587986,96.7216048032764,96.4786321239223,96.4493985496331,95.423076066873,95.0063902545739,99.8860195903829,..
Mauritius,MUS,"Agriculture, forestry, and fishing, value added (% of GDP)",NV.AGR.TOTL.ZS,5.12244932169367,5.10866283570549,5.20608568669627,4.91181106695197,4.83159024933392,4.30867522125942,4.01960001804534,3.82382443235357,3.59110980182453,3.65312332199749,3.6066947724863,3.29265321839171,3.15422608043165,3.03283321645437,3.05756982303852,2.95521989373646,2.52593212825691,2.66862745852887,3.09894065143015,3.2413713398879,3.55513254765837
Mauritius,MUS,Urban population (% of total population),SP.URB.TOTL.IN.ZS,41.6986829938864,41.5127065251754,41.3265540022042,41.1419874152917,40.9607687547567,40.7846600109183,40.6154231740954,40.4548202346069,40.3046131827718,40.1665923228716,40.0369511615085,39.9108848558771,39.7887571971735,39.6709610617726,39.5578893260494,39.4499348663789,39.3474905591359,39.2509492806955,39.1607039074325,39.077147315722,39.0000125885784
Mauritius,MUS,"Foreign direct investment, net inflows (% of GDP)",BX.KLT.DINV.WD.GD.ZS,0.653687020805774,1.0624597935284,0.208397536162955,0.635284471239675,1.49569053565725,4.11676096750844,3.72960469619135,2.77058884385344,4.23808594970717,3.71075064331171,4.97804411127418,2.35929777878695,3.44327494440095,1.77973545308924,2.96891288123063,3.45396863043017,3.078791712383,3.03223371830849,1.94246862517576,2.24180552669211,4.21993412406582
Mauritius,MUS,Poverty headcount ratio at $3.00 a day (2021 PPP) (% of population),SI.POV.DDAY,..,..,..,..,1.1,..,..,..,..,..,1.1,..,..,..,..,0.5,..,..,..,..,..
Mauritius,MUS,GDP per capita (current US$),NY.GDP.PCAP.CD,4073.06053055903,4858.26575549747,5460.60800184198,5354.02974260642,5784.22491883026,6677.37538616398,8140.47983639243,7426.86137313939,8113.17670740212,9324.24232310496,9421.52514098225,9877.13865958834,10490.3315563853,9630.5437837507,10095.1225574156,10986.7034093005,11818.7480619272,11568.2533399824,9135.84773751062,9177.71195973013,10246.5017455553
Mauritius,MUS,Access to electricity (% of population),EG.ELC.ACCS.ZS,99.4,99.1,99,99,99,99,99,99,99.4,99.6,99.4,99.4,99.5,99.6,99.7,99.6,99.8,100,99.5,99.6,100
Mexico,MEX,GDP growth (annual %),NY.GDP.MKTP.KD.ZG,-0.236588001922641,1.18554486709559,3.56544102622887,2.11324711473297,4.80501351664901,2.0778639395329,0.943331872912935,-6.29525056697287,4.9713345832195,3.44404505297089,3.55321076010608,0.852101550164704,2.50376350783593,2.70232343024026,1.7724932254128,1.87172854648381,1.97208211101069,-0.392690513290532,-8.35403459379062,6.04848347173572,3.70975708309098
Mexico,MEX,"Inflation, consumer prices (annual %)",FP.CPI.TOTL.ZG,5.03072733151295,4.54690012118718,4.68840884843143,3.98805714597437,3.62946762439132,3.96684905458235,5.12498274575896,5.29735584228856,4.15672722680174,3.40737824605742,4.11150981070289,3.80639069747204,4.01861608078679,2.72064064964023,2.8217078474766,6.04145724018986,4.89935015356551,3.63596142127046,3.39683415570006,5.68920847683753,7.8962761916855
Mexico,MEX,"Life expectancy at birth, total (years)",SP.DYN.LE00.IN,73.106,73.308,73.432,73.627,73.746,73.796,73.695,73.628,73.718,73.921,74.128,74.289,74.404,74.431,74.376,74.261,74.301,74.53,70.449,69.75,73.973
Mexico,MEX,"Government expenditure on education, total (% of GDP)",SE.XPD.TOTL.GD.ZS,4.24307012557983,4.83262014389038,4.51204013824463,4.63395023345947,4.49317979812622,4.47919988632202,4.60607004165649,4.94934988021851,4.93697023391724,4.9040699005127,4.88349008560181,4.50858020782471,5.06807994842529,5.05087995529175,4.75795984268188,4.39752006530762,4.13944005966187,..,4.4996600151062,4.23823976516724,4.05987977981567
Mexico,MEX,Individuals using the Internet (% of population),IT.NET.USER.ZS,11.9,12.9,14.1,17.20999908,19.52000046,20.81,21.71,26.34,31.05,37.1762954125184,39.75,43.46,44.3856962723411,57.4310429923633,59.5404459967255,53.0317886110982,56.6595667981289,69.6321092705209,71.49017499,75.62650476,78.63217894
Mexico,MEX,Current health expenditure (% of GDP),SH.XPD.CHEX.GD.ZS,4.83042812,5.53978777,5.6835022,5.58110142,5.40647888,5.50668049,5.44587374,5.84786463,5.4897337,5.30093002,5.42140484,5.5773263,5.35336781,5.52738619,5.38499022,5.3117938,5.23821402,5.3013463,6.05248594,5.87678003,5.70919704
Mexico,MEX,"Unemployment, total (% of total labor force) (national estimate)",SL.UEM.TOTL.NE.ZS,3.003,3.455,3.937,3.558,3.566,3.628,3.874,5.356,5.303,5.175,4.892,4.921,4.819,4.311,3.853,3.419,3.275,3.477,4.378,3.941,3.174
Mexico,MEX,"School enrollment, primary (% gross)",SE.PRM.ENRR,109.220031738281,109.264152526855,108.834548950195,108.534042358398,108.129272460938,108.726860046387,109.446380615234,110.722198486328,110.995216369629,111.058860778809,111.073516845703,110.109268188477,108.573143005371,106.963432312012,106.391220092773,105.797607421875,105.188163757324,105.095039367676,104.517730712891,103.358810424805,102.004783630371
Mexico,MEX,"Agriculture, forestry, and fishing, value added (% of GDP)",NV.AGR.TOTL.ZS,3.1103617264471,3.20735540642601,3.18594698575225,2.94567227294627,2.94295516133822,3.04186567330375,3.02875898012501,3.10059842139254,3.09200838871919,2.97569483968178,3.04872937167333,3.02454277542456,3.02713651699048,3.08518633863416,3.2462890783797,3.29751177589907,3.29695945141921,3.31502440257968,3.71114888178603,3.78266528622109,3.89806571238006
Mexico,MEX,Urban population (% of total population),SP.URB.TOTL.IN.ZS,75.6840752828994,76.046170340551,76.3274397419019,76.4748624380269,76.4982455683657,76.5047326234761,76.5090428271033,76.5143930040295,76.5244441414713,76.5667802279537,76.6585199140734,76.7955768077952,76.9741367091766,77.1903854182753,77.4405087351486,77.7206924598541,78.0271223924494,78.355984332992,78.677960602824,78.9324007418057,79.199683215791
Mexico,MEX,"Foreign direct investment, net inflows (% of GDP)",BX.KLT.DINV.WD.GD.ZS,2.48685750053046,2.37188032037657,3.06821035154364,2.74220134246066,2.16893035275929,2.81398718042151,2.56307995857491,2.08311648643152,2.76223720236461,1.9442261568419,1.45258915061197,3.83670268116194,2.08415748539387,2.98783786611186,3.49768027047347,2.78307493364523,3.0141785043816,2.29651449559824,2.81400875229273,2.70530313479407,2.67267286267437
Mexico,MEX,Poverty headcount ratio at $3.00 a day (2021 PPP) (% of population),SI.POV.DDAY,12.8,..,11,11.7,9,..,10.1,..,8.4,..,7.3,..,7.2,..,4.4,..,3.9,..,4.3,..,2.3
Mexico,MEX,GDP per capita (current US$),NY.GDP.PCAP.CD,7983.03398381759,7434.07465031562,7849.66759649565,8671.75891798441,9512.63575346699,10134.3327129706,10523.7685427665,8423.56933148639,9728.80078307432,10664.4944032313,10744.1335236186,11216.800851866,11391.3773503964,10021.2386113616,9097.92397674769,9649.27816729586,10084.7937570364,10369.5553593527,8841.27074929751,10314.0506733708,11405.7940469896
Mexico,MEX,Access to electricity (% of population),EG.ELC.ACCS.ZS,97.9,97.4,98.6,98.9,99.1,97.9,98.9,98.3,99.2,99,99.1,99.1,99.2,99,99.5,100,99.5,99.6,99.4,100,100
"Micronesia, Fed. Sts.",FSM,GDP growth (annual %),NY.GDP.MKTP.KD.ZG,0.4432199530481,1.76275629920303,-3.19037831026102,2.7434627349036,-0.413223140495873,-1.65975103734441,-2.53164556962025,1.29870129870129,1.7094017094017,3.78151260504202,-1.61943319838058,-3.70370370370371,-2.56410256410257,4.3859649122807,1.26050420168067,2.07468879668049,0.406504065040664,3.64372469635627,-2.05703124999999,3.09969928290539,-3.11412501063803
"Micronesia, Fed. Sts.",FSM,"Inflation, consumer prices (annual %)",FP.CPI.TOTL.ZG,-0.111442426432945,0.126643348208903,2.27669698247304,4.25769978210942,4.63737008585635,3.30634278002699,8.42372566246186,6.39360257735201,3.31370963136217,5.08259403890371,5.01850353045616,1.75232737350762,0.650284891767944,-0.2981158373807,-1.03746806405349,0.58225373525489,1.49840023593737,1.92385170787923,0.554594630853174,3.19128406597466,5.40874375479067
"Micronesia, Fed. Sts.",FSM,"Life expectancy at birth, total (years)",SP.DYN.LE00.IN,63.907,64.915,64.898,64.906,64.859,64.844,64.849,64.865,64.892,64.969,65.08,65.179,65.294,65.306,65.576,65.761,65.943,66.196,65.878,66.152,66.961
"Micronesia, Fed. Sts.",FSM,"Government expenditure on education, total (% of GDP)",SE.XPD.TOTL.GD.ZS,..,..,..,..,..,..,..,..,..,..,11.7192291367391,12.3438831906748,12.2281680903257,12.407919883728,13.814728,12.6815821727019,9.94274464285714,10.6931682741117,11.5591397849462,..,..
"Micronesia, Fed. Sts.",FSM,Individuals using the Internet (% of population),IT.NET.USER.ZS,5.57009970478472,9.23250210039423,11.0178673081514,11.88140011,12.75030041,13.62110043,14.49,15.35,20,22.79999924,25.97439957,27.79999924,29.64999962,31.50110054,33.35219955,35.30410004,36.61460114,37.97370148,39.38330078,..,39.0279007
"Micronesia, Fed. Sts.",FSM,Current health expenditure (% of GDP),SH.XPD.CHEX.GD.ZS,7.96301365,9.65028286,12.23538685,17.94844818,10.87018681,11.23334217,12.08326721,12.68854141,13.3306675,13.222826,12.39077377,12.21770954,11.83491802,12.62341213,13.33481121,12.40742493,11.93961334,11.87363148,11.98479271,11.37430477,12.62718964
"Micronesia, Fed. Sts.",FSM,"Unemployment, total (% of total labor force) (national estimate)",SL.UEM.TOTL.NE.ZS,..,..,..,..,..,..,..,..,..,..,..,..,8.863,..,..,..,..,..,..,..,..
"Micronesia, Fed. Sts.",FSM,"School enrollment, primary (% gross)",SE.PRM.ENRR,..,..,111.908386230469,110.222869873047,..,109.700736999512,..,..,..,..,..,95.0318576353091,97.3142040069009,93.5670535707402,94.0772018432617,94.2192600897319,96.2881950207594,94.3598499009745,87.4240454357085,87.3990953957602,87.1063321877434
"Micronesia, Fed. Sts.",FSM,"Agriculture, forestry, and fishing, value added (% of GDP)",NV.AGR.TOTL.ZS,23.6907979363302,23.5924978595135,22.3796914384552,22.7097165991903,22.64428,25.3417391304348,26.4006896551724,25.3020577617329,25.2001712328767,26.8051948051948,28.5720987654321,26.8475477707006,25.2221835443038,26.5239423076923,27.0007645259939,27.4768698060942,22.3979187817259,23.1956202531646,22.0481374900209,22.1845195337408,23.2675927172437
"Micronesia, Fed. Sts.",FSM,Urban population (% of total population),SP.URB.TOTL.IN.ZS,22.3299999237061,22.3299999237061,22.3299999237061,22.3299999237061,22.3275140420008,22.3208324539882,22.3111192453232,22.2995385016606,22.2903529875138,22.2914664135472,22.2942568788425,22.2986323961146,22.3046193122479,22.3122336099411,22.3214896137555,22.332401189542,22.3449820355433,22.359245777081,22.3752060036598,22.3928762855411,22.4122701819053
"Micronesia, Fed. Sts.",FSM,"Foreign direct investment, net inflows (% of GDP)",BX.KLT.DINV.WD.GD.ZS,..,..,..,..,..,..,..,..,..,..,..,..,6.39534810126582,..,..,..,..,..,..,..,..
"Micronesia, Fed. Sts.",FSM,Poverty headcount ratio at $3.00 a day (2021 PPP) (% of population),SI.POV.DDAY,..,..,..,15.8,..,..,..,..,..,..,..,26.1,..,..,..,..,..,..,..,..,..
"Micronesia, Fed. Sts.",FSM,GDP per capita (current US$),NY.GDP.PCAP.CD,2113.45955463859,2145.87789998664,2104.42796515524,2216.9963738197,2257.76445195026,2302.51183108846,2395.90218109716,2565.83639782506,2715.26873721406,2859.8488365615,3003.05867086848,2904.1536796737,2915.23672460238,2869.86276169101,2997.93719917488,3297.37580036719,3584.78377566896,3581.72684572278,3362.02802120524,3508.22314197664,3703.66680343222
"Micronesia, Fed. Sts.",FSM,Access to electricity (% of population),EG.ELC.ACCS.ZS,50.1,51.8,53.5,55.2,57,58.7,60.5,62.2,64.5,66.3,67.8,69.4,71.2,73,74.8,76.5,78.3,80.1,81.9,83.6,85.3
Moldova,MDA,GDP growth (annual %),NY.GDP.MKTP.KD.ZG,7.79999965773833,6.59999995777716,7.39999973358189,7.5000001493726,4.79999983670831,3.00000022585525,7.80000014541523,-6.00000026352828,7.10000010705836,5.81816614684824,-0.589733954762579,9.0438656074181,4.99962585407656,-0.338235622387202,4.64601436259409,4.17561205106279,4.07559546585034,3.5523140853476,-8.27597831976949,13.9299997889786,-4.64785101037361
Moldova,MDA,"Inflation, consumer prices (annual %)",FP.CPI.TOTL.ZG,5.30124390261601,11.7460792058232,12.5242768428228,11.9591837222127,12.777755783035,12.3671668414302,12.7830472618821,-0.0627185967109007,7.48385086350853,7.68725103356181,4.54633427355302,4.59787897363136,5.08878554625869,9.67624033101859,6.35930898037931,6.57022997455604,3.04505397337058,4.83778351428729,3.76597122245358,5.10641129002836,28.7372976766236
Moldova,MDA,"Life expectancy at birth, total (years)",SP.DYN.LE00.IN,67.793,67.9,68.017,68.197,68.423,68.674,69,69.406,69.876,70.173,70.344,70.291,70.241,70.118,70.179,70.375,70.236,70.181,69.914,68.991,71.546
Moldova,MDA,"Government expenditure on education, total (% of GDP)",SE.XPD.TOTL.GD.ZS,5.4979100227356,5.42489004135132,6.77103996276855,7.16270017623901,7.49899005889893,8.29337024688721,8.23727035522461,9.5097599029541,7.5922999382019,7.13638019561768,6.9834098815918,5.90975516494477,6.33807992935181,5.76665405944246,5.67210006713867,5.71017980575562,5.53886985778809,6.22578001022339,6.60125017166138,5.82405996322632,6.10430002212524
Moldova,MDA,Individuals using the Internet (% of population),IT.NET.USER.ZS,3.78724279887342,7.40754458415897,10.629390841654,14.6302704551796,19.6206477051634,20.45,23.39,27.5,29.68000031,32.06999969,34.65000153,37.43999863,66.9999982002077,69.0000044661932,70.9999991066624,71.76709747,72.54239655,73.32610321,74.11830139,74.91899872,74.91899872
Moldova,MDA,Current health expenditure (% of GDP),SH.XPD.CHEX.GD.ZS,7.40437651,7.02227592,8.97114944,9.55814838,10.54445267,11.02066803,10.94920063,13.6766243,10.13112831,9.09670353,9.13962078,8.68300343,8.73206043,8.50013351,7.62106228,7.1278038,6.70760345,6.49662447,7.00484037,7.7490406,6.96505404
Moldova,MDA,"Unemployment, total (% of total labor force) (national estimate)",SL.UEM.TOTL.NE.ZS,6.845,6.378,6.374,5.633,4.26,2.749,2.097,3.024,2.972,2.677,2.189,1.894,1.45,1.781,1.591,1.622,1.239,1.502,1.206,0.794,0.909
Moldova,MDA,"School enrollment, primary (% gross)",SE.PRM.ENRR,..,..,..,..,..,..,..,..,93.5407792138963,93.6029804526123,93.7979704671729,93.7649180861452,107.431409833521,105.727652234967,104.469976581506,103.685761485913,103.337388931903,105.074923420813,106.519975508955,106.778422255742,106.97324544397
Moldova,MDA,"Agriculture, forestry, and fishing, value added (% of GDP)",NV.AGR.TOTL.ZS,21.0218294511342,18.3282016003476,17.5867382617383,16.3997954955912,14.4988760781159,9.98297024143739,8.8109341724675,8.49746275029227,11.1612572325879,11.3842525996445,10.4481727207152,11.550361937388,14.0709569584487,12.8212557522034,12.4797438509487,12.1995910772854,10.1468784571365,10.1608126286441,9.36669201380178,10.5865870134286,8.11428000058421
Moldova,MDA,Urban population (% of total population),SP.URB.TOTL.IN.ZS,39.620719909668,39.5945358276367,39.4460945129395,39.3704032897949,39.2182388305664,39.4315032958984,39.3710708618164,39.3255348205566,39.2804946899414,39.3469161987305,39.3614196777344,39.4275512695312,39.6298484802246,39.6954040527344,39.7373237609863,39.9736557006836,40.3258094787598,40.772289276123,41.3368530273438,41.8115425109863,42.4048843383789
Moldova,MDA,"Foreign direct investment, net inflows (% of GDP)",BX.KLT.DINV.WD.GD.ZS,5.05771338869042,3.72304120351932,5.81198983204296,6.38146310288962,7.58980668418465,12.1790254892383,12.0005134783383,4.85271053589236,4.25879212676733,4.43147611475958,2.88432657387508,2.54698521289676,3.67896919655633,2.89663554883048,1.09561343852844,1.5715119911375,2.75177990255296,4.44218297010915,1.35047634241375,2.8200678267721,4.03446735088075
Moldova,MDA,Poverty headcount ratio at $3.00 a day (2021 PPP) (% of population),SI.POV.DDAY,19.9,10,11.6,16.6,3.4,1.6,1.7,1.5,0.8,0.5,0.5,0.1,0,0.1,0.2,0.1,0,0,0,0.2,0
Moldova,MDA,GDP per capita (current US$),NY.GDP.PCAP.CD,570.799866188293,682.319095965299,897.178494749468,1034.39197746993,1183.02481442894,1531.21618590748,2110.55305353857,1898.43975710988,2436.79935102421,2941.36224066021,3044.8084324815,3321.04397795719,3289.95758568777,2749.55137054338,2847.08794770479,3453.26727720294,4156.44981956646,4405.33418162155,4375.7788930524,5274.60582195352,5744.29618434435
Moldova,MDA,Access to electricity (% of population),EG.ELC.ACCS.ZS,99,98.8,99.1,98.6,98.9,99,99.1,99.2,99.3,99.4,99.5,99.6,99.8,99.9,99.9,100,100,100,100,100,100
Monaco,MCO,GDP growth (annual %),NY.GDP.MKTP.KD.ZG,1.02649757327522,1.08753654746801,2.47048260499609,1.89541410859198,5.81764849670007,14.4375144375144,0.746871215179652,-11.3369865758365,2.06521962654098,7.02235694617619,1.01221841230461,9.57709832354816,7.18702777537968,4.91037176536236,3.00844358752744,-3.20618323813213,5.69790121192926,7.12088951975396,-13.2391048292108,22.2322155851208,11.2662955198601
Monaco,MCO,"Inflation, consumer prices (annual %)",FP.CPI.TOTL.ZG,..,..,..,..,..,..,..,..,..,..,..,..,..,..,..,..,..,..,..,..,..
Monaco,MCO,"Life expectancy at birth, total (years)",SP.DYN.LE00.IN,83.055,83.613,84.151,84.34,84.194,83.903,83.827,84.187,84.644,85.01,85.045,85.056,85.093,85.323,85.63,85.878,86.084,86.151,86.089,85.113,85.746
Monaco,MCO,"Government expenditure on education, total (% of GDP)",SE.XPD.TOTL.GD.ZS,..,..,1.26668000221252,..,..,..,..,1.35431003570557,1.31735002994537,1.58989000320435,1.78004002571106,1.33440005779266,1.02186000347137,..,1.37126004695892,1.45816004276276,..,1.15896999835968,..,1.41926002502441,1.17105996608734
Monaco,MCO,Individuals using the Internet (% of population),IT.NET.USER.ZS,48.0471171729696,49.4911689195459,52.4901966838546,55.46480179,61.47600174,64.37770081,67.25,70.1,75,80.30000305,87,90.69999695,92.40000153,93.36329651,95.20819855,97.0530014,..,98,98.57080078,99.07759857,98.75189972
Monaco,MCO,Current health expenditure (% of GDP),SH.XPD.CHEX.GD.ZS,3.80900764,4.43228912,4.52476597,4.5028882,4.29611254,3.81232905,4.08434391,4.84222221,4.9583292,4.63545036,4.75676775,4.57396126,4.4414835,4.31486797,4.1231184,4.16119528,4.04786777,3.87993813,4.28652716,3.67494631,3.39488029
Monaco,MCO,"Unemployment, total (% of total labor force) (national estimate)",SL.UEM.TOTL.NE.ZS,..,..,..,..,..,..,..,..,..,..,..,..,..,..,6.332,..,..,..,..,..,..
Monaco,MCO,"School enrollment, primary (% gross)",SE.PRM.ENRR,..,..,..,..,..,..,124.211936950684,..,..,..,..,..,..,..,142.419937133789,..,..,..,..,..,..
Monaco,MCO,"Agriculture, forestry, and fishing, value added (% of GDP)",NV.AGR.TOTL.ZS,..,..,..,..,..,..,..,..,..,..,..,..,..,..,..,..,..,..,..,..,..
Monaco,MCO,Urban population (% of total population),SP.URB.TOTL.IN.ZS,100,100,100,100,100,100,100,100,100,100,100,100,100,100,100,100,100,100,100,100,100
Monaco,MCO,"Foreign direct investment, net inflows (% of GDP)",BX.KLT.DINV.WD.GD.ZS,..,..,..,..,..,..,..,..,..,..,..,..,..,..,..,..,..,..,..,..,..
Monaco,MCO,Poverty headcount ratio at $3.00 a day (2021 PPP) (% of population),SI.POV.DDAY,..,..,..,..,..,..,..,..,..,..,..,..,..,..,..,..,..,..,..,..,..
Monaco,MCO,GDP per capita (current US$),NY.GDP.PCAP.CD,90051.4463079416,111110.460463916,125160.282928751,130538.711379722,143083.509443656,184558.455423983,204263.893236529,169150.337647299,161853.922745228,179364.009524397,165444.625782803,184940.633666281,195693.519540544,170437.021128628,173604.669723126,170663.470051177,188298.389694191,193746.729890885,176891.806328966,223823.327192464,226052.060664649
Monaco,MCO,Access to electricity (% of population),EG.ELC.ACCS.ZS,100,100,100,100,100,100,100,100,100,100,100,100,100,100,100,100,100,100,100,100,100
Mongolia,MNG,GDP growth (annual %),NY.GDP.MKTP.KD.ZG,4.73297846590111,7.00463457384886,10.6254059599309,7.25366543796015,8.55623481664365,10.2480163590057,8.90036794067551,-1.26859893608282,6.3651616786311,17.2907775869555,12.3198198494032,11.6489161878925,7.88522548204762,2.37983580731722,1.48978448679577,5.63687638694772,7.74488062024881,5.60224422064255,-4.55775197583431,1.63676957736662,5.0327096366527
Mongolia,MNG,"Inflation, consumer prices (annual %)",FP.CPI.TOTL.ZG,0.91707468718427,5.12899499422419,8.24115449417619,12.7165674066053,5.09516661663157,9.63096309630964,27.9556650246306,7.6195059351941,10.0462065881651,8.41121495327101,14.3303348325838,10.4906567588241,12.2539808129759,5.73568281938327,0.733272227314397,4.30143105302342,6.82424790145522,7.30106953550729,3.7237230614026,7.35894657888155,15.1509728200805
Mongolia,MNG,"Life expectancy at birth, total (years)",SP.DYN.LE00.IN,63.540243902439,63.5753658536585,64.630243902439,65.2807317073171,65.9021951219512,66.5934146341464,67.2460975609756,67.9690243902439,68.5056097560976,69.109268292683,69.500243902439,70.0980487804878,70.5831707317073,70.810243902439,70.2239024390244,70.5434146341463,70.8270731707317,71.0531707317073,71.3490243902439,71.6451219512195,71.9007317073171
Mongolia,MNG,"Government expenditure on education, total (% of GDP)",SE.XPD.TOTL.GD.ZS,7.21078014373779,..,4.32572984695435,..,..,4.69013023376465,..,5.14483976364136,4.64510011672974,4.6090202331543,5.19521999359131,4.94078016281128,4.71483993530273,4.22361993789673,5.18311023712158,4.06898021697998,..,..,..,..,..
Mongolia,MNG,Individuals using the Internet (% of population),IT.NET.USER.ZS,2.0395726034818,..,..,9,9,9,9.800000191,10,10.2,12.4999911084745,16.4,17.699984237,19.9424474349209,22.5000041337688,22.2657705007562,23.71430016,47.1300018848989,51.079994082603,62.50002848,81.60682285,81.07720184
Mongolia,MNG,Current health expenditure (% of GDP),SH.XPD.CHEX.GD.ZS,5.49190998,4.29768944,4.30204487,3.86456275,3.74971509,4.07522774,4.55693007,4.45980072,3.73945642,3.58612084,3.85800076,4.08932018,4.20989752,4.23154545,4.58008575,4.33954191,4.53449297,4.49497986,4.6662488,7.21042728,8.85170174
Mongolia,MNG,"Unemployment, total (% of total labor force) (national estimate)",SL.UEM.TOTL.NE.ZS,6.2,6.768,3.61,3.29,7.193,7.193,5.565,5.86,6.549,4.769,3.905,4.231,4.798,4.861,7.235,6.359,5.377,9.024,6.413,7.871,5.954
Mongolia,MNG,"School enrollment, primary (% gross)",SE.PRM.ENRR,102.581352233887,105.648582458496,108.216423034668,96.1072006225586,98.0709686279297,96.4715576171875,98.8945388793945,109.426750183105,121.840103149414,120.545547485352,115.839420097405,107.682179792169,99.8473218349628,97.8139824176106,97.2863818674059,94.4515595966861,95.085682296023,94.1334790567196,92.3464601580662,92.024228960725,93.3473848373298
Mongolia,MNG,"Agriculture, forestry, and fishing, value added (% of GDP)",NV.AGR.TOTL.ZS,18.919125275033,18.4395172051068,20.0297765271852,19.7979604915498,17.6436708395409,18.4279653888713,19.2151247825371,17.8644380709085,11.7325631980129,10.3073568180221,11.2580245572127,13.4140624660902,13.3412210879498,14.079203180176,12.6278436864479,11.1372332713568,11.4280045193059,11.5583828612266,12.9656563031474,13.1631741927742,13.0278534035361
Mongolia,MNG,Urban population (% of total population),SP.URB.TOTL.IN.ZS,58.1310120482033,59.3546986563236,60.7829994587671,62.3122627023789,63.8388366340039,65.2590695004873,66.4693095486742,67.3659050254095,67.8298018313254,67.9196058798676,67.9522782537785,67.9776750055915,67.9941357229626,67.9999999906095,67.9776754820979,67.9260583223672,67.8683444833372,67.8277299551557,68.0894771770775,69.2153244018555,69.783805847168
Mongolia,MNG,"Foreign direct investment, net inflows (% of GDP)",BX.KLT.DINV.WD.GD.ZS,5.56733962619427,8.24548473819777,4.66450219552693,7.43499550055971,7.18968945819168,8.80188727419921,15.02161500005,13.6044846187851,23.5263365544641,43.9121127615061,34.7559826095308,16.3700755246398,2.7625883357052,0.811709460633853,-37.1726532341221,13.0160280600797,14.8088797144773,17.1989395200126,12.9130799939653,14.217731942267,14.6053065112102
Mongolia,MNG,Poverty headcount ratio at $3.00 a day (2021 PPP) (% of population),SI.POV.DDAY,18.7,..,..,..,..,4,..,..,3.5,2.2,1.1,..,0.8,..,1.9,..,1.7,..,..,..,0.4
Mongolia,MNG,GDP per capita (current US$),NY.GDP.PCAP.CD,570.249213248399,643.168068921658,794.154552001815,994.90010913241,1329.89179579053,1627.68787743359,2127.42678594737,1703.32756790019,2625.21881402433,3736.04201455077,4328.89001905655,4340.14310544449,4126.23975800524,3838.92126989984,3619.90026383792,3645.96708669551,4107.64288528468,4347.54610314873,4001.25193077703,4517.61578018785,4993.51487463495
Mongolia,MNG,Access to electricity (% of population),EG.ELC.ACCS.ZS,72.8,76.3,74.8,86.2,77,78.1,79.2,80.3,78.5,72.1,83.7,81.2,86,88,90.8,93.6,98.1,98.9,99.5,100,100
Montenegro,MNE,GDP growth (annual %),NY.GDP.MKTP.KD.ZG,1.90393612601383,2.48265891351525,4.42605147138921,4.18060206704946,8.56641991756757,7.13755016459636,6.89860030860218,-5.99444862538753,2.77559782547836,3.40978812497193,-2.48732882965353,3.38612548540247,2.37030892464516,2.52306333975571,3.4393056210999,3.21668504736274,4.73292113433965,4.39391565821528,-14.9926187023533,13.0462607426359,7.73954689516201
Montenegro,MNE,"Inflation, consumer prices (annual %)",FP.CPI.TOTL.ZG,..,..,..,..,2.92451258123648,4.34712215656112,8.75872769588798,3.46672373207793,0.654946570148479,3.4501431124869,4.14524724981119,2.20589268141178,-0.710514051710227,1.54869158222486,-0.271385023385176,2.3802359905313,2.611223782638,0.361563704540767,-0.255655699848551,2.41080198403165,13.0403036347004
Montenegro,MNE,"Life expectancy at birth, total (years)",SP.DYN.LE00.IN,73.9652195121951,74.0557317073171,74.2056097560976,73.9829268292683,73.8390243902439,74.3390243902439,75.1365853658537,75.1439024390244,75.990243902439,76.0829268292683,76.3,76.490243902439,76.3390243902439,76.6024390243903,76.5414634146342,76.6853658536585,77.8853658536585,76.6829268292683,75.9317073170732,73.8243902439024,76.1878048780488
Montenegro,MNE,"Government expenditure on education, total (% of GDP)",SE.XPD.TOTL.GD.ZS,..,..,..,..,..,..,..,..,..,..,..,..,..,..,..,..,..,..,..,..,..
Montenegro,MNE,Individuals using the Internet (% of population),IT.NET.USER.ZS,..,..,25.3500686036232,27.10000038,28.89999962,30.79999924,32.90000153,35.09999847,37.5,35.6115412460109,56.8387825490631,60.31,63.8868840056697,68.1197860085679,69.8816468416779,71.2723325399382,71.5171004874886,73.4766657478691,77.60879306,82.21969752,88.22192026
Montenegro,MNE,Current health expenditure (% of GDP),SH.XPD.CHEX.GD.ZS,..,..,..,..,..,..,..,..,..,7.96692181,8.29550457,8.47144604,8.00086784,9.02188778,8.63302994,7.98255396,8.34355545,8.32983208,11.42177582,10.55253506,10.19081783
Montenegro,MNE,"Unemployment, total (% of total labor force) (national estimate)",SL.UEM.TOTL.NE.ZS,..,..,..,30.305,..,19.34,17.15,19.09,19.649,19.759,19.808,19.585,18.054,17.555,17.732,16.082,15.19,15.128,17.878,16.543,14.851
Montenegro,MNE,"School enrollment, primary (% gross)",SE.PRM.ENRR,..,105.827690124512,104.632583618164,108.755180358887,112.498550415039,116.795532226562,120.292976379395,113.767211914062,108.25479888916,98.0292282104492,99.0702972412109,..,..,101.203620910645,100.174591064453,100.943252563477,103.264472961426,103.651741027832,103.846572875977,104.399673461914,105.621368408203
Montenegro,MNE,"Agriculture, forestry, and fishing, value added (% of GDP)",NV.AGR.TOTL.ZS,10.923782282981,9.91498733882161,9.2619220581357,8.75765980493599,5.65822716443527,5.14096761553622,5.30307563470907,5.94207498811569,5.46716738531637,5.17096892815778,4.89539575741918,5.20960137991499,5.11569218646198,4.96369912493667,4.80607864194884,4.43612645373447,4.02702654709881,3.70351082097405,4.18386978297396,3.7713187551422,3.99672766573405
Montenegro,MNE,Urban population (% of total population),SP.URB.TOTL.IN.ZS,61.0261817231895,61.6986616237464,62.210498320663,62.6763680644251,63.111308588912,63.5035790981749,63.8414387962647,64.1131468872325,64.3069625751293,64.4210914835811,64.5244008658951,64.6252987959653,64.7232143772459,64.8181652937171,64.9101692293409,64.9992438680584,65.0854068937869,65.1686759904159,65.2490688418027,65.3266031317675,65.4012965440866
Montenegro,MNE,"Foreign direct investment, net inflows (% of GDP)",BX.KLT.DINV.WD.GD.ZS,..,..,..,..,..,25.453787034117,21.3903064495909,37.2748764793099,18.3288877062171,12.3507044573445,15.1805619585204,10.0960470508044,10.8522505113394,17.4489134239704,5.2026187262712,11.6708896898026,8.93817743395497,7.61521877220221,11.2142250451191,11.9139900701323,13.93925448378
Montenegro,MNE,Poverty headcount ratio at $3.00 a day (2021 PPP) (% of population),SI.POV.DDAY,..,..,..,0.4,0.4,0.4,0.3,0,0,0.4,5.6,5.2,3.9,3.6,3.3,4.6,3.9,2.5,2.2,2.5,..
Montenegro,MNE,GDP per capita (current US$),NY.GDP.PCAP.CD,2109.30631947331,2789.95435110345,3386.38099417981,3675.98851272723,4422.55172559508,5979.43813180981,7390.01481290503,6726.67589734408,6678.63939560908,7265.51771176628,6552.47970337373,7102.7776714702,7342.17147363741,6421.00005731419,6968.01202883651,7674.2856571219,8673.59469069858,8749.25629734676,7555.48699036321,9315.86435643142,10038.1849482517
Montenegro,MNE,Access to electricity (% of population),EG.ELC.ACCS.ZS,99,99,99,99.8,99,99,99,99.1,99.2,99,99.3,99.7,97.7,99.5,99.6,100,100,100,99.9,99.8,100
Morocco,MAR,GDP growth (annual %),NY.GDP.MKTP.KD.ZG,3.73019737485745,6.17110214953244,4.57138016516208,3.19224973015831,7.7908200104027,3.44106776690418,5.68453936284732,3.74576940136258,3.49955709403216,5.52464523319847,3.06234368502997,4.12221286860944,2.7192440802029,4.34458297635238,0.52118550608968,5.05789816173446,3.06564133025955,2.89097476137077,-7.17820744246774,8.15473889823681,1.81269242194809
Morocco,MAR,"Inflation, consumer prices (annual %)",FP.CPI.TOTL.ZG,2.79561966936936,1.16773367477592,1.49344403381774,0.982641660015951,3.28476166954811,2.04208512673344,3.71484311494064,0.971862998667636,0.993557401226392,0.9069249096918,1.28712240079219,1.88065466724086,0.442310053557048,1.5579071134626,1.63531114327064,0.754663249323619,1.80391671141896,0.303386036590383,0.705968661338261,1.40195883962006,6.65704202759067
Morocco,MAR,"Life expectancy at birth, total (years)",SP.DYN.LE00.IN,67.582,67.958,68.272,68.748,69.157,69.62,70.051,70.454,70.821,71.263,71.674,72.117,72.522,72.894,73.228,73.608,73.946,74.245,73.133,73.385,75.161
Morocco,MAR,"Government expenditure on education, total (% of GDP)",SE.XPD.TOTL.GD.ZS,..,..,..,..,..,..,4.85339021682739,4.83119010925293,..,..,5.55294838577208,..,5.48276036642721,5.133369043677,5.08530197423073,4.73564982004448,4.96022713486949,5.0032567210502,6.28428263644307,5.64273401285138,5.91224674061277
Morocco,MAR,Individuals using the Internet (% of population),IT.NET.USER.ZS,2.37325319241544,3.35336668122363,11.6079347729582,15.0844445240204,19.7711915653115,21.5,33.1,41.3,52,46.107482597,55.4160531914894,56,56.7746379160074,57.0799993486116,58.271236420398,61.7622120123071,64.8038651924043,84.1203630467602,84.12036305,88.13031937,89.9
Morocco,MAR,Current health expenditure (% of GDP),SH.XPD.CHEX.GD.ZS,4.06117535,4.08037519,4.23211098,4.37350655,4.56586647,4.80759001,4.83789158,5.27312183,5.41861057,5.37019396,5.39619017,5.25540543,5.41626596,5.10435581,5.09203386,4.98920393,4.94516659,5.020401,5.78939486,5.45314503,5.75281
Morocco,MAR,"Unemployment, total (% of total labor force) (national estimate)",SL.UEM.TOTL.NE.ZS,11.588,11.916,10.827,11.009,9.668,9.56,9.566,8.96,9.09,8.912,8.99,9.233,9.7,9.46,9.3,..,..,..,..,12.3,11.79
Morocco,MAR,"School enrollment, primary (% gross)",SE.PRM.ENRR,103.363227844238,105.974342346191,106.015579223633,105.914749145508,104.963706970215,105.59765625,104.362167358398,104.07991027832,107.166739963715,108.872184910968,108.773776884177,108.130874044354,107.319519161584,106.046255203021,105.897808666144,106.856009139924,108.263128143079,110.072941907486,112.354037460932,112.940882286764,116.554648725847
Morocco,MAR,"Agriculture, forestry, and fishing, value added (% of GDP)",NV.AGR.TOTL.ZS,11.8432781663725,12.4918601820552,11.869333718001,10.6988804483578,12.304168098197,9.8752466486995,10.864961794312,11.9650475529562,11.9620812709231,12.0819026098454,11.3297511522793,12.3583661932506,10.3531465249527,11.7961931846113,10.3219651103177,11.1602887992375,11.3055402401365,10.8424017370039,10.6636401420592,11.9779439009277,9.79618893785634
Morocco,MAR,Urban population (% of total population),SP.URB.TOTL.IN.ZS,54.222745830177,54.5782811140771,54.9787569660869,55.4397798676399,55.9627589629824,56.5303841299064,57.1254169272616,57.7306189138977,58.3287516486646,58.902576690412,59.4348555979895,59.9083499302469,60.3030486171654,60.6417124737154,60.9657656537179,61.2761057031842,61.5695822753314,61.8430450233765,62.0933436005366,62.3173276600289,62.5118468550703
Morocco,MAR,"Foreign direct investment, net inflows (% of GDP)",BX.KLT.DINV.WD.GD.ZS,1.02035757811393,3.98561984754306,1.35118647717804,2.42635467647837,3.24283497739456,3.24999332315429,2.42213508852785,1.94782744330848,1.2299824583835,2.29046840496639,2.65758712641507,2.9038626404404,2.95925435484489,2.94611108390154,1.93000540251056,2.26092196120538,2.78337936840164,1.33479789567415,1.16907334587558,1.59422321445366,1.74814323662076
Morocco,MAR,Poverty headcount ratio at $3.00 a day (2021 PPP) (% of population),SI.POV.DDAY,..,..,..,..,9.4,..,..,..,..,..,..,3.7,..,..,..,..,..,..,..,..,..
Morocco,MAR,GDP per capita (current US$),NY.GDP.PCAP.CD,1596.02062988281,1941.87255859375,2183.55541992188,2242.98828125,2438.12646484375,2755.5859375,3183.20043945313,3119.58862304688,3067.9853515625,3301.98876953125,3164.17724609375,3379.7431640625,3435.40698242188,3146.24780273438,3140.85546875,3296.52661132813,3501.69799804688,3508.09765625,3268.0302734375,3785.93627929688,3463.1376953125
Morocco,MAR,Access to electricity (% of population),EG.ELC.ACCS.ZS,73.3,75.1,78.2,78.6,96.5,82.2,84.1,85.9,95.7,96.1,96.4,97.2,97.3,97.3,97.8,100,98.1,99.6,100,100,100
Mozambique,MOZ,GDP growth (annual %),NY.GDP.MKTP.KD.ZG,9.66850534669427,7.21770086569656,8.20470494788577,6.31202378023193,9.91067756782915,7.64935393795867,6.87802942560995,5.92897187460815,6.67972935662864,7.13405842300445,7.9945031610722,6.57141389665537,7.70256844839309,7.3930936986377,4.69699024225795,2.63820737310658,3.48493202422782,2.31781394821475,-1.21952250011192,2.37743572761507,4.3693080193804
Mozambique,MOZ,"Inflation, consumer prices (annual %)",FP.CPI.TOTL.ZG,..,..,..,6.42755278070087,13.2450879070999,8.48948675497455,14.5028053002268,3.78861330914625,12.4255421735156,11.1666056127874,2.60245456956618,4.26135250941963,2.55974875844295,3.55075967356746,17.4180418197597,15.1132073899384,3.91133439990729,2.80270307928111,3.48393567493204,6.40847652975692,10.2794018093421
Mozambique,MOZ,"Life expectancy at birth, total (years)",SP.DYN.LE00.IN,50.879,51.383,51.855,52.322,52.748,53.255,53.799,54.4,55.04,55.733,56.46,57.189,57.965,58.711,59.455,60.148,60.79,61.306,61.39,60.268,63.011
Mozambique,MOZ,"Government expenditure on education, total (% of GDP)",SE.XPD.TOTL.GD.ZS,..,..,3.19837999343872,3.85834002494812,3.7359299659729,..,..,..,5.24539789470058,5.53052494030773,5.5575098991394,6.03575992584229,6.39920843528224,5.91515660575298,5.80086994171143,5.48664999008179,5.38976001739502,5.99969523584354,6.17059556957808,6.34063583505687,5.97607342054314
Mozambique,MOZ,Individuals using the Internet (% of population),IT.NET.USER.ZS,0.259612611253739,0.419538843913707,0.679447835392438,0.854399979,0.842954488044236,0.91,1.56,2.68,4.17,4.599999905,5,5.5,6,6.5,7,7.7963266079129,10.89999962,12.47929955,14.28740025,16.35759926,18.96220016
Mozambique,MOZ,Current health expenditure (% of GDP),SH.XPD.CHEX.GD.ZS,3.18652654,3.25095367,3.53062654,4.21435642,3.94559026,3.79955554,4.13496828,5.05562353,5.29249668,4.9217639,5.14035702,6.04556036,6.24013042,6.60972881,7.21501875,7.80532169,7.97903347,7.90207434,7.55190039,8.64841366,8.24868107
Mozambique,MOZ,"Unemployment, total (% of total labor force) (national estimate)",SL.UEM.TOTL.NE.ZS,..,..,..,..,..,..,..,..,..,..,..,..,..,3.426,..,..,..,..,..,..,6.789
Mozambique,MOZ,"School enrollment, primary (% gross)",SE.PRM.ENRR,83.0477981567383,..,93.0763931274414,100.058006286621,102.737716674805,109.321502685547,114.194580078125,115.103843688965,116.867207366317,113.599054478212,113.200785284243,114.118825775581,114.277516463599,114.82837357539,113.687876415561,111.566194762496,115.270990181058,117.86067127577,118.980061431837,..,119.162225223393
Mozambique,MOZ,"Agriculture, forestry, and fishing, value added (% of GDP)",NV.AGR.TOTL.ZS,22.734177349083,22.7228305424377,22.4901289092367,22.9214059867823,24.1133917238134,24.0162173628877,26.8457517275753,27.9106017225191,27.3093770922399,26.4848729989708,25.5177066547282,24.2529090836336,24.6554671607897,23.5663164946958,23.6272810887625,26.0749604736416,25.5425597958909,24.7697818145637,26.8819744087655,26.8945913502365,25.6382662600095
Mozambique,MOZ,Urban population (% of total population),SP.URB.TOTL.IN.ZS,29.5686323334348,29.7146340268639,29.8592114813982,30.0098613217248,30.1740801725307,30.3598131347122,30.5625357695184,30.7715592059159,30.9861779822921,31.2062230032794,31.4315251735105,31.6619153976179,31.8972245802342,32.1372836259918,32.3819234395234,32.6274411492675,32.9902559073541,33.4177241517032,33.9044006416285,34.4499259401554,35.0536638047945
Mozambique,MOZ,"Foreign direct investment, net inflows (% of GDP)",BX.KLT.DINV.WD.GD.ZS,5.83542740620485,5.1142557345062,5.99090663119619,1.380320098608,2.64086218183932,3.85414645531421,4.96426075394528,7.58405403589617,11.0275561357338,25.0623636819297,33.767102801243,38.9428653441902,27.8047100445849,23.8654900431928,25.9187724637849,17.4831119319856,11.1741431838994,21.7841914901932,22.3944370320025,32.7522138534006,16.0036980555879
Mozambique,MOZ,Poverty headcount ratio at $3.00 a day (2021 PPP) (% of population),SI.POV.DDAY,87.6,..,..,..,..,..,81.1,..,..,..,..,..,74.4,..,..,..,..,81.6,..,..,81.4
Mozambique,MOZ,GDP per capita (current US$),NY.GDP.PCAP.CD,313.886661721198,339.488737800648,400.056973161545,436.773856167384,457.487647833183,507.874923914304,592.159111184122,547.697144193651,496.185839392659,618.17649286789,685.685748199513,686.505672517351,697.142680444123,610.563774706589,441.489734819071,470.93856305196,517.507260258101,519.09255091362,462.433876479921,509.907829475551,578.273222184503
Mozambique,MOZ,Access to electricity (% of population),EG.ELC.ACCS.ZS,8.4,8.1,10.7,11.8,13,12.4,13.6,15,18.9,20.2,21.2,22.4,24.8,24,26.2,24.3,31.1,29.7,30.6,31.5,33.2
Myanmar,MMR,GDP growth (annual %),NY.GDP.MKTP.KD.ZG,12.0255134340315,13.8439968903798,13.5646616163416,13.5689500216456,13.0761013792372,11.9914352402146,10.2553053929808,10.5500090961932,9.6344394520444,5.59148237823661,7.33267044704149,8.42600102501767,8.16990745558277,6.99284029026121,5.86247291518572,6.13610824360305,6.26886221471075,6.57911006765414,-9.04834717984643,-12.0163724829177,4.0374934360085
Myanmar,MMR,"Inflation, consumer prices (annual %)",FP.CPI.TOTL.ZG,57.0745112621703,36.5897175323924,4.53421374129692,9.36861814196704,19.9964873359214,35.0245970717698,26.7995371934022,1.47234311385647,7.71838195873614,5.0214601462073,1.46758322674679,5.64303883425501,4.953299184844,9.45417189526018,6.92882525816076,4.5725365531752,6.87232865662935,8.82506696804558,..,..,..
Myanmar,MMR,"Life expectancy at birth, total (years)",SP.DYN.LE00.IN,60.925,61.196,61.443,61.72,62.026,62.367,56.364,63.095,63.479,63.859,64.251,64.617,64.994,65.288,65.64,65.909,66.232,66.457,66.612,65.553,66.506
Myanmar,MMR,"Government expenditure on education, total (% of GDP)",SE.XPD.TOTL.GD.ZS,..,..,..,..,..,..,..,..,..,0.787440001964569,..,..,..,..,..,2.16652989387512,1.99249005317688,1.99976003170013,..,..,..
Myanmar,MMR,Individuals using the Internet (% of population),IT.NET.USER.ZS,0.00042649350636189,0.0240641491408465,0.024337392002823,0.065200001,0.18204833106115,0.217128445069958,0.22,0.219999999,0.25,0.98,1.399999976,1.799999952,7.400000095,10.89999962,16,23.621081950267,29.37899971,36.54050064,45.4477005,..,..
Myanmar,MMR,Current health expenditure (% of GDP),SH.XPD.CHEX.GD.ZS,2.59446764,2.3959713,2.33253765,2.3447094,2.26559186,2.03606868,2.12175322,2.17283702,1.96793783,1.95077813,2.43605232,3.11112022,4.14940882,5.19711542,4.76220942,4.6921258,4.53514671,3.814466,4.27808714,5.53530645,4.49158478
Myanmar,MMR,"Unemployment, total (% of total labor force) (national estimate)",SL.UEM.TOTL.NE.ZS,..,..,..,..,..,..,..,..,..,..,..,..,3.868,0.766,..,1.356,0.767,0.407,1.476,..,..
Myanmar,MMR,"School enrollment, primary (% gross)",SE.PRM.ENRR,99.8293304443359,102.38102722168,103.697303771973,104.437133789062,105.169502258301,106.169532775879,108.062278747559,108.319793701172,109.490142822266,..,..,..,115.448463439941,..,119.916152954102,121.799392700195,120.214569091797,..,..,..,..
Myanmar,MMR,"Agriculture, forestry, and fishing, value added (% of GDP)",NV.AGR.TOTL.ZS,54.5283327348715,50.620560861897,48.1650901865787,46.687240402588,43.918958474559,43.3227660063537,40.2750956375485,38.1081206105058,36.853075751266,32.4961825024034,30.5901997024538,29.5337253604993,27.8298025759612,26.771778645598,25.6286228737595,23.4041280962744,22.0756064041111,20.8421577754282,22.4186525400503,22.7852901568211,22.3343500768495
Myanmar,MMR,Urban population (% of total population),SP.URB.TOTL.IN.ZS,27.8849700456368,28.0568026064444,28.2256085278922,28.390792243762,28.5517581878355,28.7079107938945,28.8586544957208,29.0033937270962,29.1415329218024,29.2724765136213,29.3956289363345,29.5103946237239,29.6164342116462,29.7166821191682,29.8129165582094,29.9051727703437,29.993574050729,30.0782436945232,30.1593049968842,30.2368812529698,30.311095757938
Myanmar,MMR,"Foreign direct investment, net inflows (% of GDP)",BX.KLT.DINV.WD.GD.ZS,2.22070502562137,2.3777576671811,2.0001628964787,1.95966396539679,1.90182128285749,3.5175166973129,2.71127181000311,2.92355415980151,1.81897202342465,4.20127651183029,2.22540068514517,3.74085607932619,3.31904421407388,6.85124098710894,5.17880132517466,7.27335555212816,2.60563229851106,2.31211211194364,2.41393222885654,3.11492561696787,1.98946076080719
Myanmar,MMR,Poverty headcount ratio at $3.00 a day (2021 PPP) (% of population),SI.POV.DDAY,..,..,..,..,..,..,..,..,..,..,..,..,..,18.2,..,10.3,..,..,..,..,..
Myanmar,MMR,GDP per capita (current US$),NY.GDP.PCAP.CD,146.598390364449,224.292688912409,224.508811413327,252.685193060728,303.495087119254,419.375780725042,658.442487229705,758.442935789255,1010.53417343401,1213.62898703376,1202.6658960055,1199.09561597055,1293.00042298688,1166.73305546337,1229.19713515893,1272.82241830603,1298.21310320785,1425.98954211903,1490.21683548367,1242.72134419599,1158.05005034332
Myanmar,MMR,Access to electricity (% of population),EG.ELC.ACCS.ZS,47,45.1,46.2,47.3,48.4,49.5,50.6,51.8,48.8,54.1,55.3,56.5,52,60.5,55.6,69.8,66.1,68.3,70.4,72.5,73.7
Namibia,NAM,GDP growth (annual %),NY.GDP.MKTP.KD.ZG,4.7886612188211,4.23979429582137,12.2695481036769,2.52926265819022,7.07317531845825,5.37404415167634,2.64981203780268,0.295970914001089,6.03924947955858,5.09133813864338,5.0616820696264,5.61471962254485,6.09251915977956,4.26417453763675,0.0337944502063294,-1.02724808856709,1.05993949860752,-0.839152163419357,-8.10140201443319,3.60382919248703,5.3987247803654
Namibia,NAM,"Inflation, consumer prices (annual %)",FP.CPI.TOTL.ZG,..,7.1361531145863,4.13663213144748,2.28194607024307,4.96116689298916,6.54788141101717,9.0946430719281,9.45172651521705,4.8749198764395,5.005595180812,6.72199777334886,5.60092502290401,5.35016966859602,3.39401538410559,6.72858234593338,6.14579981111164,4.29159105337875,3.72239414422695,2.20938236933469,3.61690530108814,6.08128114112413
Namibia,NAM,"Life expectancy at birth, total (years)",SP.DYN.LE00.IN,51.988,51.918,52.175,52.557,53.183,54.026,54.74,55.347,56.093,56.647,57.733,58.468,59.311,60.008,60.81,61.661,62.579,63.546,64.071,60.85,64.19
Namibia,NAM,"Government expenditure on education, total (% of GDP)",SE.XPD.TOTL.GD.ZS,6.7423300743103,6.13713979721069,..,..,6.03171014785767,..,6.40342998504639,..,8.24330043792725,8.02137930818109,9.24281237985165,8.59541659523254,3.66711166353218,9.8507685020388,10.5927948535144,1.39524534605831,8.88112249415185,9.32253195522987,9.27799879073429,10.3914477380895,9.3919470845238
Namibia,NAM,Individuals using the Internet (% of population),IT.NET.USER.ZS,2.63369976876116,3.35983988553801,3.8047156152631,4.010000229,4.39887064732726,4.83561077833704,5.32900377208954,6.5,11.6,12,12.94139957,13.89999962,14.84000015,25.68790054,31.0333004,36.83739853,42.8207016,49.77590179,57.8608017,60.25999832,62.99720001
Namibia,NAM,Current health expenditure (% of GDP),SH.XPD.CHEX.GD.ZS,10.47871208,10.74474621,10.88543797,10.82506466,11.30290031,11.41372871,10.67726994,9.90435314,10.62278938,10.86068344,10.20360184,10.08887577,8.4089098,9.98106289,9.32231045,8.71348476,8.62148285,8.85805798,9.56060219,10.19644737,9.6219883
Namibia,NAM,"Unemployment, total (% of total labor force) (national estimate)",SL.UEM.TOTL.NE.ZS,..,..,22.094,..,..,..,37.583,..,22.12,..,16.771,19.028,18.521,..,23.352,..,19.877,..,..,..,..
Namibia,NAM,"School enrollment, primary (% gross)",SE.PRM.ENRR,111.884033203125,112.014106750488,110.676361083984,112.362739562988,113.178672790527,116.05362701416,116.289268493652,116.96800994873,118.109136341535,119.055637083219,121.103692738221,122.732813532372,122.71193654589,124.629282782131,124.182705227995,125.87493234498,124.591680749168,124.155345932542,122.345254349927,121.824196673464,120.341925617623
Namibia,NAM,"Agriculture, forestry, and fishing, value added (% of GDP)",NV.AGR.TOTL.ZS,10.0391431809007,10.2153432329886,8.93977891691032,10.3684887476335,9.64647103887118,8.44071366530831,7.53168657065416,8.14814459341021,8.45536944089181,8.11362720295374,8.05447519990682,7.82146490072164,8.13893575439091,6.65042679589334,6.72011763526388,7.67615608936274,7.76829756756805,7.08397673847435,9.15817808891199,9.56300379482636,8.75889366457648
Namibia,NAM,Urban population (% of total population),SP.URB.TOTL.IN.ZS,33.6459301456028,34.5460063719633,35.5356476670033,36.5870014553064,37.6722151614564,38.763436210037,39.8328120256318,40.8524900328246,41.7946176561991,42.6276075621535,43.3804079185694,44.1106769079132,44.8214248210559,45.5103554445325,46.1751725648784,46.8135799686288,47.4232814423189,48.0019807724839,48.547381745659,49.0571881483796,49.5291037671807
Namibia,NAM,"Foreign direct investment, net inflows (% of GDP)",BX.KLT.DINV.WD.GD.ZS,4.40514414376661,1.32166219939022,3.38257441805413,5.37845791807398,7.62577614409133,7.57033929521728,8.71835372051848,9.27473594549885,2.51525326747705,6.41681322346953,7.98613044962652,6.45232765797467,3.58316691192793,7.40068055968424,3.34570437311555,2.17505730200543,1.71299808328534,-1.40710628631611,-1.41889955275348,6.77514897706551,8.40166893779959
Namibia,NAM,Poverty headcount ratio at $3.00 a day (2021 PPP) (% of population),SI.POV.DDAY,..,47.6,..,..,..,..,..,38.6,..,..,..,..,..,22.9,..,..,..,..,..,..,..
Namibia,NAM,GDP per capita (current US$),NY.GDP.PCAP.CD,1772.07565537493,2569.24739317883,3403.15496192955,3685.77299991587,4017.1834716928,4379.04313682732,4204.78555422749,4302.91374148376,5418.21633365814,5834.7917675794,5942.64680978673,5346.62131149967,5378.32326241205,4774.10650865775,4395.68776162376,5143.96072323076,5308.60813408705,4731.9210318831,3878.58982993966,4412.8355693052,4349.79908493314
Namibia,NAM,Access to electricity (% of population),EG.ELC.ACCS.ZS,36.9,37.8,38.7,39.6,40.5,43.7,42.4,44.1,44.4,42.3,46.4,47.4,48.4,51.6,49.7,52.5,52.3,53.3,52.3,55.2,56.2
Naoero,NRU,GDP growth (annual %),NY.GDP.MKTP.KD.ZG,-9.97133415083098,0.284579021867188,-4.31476539773472,0,8.45070422535204,-22.077922077922,19.9999999999999,-5.55555555555564,0,14.7058823529412,24.3589743589745,4.12371134020613,15.8415841584163,3.41880341880281,4.13223140495909,-6.34920634920609,-0.847457627118729,8.5470085470084,1.57480314960559,7.75193798449692,0
Naoero,NRU,"Inflation, consumer prices (annual %)",FP.CPI.TOTL.ZG,..,..,..,..,..,..,..,..,..,0.3003003003003,-0.124750499001971,..,..,..,..,..,..,..,..,..,..
Naoero,NRU,"Life expectancy at birth, total (years)",SP.DYN.LE00.IN,59.427,59.359,59.346,59.361,59.409,59.49,59.675,59.852,60.074,60.287,60.533,60.701,60.834,60.897,60.996,61.101,61.238,61.393,61.527,61.331,61.93
Naoero,NRU,"Government expenditure on education, total (% of GDP)",SE.XPD.TOTL.GD.ZS,15.8634700775147,..,..,..,..,4.24858999252319,..,..,..,..,..,..,4.47278425925926,6.25260294117647,4.82214626865672,6.27397517241379,5.05296627218935,5.71828171428571,5.90502903225807,5.16034,5.91827971698113
Naoero,NRU,Individuals using the Internet (% of population),IT.NET.USER.ZS,..,..,..,..,..,..,..,..,..,54,..,..,..,..,..,62.38510132,..,74.73789978,77.46659851,80.29499817,83.22660065
Naoero,NRU,Current health expenditure (% of GDP),SH.XPD.CHEX.GD.ZS,13.80812454,9.97444248,6.87889576,10.82081795,12.41761494,24.23069,23.00409317,12.31576252,12.69640064,9.97123718,8.84148979,9.56899357,8.1214447,13.91331863,10.95251656,11.4886446,11.09015656,11.56155682,11.55650234,10.85399055,18.34229279
Naoero,NRU,"Unemployment, total (% of total labor force) (national estimate)",SL.UEM.TOTL.NE.ZS,22.7,..,..,..,8.256,..,..,..,..,22.964,..,13.282,..,..,..,..,..,..,..,5.056,..
Naoero,NRU,"School enrollment, primary (% gross)",SE.PRM.ENRR,97.8138732910156,86.4779891967773,98.900390625,121.36637878418,96.9380722045898,88.7212600708008,92.8888931274414,..,..,..,98.7878799438477,..,109.659492492676,99.080157695014,112.507781982422,..,..,104.79955291748,102.257713317871,..,101.39037322998
Naoero,NRU,"Agriculture, forestry, and fishing, value added (% of GDP)",NV.AGR.TOTL.ZS,..,..,..,..,..,..,..,..,..,..,..,..,..,..,..,..,..,..,..,..,..
Naoero,NRU,Urban population (% of total population),SP.URB.TOTL.IN.ZS,100,100,100,100,100,100,100,100,100,100,100,100,100,100,100,100,100,100,100,100,100
Naoero,NRU,"Foreign direct investment, net inflows (% of GDP)",BX.KLT.DINV.WD.GD.ZS,..,..,..,..,..,..,..,..,..,..,..,..,..,..,..,..,5.88617583274311,1.74896481068595,-2.67159670379148,4.50866961886277,-4.99023535193955
Naoero,NRU,Poverty headcount ratio at $3.00 a day (2021 PPP) (% of population),SI.POV.DDAY,..,..,..,..,..,..,..,..,..,..,9.7,..,..,..,..,..,..,..,..,..,..
Naoero,NRU,GDP per capita (current US$),NY.GDP.PCAP.CD,2084.64824520971,2463.28259078079,3040.51349889,2992.40382776926,2910.14145794684,2272.15291307045,3756.84531228766,4410.56764668962,4735.92000502092,6444.03642094634,9842.77032731856,8974.51886874433,9230.05440328927,7747.25584993607,8748.15632605428,9656.97976571484,11413.7463016389,10801.7705659635,10709.068810538,12748.1701249353,15309.8345351924
Naoero,NRU,Access to electricity (% of population),EG.ELC.ACCS.ZS,99,99,99,99,99,99.8,99.1,99.1,99.2,99,99.4,99.4,99.5,99,99.7,99.8,99.9,100,100,100,100
Nepal,NPL,GDP growth (annual %),NY.GDP.MKTP.KD.ZG,0.120143177369414,3.94503776051116,4.68260325152944,3.47918104829496,3.36461478056277,3.41156027980276,6.10463914373472,4.5330787246486,4.81641464694573,3.42180870116162,4.67014192446953,3.52515317129149,6.01148284250441,3.97605327162971,0.433113719381524,8.97727935643466,7.62237610397933,6.65705543110468,-2.3696206292072,4.838149614115,5.6313145568451
Nepal,NPL,"Inflation, consumer prices (annual %)",FP.CPI.TOTL.ZG,3.02939948714892,5.70700931874738,2.8418113124898,6.83633265892877,6.92033580707589,2.26921924439074,9.9078300530648,11.0948237386987,9.32650410745395,9.2270754612596,9.45980980357125,9.04016311917645,8.36415469659563,7.86890895590891,8.7903433200464,2.77703998300211,4.40659410175714,5.56616035243723,5.05635826238499,4.12676744440695,7.6702057938028
Nepal,NPL,"Life expectancy at birth, total (years)",SP.DYN.LE00.IN,63.507,64.229,64.744,65.275,65.891,66.169,66.442,66.6,66.772,67.123,67.364,67.598,67.812,67.374,68.444,68.74,69.036,69.299,69.106,68.385,70.087
Nepal,NPL,"Government expenditure on education, total (% of GDP)",SE.XPD.TOTL.GD.ZS,3.15282988548279,3.11435008049011,3.1719400882721,3.3646399974823,3.60536003112793,3.51721000671387,3.8051700592041,4.6637601852417,3.63172006607056,3.8426399230957,3.29737997055054,3.01811003684998,3.47214007377625,3.25901007652283,3.90320992469788,4.76723003387451,4.43446016311646,3.89212886881753,4.24355670934502,4.42801034633091,4.13645081690396
Nepal,NPL,Individuals using the Internet (% of population),IT.NET.USER.ZS,0.312956060108532,0.382810917017044,0.449843651215974,0.82655126590551,1.14138916388191,1.41,1.73,1.97,7.93,9,11.14929962,13.30000019,15.43999958,17.58160019,20.70000076,24.3,28.60000038,33.33660126,36.96530151,40.98910141,45.45080185
Nepal,NPL,Current health expenditure (% of GDP),SH.XPD.CHEX.GD.ZS,3.93863344,3.8560729,4.04629898,3.95095325,3.54402447,3.67297482,3.81756353,3.90179515,4.36131525,4.45220184,4.49078751,4.63012981,5.07549381,5.46615553,5.42378998,4.72174025,4.52845383,4.44524717,5.2080965,5.53498316,6.52950287
Nepal,NPL,"Unemployment, total (% of total labor force) (national estimate)",SL.UEM.TOTL.NE.ZS,..,1.482,..,..,..,..,1.378,..,..,..,..,..,..,3.1,..,10.66,..,..,..,..,..
Nepal,NPL,"School enrollment, primary (% gross)",SE.PRM.ENRR,110.702140808105,109.978630065918,112.833976745605,113.656700134277,128.364685058594,130.224639892578,128.883773803711,141.323684692383,147.086534908967,151.550483561125,149.360557184797,145.726105062929,143.002222135589,143.572010949657,139.177686890567,135.346176281377,..,137.43376159668,121.90357208252,119.976329501746,121.234804321367
Nepal,NPL,"Agriculture, forestry, and fishing, value added (% of GDP)",NV.AGR.TOTL.ZS,36.1502950311573,35.1058750871034,34.6763571054627,33.824896676688,32.3664850386189,31.1644113230204,30.3057163664183,31.3226520633995,33.1793784908122,30.805485476422,30.0760569589773,28.6226575274714,27.4618953626735,26.518508431071,25.5178753726064,23.6995484588973,22.3346720502565,21.583372760027,22.1800901927916,22.0214522788058,20.9143699815129
Nepal,NPL,Urban population (% of total population),SP.URB.TOTL.IN.ZS,35.0358944291182,38.045308394296,41.6109470808194,45.5065633424317,49.5059100328759,53.3827400058951,56.9108061152324,59.8638612146309,62.0156581578338,63.139949798584,63.6558406194333,64.1314570156048,64.5640847098488,64.9510094249155,65.2895168835553,65.5768928085184,65.8104229225551,65.9873929484157,66.1050886088505,66.144235274522,66.2992968721053
Nepal,NPL,"Foreign direct investment, net inflows (% of GDP)",BX.KLT.DINV.WD.GD.ZS,-0.0983748686510898,0.233443620739643,-0.00573755737053384,0.030156295078659,-0.073509433259411,0.0556064154566332,0.00793215735192788,0.297715388957693,0.548294665887946,0.435814930594323,0.42369151125933,0.334712330597339,0.133746236524448,0.213029527712984,0.432212944008614,0.677439884182991,0.206157201926214,0.542801979747667,0.378739091402959,0.531690906776232,0.160405405048333
Nepal,NPL,Poverty headcount ratio at $3.00 a day (2021 PPP) (% of population),SI.POV.DDAY,..,55.9,..,..,..,..,..,..,22.1,..,..,..,..,..,..,..,..,..,..,..,2.4
Nepal,NPL,GDP per capita (current US$),NY.GDP.PCAP.CD,238.89140296106,246.429706587633,279.587750044428,309.024168339372,340.431796437968,385.449767660642,464.817391891529,473.078751198621,585.278491984574,785.518656222132,788.202937148377,803.269595420477,821.455224911731,875.543635474862,877.256454696737,1034.28374906846,1179.19843190389,1203.14294706401,1154.21517578318,1252.75076731986,1385.91066002922
Nepal,NPL,Access to electricity (% of population),EG.ELC.ACCS.ZS,36.4,39.6,37.2,46.1,51.2,52.6,56,59.3,68.6,67.3,75.2,77.4,84.9,82,90.7,86.6,93.9,89.9,89.9,89.9,91.3
Netherlands,NLD,GDP growth (annual %),NY.GDP.MKTP.KD.ZG,0.24582951723049,0.0978549395212411,2.01628331561487,2.03401576512488,3.53729585853395,3.88542348324803,2.11674514240192,-3.66528147002826,1.31935287897116,1.77330320575034,-0.977826121310997,-0.0302410184270769,1.61255885112396,2.12064007193544,2.42428065449427,2.78150834679987,2.25873158164956,2.3001616053659,-3.86799714191608,6.27683593745216,5.00723453395074
Netherlands,NLD,"Inflation, consumer prices (annual %)",FP.CPI.TOTL.ZG,3.28753104712766,2.09199838997655,1.26364739183177,1.6881301786962,1.10150106517709,1.61385859802102,2.48650198289457,1.18977687021548,1.27530569556679,2.34107017751373,2.45554765291614,2.50689852657875,0.976035079699679,0.600248147278776,0.316666666666652,1.38145871407216,1.70349794744479,2.63369910249591,1.27246037789161,2.67572008805385,10.0012078753473
Netherlands,NLD,"Life expectancy at birth, total (years)",SP.DYN.LE00.IN,78.2926829268293,78.4926829268293,79.0951219512195,79.3463414634146,79.6975609756098,80.0975609756098,80.2512195121951,80.5487804878049,80.7024390243902,81.2048780487805,81.1048780487805,81.3048780487805,81.7073170731707,81.509756097561,81.5609756097561,81.7609756097561,81.8121951219512,82.1121951219512,81.3585365853659,81.309756097561,81.6146341463415
Netherlands,NLD,"Government expenditure on education, total (% of GDP)",SE.XPD.TOTL.GD.ZS,4.78904008865356,5.0199499130249,5.0411901473999,5.08871984481812,5.01913976669312,4.85854005813599,4.99737977981567,5.38561010360718,5.45634984970093,5.41595983505249,5.36694002151489,5.48417997360229,5.40205001831055,5.27802991867065,5.38952016830444,5.08747005462646,5.26723003387451,5.0559401512146,5.29139995574951,5.37661981582642,5.17918014526367
Netherlands,NLD,Individuals using the Internet (% of population),IT.NET.USER.ZS,61.29,64.35,68.52,81,83.7,85.82,87.42,89.63,90.72,91.4199957622284,92.859992359525,93.9564,91.6666666666667,91.7241379310345,90.4109589041096,93.1972789115646,91.8918918918919,93.2885906040269,91.33333333,92.05298013,92.51968504
Netherlands,NLD,Current health expenditure (% of GDP),SH.XPD.CHEX.GD.ZS,8.61879349,9.01979256,9.07156658,9.05984592,9.03575516,9.00052166,9.21819305,9.90839005,10.09452248,10.14537811,10.45467281,10.50247383,10.45699596,10.18857956,9.89148426,9.93712521,9.85083961,9.93616295,10.94954681,11.13498974,10.03109169
Netherlands,NLD,"Unemployment, total (% of total labor force) (national estimate)",SL.UEM.TOTL.NE.ZS,2.554,3.593,4.646,5.872,5.007,4.153,3.658,4.352,4.991,4.977,5.821,7.241,7.419,6.872,6.007,4.837,3.832,3.379,3.82,4.209,3.526
Netherlands,NLD,"School enrollment, primary (% gross)",SE.PRM.ENRR,106.958320617676,108.030838012695,108.201370239258,107.940986633301,107.839912414551,107.652893066406,107.348289489746,107.019401550293,106.750358581543,107.072776794434,107.048240661621,..,..,106.059417724609,105.680366516113,105.039421081543,104.561111450195,104.578910827637,104.338813781738,104.378402709961,104.215446472168
Netherlands,NLD,"Agriculture, forestry, and fishing, value added (% of GDP)",NV.AGR.TOTL.ZS,2.0874883923476,2.06777613560665,1.87462493392253,1.87119658954082,1.95984638535758,1.83180121231584,1.65239006969149,1.56591919996572,1.78780819318779,1.59844393327571,1.69697006526574,1.84474290341919,1.80098935055634,1.80598562591626,1.86399139098136,1.96787421373596,1.75987236955923,1.7588069903961,1.73737205482673,1.65464640233302,1.64194723390554
Netherlands,NLD,Urban population (% of total population),SP.URB.TOTL.IN.ZS,80.8085275226169,81.3011308878582,82.250953139759,83.5048949725161,84.6532280358545,85.4089231499726,85.6149582464487,86.2223179632671,87.3502790247129,88.0059204972573,88.5342462391333,89.1749992370605,89.8364787097165,90.2787737214621,90.5803239452777,91.1219700676602,92.6062472401044,93.8898028856479,94.2532277765935,94.6294783220315,94.9856177734136
Netherlands,NLD,"Foreign direct investment, net inflows (% of GDP)",BX.KLT.DINV.WD.GD.ZS,5.359292335364,3.5122237802764,21.160832133529,30.5011693880359,50.9095810861305,85.9785548363802,20.4123384575226,23.1185529746283,6.47724170250418,39.0408469194559,30.9042384931276,36.6955717929323,15.9879956344505,48.4706196279081,34.7918547450687,23.7131758376085,-30.6576768564655,-13.7565327156949,-23.6860117625863,-10.9725941589172,1.47701805979237
Netherlands,NLD,Poverty headcount ratio at $3.00 a day (2021 PPP) (% of population),SI.POV.DDAY,..,..,0.3,0.1,0,0,0.2,0.2,0,0.1,0.1,0.1,0.1,0.1,0.1,0.2,0.1,0.1,0,0.1,..
Netherlands,NLD,GDP per capita (current US$),NY.GDP.PCAP.CD,29446.5330872868,35896.7504630706,40611.3414353091,42165.396168388,45123.5432406426,52100.7996285947,58246.7026905874,53172.0261581418,51305.7338533973,54701.7728030611,50473.9442002689,52602.2860520766,53457.2234864322,45793.8135434697,46808.5291492503,49513.6817346384,53955.0770024266,53554.9007491475,53467.9277413737,60141.9880911492,59123.318556487
Netherlands,NLD,Access to electricity (% of population),EG.ELC.ACCS.ZS,100,100,100,100,100,100,100,100,100,100,100,100,100,100,100,100,100,100,100,100,100
New Caledonia,NCL,GDP growth (annual %),NY.GDP.MKTP.KD.ZG,..,..,..,..,..,..,..,..,..,..,..,..,..,..,..,..,0.400000000000006,-1.39999999506659,-2.40000000692145,-2.0999999972552,3.50000000289097
New Caledonia,NCL,"Inflation, consumer prices (annual %)",FP.CPI.TOTL.ZG,..,..,..,..,..,..,..,..,..,2.42899693753383,1.74967234600262,1.27761318992718,0.178851060785511,0.570508141048402,0.578317435520754,..,..,..,..,..,..
New Caledonia,NCL,"Life expectancy at birth, total (years)",SP.DYN.LE00.IN,74.278,74.5,74.713,74.867,75.016,75.181,75.398,75.676,75.992,76.315,76.615,76.867,77.053,77.206,77.359,77.504,77.557,77.262,77.049,77.113,77.698
New Caledonia,NCL,"Government expenditure on education, total (% of GDP)",SE.XPD.TOTL.GD.ZS,..,..,..,..,..,..,..,..,..,..,..,..,..,..,..,..,..,..,..,..,..
New Caledonia,NCL,Individuals using the Internet (% of population),IT.NET.USER.ZS,22.389797417113,26.4083344703588,30.2980462088488,32.3590147531561,33.5157146807209,35.05,34.51,33.99,42,50,58,66,70,74.00175279141,..,82.0058408035186,..,..,..,..,..
New Caledonia,NCL,Current health expenditure (% of GDP),SH.XPD.CHEX.GD.ZS,..,..,..,..,..,..,..,..,..,..,..,..,..,..,..,..,..,..,..,..,..
New Caledonia,NCL,"Unemployment, total (% of total labor force) (national estimate)",SL.UEM.TOTL.NE.ZS,..,..,16.307,..,..,..,..,13.967,..,..,..,..,14.591,..,..,11.676,11.702,10.88,13.558,..,10.71
New Caledonia,NCL,"School enrollment, primary (% gross)",SE.PRM.ENRR,..,..,..,..,..,..,..,..,..,..,..,..,..,..,..,..,..,..,..,..,..
New Caledonia,NCL,"Agriculture, forestry, and fishing, value added (% of GDP)",NV.AGR.TOTL.ZS,1.89035871495274,1.74345821039344,1.78686054314087,1.54869248531073,1.72712586317313,1.27200175059393,1.38763277604281,1.41664932222394,1.34474139086715,1.36822830098318,1.64443691439298,1.71329146676256,1.77245534055282,1.91334103691976,1.92670811679751,2.01190197330879,..,1.78613861386139,..,..,..
New Caledonia,NCL,Urban population (% of total population),SP.URB.TOTL.IN.ZS,62.4118035339378,62.8540725422625,63.3117500793361,63.918391040144,64.7508025811084,65.6204802173329,66.3257509774158,66.6631859586932,66.703836218007,66.726209122213,66.7417059914448,66.7584127864925,66.7846387072769,66.8278045547803,66.8902054658406,66.9683393293094,67.0588809757675,67.1574673707832,67.2747261065933,67.4130776539646,67.5720305021282
New Caledonia,NCL,"Foreign direct investment, net inflows (% of GDP)",BX.KLT.DINV.WD.GD.ZS,1.57899865282653,2.36093200928964,0.466160371144185,-0.108016656790192,10.7332244391213,4.73308224896495,19.2594082159786,13.5826748807157,15.3677037012268,16.9845017608185,27.7749506773296,21.3449947193931,16.5212034418212,13.777379969742,9.28207619845752,5.30202255145123,3.46409998475039,7.63514854874616,6.04707071747505,7.88090550414583,7.23562598706021
New Caledonia,NCL,Poverty headcount ratio at $3.00 a day (2021 PPP) (% of population),SI.POV.DDAY,..,..,..,..,..,..,..,..,..,..,..,..,..,..,..,..,..,..,..,..,..
New Caledonia,NCL,GDP per capita (current US$),NY.GDP.PCAP.CD,16104.5520406819,20768.1061488848,24475.6488547037,25528.2918353444,28193.2537573387,35177.6535261448,35723.9033194947,33836.494080472,35798.9084757829,38835.9401851385,35559.5672006157,36671.1566752621,37816.9558599295,30858.7237060533,30782.8544433514,32354.7102832901,34902.8968780031,33411.3358835672,33270.330597637,35311.5543551452,33516.363085906
New Caledonia,NCL,Access to electricity (% of population),EG.ELC.ACCS.ZS,100,100,100,100,100,100,100,100,100,100,100,100,100,100,100,100,100,100,100,100,100
New Zealand,NZL,GDP growth (annual %),NY.GDP.MKTP.KD.ZG,4.71514593471419,4.72587484712128,4.09053577279863,3.35295444152619,2.7744428588158,3.06312221869514,-1.02561134479848,-0.040259885205117,1.47182504276788,2.1445004445998,2.30256429520961,2.5648360739867,3.81933619307242,3.72968312125018,3.7435247472109,3.31568621648204,3.32219666491432,2.32371708441623,-0.240916114758988,4.29916005216614,3.34521847792682
New Zealand,NZL,"Inflation, consumer prices (annual %)",FP.CPI.TOTL.ZG,2.67709257711605,1.75357444759557,2.29024902847571,3.03702332617012,3.36540196171993,2.37614310290659,3.9589493731206,2.1156511055456,2.30202385958572,4.0279066739204,1.05991318445632,1.13442266445817,1.227507505974,0.292704628136101,0.646240284454524,1.85078767452536,1.59829703801696,1.61963190184048,1.71456170007245,3.94112060778728,7.17222476016441
New Zealand,NZL,"Life expectancy at birth, total (years)",SP.DYN.LE00.IN,78.8463414634146,79.1463414634146,79.5487804878049,79.8512195121951,80.0487804878049,80.1512195121951,80.3512195121951,80.7024390243902,80.9048780487805,81.1560975609756,81.4073170731707,81.4048780487805,81.4568292682927,81.6124390243903,81.6585365853659,81.8585365853659,81.7073170731707,82.0560975609756,82.2560975609756,82.2073170731707,81.9585365853658
New Zealand,NZL,"Government expenditure on education, total (% of GDP)",SE.XPD.TOTL.GD.ZS,..,..,..,..,..,..,..,..,..,..,..,5.88539981842041,5.8033299446106,5.70350980758667,5.49972009658813,5.27543020248413,5.1896800994873,5.1741099357605,5.64268016815185,5.5409197807312,5.16741991043091
New Zealand,NZL,Individuals using the Internet (% of population),IT.NET.USER.ZS,59.0807532812931,60.9625398663824,61.8476278106481,62.72019958,69,69.76000214,72.02999878,79.7,80.45999908,81.23000336,81.644470179502,82.77999878,84,85.19999695,86.5,87.69999695,89,89.86370087,90.92099762,91.99060059,93.07289886
New Zealand,NZL,Current health expenditure (% of GDP),SH.XPD.CHEX.GD.ZS,7.90034246,7.72179937,7.90095711,8.27324677,8.63846684,8.32899952,8.65133667,9.13566399,9.09511089,9.10748196,9.20243168,8.9393549,8.97204113,8.88920593,8.76869011,8.61795807,8.56966972,8.61898708,9.25240231,9.55072403,10.56814575
New Zealand,NZL,"Unemployment, total (% of total labor force) (national estimate)",SL.UEM.TOTL.NE.ZS,5.285,4.751,4.012,3.812,3.852,3.606,4.039,5.867,6.209,6.035,6.487,5.842,5.43,5.409,5.147,4.737,4.331,4.112,4.603,3.797,3.316
New Zealand,NZL,"School enrollment, primary (% gross)",SE.PRM.ENRR,99.5061492919922,99.9528884887695,99.6674575805664,99.8288269042969,99.5968475341797,99.4614868164062,99.3267135620117,99.0637130737305,99.0315399169922,99.0727310180664,98.8831405639648,98.8762893676758,98.6514434814453,98.5381393432617,98.5837478637695,98.4804382324219,98.5529708862305,98.2542037963867,97.5365295410156,97.9169464111328,96.5572509765625
New Zealand,NZL,"Agriculture, forestry, and fishing, value added (% of GDP)",NV.AGR.TOTL.ZS,5.85289352793662,5.72933246598663,5.36558854547454,4.51769702400314,4.98360503244111,6.06836553759783,5.00102717537308,5.73699370029419,6.57130523506789,6.2779911553811,5.50809920086661,7.03235726127178,4.77478924457513,4.4696017756274,5.54820885901096,5.91537474588689,5.66864597596724,5.68759062703863,5.69753974020289,5.77486500876711,4.57625698536786
New Zealand,NZL,Urban population (% of total population),SP.URB.TOTL.IN.ZS,85.8061578183401,85.857962055807,85.9017708294597,85.9299325780946,85.9356841665703,85.9291840664852,85.9144723093505,85.8918345477824,85.8614043258228,85.8233151875134,85.777700676896,85.7080129786455,85.5076659530411,85.1518763760531,84.691365594,84.1701025874108,83.8017846685577,83.804965871667,83.8138977095908,83.8299382585905,83.8547305017812
New Zealand,NZL,"Foreign direct investment, net inflows (% of GDP)",BX.KLT.DINV.WD.GD.ZS,4.27533253207986,-3.81179323818466,2.2326303912504,1.66201517661775,2.61132933725814,3.16024444752482,1.94246279372292,-0.0430577448192459,0.194915236759354,0.818247908477246,2.17943829633958,-0.0364086461829919,1.61419635020494,-0.0411865527337287,1.06260320456022,1.15705531240243,1.16024911473989,1.44301683692321,2.25037509596065,2.09061969632742,3.9270483682543
New Zealand,NZL,Poverty headcount ratio at $3.00 a day (2021 PPP) (% of population),SI.POV.DDAY,..,..,..,..,..,..,..,..,..,..,..,..,..,..,..,..,..,..,..,..,..
New Zealand,NZL,GDP per capita (current US$),NY.GDP.PCAP.CD,16874.1874918196,21913.7081719961,25420.234882944,27751.0654708859,26654.5932018985,32479.9817381467,31324.7397977102,28276.7255416225,33761.9009639947,38425.829997974,40041.7524816244,42984.9571801167,44599.8992733675,38648.7302562109,40088.3205470499,42912.1537002148,43204.1305124872,42872.2681243427,42054.6743136586,49902.154346032,49141.6316294227
New Zealand,NZL,Access to electricity (% of population),EG.ELC.ACCS.ZS,100,100,100,100,100,100,100,100,100,100,100,100,100,100,100,100,100,100,100,100,100
Nicaragua,NIC,GDP growth (annual %),NY.GDP.MKTP.KD.ZG,0.753938876079573,2.52073289551447,5.31217056950739,4.28239833770654,4.15294559846254,5.0763520180987,3.43571693608081,-3.2926651586197,4.41009911716546,6.31668553491842,6.4961364710876,4.92709413447304,4.78546013589983,4.79226768332697,4.56314739524967,4.63120757580209,-3.3633566598573,-2.89686986728901,-2.23654176262323,10.4543887816515,3.55027477135765
Nicaragua,NIC,"Inflation, consumer prices (annual %)",FP.CPI.TOTL.ZG,3.75017465778466,5.30238773219936,8.47021063584077,9.59909986064425,9.1401996677772,11.1269347446118,19.8262031287429,3.68700160498797,5.45513425887423,8.082387980991,7.1935505333896,7.13546785289407,6.03596861798425,3.99737996694396,3.52317317628473,3.85067166284727,4.94723728039886,5.37628990844126,3.68181341625572,4.92841396948968,10.4674244465991
Nicaragua,NIC,"Life expectancy at birth, total (years)",SP.DYN.LE00.IN,67.95,68.749,69.51,70.374,70.958,71.197,71.404,71.499,71.761,72.033,72.435,72.551,72.792,72.899,73.18,73.389,73.879,73.764,70.766,70.478,74.463
Nicaragua,NIC,"Government expenditure on education, total (% of GDP)",SE.XPD.TOTL.GD.ZS,2.39101004600525,2.42200994491577,..,..,..,..,..,..,4.48422002792358,..,..,..,4.08329010009766,4.07843017578125,4.08114004135132,4.35768985748291,4.47380693256251,4.59991969121332,4.58034059162685,4.08717467298944,3.80001496174069
Nicaragua,NIC,Individuals using the Internet (% of population),IT.NET.USER.ZS,1.71472958428668,1.88041253242301,2.32066460863941,2.566400051,2.8055730627337,3.900000095,5.300000191,7.300000191,10,10.6,13.5,15.5,17.60000038,19.70429993,24.57180023,30.39999962,33.9129982,39.01079941,44.87490082,51.62039948,59.38000107
Nicaragua,NIC,Current health expenditure (% of GDP),SH.XPD.CHEX.GD.ZS,5.73315859,6.08317614,6.05740356,6.22468948,6.35756445,6.95643044,7.16700697,7.68584394,7.71019173,7.44982004,7.48836899,7.63869238,7.97716141,7.96303272,8.04877567,8.32754421,8.4993515,8.50037098,8.55739307,9.54984856,8.97882748
Nicaragua,NIC,"Unemployment, total (% of total labor force) (national estimate)",SL.UEM.TOTL.NE.ZS,..,7.595,6.409,5.372,5.313,4.891,6.2,8.157,7.828,..,5.208,5.276,4.52,4.7,3.9,3.3,5.2,..,..,..,..
Nicaragua,NIC,"School enrollment, primary (% gross)",SE.PRM.ENRR,114.217742919922,115.29280090332,117.809127807617,119.177742004395,123.00740814209,121.699150085449,121.101028442383,..,119.666778564453,..,..,..,..,..,..,..,..,..,..,..,..
Nicaragua,NIC,"Agriculture, forestry, and fishing, value added (% of GDP)",NV.AGR.TOTL.ZS,16.4301119851034,15.6259025646946,15.9688222709169,16.137898065388,15.8996625466787,16.4613383107055,16.2627898839898,16.0676510041113,16.9826368007048,18.8847883857771,17.6115834733674,16.4909112111851,16.7090173834472,16.1099292353151,14.9153392298097,14.9964086019473,15.3222113237126,15.5297840677071,15.9067799804023,15.7299148913114,16.803025682188
Nicaragua,NIC,Urban population (% of total population),SP.URB.TOTL.IN.ZS,55.4894961947237,55.6308042935869,55.7791779253789,55.9375480421093,56.1058547675536,56.2816618351146,56.4638124507513,56.651098305894,56.842311091973,57.0362425004184,57.2316842226606,57.4274279501299,57.6222653742564,57.8149881864705,58.0043880782023,58.1892567408822,58.3683858659405,58.5405671448072,58.7045922689128,58.8592529296875,58.9954376220703
Nicaragua,NIC,"Foreign direct investment, net inflows (% of GDP)",BX.KLT.DINV.WD.GD.ZS,3.90334311480045,3.78225034215297,4.31560328721207,3.81407422484717,4.24030000066427,5.14186605474194,7.38263377911966,5.22852820149836,5.59335824334059,9.5791738556055,7.36516075625111,8.78722600899979,9.06363827053251,7.58033255797744,7.44462628012218,7.51057620596971,6.43060058137235,3.96093444094211,5.86574902695673,7.36996671682569,8.23239594861789
Nicaragua,NIC,Poverty headcount ratio at $3.00 a day (2021 PPP) (% of population),SI.POV.DDAY,..,..,..,16.5,..,..,..,13.9,..,..,..,..,6.6,..,..,..,..,..,..,..,..
Nicaragua,NIC,GDP per capita (current US$),NY.GDP.PCAP.CD,1014.3339042591,1021.35216668794,1098.62118662335,1183.30214010175,1248.17371577788,1350.38145753377,1523.68437086409,1467.08288052845,1526.56706951408,1679.71192084633,1784.69836017555,1835.43996363715,1958.37047579547,2074.45620634731,2131.68704828322,2182.61380995674,2035.16549390507,1958.62051528095,1938.44704754382,2138.38573878237,2322.89069619459
Nicaragua,NIC,Access to electricity (% of population),EG.ELC.ACCS.ZS,74.1,74.6,75.2,73.8,76.3,76.9,77.5,77.9,80.1,81.2,81.3,81.9,81.9,83.2,83.9,84.6,85.2,85.7,86,86.3,86.5
Niger,NER,GDP growth (annual %),NY.GDP.MKTP.KD.ZG,4.91847057594622,2.1706103837418,0.363801578722132,7.33186884258517,5.93104997350342,3.14272408386731,7.73141422777337,1.96260090694645,8.57816674262253,2.35775693603874,10.5489445763446,5.31513063394726,6.64213665495603,4.39264883207291,4.28137558478143,5.53198531271451,6.89458420864513,6.07881528959186,4.45481803846413,1.11520063869706,12.2215497467041
Niger,NER,"Inflation, consumer prices (annual %)",FP.CPI.TOTL.ZG,2.62886597938136,-1.61440769175596,0.262543757292838,7.7974978178644,0.0404858299595074,0.0539592607581562,11.3051098827019,0.582906590801122,0.804073080882659,2.9423851401332,0.455089820359289,2.29723114955317,-0.930287259984466,-0.576090369833189,1.65388922387806,2.79637318871284,2.96760366004456,-2.48979265070855,2.8981937602627,3.8378680284051,4.22621791916392
Niger,NER,"Life expectancy at birth, total (years)",SP.DYN.LE00.IN,50.645,51.545,52.402,53.32,54.223,55.063,55.852,56.487,57.08,57.6,57.987,58.364,58.693,58.85,59.228,59.524,59.765,60.031,59.89,59.542,60.398
Niger,NER,"Government expenditure on education, total (% of GDP)",SE.XPD.TOTL.GD.ZS,2.40135002136231,1.93705999851227,..,..,2.55851006507873,3.01462006568909,2.72311997413635,3.33588004112244,2.7219500541687,3.07762002944946,3.1868200302124,3.68953990936279,5.10368013381958,4.48669004440308,2.95843005180359,2.57818007469177,3.44956994056702,3.53358621816013,3.81906792754322,3.82175828133515,3.71231832079626
Niger,NER,Individuals using the Internet (% of population),IT.NET.USER.ZS,0.127152468779619,0.155698703668983,0.189933733703092,0.221300006,0.294,0.390399992,0.7,0.76,0.829999983,0.9,1.049999952,1.149999976,1.24867568902241,2.476200104,4.322800159,10.2243115586561,10.74180031,11.28549957,11.85680008,12.45689964,13.08749962
Niger,NER,Current health expenditure (% of GDP),SH.XPD.CHEX.GD.ZS,4.82717037,4.74740648,4.97818327,5.87749624,5.99335575,5.43105888,5.24640608,5.33850145,4.96100473,4.87323856,4.30732679,4.46636009,4.45377159,5.34745932,4.53239059,5.57609606,5.30310822,5.66642094,6.17012262,5.81452751,4.34980488
Niger,NER,"Unemployment, total (% of total labor force) (national estimate)",SL.UEM.TOTL.NE.ZS,..,..,..,3.1,..,..,..,..,..,0.316,2.177,..,0.524,..,..,7.769,..,0.531,..,..,0.403
Niger,NER,"School enrollment, primary (% gross)",SE.PRM.ENRR,39.0056304931641,42.1091117858887,46.0418281555176,47.7686805725098,48.2523002624512,50.5029983520508,54.2272987365723,57.9658889770508,61.5986113613618,65.2535100604653,67.1548957778323,68.050738334559,68.6922497937291,70.8931423850977,72.8476843361488,74.3787719289761,..,66.7727319163256,..,65.864245185741,66.2539719118599
Niger,NER,"Agriculture, forestry, and fishing, value added (% of GDP)",NV.AGR.TOTL.ZS,41.3669351734986,41.1955263001462,37.3717285561201,39.2805201285945,39.7450785783419,37.094506437909,38.7750062340041,34.7848102748131,35.8213879566765,33.6467642815211,33.6809938208632,32.2350107295479,33.4290442343639,32.4169952714448,37.2079514113705,38.2607137093769,37.6792191632916,36.1554960959216,38.8344569845244,38.1399427232346,41.4571749267894
Niger,NER,Urban population (% of total population),SP.URB.TOTL.IN.ZS,16.2687206268311,16.2687225341797,16.2687225341797,16.2687225341797,16.2675724894628,16.2641887037781,16.2586706998252,16.2511180003032,16.2416301279116,16.2303066053496,16.2141284004355,16.2162595696064,16.2450424611665,16.3035606587493,16.3898280543236,16.5036987906896,16.6449011799221,16.813146499685,17.0081420003794,17.2295936666686,17.477207007512
Niger,NER,"Foreign direct investment, net inflows (% of GDP)",BX.KLT.DINV.WD.GD.ZS,0.281340736477619,0.5459244666531,0.649159742962507,1.13506754317922,0.847497530197073,1.72858641411291,3.87903143663185,8.62089060209857,10.146689915564,12.1645061403035,8.92367913404553,7.03516563238375,7.57591181433667,5.46761764113716,2.91395161360138,2.98179907216042,3.64069699983094,5.7737467118799,2.64247359719538,3.98247849972574,6.21933892730804
Niger,NER,Poverty headcount ratio at $3.00 a day (2021 PPP) (% of population),SI.POV.DDAY,..,..,..,83.8,..,82.9,..,..,..,68.8,..,..,60.3,..,..,..,59,..,..,60.5,..
Niger,NER,GDP per capita (current US$),NY.GDP.PCAP.CD,225.294391147438,265.225363452469,283.468281798296,318.643121918273,333.345078419447,387.168065883301,475.044955398162,461.131533961487,474.425692340831,510.75956176268,528.510104469655,552.103334363117,565.30989731175,485.662574175279,499.910520068193,529.929418934868,576.927536415462,541.265819870273,575.451340306915,609.585703670137,613.614736429298
Niger,NER,Access to electricity (% of population),EG.ELC.ACCS.ZS,8.8,9.3,9.7,7.1,9.3,11.2,11.8,12.3,13.6,14.3,14.4,15.2,15.7,16.6,17,17.6,17.6,18.5,18.7,18.6,19.5
Nigeria,NGA,GDP growth (annual %),NY.GDP.MKTP.KD.ZG,15.3291557409618,7.34719496793299,9.25055822923169,6.43851652535925,6.05942803202491,6.59113036066867,6.76447277784263,8.03692510100366,8.00565591623166,5.30792420293915,4.23006117492493,6.67133539308232,6.30971865521856,2.65269329541779,-1.61686894903467,0.805886619091581,1.92275734199798,2.20842927835211,-6.36889840468527,1.109252540249,4.31882949157136
Nigeria,NGA,"Inflation, consumer prices (annual %)",FP.CPI.TOTL.ZG,12.8765792031099,14.0317836131437,14.9980338183251,17.8634933661605,8.22743678120907,5.38610421570143,11.583054796681,12.5379242951095,13.7400521363694,10.8261371880018,12.2242413020582,8.49551838265678,8.04741087967907,9.00943498007706,15.6968126387972,16.5022662139641,12.0951065173432,11.3964223378115,13.2460234276598,16.9528457221608,18.8471877843274
Nigeria,NGA,"Life expectancy at birth, total (years)",SP.DYN.LE00.IN,48.02,48.618,49.148,49.538,49.876,50.381,50.748,51.08,51.315,51.49,51.688,51.827,51.94,51.939,52.189,52.397,52.669,53.009,53.072,53.455,54.079
Nigeria,NGA,"Government expenditure on education, total (% of GDP)",SE.XPD.TOTL.GD.ZS,..,..,..,..,..,..,..,..,..,..,0.549233086121929,0.534206768008091,0.470742539133469,0.436954905120644,0.393045646249364,0.396354013591345,0.419998493796127,0.358479005206684,0.35963763718498,0.381919104397325,0.348516707890877
Nigeria,NGA,Individuals using the Internet (% of population),IT.NET.USER.ZS,0.320461975542327,0.558576244860521,1.28613764134527,3.54915571796492,5.54503608300536,6.769999981,8,9.300000191,11.5,13.80000019,16.10000038,19.10000038,21,22.51420021,24.13750076,25.87789917,27.74370003,29.74410057,31.88879967,35.50979996,39.14720154
Nigeria,NGA,Current health expenditure (% of GDP),SH.XPD.CHEX.GD.ZS,2.49063969,5.05360985,4.63368416,4.46591949,4.25775146,3.90997243,3.69581532,3.5801971,3.29653287,3.32077932,3.35984254,3.4206934,3.34840417,3.58194995,3.64773679,3.74762511,3.09069347,2.98547053,3.38063431,4.07625723,4.21020174
Nigeria,NGA,"Unemployment, total (% of total labor force) (national estimate)",SL.UEM.TOTL.NE.ZS,..,..,..,..,..,..,..,..,..,3.77,..,3.711,4.562,4.311,7.06,8.389,..,4.448,..,..,3.827
Nigeria,NGA,"School enrollment, primary (% gross)",SE.PRM.ENRR,93.6976165771484,94.8095932006836,95.7809066772461,96.3063507080078,96.6624374389648,88.06884765625,79.2687530517578,80.3091735839844,79.8300399780273,84.6805572509766,85.9125900268555,87.8349702257826,84.1216580144923,25.5657563073792,78.8780517578125,..,81.6278513667331,..,84.371583976485,83.8092555956779,..
Nigeria,NGA,"Agriculture, forestry, and fishing, value added (% of GDP)",NV.AGR.TOTL.ZS,36.9650826661797,33.8270605515687,27.2304536006497,26.0892828250796,24.7349912601339,24.6625772142283,25.2797507802655,26.7488545066519,23.8937040912791,22.2347109931956,21.8599586165277,20.7586228322439,19.9902547680805,20.6318934800012,20.9831097083173,20.8465714300542,21.203773720121,25.7349305728483,28.3454204381389,29.3882780434873,28.5515522200407
Nigeria,NGA,Urban population (% of total population),SP.URB.TOTL.IN.ZS,44.9793025536893,45.8372080921761,46.6994804889599,47.5656414756863,48.424271994461,49.2357987173198,50.0505212312351,50.86453484762,51.6778188255446,52.490352424079,53.302114902293,54.1130855192568,54.9232435340404,55.7325682057138,56.541038793347,57.3486345560101,58.1553347527729,58.9611186427056,59.7659654848781,60.5698545383604,61.3727650622225
Nigeria,NGA,"Foreign direct investment, net inflows (% of GDP)",BX.KLT.DINV.WD.GD.ZS,1.97158413526786,1.91462056992191,1.38037387490881,2.83629405374322,2.03575267319875,2.16919536982392,2.41373918254011,2.90024873175983,1.64207369186652,2.133117701613,1.52378233769127,1.06953936497778,0.817478467870197,0.621501637000126,0.853395742751916,0.642182922336257,0.183821495682229,0.344961215906745,0.398484830423335,0.543909122159359,-0.0288727652155146
Nigeria,NGA,Poverty headcount ratio at $3.00 a day (2021 PPP) (% of population),SI.POV.DDAY,..,51.1,..,..,..,..,..,..,38.5,..,37.4,..,..,35.8,..,..,34.2,..,..,..,41.8
Nigeria,NGA,GDP per capita (current US$),NY.GDP.PCAP.CD,712.164852077686,763.388745367223,962.48104194733,1211.37703504386,1599.53891556365,1815.52697545827,2154.10543545364,1820.48633854782,2202.25672957344,2418.41316975875,2633.19734671361,2872.79083379398,3088.72131316169,2585.73360671797,2070.4127339595,1876.34027111773,2057.87944554011,3189.81286496183,2797.184580679,2787.48779220991,2899.16047469267
Nigeria,NGA,Access to electricity (% of population),EG.ELC.ACCS.ZS,44.6,52.2,46.1,46.8,47.6,50.1,50.3,50,48,55.9,53,55.6,54.2,52.5,59.3,54.4,56.5,55.4,55.4,59.5,60.5
North Macedonia,MKD,GDP growth (annual %),NY.GDP.MKTP.KD.ZG,1.49366547202928,2.22260165732409,4.67408957960916,4.72408864201974,5.13702516153505,6.47348685752347,5.47200139015595,-0.358614856979671,3.35875085773812,2.33988604520331,-0.456183223607937,2.92525766450484,3.62912351276373,3.85586514041738,2.84820519363306,1.08177273813243,2.88059670964267,3.91041953840173,-4.68845000956652,4.51067949038222,2.75888415332967
North Macedonia,MKD,"Inflation, consumer prices (annual %)",FP.CPI.TOTL.ZG,2.31459794083216,0.855562122724219,-0.448650206551934,0.525515950714247,3.21362929606345,2.2517579830545,8.33189666968108,-0.739633963061192,1.50997522027613,3.9047542206974,3.31605566687647,2.78500056726109,-0.281705032928494,-0.299920475631462,-0.239290787684501,1.35161889677442,1.45831298507126,0.766439573459805,1.20007348888469,3.23074912132928,14.2047173195833
North Macedonia,MKD,"Life expectancy at birth, total (years)",SP.DYN.LE00.IN,73.0390243902439,73.2414634146342,73.5975609756098,73.6975609756098,73.8951219512195,73.8,74.4,74.4463414634146,74.9975609756098,75.1,74.9024390243903,75.4,75.4512195121951,75.4024390243902,75.4,75.9536585365854,76.6487804878049,76.6024390243903,74.3951219512195,73.2463414634146,74.4248780487805
North Macedonia,MKD,"Government expenditure on education, total (% of GDP)",SE.XPD.TOTL.GD.ZS,3.30014991760254,..,..,..,..,..,..,..,..,..,..,..,..,..,..,..,..,..,..,..,..
North Macedonia,MKD,Individuals using the Internet (% of population),IT.NET.USER.ZS,17.33,19.07,24.44,26.45000076,28.62,36.29999924,46.04,51.77,51.9,56.7,57.449947312961,65.24,68.0584815397496,70.3802030766689,72.1568144676058,74.5168241807954,79.1677551850871,81.4128827618364,81.40553811,81.873703,83.85030365
North Macedonia,MKD,Current health expenditure (% of GDP),SH.XPD.CHEX.GD.ZS,8.97826958,9.00857735,8.46505451,7.67907524,7.38314581,6.57065344,6.55317593,6.52846384,6.71369696,6.51887369,6.61468363,6.71928358,6.28993368,6.34227896,6.37943363,6.43909454,6.45699358,7.06654119,7.73212385,8.41851234,7.42164755
North Macedonia,MKD,"Unemployment, total (% of total labor force) (national estimate)",SL.UEM.TOTL.NE.ZS,31.944,36.687,37.161,37.32,36.392,35.231,33.93,32.351,33.135,31.502,31.096,29.017,28.215,26.395,24.312,22.857,21.208,17.414,16.575,15.801,14.476
North Macedonia,MKD,"School enrollment, primary (% gross)",SE.PRM.ENRR,99.6265335083008,97.4190902709961,97.4486389160156,98.1046905517578,97.4777984619141,97.6788101196289,91.8012084960938,91.9132537841797,92.3337936401367,..,92.9667129516602,96.9780578613281,95.9001388549805,96.8858184814453,..,95.2024078369141,95.5603866577148,93.6538467407227,93.4353332519531,93.2624588012695,97.4866561889648
North Macedonia,MKD,"Agriculture, forestry, and fishing, value added (% of GDP)",NV.AGR.TOTL.ZS,10.1701207745349,11.5387764520235,11.5539948572935,9.73619454882038,8.98936805638514,8.93241688545385,11.4435151485936,10.3701684908181,10.1206048077275,9.35099292094117,9.10471970396591,10.0274760854448,10.1775672771312,9.72691849418736,9.17290831294816,7.87324504211252,8.47039846991427,8.13229139447626,8.56905928759264,7.14748884425831,7.27988785468163
North Macedonia,MKD,Urban population (% of total population),SP.URB.TOTL.IN.ZS,57.8726144171205,57.8501791693323,57.8527941292946,57.8614206464767,57.8796574341199,57.9111032054655,57.9593566737547,58.0280165522288,58.1206815541291,58.2409503926967,58.3924217811729,58.578694432799,58.8033670608162,59.0700383784659,59.3823070989891,59.7437719356273,60.1580316016216,60.6286848102132,61.1593302746435,61.6841975628139,61.9530566607267
North Macedonia,MKD,"Foreign direct investment, net inflows (% of GDP)",BX.KLT.DINV.WD.GD.ZS,2.8417888915258,2.40668449308174,5.4398972911896,2.32207737874559,6.22985642423446,8.79828562205673,6.17271448582765,2.76045082206623,3.20438209801498,4.83981702288781,3.46744163927686,3.72036775399161,0.535807905351314,2.94702779153329,5.14755489783813,3.36726558000357,5.11494867914756,4.35892493383855,0.0622421869397704,4.97315294989199,6.13067578989693
North Macedonia,MKD,Poverty headcount ratio at $3.00 a day (2021 PPP) (% of population),SI.POV.DDAY,3,2.8,1.4,3.1,4.6,..,1.4,12.1,12.8,10.9,9.1,7.4,6.4,7,5.7,5.6,4.3,3.9,..,..,..
North Macedonia,MKD,GDP per capita (current US$),NY.GDP.PCAP.CD,1989.13537265159,2445.36286400013,2818.5814561242,3120.98401394233,3440.4411057968,4204.11328760452,5026.4202989873,4799.78722768888,4833.36586759968,5416.86672931659,5049.8265386157,5626.26115664893,5925.38592218015,5262.68671928674,5598.48622617967,5955.2973863451,6713.98925398989,6718.85826635458,6659.59651070776,7620.80296977508,7606.2375253797
North Macedonia,MKD,Access to electricity (% of population),EG.ELC.ACCS.ZS,99,99,99.4,99.1,99,99.1,99.2,99.2,99.5,99.7,99.6,99.7,99.8,99.9,100,100,99.8,100,100,100,100
Northern Mariana Islands,MNP,GDP growth (annual %),NY.GDP.MKTP.KD.ZG,..,0.343170899107761,-3.07797537619699,-12.7028934368384,-6.87146321746161,-6.68402777777779,-11.0697674418605,-17.5732217573222,1.3959390862944,-7.38423028785982,0.810810810810807,2.68096514745308,4.177545691906,3.38345864661653,29.2121212121212,23.1707317073171,-19.4973343488195,-11.4474929044465,-29.0598290598291,4.96987951807229,16.6427546628408
Northern Mariana Islands,MNP,"Inflation, consumer prices (annual %)",FP.CPI.TOTL.ZG,..,..,..,..,..,..,..,..,..,..,..,..,..,..,..,..,..,..,..,..,..
Northern Mariana Islands,MNP,"Life expectancy at birth, total (years)",SP.DYN.LE00.IN,75.934,76.505,76.789,77.307,77.688,77.863,77.938,77.903,77.8,77.688,77.566,77.452,77.377,77.36,77.392,77.47,77.51,77.844,78.03,78.16,78.531
Northern Mariana Islands,MNP,"Government expenditure on education, total (% of GDP)",SE.XPD.TOTL.GD.ZS,..,..,..,..,..,..,..,..,..,..,..,..,..,..,..,..,..,..,..,..,..
Northern Mariana Islands,MNP,Individuals using the Internet (% of population),IT.NET.USER.ZS,..,..,..,..,..,..,..,..,..,..,..,..,..,..,..,..,..,..,..,..,..
Northern Mariana Islands,MNP,Current health expenditure (% of GDP),SH.XPD.CHEX.GD.ZS,..,..,..,..,..,..,..,..,..,..,..,..,..,..,..,..,..,..,..,..,..
Northern Mariana Islands,MNP,"Unemployment, total (% of total labor force) (national estimate)",SL.UEM.TOTL.NE.ZS,..,4.569,..,8.222,..,..,..,..,11.174,..,..,..,..,..,..,..,..,..,..,..,..
Northern Mariana Islands,MNP,"School enrollment, primary (% gross)",SE.PRM.ENRR,..,..,..,..,..,..,..,..,..,..,..,..,..,..,..,..,..,..,..,..,..
Northern Mariana Islands,MNP,"Agriculture, forestry, and fishing, value added (% of GDP)",NV.AGR.TOTL.ZS,..,..,..,..,..,..,..,..,..,..,..,..,..,..,..,..,..,..,..,..,..
Northern Mariana Islands,MNP,Urban population (% of total population),SP.URB.TOTL.IN.ZS,90.3408350832433,90.4244081904616,90.5036416127499,90.5796270580004,90.6534562341057,90.726220848958,90.7990126104496,90.8729232264729,90.9488180328106,91.0253367901352,91.1011927559234,91.1764941872129,91.2512344351276,91.3254068507915,91.3990047853283,91.4720215898621,91.5444506155168,91.6162852134162,91.6908367362908,91.7842137303802,91.8785788645608
Northern Mariana Islands,MNP,"Foreign direct investment, net inflows (% of GDP)",BX.KLT.DINV.WD.GD.ZS,..,..,..,..,..,..,..,..,..,..,..,..,..,..,..,..,..,..,..,..,..
Northern Mariana Islands,MNP,Poverty headcount ratio at $3.00 a day (2021 PPP) (% of population),SI.POV.DDAY,..,..,..,..,..,..,..,..,..,..,..,..,..,..,..,..,..,..,..,..,..
Northern Mariana Islands,MNP,GDP per capita (current US$),NY.GDP.PCAP.CD,19227.8894246608,18938.8728389967,18924.5831899653,17015.7487891715,16314.5578590027,15914.2193040498,16430.4461942257,14369.6339810212,14771.4037455399,13598.7166094613,14013.6003306158,14632.8518897608,15945.417608954,17665.1007493109,24225.474169342,31225.6049960968,26509.3628379893,24496.6652122421,18220.8382427201,19455.50139424,23785.754590043
Northern Mariana Islands,MNP,Access to electricity (% of population),EG.ELC.ACCS.ZS,99.9,99.9,99.8,99.8,99.7,100,100,100,100,100,100,100,100,100,100,100,100,100,100,100,100
Norway,NOR,GDP growth (annual %),NY.GDP.MKTP.KD.ZG,1.45747886087304,1.09635781210122,4.33015597691212,2.96973597025936,2.84726376691944,3.42030119916608,0.822805797014865,-1.61327151945869,1.00493269017117,1.38505117083945,2.82395673492459,1.27290177696287,2.09521388080101,2.04428845501438,1.29158732771135,2.66964474273466,1.1103912365576,1.46970781954143,-1.36055723261586,4.14314688769197,4.08039770659241
Norway,NOR,"Inflation, consumer prices (annual %)",FP.CPI.TOTL.ZG,1.28672528415184,2.48782553461781,0.454498502220863,1.53213367609249,2.3293498075755,0.712589073634201,3.75393081761005,2.19738586853568,2.41890639481003,1.2849515880916,0.696864111498263,2.12048620353112,2.04170286707211,2.17113665389527,3.55000000000007,1.87510059552545,2.76483134528797,2.16773003305411,1.28658490707996,3.48388055266669,5.76412317852272
Norway,NOR,"Life expectancy at birth, total (years)",SP.DYN.LE00.IN,78.9878048780488,79.390243902439,79.8414634146342,80.0414634146342,80.3439024390244,80.3951219512195,80.5926829268293,80.7951219512195,80.9975609756098,81.2951219512195,81.4512195121951,81.7512195121951,82.1,82.3048780487805,82.4073170731707,82.609756097561,82.7585365853659,82.9585365853659,83.209756097561,83.1634146341463,82.509756097561
Norway,NOR,"Government expenditure on education, total (% of GDP)",SE.XPD.TOTL.GD.ZS,7.42243003845215,7.39930009841919,7.27745008468628,6.84081983566284,6.35823011398315,6.50672006607056,6.2491397857666,7.07068014144897,6.71042013168335,6.4148998260498,7.32766008377075,7.43905019760132,7.64402008056641,7.52335977554321,7.98443984985352,7.84599018096924,7.59564018249512,7.86455011367798,8.37281036376953,6.9602198600769,5.43234014511108
Norway,NOR,Individuals using the Internet (% of population),IT.NET.USER.ZS,72.84,78.13,77.69,81.99,82.55,86.93,90.57,92.08,93.39,93.4899826515194,94.6499780533304,95.0534,96.3005098242892,96.810325691365,97.2982036675068,96.3576012951191,96.4916579887094,98.0000043853142,94.60755647,99.0000036,98.99997764
Norway,NOR,Current health expenditure (% of GDP),SH.XPD.CHEX.GD.ZS,8.98267078,9.19355106,8.79598331,8.29899502,7.8822999,8.01673985,7.91507673,9.03254128,8.8581152,8.73474026,8.72188568,8.87431335,9.28297901,10.06992245,10.53049755,10.22983646,9.96037865,10.43807507,11.42416382,9.8142643,7.90873051
Norway,NOR,"Unemployment, total (% of total labor force) (national estimate)",SL.UEM.TOTL.NE.ZS,4.022,4.221,4.256,4.381,3.397,2.493,2.521,3.1,3.527,3.196,3.129,3.425,3.486,4.296,4.68,4.164,3.801,3.684,4.424,4.359,3.231
Norway,NOR,"School enrollment, primary (% gross)",SE.PRM.ENRR,99.3154602050781,99.2785110473633,99.3458099365234,99.2598037719727,99.3583068847656,99.5711975097656,99.708251953125,99.7100524902344,99.6255111694336,99.6926803588867,99.6305236816406,99.6445617675781,99.4954223632812,99.3740463256836,99.2189407348633,99.2714920043945,99.1744232177734,99.0806503295898,98.8857498168945,98.9731903076172,98.9667587280273
Norway,NOR,"Agriculture, forestry, and fishing, value added (% of GDP)",NV.AGR.TOTL.ZS,1.41147581449175,1.18621089152231,1.26587226467111,1.29855565402287,1.30269200129636,1.12818251716599,1.01452813605667,1.15793167117956,1.43735583964105,1.21405066122744,0.991694683877473,1.15423267492879,1.2824764519382,1.36267847454537,1.88806883866435,1.77206243765106,1.66053367321766,1.61597276444378,1.66758075208392,1.45805904148152,1.51756476583542
Norway,NOR,Urban population (% of total population),SP.URB.TOTL.IN.ZS,76.7955442460288,77.2600021362305,77.5684593888498,77.8260148882032,78.0877227783203,78.4072502632828,78.7541006020666,79.0570820210427,79.245002746582,79.311620451463,79.4905925441617,79.9723980455359,80.6117159535579,81.2378240971353,81.6800003051758,81.9699745912375,82.2452112401723,82.4935894878281,82.7029885700532,82.8612877226956,82.9563661816034
Norway,NOR,"Foreign direct investment, net inflows (% of GDP)",BX.KLT.DINV.WD.GD.ZS,1.54164273891433,1.82352266071092,1.85140399656979,3.22999383954281,3.39589223808001,6.08270065269797,4.3592355460088,2.18259741615123,4.91540239256035,2.00759481951861,5.31305937295199,-0.253383714333266,0.628548707490107,1.81548452900569,-4.87068870473279,1.41952980990481,-1.24603124120942,3.84915053606091,-0.858417094148667,3.51903435020736,2.31291587479113
Norway,NOR,Poverty headcount ratio at $3.00 a day (2021 PPP) (% of population),SI.POV.DDAY,..,0.2,0.3,0.2,0.2,0.2,0.2,0.1,0.2,0.1,0.1,0.2,0.1,0.2,0.3,0.3,0.3,0.2,0.3,0.2,0.3
Norway,NOR,GDP per capita (current US$),NY.GDP.PCAP.CD,43048.288735011,50208.0960234078,57854.5698169407,67358.3615969796,75047.741700385,86600.2387607877,99001.5300678626,81939.726548458,90020.342257973,103545.218988177,104627.93694681,106333.138368566,100410.020200979,77220.9524311414,73222.4006864905,78771.2151264554,85579.0776455494,79329.3075190012,71057.5879471399,96442.5552173002,113122.130765691
Norway,NOR,Access to electricity (% of population),EG.ELC.ACCS.ZS,100,100,100,100,100,100,100,100,100,100,100,100,100,100,100,100,100,100,100,100,100
Oman,OMN,GDP growth (annual %),NY.GDP.MKTP.KD.ZG,-0.784165786429256,-2.19466567976842,1.99251510973346,2.77944360306151,4.66981481939328,4.98065467051528,8.95005895005896,5.98196694904402,2.47199856582773,2.89460973541192,8.86312225557018,5.22770408145942,1.29225229411081,5.01705799719045,5.04642394571691,0.304057565922449,1.28710391543288,-1.12863801728058,-3.37972052697999,2.5821749892893,7.98570728354278
Oman,OMN,"Inflation, consumer prices (annual %)",FP.CPI.TOTL.ZG,-0.279578822571373,0.231328682267143,0.624969062631367,1.90983553531865,3.54498591605033,5.8304841809271,12.3754091529912,3.46881023754893,3.25657959078624,4.0421886711639,2.94773495257209,1.05354820265932,1.01401483924156,0.0652901330286599,1.10920805807027,1.58909413567799,0.889312370970404,0.490815362820671,-0.40640291946585,1.68221185876085,2.5061425061425
Oman,OMN,"Life expectancy at birth, total (years)",SP.DYN.LE00.IN,74.276,74.521,74.82,75.07,75.354,75.596,76.124,76.631,77.184,77.74,78.187,78.633,79.03,79.346,79.581,79.748,79.864,79.946,77.763,75.969,77.911
Oman,OMN,"Government expenditure on education, total (% of GDP)",SE.XPD.TOTL.GD.ZS,3.77700996398926,3.40857005119324,3.5151801109314,3.07889008522034,3.37333011627197,..,..,3.6541600227356,..,..,..,4.35383987426758,..,..,..,5.99594020843506,4.58565998077393,5.06363010406494,6.87768983840942,..,4.38311004638672
Oman,OMN,Individuals using the Internet (% of population),IT.NET.USER.ZS,6.87339603918545,7.25574294536556,6.75885217024525,6.683599949,8.299699783,16.68,20,26.79999924,35.8278,48,60,66.45,70.22000122,73.52999878,76.8453904741456,80.18560028,85.5,90.25939941,95.23229321,95.23880005,95.24530029
Oman,OMN,Current health expenditure (% of GDP),SH.XPD.CHEX.GD.ZS,2.77737164,2.77524447,2.59660101,2.26479053,2.01985121,2.11371112,1.75567567,2.4694581,2.47588587,2.23611403,2.27702832,2.5054009,3.13740134,4.07826233,4.17580843,3.95418668,3.21469474,3.80648994,5.11922932,4.34468651,3.06614041
Oman,OMN,"Unemployment, total (% of total labor force) (national estimate)",SL.UEM.TOTL.NE.ZS,..,..,..,..,..,..,4.142,..,..,..,..,..,..,..,3.266,1.677,1.8,2.765,2.94,1.9,3.291
Oman,OMN,"School enrollment, primary (% gross)",SE.PRM.ENRR,92.9911499023438,96.4981994628906,..,96.953971862793,95.9230117797852,93.5471420288086,91.8159637451172,100.969787597656,..,111.140314266055,103.370301718633,105.94441986084,105.678726196289,104.035346984863,103.313171386719,101.832942186837,101.079902648926,97.7350515463917,90.636727982112,89.1980294207256,89.2455714414171
Oman,OMN,"Agriculture, forestry, and fishing, value added (% of GDP)",NV.AGR.TOTL.ZS,2.02622706822871,1.9295275549153,1.68992915860957,1.41513580029885,1.22533000226008,1.20022615297633,0.973923151725602,1.28833463870819,1.24729891956783,1.10041680929465,1.01551086474633,1.14226556083793,1.11270719472095,1.72976080728779,1.98532211721536,1.98459925247834,1.84942019099591,1.99471933938581,2.46923308847714,2.39218489397188,2.10827114663434
Oman,OMN,Urban population (% of total population),SP.URB.TOTL.IN.ZS,71.5013318111475,71.4926171971641,71.5428923484265,71.8577803438712,72.3920261203777,73.0679250158092,73.807772368029,74.5338635149003,75.1579724666274,75.6585803514688,76.088156621068,76.4914234214313,76.8892576748951,77.3025363037955,77.7521362304688,78.3142260040136,78.9655839720276,79.5780017545962,80.0176378922722,80.1239942103569,80.0117053152301
Oman,OMN,"Foreign direct investment, net inflows (% of GDP)",BX.KLT.DINV.WD.GD.ZS,0.473575608601034,0.10094531077486,0.391323075231172,4.33257156250914,3.74867907471091,6.89874269714346,4.22877879574812,2.72158933688519,1.91196478591436,2.10218875218974,1.5612029028198,1.79286446946825,1.3876575353227,-2.76001757846703,3.01624952400734,3.56005583896762,6.12067985447931,2.26908923371353,2.51548624054379,10.015189421015,6.25544528201825
Oman,OMN,Poverty headcount ratio at $3.00 a day (2021 PPP) (% of population),SI.POV.DDAY,..,..,..,..,..,..,..,..,..,..,..,..,..,..,..,..,..,..,..,..,..
Oman,OMN,GDP per capita (current US$),NY.GDP.PCAP.CD,9869.13050219438,10463.5425832141,11800.8507411171,14434.8577924647,16930.8565071853,18792.653772482,26576.779241509,20655.9180249218,23570.1798147325,25188.0074151885,24642.2978768596,23458.0233840053,23160.6502252547,18808.3077921839,17110.1897460545,17820.0661809335,19901.7615642016,19180.1864152801,16784.8630630058,19403.4600160211,23223.5829405935
Oman,OMN,Access to electricity (% of population),EG.ELC.ACCS.ZS,100,100,100,99.9,99.9,100,100,100,100,100,100,100,100,100,100,100,100,100,100,100,100
Pakistan,PAK,GDP growth (annual %),NY.GDP.MKTP.KD.ZG,2.59481668445784,5.40131087314342,7.83125556961251,7.2765744364722,6.05163767569996,4.4448143398844,2.1204410433083,3.47255059567348,1.50171752152883,2.68011685421705,3.02758391088629,4.36686504978387,4.11642817161422,4.21794209572506,6.57383828511043,4.43262590683975,6.15170261099519,2.49763692943365,-1.27408744338709,6.51388575852702,4.7781068690358
Pakistan,PAK,"Inflation, consumer prices (annual %)",FP.CPI.TOTL.ZG,3.29034472613153,2.91413470059479,7.44462469342739,9.06332737030417,7.92108440058789,7.59868441050774,20.2861210929554,13.6477650639761,12.9388705634889,11.9160927116277,9.68235186055684,7.69215611899565,7.18938402847028,2.52932817254229,3.7651191635658,4.08537368032608,5.07805725868917,10.5780305672025,9.74011619320125,9.49641577285205,19.8738599646655
Pakistan,PAK,"Life expectancy at birth, total (years)",SP.DYN.LE00.IN,62.556,62.834,63.097,62.416,63.624,63.807,64.002,64.206,64.378,64.659,64.883,65.129,65.374,65.641,65.943,66.223,66.481,66.729,65.701,65.773,67.417
Pakistan,PAK,"Government expenditure on education, total (% of GDP)",SE.XPD.TOTL.GD.ZS,..,..,1.44337999820709,1.67058002948761,1.98055994510651,2.23465991020203,2.27265000343323,2.17916989326477,2.05268001556396,2.00100994110107,1.97880005836487,2.23698997497559,2.2043399810791,2.38609004020691,2.66805005073547,2.57617998123169,2.33216949688293,2.21492004394531,2.05718240718423,1.68746129213991,1.97300945756988
Pakistan,PAK,Individuals using the Internet (% of population),IT.NET.USER.ZS,2.57742673683831,5.04115812592502,6.16432098534156,6.332300186,6.5,6.800000191,7,7.5,8,8,8.100000381,9,10,11,12.385446763381,13.77999973,15.34000015,17.070901719916,18.935,..,..
Pakistan,PAK,Current health expenditure (% of GDP),SH.XPD.CHEX.GD.ZS,2.42219901,2.10399199,2.03666282,2.37323904,2.73132491,2.62370729,2.56806731,2.49995875,2.42967653,2.23121333,2.22185278,2.4164784,2.48899078,2.49493265,2.57026362,2.7863009,2.82844949,2.84736943,2.95273018,2.99015832,2.90354776
Pakistan,PAK,"Unemployment, total (% of total labor force) (national estimate)",SL.UEM.TOTL.NE.ZS,7.827,7.489,7.398,7.047,0.582,0.398,0.423,0.535,0.653,0.796,3.667,2.954,1.827,3.566,2.285,..,4.083,4.83,6.74,6.338,..
Pakistan,PAK,"School enrollment, primary (% gross)",SE.PRM.ENRR,62.9242095947266,64.7272720336914,68.6156463623047,71.9533462524414,68.5336532592773,72.8158721923828,72.6429901123047,72.9343795776367,73.6427366739346,70.4406693319938,69.90386379122,68.8875716330274,72.1897974318755,71.7399191116414,75.7336415786478,74.497149935232,77.3862722679522,78.702552622727,..,80.3165790075685,78.9400248844352
Pakistan,PAK,"Agriculture, forestry, and fishing, value added (% of GDP)",NV.AGR.TOTL.ZS,22.7026275435674,22.1519373367714,22.0018900085347,21.5745096992331,20.4183460540925,19.9379514329097,20.351365282755,21.7869229749534,22.6888101741789,23.819642978628,23.3861955340345,23.7075945934908,23.4927320097855,23.2628407756242,22.3283302035697,21.9632035366872,21.6512353593957,20.6778713222887,21.8541325548966,22.6625080760743,22.3268646996031
Pakistan,PAK,Urban population (% of total population),SP.URB.TOTL.IN.ZS,33.3857078542752,33.5669209665019,33.7441369568158,33.9190062789495,34.0931793866356,34.2683067336065,34.4460387735948,34.6280259603331,34.8159187475539,35.0113675889897,35.2160229383731,35.4315352494366,35.6595549759128,35.9017325715342,36.1597184900333,36.4351548223399,36.7478511550359,37.1091631735769,37.5080192948099,37.9333395514173,38.3740439760816
Pakistan,PAK,"Foreign direct investment, net inflows (% of GDP)",BX.KLT.DINV.WD.GD.ZS,0.843517300073237,0.475207711805665,0.845585701616171,1.51575083116461,2.63975006245443,3.03571933817685,2.68936656124595,1.24801305527951,1.02791108080423,0.575055145839944,0.343453048660945,0.515353849332245,0.695308116834202,0.557734356032139,0.821349998064174,0.735837049658425,0.487745750658143,0.696146480411465,0.684695289874347,0.616039439073827,0.389980753542853
Pakistan,PAK,Poverty headcount ratio at $3.00 a day (2021 PPP) (% of population),SI.POV.DDAY,..,..,40.9,40.8,..,34.9,..,..,26.7,25.9,..,21.2,..,16.9,..,..,16.5,..,..,..,..
Pakistan,PAK,GDP per capita (current US$),NY.GDP.PCAP.CD,599.937345723927,672.44178669894,771.902247348954,827.619861189926,900.873564984808,998.090114197524,1067.04324565284,963.788066395225,987.304571124485,1131.73513834324,1204.36475491585,1225.4340119198,1266.61340849959,1380.47020838317,1424.69161195897,1519.23459514248,1569.33814626355,1390.41690981745,1278.39735206896,1455.31922370186,1538.3228133171
Pakistan,PAK,Access to electricity (% of population),EG.ELC.ACCS.ZS,74.9,76,77,78.1,79.1,80.2,81.4,82.5,87.1,87.8,88.6,89.3,90.1,91,91.8,92.7,93.4,93.9,94.5,94.9,95
Palau,PLW,GDP growth (annual %),NY.GDP.MKTP.KD.ZG,4.71497567037891,-2.12775905744436,3.47251267849076,2.88482026504025,0.228102952380539,0.687060932625798,-5.55349767521281,-6.19509416666021,-3.02648271979963,4.5453422056307,2.06132919740671,-1.39368330622723,4.21392368136632,8.57000568228419,1.66650688235592,-3.42143170174889,-0.417625859260369,0.300684343692609,-6.00740723664144,-11.9146400192064,-0.462879543823192
Palau,PLW,"Inflation, consumer prices (annual %)",FP.CPI.TOTL.ZG,-1.30123617436562,0.922874093605824,4.96407576747217,3.9514623522091,4.42981143370254,3.23875035826881,11.9655746807329,1.43813538308953,1.44219017355169,4.6746987951807,3.61418047882138,3.35481004221287,4.19174548581256,0.949040643697081,-1.04230533415074,1.4179881966692,2.10970464135017,0.26737967914444,0.218181818181833,2.6124818577648,12.3526638378124
Palau,PLW,"Life expectancy at birth, total (years)",SP.DYN.LE00.IN,65.076,65.446,65.816,66.219,66.633,67.113,67.562,67.99,68.347,68.638,68.863,68.981,69.062,69.07,69.046,69.019,68.989,68.982,68.689,68.563,68.922
Palau,PLW,"Government expenditure on education, total (% of GDP)",SE.XPD.TOTL.GD.ZS,7.54601001739502,..,..,..,..,..,..,..,..,..,..,..,..,..,..,..,..,..,3.47118076238812,3.94417105804533,3.57620133415525
Palau,PLW,Individuals using the Internet (% of population),IT.NET.USER.ZS,20.243939470621,21.6015271777354,26.9703326341025,..,..,..,..,..,..,..,..,..,..,..,..,..,..,..,..,..,82.56749725
Palau,PLW,Current health expenditure (% of GDP),SH.XPD.CHEX.GD.ZS,7.28691149,8.095788,9.13479805,8.63174248,8.73999214,8.83709908,8.41378212,9.63057423,10.93099976,9.9432106,10.24609089,10.92691708,10.71111488,9.76325321,10.01226997,10.90419006,11.19109821,12.17405796,13.31541061,14.55276012,14.87842083
Palau,PLW,"Unemployment, total (% of total labor force) (national estimate)",SL.UEM.TOTL.NE.ZS,..,..,..,4.175,..,..,..,..,..,..,..,..,1.357,..,..,..,..,..,0.765,..,..
Palau,PLW,"School enrollment, primary (% gross)",SE.PRM.ENRR,..,113.169898986816,108.352798461914,109.526702880859,107.807418823242,107.821228027344,..,..,..,..,..,116.396903589022,112.723521320495,..,..,..,..,..,105.470914127424,108.989547038328,92.0141342756184
Palau,PLW,"Agriculture, forestry, and fishing, value added (% of GDP)",NV.AGR.TOTL.ZS,3.82518689918059,3.85677954330824,3.89357694111331,4.20003058376016,4.79302000736296,4.0877959609445,4.2678050963537,4.23320289137152,4.07759784493199,3.99593001671915,3.84928374731951,3.97466910847905,3.53052555144249,3.03306826116009,3.06745750963587,3.47557518597223,3.45833441302561,3.39002106726629,3.30964015590861,3.4153792011821,3.30414723150432
Palau,PLW,Urban population (% of total population),SP.URB.TOTL.IN.ZS,72.3817031907384,74.5444848058291,76.445323887982,77.574268209537,78.306895759147,79.019601300651,79.6639213135968,80.2186712923386,80.6626667312304,80.9747231246263,81.1285663568435,81.0756895339142,80.7338640362566,80.388246269234,80.1089335766065,79.8284579022498,79.5520868568744,79.2803814152827,79.0796884006264,79.0890798782416,79.1134831712956
Palau,PLW,"Foreign direct investment, net inflows (% of GDP)",BX.KLT.DINV.WD.GD.ZS,1.16871079190153,2.97199046447763,4.11450249401749,2.13941257176349,17.4461187869535,2.23620138971211,2.38219009740441,1.51636759564605,1.45705691768063,4.26622995411941,10.0680676467115,7.97369531322155,16.2404971437691,12.2105000171013,21.3160010533217,16.4629967831161,17.6086082790045,16.148733481348,17.0121257223563,13.5977706323233,30.0500084227105
Palau,PLW,Poverty headcount ratio at $3.00 a day (2021 PPP) (% of population),SI.POV.DDAY,..,..,..,..,..,..,..,..,..,..,..,..,..,..,..,..,..,..,..,..,..
Palau,PLW,GDP per capita (current US$),NY.GDP.PCAP.CD,8340.18965031021,7862.39286077623,8393.73029137235,9367.68615343862,9737.01943934058,10155.0470806134,10471.1510008417,9837.49883077663,10018.065238367,10795.639900708,12098.4124331551,12820.5931621147,13854.730278013,15938.3652222848,17043.6660673147,16280.241199753,16179.877834849,15841.8923474548,14556.30954221,13267.4877340719,13934.951996171
Palau,PLW,Access to electricity (% of population),EG.ELC.ACCS.ZS,98,98.1,98.1,98.9,98.3,98.4,98.5,98.6,98.8,98.9,97.6,99.2,99.8,99.5,100,100,100,100,100,100,100
Panama,PAN,GDP growth (annual %),NY.GDP.MKTP.KD.ZG,2.50884372716125,5.09686030493801,8.17565333965649,8.27618334503531,9.85723870564752,13.1530653782933,10.1974325907958,1.61186405976055,6.07339353106087,11.9088772249531,9.62729346439019,6.32435388662846,4.62581375565551,5.26691719595516,4.57196707937275,5.7440594635578,3.91824253321265,3.10295395631086,-17.8211174074602,16.4669992022652,11.0386022908773
Panama,PAN,"Inflation, consumer prices (annual %)",FP.CPI.TOTL.ZG,1.00583090379039,0.391666666666709,0.474723078204362,2.85588324760957,2.45789346442102,4.1686330029888,8.7586831772878,2.40905304082201,3.49128872618809,5.87580243678763,5.69819959165993,4.02715991571061,2.62652699929143,0.137492058461588,0.73973402529995,0.875585918759963,0.761578359399945,-0.355083821021246,-1.55027540803761,1.63070337301898,2.85965128834711
Panama,PAN,"Life expectancy at birth, total (years)",SP.DYN.LE00.IN,74.195,74.567,74.845,75.16,75.429,75.675,75.937,76.228,76.417,76.659,76.877,77.129,77.365,77.583,77.772,77.901,78.266,78.514,76.33,77.004,79.324
Panama,PAN,"Government expenditure on education, total (% of GDP)",SE.XPD.TOTL.GD.ZS,4.2549901008606,4.19644021987915,3.55807995796204,..,..,..,3.42529010772705,..,..,3.07034993171692,..,..,3.08107995986939,3.26552009582519,3.32278990745544,3.37834000587463,3.4524199962616,3.28122011579173,4.30487012863159,3.71198010444641,3.37781000137329
Panama,PAN,Individuals using the Internet (% of population),IT.NET.USER.ZS,8.51807781515595,9.98742407723405,11.1408625409415,11.48400021,17.34959984,22.29,33.82,39.08,40.1,42.7,40.3018952210488,44.03,44.9238152577893,51.2054249948687,54,59.9506309038683,61.8055313202468,63.6284147731451,64.82430267,66.04270172,67.2838974
Panama,PAN,Current health expenditure (% of GDP),SH.XPD.CHEX.GD.ZS,7.05643845,6.71176672,7.08192825,6.20666599,6.54604864,7.35227633,6.80452538,6.9857955,7.22332573,6.83196259,6.50450659,6.52210426,6.91532087,6.93698502,7.09378099,7.16492653,7.60132933,8.13541794,10.21630001,9.13571072,9.04578876
Panama,PAN,"Unemployment, total (% of total labor force) (national estimate)",SL.UEM.TOTL.NE.ZS,14.108,13.619,12.441,10.327,9.111,6.783,..,5.105,5.832,3.922,3.714,3.732,4.444,4.402,4.843,5.461,5.313,6.409,18.548,10.293,8.281
Panama,PAN,"School enrollment, primary (% gross)",SE.PRM.ENRR,108.213760375977,107.406356811523,108.947196960449,107.977203369141,108.620910644531,109.872016906738,108.608779907227,106.596946716309,105.504772050038,104.523012045042,103.146450660238,102.088016559889,99.132606826684,96.205074799494,93.4375028559417,94.7657015347774,..,93.3286426450155,95.2048771264878,100.88841591996,101.563230633345
Panama,PAN,"Agriculture, forestry, and fishing, value added (% of GDP)",NV.AGR.TOTL.ZS,6.61481084465062,6.71919032928103,6.20690447123381,5.72339051926946,5.29180834772909,4.7526485380607,4.44423048452242,3.78306123386363,3.63600328993314,3.27922461816528,3.12877687887502,3.05395074897129,2.98667755648831,2.94961630201192,2.78054588931133,2.57262188471475,2.44618170062367,2.45508077795197,3.06418840436243,2.80289215776646,2.60370307107068
Panama,PAN,Urban population (% of total population),SP.URB.TOTL.IN.ZS,63.0330904426342,63.4079949945516,63.7553758418416,64.0721934428526,64.355408255933,64.6019807394311,64.8088713516952,64.9730405510737,65.0926097647906,65.1896678664818,65.2829468288151,65.3709770103365,65.4531164770096,65.5287232947981,65.5971555296656,65.6577712475758,65.7099285144924,65.752985396379,65.7862999591993,65.8092302689169,65.8211343914956
Panama,PAN,"Foreign direct investment, net inflows (% of GDP)",BX.KLT.DINV.WD.GD.ZS,1.93034036728479,7.72303743989763,8.46279991168861,6.64344440768547,15.7789064536681,10.2406206022371,9.29189970284583,3.90591048455581,8.43207038785787,12.31683544373,8.13045858967083,8.09167357098281,9.69216526905834,9.17966898468326,8.78226077131318,6.34573158944271,6.39404563819442,6.71350419888271,-2.85980025219661,2.71982266279312,3.09254919376261
Panama,PAN,Poverty headcount ratio at $3.00 a day (2021 PPP) (% of population),SI.POV.DDAY,17.2,16.8,15.5,14.5,15.7,13,9,6.6,7.7,6.1,7.4,5.9,6.4,4.8,4.8,4.3,3.7,2.9,..,3.3,..
Panama,PAN,GDP per capita (current US$),NY.GDP.PCAP.CD,4090.58617397129,4264.66428846636,4644.56582353041,5017.7410922824,5528.76705469354,6317.81730274124,7347.59050324397,7796.92617035048,8331.46421351868,9662.29592216607,11064.8063606203,12273.3225037637,13213.1989637473,14082.6548502728,14832.3611608191,15694.6297454295,16151.3273478476,16477.9066285687,13290.5608347594,15509.8069109784,17378.6070083597
Panama,PAN,Access to electricity (% of population),EG.ELC.ACCS.ZS,82.1,87.8,83.4,84.1,84.8,85.5,86.3,87,86.8,88.6,89.3,89.1,90.8,91.6,92.4,93.7,93.8,93.9,95.3,95.3,95
Papua New Guinea,PNG,GDP growth (annual %),NY.GDP.MKTP.KD.ZG,-0.158900533082658,2.16410250222083,2.72117574098235,6.34479592309654,5.40994409107307,7.81518922862388,-0.296457845880582,6.80042148322096,10.1284540720232,1.10754362619616,4.65711959686239,3.82494632800675,13.5437706216546,6.57835632304275,5.48957315278187,3.53461081750459,-0.279252284959952,4.48051456942582,-3.16743204434815,-0.510612607034361,5.70701964996525
Papua New Guinea,PNG,"Inflation, consumer prices (annual %)",FP.CPI.TOTL.ZG,11.7994470972606,14.7090779663557,2.15893131266946,1.78080439925826,2.3684623841683,0.91135045567524,10.7614182326827,6.91832532601224,6.01360893567856,4.44083401028971,4.53720508166972,4.9603174603175,5.22211720226841,5.99595778127107,6.6737288135593,5.42204568023834,4.37448921453162,3.92867290939597,4.87167398565555,4.48359014042398,5.25323922215241
Papua New Guinea,PNG,"Life expectancy at birth, total (years)",SP.DYN.LE00.IN,61.643,61.741,61.795,61.868,62.018,62.211,62.511,62.772,63.056,63.382,63.639,63.927,64.198,64.473,64.7,64.923,65.114,65.331,65.075,64.358,65.274
Papua New Guinea,PNG,"Government expenditure on education, total (% of GDP)",SE.XPD.TOTL.GD.ZS,..,..,..,..,..,..,..,..,..,..,..,..,..,1.62515691017505,0.853806396301458,1.96493005752563,1.8748300075531,0.761761143914634,0.898018542083257,0.713984905932403,0.643376920751815
Papua New Guinea,PNG,Individuals using the Internet (% of population),IT.NET.USER.ZS,1.3216569348661,1.37440466802801,1.5079127722725,1.71619047556782,1.754487260668,1.790599942,1.15,1.61,1.28,2,3.5,5.099999905,6.5,7.900000095,9.601499557,11.20919991,12.35789967,13.62419987,15.02040005,16.55960083,18.25659943
Papua New Guinea,PNG,Current health expenditure (% of GDP),SH.XPD.CHEX.GD.ZS,2.77562952,2.4531486,2.59372902,2.44874048,2.42600322,2.42102122,2.13526058,2.32937527,2.10756016,2.29397798,2.66693544,2.99727893,3.27119064,1.81881714,2.33063054,2.22970986,2.30051899,2.3253386,2.30193973,2.33994722,2.61463141
Papua New Guinea,PNG,"Unemployment, total (% of total labor force) (national estimate)",SL.UEM.TOTL.NE.ZS,..,..,..,..,..,..,..,..,2.002,2.624,..,..,..,..,..,..,..,..,..,..,2.689
Papua New Guinea,PNG,"School enrollment, primary (% gross)",SE.PRM.ENRR,59.6682815551758,56.1848297119141,56.0239791870117,57.029369354248,55.561408996582,..,59.4429588317871,..,..,..,100.860790212899,..,101.784196531861,..,104.505056068347,..,110.133799712778,105.318008718042,102.053543720153,101.941113862706,111.086149294969
Papua New Guinea,PNG,"Agriculture, forestry, and fishing, value added (% of GDP)",NV.AGR.TOTL.ZS,37.9906481918408,38.3485879322483,35.9686628123206,..,20.4032370575395,19.608590823475,20.1748721590487,21.6434677774704,19.6083870979546,19.1997113715188,19.2739507668723,19.2600193533343,17.6919442750767,17.4569301700841,17.8663404294926,17.649568905745,16.9738355202322,16.9764457469667,18.7553254780877,18.9898815838299,16.9085678890435
Papua New Guinea,PNG,Urban population (% of total population),SP.URB.TOTL.IN.ZS,13.1530694608835,13.1226067833938,13.0951673752744,13.0708971726612,13.04994211169,13.0324481284965,13.0185611592166,13.008427139986,13.0021920069407,13.0000025015364,13.0143796071362,13.0582475733094,13.1316404025265,13.2341359836319,13.3653651942392,13.5249644881888,13.7125720532162,13.9278267446947,14.1703677185729,14.4398342822353,14.7358658260841
Papua New Guinea,PNG,"Foreign direct investment, net inflows (% of GDP)",BX.KLT.DINV.WD.GD.ZS,0.672123736108209,4.76766811241029,0.828665064000147,0.821562762714584,1.53859475240196,1.36861708392094,0.410070468415145,3.61496051286185,0.249749808529939,0.202496658911332,0.135226482435046,0.126069328063533,0.126824295087963,0.138228028178879,-0.188417025477419,-0.788236305745218,1.27185526445477,1.35581279394242,0.473794497066331,-0.131802749385713,3.76980845499621
Papua New Guinea,PNG,Poverty headcount ratio at $3.00 a day (2021 PPP) (% of population),SI.POV.DDAY,..,..,..,..,..,..,..,52.2,..,..,..,..,..,..,..,..,..,..,..,..,..
Papua New Guinea,PNG,GDP per capita (current US$),NY.GDP.PCAP.CD,506.331789534482,577.467922387259,620.596147680561,744.486489977433,1238.18282926706,1370.753415829,1624.79319935188,1568.83193368607,1866.86889851208,2288.37591141234,2635.0873631547,2560.77458976327,2723.17529825196,2484.5963398603,2316.39479758492,2477.76530986323,2566.36833735041,2575.77274140393,2429.61134585269,2607.97769973161,3102.29409730005
Papua New Guinea,PNG,Access to electricity (% of population),EG.ELC.ACCS.ZS,13.1,13.4,13.8,14.1,12.4,14.9,15.3,17.2,19.5,17.3,17.5,17.8,18.1,18.4,13.5,19.2,16.6,23.6,20.5,20.9,19
Paraguay,PRY,GDP growth (annual %),NY.GDP.MKTP.KD.ZG,-0.0214043949985694,4.32074548551591,4.05741836363771,2.13349066459601,4.80711719268376,5.42162287218235,6.4962921197091,-0.261137328080281,11.0952312685521,4.28637120702282,-0.708043112316886,8.29307648940471,5.30123864473624,2.95715168367079,4.26802583314583,4.81007885554041,3.20425034076639,-0.40185510068001,-0.819785390971916,3.99461510731535,-0.0280771723899278
Paraguay,PRY,"Inflation, consumer prices (annual %)",FP.CPI.TOTL.ZG,10.5102420856612,14.2367970499143,4.32326492967491,6.80738203116377,9.58934941129229,8.13047417698577,10.1547846489023,2.59194673430567,4.65116279069765,8.2539682539683,3.67591897974496,2.68385738718582,5.02882767456766,3.12900274473925,4.08682280577241,3.60247741348943,3.97561015740694,2.75709727562775,1.76751592356698,4.787983101236,9.76556667164402
Paraguay,PRY,"Life expectancy at birth, total (years)",SP.DYN.LE00.IN,70.539,70.795,71.054,71.317,71.584,71.817,72.047,72.282,72.551,72.787,73.105,73.292,73.415,73.454,73.487,73.45,73.627,73.668,72.72,68.108,72.319
Paraguay,PRY,"Government expenditure on education, total (% of GDP)",SE.XPD.TOTL.GD.ZS,3.40773010253906,3.3827600479126,2.86989998817444,..,..,2.73951005935669,..,..,2.7707200050354,3.69283008575439,3.66877007484436,2.67871193892232,2.59655894629063,3.33377822870463,3.43498992919922,3.09062070242279,3.2961960606943,3.48983027194334,3.93615007400513,3.41070008277893,3.39619994163513
Paraguay,PRY,Individuals using the Internet (% of population),IT.NET.USER.ZS,1.79496959770244,2.11194208210034,3.45243843137079,7.90700786141285,7.962100029,11.21,14.27,18.9,19.8,24.7635158793993,29.34,36.9,43.0073750122614,49.716304663966,53.4041274791009,61.0757562215797,64.9935430235756,68.5176284222264,73.95751114,77.01838621,76.25916611
Paraguay,PRY,Current health expenditure (% of GDP),SH.XPD.CHEX.GD.ZS,4.75770569,4.90703917,4.93224335,4.82934713,5.01927567,5.02042723,5.03776026,5.52496862,5.46593952,5.82225847,6.53144598,6.0642848,6.62719059,6.69165802,6.67556572,6.60902548,6.74497652,7.16081905,7.67533064,8.03277016,7.73537827
Paraguay,PRY,"Unemployment, total (% of total labor force) (national estimate)",SL.UEM.TOTL.NE.ZS,9.393,6.814,6.513,4.825,5.277,4.713,4.415,5.46,4.569,4.67,4.085,4.385,5.034,4.556,5.255,6.138,6.217,6.595,7.548,7.329,6.762
Paraguay,PRY,"School enrollment, primary (% gross)",SE.PRM.ENRR,119.554328918457,115.775802612305,115.572067260742,116.596778869629,114.910606384277,113.681617736816,112.590606689453,111.871238708496,112.199429171095,111.292626449933,115.087921142578,..,..,..,100.612358093262,..,..,..,90.8342908567893,92.5220031738281,91.0286415669387
Paraguay,PRY,"Agriculture, forestry, and fishing, value added (% of GDP)",NV.AGR.TOTL.ZS,11.0096432644682,13.0089432672836,13.9333504941588,12.7139528266327,11.7935958026272,12.7097347758464,13.4176454912017,9.9479381560247,13.0144797820733,13.7962263457725,10.0422288967986,12.8648395783659,11.7708565050207,9.44042072521197,10.6965134075242,10.1848244821521,9.95020338548856,9.66747366416727,10.7279902822115,11.2827254343473,10.9265749590137
Paraguay,PRY,Urban population (% of total population),SP.URB.TOTL.IN.ZS,58.3089732866691,58.5521334403429,58.7421370296254,58.894079141979,59.0202286834627,59.1328545601355,59.2442256780564,59.3666109432844,59.5122792618786,59.693499539898,59.9212909454702,60.2375315600901,60.7101965948157,61.3302768533263,62.0827613208606,62.9526389826574,63.9248988239553,64.9845298299929,66.116520986009,67.3058612772421,68.6396537819458
Paraguay,PRY,"Foreign direct investment, net inflows (% of GDP)",BX.KLT.DINV.WD.GD.ZS,1.25620797120523,-0.750191694990596,0.976461922292792,0.067986029076693,1.39842122336644,0.588024684579866,1.83503669212202,0.860674450934745,2.76173378510787,1.95875255092885,2.61172771954633,1.13236628162492,2.51353754605074,2.22350808882673,2.27032682691816,1.94681321407537,0.787454987833175,1.28022785728037,0.816723740272233,1.46244749899002,2.0438895221054
Paraguay,PRY,Poverty headcount ratio at $3.00 a day (2021 PPP) (% of population),SI.POV.DDAY,19.6,13.8,10.7,10.1,14.1,12.6,7.9,9.1,9.4,8.9,6.4,4.1,4.3,4.2,4.2,2.4,3.1,2.4,2.6,1.9,3.2
Paraguay,PRY,GDP per capita (current US$),NY.GDP.PCAP.CD,1367.76506935997,1443.99885236205,1786.21533938543,1970.87169852378,2439.43124694576,3211.93621659546,4384.9546943793,3941.84815479271,4750.96273669322,5805.40154543044,5642.1699167298,6435.68342733182,6652.25478942291,5879.33792308671,5775.1596339946,6152.26711537703,6258.44991640954,5821.18199548637,5365.47220721191,5974.9057185863,6189.10205375331
Paraguay,PRY,Access to electricity (% of population),EG.ELC.ACCS.ZS,91.7,92.6,93.2,94.7,96.7,96.5,96.7,96.9,97.4,98.2,97.8,99,99,99.3,98.4,99.3,99.6,99.7,99.7,100,100
Peru,PER,GDP growth (annual %),NY.GDP.MKTP.KD.ZG,5.45352893818767,4.16502313666112,4.95820320611745,6.28506032509601,7.5288990440594,8.5183877690955,9.1265683014642,1.0958236592427,8.33245910749577,6.32719240161117,6.13972470560435,5.85251821084928,2.38215737180541,3.25224477218451,3.95331871520767,2.51883544233135,3.969351341365,2.24063176875049,-10.9333065010382,13.4166456126513,2.81819976419922
Peru,PER,"Inflation, consumer prices (annual %)",FP.CPI.TOTL.ZG,0.193135003853722,2.25937753363072,3.66247320092233,1.61630193862544,2.00225801248819,1.77998644680372,5.78587598206755,2.936231535967,1.52832059732901,3.36931095333853,3.61121294940163,2.76789666082002,3.41194579807465,3.39809194746308,3.55717663556279,2.99490045809443,1.50915423024742,2.25212191358027,2.00241205759292,4.27166381536798,8.33370630096231
Peru,PER,"Life expectancy at birth, total (years)",SP.DYN.LE00.IN,70.815,71.278,71.447,71.988,72.337,72.746,72.743,72.631,72.886,73.327,73.979,74.591,75.26,75.732,75.951,75.958,76.018,76.275,73.832,71.596,76.834
Peru,PER,"Government expenditure on education, total (% of GDP)",SE.XPD.TOTL.GD.ZS,2.82056999206543,2.93779993057251,2.95787000656128,2.83903002738953,2.65281009674072,2.62940001487732,2.8677499294281,3.13994002342224,2.86730003356934,2.6635000705719,2.92276000976562,3.29729008674622,3.69599008560181,3.96933007240295,3.81316995620727,3.93130993843079,3.71392011642456,3.822429895401,4.25937986373901,3.92765998840332,3.83975005149841
Peru,PER,Individuals using the Internet (% of population),IT.NET.USER.ZS,8.96694917040028,11.6,14.1,17.10000038,20.70000076,25.20000076,30.57,31.4,34.77,36.01,38.2,39.2,40.2446560091704,40.8526009090468,45.4617406869459,50.4504121848143,55.0543342443197,59.9505036049006,65.25179796,71.10782643,74.67495213
Peru,PER,Current health expenditure (% of GDP),SH.XPD.CHEX.GD.ZS,4.93902588,4.58703804,4.42972279,4.66598511,4.409585,4.42611313,4.53098345,4.95976877,4.70582962,4.52216864,4.72939587,4.71272659,4.90967321,4.90453625,4.89353323,4.80915499,5.0835557,5.12525272,6.34739399,6.67309427,6.0974617
Peru,PER,"Unemployment, total (% of total labor force) (national estimate)",SL.UEM.TOTL.NE.ZS,4.84,4.151,4.707,4.866,4.172,4.078,4.025,3.964,3.595,3.477,3.238,3.575,3.208,3.272,3.741,3.691,3.492,3.379,7.179,5.097,4.003
Peru,PER,"School enrollment, primary (% gross)",SE.PRM.ENRR,115.819259643555,114.657218933105,114.192283630371,114.135032653809,114.313377380371,114.932861328125,112.584442138672,112.00821685791,112.186592102051,109.572143554688,103.61678314209,105.152191162109,102.949859619141,102.787979125977,104.087951660156,102.807487487793,104.412582397461,108.469970703125,113.065826416016,113.829208374023,114.349319458008
Peru,PER,"Agriculture, forestry, and fishing, value added (% of GDP)",NV.AGR.TOTL.ZS,7.52396323647705,7.31291934402482,6.93443306205717,6.85426462318893,6.60348433016044,6.70580838491928,7.16094114578461,7.40390665571257,6.82799723597835,7.10011013658205,6.72523424077649,6.66831016491401,6.80424741378252,7.04564405972046,6.93503461650105,6.77975956010925,6.88584285144097,6.85303103477238,7.7158463734968,7.12023137308911,7.17112273409977
Peru,PER,Urban population (% of total population),SP.URB.TOTL.IN.ZS,73.5500651944675,73.9558750733136,74.3769516383133,74.8162354830832,75.2766672012397,75.7615250588738,76.2744879116779,76.822147540745,77.4020936833934,78.0118164985462,78.6488061451268,79.3105527820586,79.9945465682649,80.698277662669,81.4192362241943,82.1931650502403,82.6854929960921,83.1033003087105,83.5267437189637,83.9480118272361,84.3663554951194
Peru,PER,"Foreign direct investment, net inflows (% of GDP)",BX.KLT.DINV.WD.GD.ZS,3.93562084538866,2.27308642513175,2.39489207548148,3.39034816926813,3.91065680458787,5.37428655925625,5.74335697642786,5.32237544034606,5.73087732837535,4.47262658184166,7.36173683394684,4.75734900182415,2.12302965027806,3.90315707606412,3.66247550178788,3.65967264603654,2.78225210860643,2.25881990677455,0.464940476173709,3.15463147592016,4.6280339832618
Peru,PER,Poverty headcount ratio at $3.00 a day (2021 PPP) (% of population),SI.POV.DDAY,24.4,22.5,23.5,25.4,21.8,18.9,15.8,13.7,11.2,10.3,9.5,8.6,8,8,7.5,7.3,6.1,5.4,10.3,5.2,4.8
Peru,PER,GDP per capita (current US$),NY.GDP.PCAP.CD,2007.37019626753,2129.44114197634,2397.25147277714,2706.66947297608,3129.55996496982,3581.0893081917,4197.58444634142,4181.18755462253,5072.11494019615,5861.35793645245,6519.37852981527,6746.80025696601,6667.13410360861,6231.71150338894,6217.03599995447,6736.16693725487,6978.49121548627,7037.00803692604,6133.32552410183,6828.53422535638,7353.74598721667
Peru,PER,Access to electricity (% of population),EG.ELC.ACCS.ZS,74.4,74.4,75.7,77.2,80.2,82,84.7,86.4,88.1,89.7,91.1,92.1,92.9,93.9,94.2,94.8,95.2,95.6,96.2,95.6,96.2
Philippines,PHL,GDP growth (annual %),NY.GDP.MKTP.KD.ZG,3.71625500158383,5.08691113513073,6.56922851180626,4.94250511877678,5.31641682136939,6.51929155018938,4.34448730509183,1.44832306275669,7.33449996034538,3.85823282795663,6.89695171050985,6.75053130142255,6.34798748260867,6.34830971672761,7.14945675000752,6.9309883258402,6.34148557153473,6.11852566221303,-9.51829474045297,5.71473313185116,7.58098212785563
Philippines,PHL,"Inflation, consumer prices (annual %)",FP.CPI.TOTL.ZG,2.72277227722765,2.28915662650607,4.82921083627795,6.51685393258433,5.4852320675105,2.90000000000003,8.26044703595725,4.21903052064628,3.78983634797591,4.7184170471842,3.02696391124796,2.58268766141795,3.59782343864211,0.674192536845408,1.25369880080982,2.85318772590947,5.30934661627707,2.39206534422404,2.3931623931624,3.92718022100332,5.82115811213955
Philippines,PHL,"Life expectancy at birth, total (years)",SP.DYN.LE00.IN,67.886,68.049,68.301,68.423,68.172,68.549,68.643,68.631,68.883,69.096,69.237,69.283,69.311,69.45,69.49,69.966,69.761,69.68,70.097,66.675,69.472
Philippines,PHL,"Government expenditure on education, total (% of GDP)",SE.XPD.TOTL.GD.ZS,2.89222002029419,2.93517994880676,2.46983003616333,2.32806992530823,2.42579007148743,2.48518991470337,2.58282995223999,2.53777003288269,..,..,..,..,2.66454238129968,2.83052303785203,3.30128109042443,3.96384087403915,3.85502760745456,3.40748649142134,3.85829051308063,3.87249754784633,3.57960089528426
Philippines,PHL,Individuals using the Internet (% of population),IT.NET.USER.ZS,4.33227574643007,4.85767226708512,5.2436284521711,5.397600174,5.74058632534702,5.97,6.22,9,25,29,30.79999924,32.70000076,34.70000076,36.90000153,39.20000076,41.59999847,44.09999847,43.0266118680279,53.76490021,66.90779877,75.21114422
Philippines,PHL,Current health expenditure (% of GDP),SH.XPD.CHEX.GD.ZS,2.63767385,3.07663488,3.0468533,3.74253035,3.77762938,3.75318074,3.86315918,4.16451931,4.13107872,4.02518559,4.17709208,4.27408695,3.70313668,3.8982749,3.95484328,3.96042776,3.9538188,4.16646004,5.16214037,5.97500563,5.15588379
Philippines,PHL,"Unemployment, total (% of total labor force) (national estimate)",SL.UEM.TOTL.NE.ZS,10.724,3.527,3.554,3.795,4.052,3.434,3.72,3.858,3.605,3.592,3.504,3.497,3.6,3.068,2.695,2.552,2.338,2.237,2.522,3.398,2.598
Philippines,PHL,"School enrollment, primary (% gross)",SE.PRM.ENRR,102.620742797852,102.732582092285,102.275131225586,101.720321655273,100.087287902832,100.310913085938,101.465858459473,102.759162902832,..,..,..,..,104.629987793486,103.408354699272,101.721937186986,99.3666730080757,94.5541345217085,93.0076871274695,93.2822386485839,88.8345145801337,90.6131438325611
Philippines,PHL,"Agriculture, forestry, and fishing, value added (% of GDP)",NV.AGR.TOTL.ZS,13.4484134145704,13.1509476628836,13.9844036917201,13.517547003593,13.3612491069675,13.606507617711,14.5160747573134,14.5402133153152,13.7488650524217,14.0957351510823,13.0958070106782,12.4734251044125,12.2716816211446,10.9964991548623,10.2051255325616,10.1829541314109,9.65014035815306,8.82032374730525,10.1853110317615,10.0691640204876,9.55176804414326
Philippines,PHL,Urban population (% of total population),SP.URB.TOTL.IN.ZS,39.9553922931877,40.3928506135438,40.8507057988121,41.3297701258519,41.8308558715226,42.3470499959497,43.1547492407016,44.3356772609527,45.5208176726647,46.6833632464759,47.9182784810426,49.1313688766206,50.2392400212368,51.1549047745227,51.9114748151175,52.6010482354344,53.2088897464754,53.7157859948017,54.1077719895977,54.4504102510776,54.7902343568327
Philippines,PHL,"Foreign direct investment, net inflows (% of GDP)",BX.KLT.DINV.WD.GD.ZS,2.09827504516588,0.565263243432102,0.623144777963454,1.54906009249231,2.12091886479217,1.87121245887706,0.737800589215242,1.17324821246427,0.513698049517659,0.856963002985963,1.22763000703119,1.31642638378197,1.92937522802216,1.84018010717942,2.59850803494211,3.12238778404896,2.86833826070497,2.30117498598294,1.88586363211171,3.04078855310045,2.3475097233369
Philippines,PHL,Poverty headcount ratio at $3.00 a day (2021 PPP) (% of population),SI.POV.DDAY,..,24.3,..,..,26.1,..,..,22,..,..,21.3,..,..,14.6,..,..,8.3,..,..,8.1,..
Philippines,PHL,GDP per capita (current US$),NY.GDP.PCAP.CD,1014.90879320106,1027.2301192843,1099.63013023758,1220.46018559867,1426.14649179546,1712.65543282793,1959.29233534978,1864.45043406471,2162.91375885614,2383.91892522087,2614.61644401308,2781.27957677397,2866.83803761407,2909.85818010301,2985.19564024046,3038.12124959289,3168.51036609727,3400.78949767074,3227.57910235199,3484.38593882819,3548.06930572116
Philippines,PHL,Access to electricity (% of population),EG.ELC.ACCS.ZS,76.7,76.6,87.6,79.8,80.2,82,83.3,84.3,85.5,87.2,87.1,87.5,89.8,89.1,92,93,94.2,95.3,96.4,97.5,94.8
Poland,POL,GDP growth (annual %),NY.GDP.MKTP.KD.ZG,1.90119437968586,3.52337117234833,5.09079546409544,3.26082274679216,6.20210710934373,6.7604478527626,4.38377069274605,2.61512859291683,3.16892748258036,5.25546256612796,1.51178167644575,0.684240607051805,3.92050862390032,4.43176700264478,3.03117767594847,5.15245773325907,6.2458584723942,4.58045817256199,-2.03556882399977,6.92718266052501,5.25545697386036
Poland,POL,"Inflation, consumer prices (annual %)",FP.CPI.TOTL.ZG,1.90528215048054,0.682701375787632,3.38264681884699,2.18379872390251,1.28469394366416,2.4587431238539,4.16497193524779,3.79539242483399,2.58069370250548,4.23940149625932,3.56037151702793,0.991982606332335,0.0538213132399802,-0.874125874125862,-0.664767331433962,2.07593553673859,1.81295156542689,2.22747880938291,3.37446972618589,5.05502704719272,14.4294507575758
Poland,POL,"Life expectancy at birth, total (years)",SP.DYN.LE00.IN,74.4975609756098,74.5975609756098,74.8463414634146,74.9951219512195,75.1439024390244,75.2439024390244,75.5439024390244,75.6951219512195,76.2463414634146,76.6951219512195,76.7463414634146,77,77.6024390243903,77.4512195121951,77.8512195121951,77.7536585365854,77.6024390243903,77.9048780487805,76.4,75.3512195121951,77.1560975609756
Poland,POL,"Government expenditure on education, total (% of GDP)",SE.XPD.TOTL.GD.ZS,5.37052011489868,5.30664014816284,5.33129978179932,5.41065979003906,5.18848991394043,4.86086988449097,5.02344989776611,4.97665977478027,5.08126020431519,4.82901000976562,4.83311986923218,4.99779987335205,4.93858003616333,4.78748989105225,4.62726020812988,4.54246997833252,4.55985021591187,4.62736988067627,4.80081987380981,4.61998987197876,4.31372976303101
Poland,POL,Individuals using the Internet (% of population),IT.NET.USER.ZS,21.15,24.87,32.53,38.81,44.58,48.6,53.13,58.97,62.32,61.94999896898,62.3099972714691,62.8492,66.5987360557248,67.9969871556415,73.3007040962669,75.9853659493832,77.5417345350006,80.4359068768673,83.18488715,85.37490906,86.94113479
Poland,POL,Current health expenditure (% of GDP),SH.XPD.CHEX.GD.ZS,6.04828405,5.93375778,5.84185648,5.79073858,5.78148365,5.86390114,6.35196781,6.57037735,6.43533468,6.24533606,6.22854042,6.44993687,6.39059496,6.36490345,6.5470438,6.53713226,6.25094128,6.38906956,6.42739105,6.3654809,6.46619797
Poland,POL,"Unemployment, total (% of total labor force) (national estimate)",SL.UEM.TOTL.NE.ZS,20.211,19.899,18.822,17.592,13.794,9.551,7.069,8.131,9.578,9.576,10.031,10.293,8.971,7.475,6.141,4.867,3.835,3.267,3.155,3.268,2.811
Poland,POL,"School enrollment, primary (% gross)",SE.PRM.ENRR,100.300102233887,100.183227539062,100.051498413086,99.9291229248047,99.6375198364258,99.1174926757812,98.238639831543,98.0396499633789,98.6196365356445,99.2583465576172,100.680816650391,100.073501586914,99.5637130737305,..,..,97.6803283691406,94.4897613525391,94.9449615478516,82.211540222168,96.6018218994141,100.594268798828
Poland,POL,"Agriculture, forestry, and fishing, value added (% of GDP)",NV.AGR.TOTL.ZS,2.80941626982179,2.69176153910407,3.33358582113835,2.96760371813755,2.7459182485152,3.09408708372918,2.64309499472652,2.62640625045433,2.91554815662609,3.17180701243977,2.98562113420809,3.22652536867249,2.97119902232799,2.48363694237949,2.6237968659564,2.98537285986431,2.41564136866167,2.37029744646443,2.56844423547416,2.24552304361646,2.80606930357805
Poland,POL,Urban population (% of total population),SP.URB.TOTL.IN.ZS,61.7581534555696,61.7281374379602,61.6555172559989,61.5497010774856,61.4199688499096,61.2756005207604,61.1258760375274,60.9800753477,60.8474783987677,60.7357090652544,60.6341632788866,60.5333187465323,60.4340063344328,60.3362886805635,60.2402284228997,60.145888199417,60.0533306480907,59.9626184068963,59.8738141138092,59.8096513205543,59.8315488048321
Poland,POL,"Foreign direct investment, net inflows (% of GDP)",BX.KLT.DINV.WD.GD.ZS,2.04862965818155,2.45743497066474,5.41150845702569,3.59641795552772,6.20790606582043,5.82502177093229,2.7209993736918,3.18105494953636,3.94489462074706,3.57128957712437,1.52886091421625,0.258983446617592,3.85089176515991,3.29546177974363,3.81608721408819,2.37812815599278,3.34803954559233,3.15455649244208,3.31499059495462,5.44306737738578,6.00626096603428
Poland,POL,Poverty headcount ratio at $3.00 a day (2021 PPP) (% of population),SI.POV.DDAY,0.3,0.2,2.8,1.4,0.9,0.6,0.3,0.6,0.6,0.6,0.4,0.6,0.6,0.5,0.4,0.4,0.3,0.1,0.2,0.1,0.3
Poland,POL,GDP per capita (current US$),NY.GDP.PCAP.CD,5223.45178967082,5720.81366178104,6711.72715262967,8043.92332253757,9068.85528307627,11272.5293683383,14048.5604672654,11556.3026866026,12567.7317676382,13867.6669408192,13087.420943321,13621.9023794031,14262.2841914116,12637.5220324406,12464.0121044827,13913.3415190124,15658.210586693,15874.5220531254,16150.9304813473,18635.5104895754,18891.2121169279
Poland,POL,Access to electricity (% of population),EG.ELC.ACCS.ZS,100,99.9,99.9,99.8,99.8,99.8,99.8,100,100,100,100,100,100,100,100,100,100,100,100,100,100
Portugal,PRT,GDP growth (annual %),NY.GDP.MKTP.KD.ZG,0.770924781247714,-0.930521045062918,1.78873552917291,0.781847569123585,1.62503532956156,2.50657937751231,0.319247344434558,-3.12207827545093,1.73762453640036,-1.71352745905065,-4.05090267621935,-0.984106574148328,0.741391420706506,1.58979803702681,2.00414129666575,3.31472008175986,2.94628343449202,2.74568432648596,-8.20463159324387,5.55875672070374,6.98584137580278
Portugal,PRT,"Inflation, consumer prices (annual %)",FP.CPI.TOTL.ZG,3.60034658290915,3.21899090682895,2.365362040973,2.27716394887838,3.1076654587105,2.45396528138746,2.58850657657956,-0.835530021504157,1.40257289895372,3.6530110043073,2.77333854051576,0.274416666666663,-0.278153367467428,0.48793862390472,0.607397074641719,1.36861411643482,0.993715683468233,0.338178410046124,-0.0124383299576209,1.26565719069044,7.83269124233323
Portugal,PRT,"Life expectancy at birth, total (years)",SP.DYN.LE00.IN,77.0658536585366,77.219512195122,77.6707317073171,78.0707317073171,78.419512195122,78.3219512195122,78.5243902439025,78.7268292682927,79.0268292682927,80.4707317073171,80.3731707317073,80.7219512195122,81.1219512195122,81.1243902439025,81.1243902439025,81.4243902439025,81.3243902439024,81.6756097560976,81.3292682926829,81.3780487804878,81.6317073170732
Portugal,PRT,"Government expenditure on education, total (% of GDP)",SE.XPD.TOTL.GD.ZS,5.25872993469238,5.28152990341187,5.04640007019043,5.07393980026245,4.90769004821777,4.92149019241333,4.69608020782471,5.56315994262695,5.40499019622803,5.11688995361328,4.94226980209351,5.26528978347778,5.12005996704102,4.89425992965698,..,5.02685022354126,4.6793999671936,4.6275200843811,4.86407995223999,4.77341985702515,4.55160999298096
Portugal,PRT,Individuals using the Internet (% of population),IT.NET.USER.ZS,19.37,29.67,31.78,34.99,38.01,42.09,44.13,48.27,53.3,55.2499968797194,60.3399974868057,62.0956,64.5924200648949,68.6328614804299,70.423567088723,73.7912139515729,74.6609681487507,75.3463779408712,78.26166044,82.30902804,84.49690644
Portugal,PRT,Current health expenditure (% of GDP),SH.XPD.CHEX.GD.ZS,8.78642941,9.12415695,9.5325079,9.65306759,9.35422611,9.25186634,9.58307838,10.13070393,10.01858425,9.71847439,9.64000225,9.39476109,9.33570766,9.33309937,9.39989281,9.32668972,9.42121029,9.50868607,10.52074051,11.22031498,10.5492239
Portugal,PRT,"Unemployment, total (% of total labor force) (national estimate)",SL.UEM.TOTL.NE.ZS,4.497,6.132,6.319,7.582,7.649,7.965,7.553,9.432,10.771,12.715,15.509,16.237,13.88,12.405,11.058,8.878,6.966,6.422,6.85,6.712,6.138
Portugal,PRT,"School enrollment, primary (% gross)",SE.PRM.ENRR,115.040893554688,115.237442016602,114.672149658203,114.44255065918,113.981163024902,113.063117980957,112.717491149902,110.981079101562,109.77262878418,109.651611328125,108.395370483398,109.373641967773,107.813301086426,106.229377746582,105.035911560059,104.209732055664,104.378570556641,104.897682189941,105.753471374512,105.672172546387,108.103523254395
Portugal,PRT,"Agriculture, forestry, and fishing, value added (% of GDP)",NV.AGR.TOTL.ZS,2.72289086156617,2.65118079570935,2.60214117997755,2.30349335448735,2.25313751520814,1.99815593954667,1.96377185231981,1.95062621184125,1.94034870976094,1.8384390598893,1.92004687349348,2.04188706497902,1.97659101484386,1.97541250129625,1.92235840837832,1.96367345206825,1.91817470918666,1.99991845769704,2.14089692520428,2.16204629838151,1.90543676193935
Portugal,PRT,Urban population (% of total population),SP.URB.TOTL.IN.ZS,55.789299869679,56.5865509520713,57.4171857647664,58.2450763389585,59.0340947058419,59.7481128966109,60.3510029424595,60.8066368745822,61.0788867241731,61.1410698395502,61.1409793914666,61.1405315215642,61.1394537361116,61.137469211538,61.1343011242723,61.1296726507436,61.1233069673808,61.114927250613,61.1042566768691,61.0951249296597,61.1259255772782
Portugal,PRT,"Foreign direct investment, net inflows (% of GDP)",BX.KLT.DINV.WD.GD.ZS,0.436137292252839,6.26697257909762,1.312247289237,1.70741232717781,6.41633004151996,2.50093088549298,2.96892594201258,2.35133912553896,3.77376819569615,4.23648756430888,7.21535195239496,6.43654323197598,5.43851031792652,0.63522205292535,3.56282992803299,5.02041551787587,3.46584287446499,4.5038935303436,1.8141455418251,3.60836004516304,5.08368921917484
Portugal,PRT,Poverty headcount ratio at $3.00 a day (2021 PPP) (% of population),SI.POV.DDAY,..,1.1,0.7,0.7,0.2,0.6,0.3,0.2,0.2,0.6,0.9,1,0.8,0.7,0.4,0.4,0.4,0.2,0.6,0.3,0.2
Portugal,PRT,GDP per capita (current US$),NY.GDP.PCAP.CD,12936.6928204482,15797.7821340276,18064.1580932987,18780.12751241,19839.4540499032,22811.0564844365,24949.0413566739,23151.2154130712,22551.935098809,23246.5425416481,20593.4274224109,21676.4859642714,22120.6850127107,19215.7813014347,19980.2808866516,21442.3842768879,23541.1401075289,23343.3628970034,22299.4044062173,24711.4510062111,24620.5197587181
Portugal,PRT,Access to electricity (% of population),EG.ELC.ACCS.ZS,100,100,100,100,100,100,100,100,100,100,100,100,100,100,100,100,100,100,100,100,100
Puerto Rico (US),PRI,GDP growth (annual %),NY.GDP.MKTP.KD.ZG,0.916459423425337,0.0534198017173964,8.7486769008168,-1.98693871772703,-1.40941405684823,-1.16280665573993,-1.84413421831884,-1.95242518381124,-0.413254119172365,-0.358510636850312,0.0292751500944064,-0.306826666941774,-1.19036347346942,-1.04929003238674,-1.26369434781117,-2.88521838398481,-4.36142703162535,1.67546379498209,-4.1808743093346,0.385222719529239,2.95709565499587
Puerto Rico (US),PRI,"Inflation, consumer prices (annual %)",FP.CPI.TOTL.ZG,..,..,..,..,..,..,..,..,..,..,..,..,..,..,..,..,..,..,..,..,..
Puerto Rico (US),PRI,"Life expectancy at birth, total (years)",SP.DYN.LE00.IN,76.819,76.941,76.913,76.703,77.561,77.659,78.111,78.377,78.717,78.766,79.258,80.318,80.039,80.677,80.355,79.07,81.086,81.438,80.009,79.77,79.427
Puerto Rico (US),PRI,"Government expenditure on education, total (% of GDP)",SE.XPD.TOTL.GD.ZS,..,..,..,..,..,..,..,..,..,..,..,6.48106002807617,6.07265996932983,3.34032241682023,2.78358429967595,2.72538873126429,2.60388715714737,3.32791002069889,4.28663184360846,3.7296700261025,3.86129930773508
Puerto Rico (US),PRI,Individuals using the Internet (% of population),IT.NET.USER.ZS,17.5476475654777,19.7070256578252,22.1307382347014,23.4000504486583,25.4424182102582,27.86,38,41.5,45.3,48,68.9999826014151,68.999990004,76.1338597201667,63.4663353848474,68.6438071976518,68.7407731407209,70.8563997424362,77.7364393708352,..,84.78666399,87.29178106
Puerto Rico (US),PRI,Current health expenditure (% of GDP),SH.XPD.CHEX.GD.ZS,..,..,..,..,..,..,..,..,..,..,..,..,..,..,..,..,..,..,..,..,..
Puerto Rico (US),PRI,"Unemployment, total (% of total labor force) (national estimate)",SL.UEM.TOTL.NE.ZS,11.938,11.782,10.306,11.348,11.008,10.927,11.477,15,16.037,15.765,14.498,14.3,13.9,11.947,11.8,10.8,9.2,8.3,15.34,7.9,6
Puerto Rico (US),PRI,"School enrollment, primary (% gross)",SE.PRM.ENRR,..,..,..,..,..,..,..,97.1196517944336,99.1731872558594,92.7918167114258,95.8943328857422,97.8782806396484,99.8299865722656,100.338363647461,94.4198226928711,..,95.0853271484375,..,..,..,..
Puerto Rico (US),PRI,"Agriculture, forestry, and fishing, value added (% of GDP)",NV.AGR.TOTL.ZS,0.533623740811326,0.563162691741261,0.626600481487628,0.594971397399844,0.590822137458644,0.480571207238608,0.553943910302619,0.588365896980462,0.83552463730404,0.792213784121246,0.803821796527931,0.826451927769644,0.846398778671258,0.826985117363399,0.805660903593846,0.818676213745449,0.70791744297882,0.682321472056496,0.66100460676674,0.673046024208234,0.663980527688401
Puerto Rico (US),PRI,Urban population (% of total population),SP.URB.TOTL.IN.ZS,94.3218712450313,94.2449445194985,94.1544210292187,94.058055748557,93.9636036518786,93.8788197135489,93.8114589079331,93.7692762093964,93.7588772214391,93.7598202101009,93.7630744424317,93.7698316907305,93.7813071818968,93.7987161428303,93.8232738004303,93.8561953815964,93.8986961132283,93.9519912222253,94.0116144995587,94.0550712597302,94.1110923054937
Puerto Rico (US),PRI,"Foreign direct investment, net inflows (% of GDP)",BX.KLT.DINV.WD.GD.ZS,..,..,..,..,..,..,..,..,..,..,..,..,..,..,..,..,..,..,..,..,..
Puerto Rico (US),PRI,Poverty headcount ratio at $3.00 a day (2021 PPP) (% of population),SI.POV.DDAY,..,..,..,..,..,..,..,..,..,..,..,..,..,..,..,..,..,..,..,..,..
Puerto Rico (US),PRI,GDP per capita (current US$),NY.GDP.PCAP.CD,18731.4593897378,19557.1202492358,20988.9923326534,21959.322696986,22935.9411586313,23664.8823485096,24898.3345857045,25768.7258883384,26414.8810634548,27170.0766543278,27742.024476618,28212.0499737431,28576.0988023209,29242.041465085,29978.0889268918,30328.479490518,30679.9181934488,31830.5284993358,31427.1034994916,32618.8705106244,35353.5613891039
Puerto Rico (US),PRI,Access to electricity (% of population),EG.ELC.ACCS.ZS,100,100,100,100,100,100,100,100,100,100,100,100,100,100,100,100,100,100,100,100,100
Qatar,QAT,GDP growth (annual %),NY.GDP.MKTP.KD.ZG,7.18252331136711,3.7199194981967,19.2185032411244,7.49272803754515,26.17039955781,17.9852165615129,17.6630346842674,11.9575512911227,16.7315558489187,13.0214050496923,4.62623675511804,4.43070196521455,4.11911527912761,4.75334572438737,3.06419188430156,-1.49760470227838,1.23487220191065,0.688240954592672,-3.5576039896784,1.62684671918775,4.18500970982862
Qatar,QAT,"Inflation, consumer prices (annual %)",FP.CPI.TOTL.ZG,0.239999999999952,2.26456504389469,6.79933665008279,8.81439532334683,11.8358096197431,13.7581625759964,15.0501451570333,-4.86327801622565,-2.42525675161714,1.13836623529202,2.31534853431661,3.22197756829293,3.34972085659523,1.8140772393776,2.6765917009819,0.394878914083005,0.255815382724408,-0.666641124861147,-2.5403150300476,2.30446565742003,4.99527553740761
Qatar,QAT,"Life expectancy at birth, total (years)",SP.DYN.LE00.IN,75.766,76.097,76.484,76.909,77.323,77.741,78.262,78.837,79.444,79.994,80.499,80.974,81.395,81.785,82.147,82.458,82.714,82.945,80.409,81.083,81.857
Qatar,QAT,"Government expenditure on education, total (% of GDP)",SE.XPD.TOTL.GD.ZS,3.84656000137329,3.37393999099731,3.46258997917175,3.97187995910644,..,..,4.22755002975464,3.41315007209778,4.53965997695923,4.01223993301392,3.50744009017944,4.07384014129639,3.60535001754761,..,..,2.96745991706848,..,2.80378007888794,3.23368000984192,..,..
Qatar,QAT,Individuals using the Internet (% of population),IT.NET.USER.ZS,10.2261289281118,19.242336421002,20.701647851169,24.73349953,28.97410011,37,44.29999924,53.09999847,69,69,69.3,85.3,91.48999786,92.8848264535481,95.1246621661148,97.3888491654164,99.6528491261175,99.6528042086389,99.65284913,99.65280151,98.03800201
Qatar,QAT,Current health expenditure (% of GDP),SH.XPD.CHEX.GD.ZS,2.46044064,3.50257182,3.18311739,2.56300044,2.288064,2.07008052,1.63775349,2.38356304,1.87017763,1.599962,1.74822152,2.07620168,2.42293572,3.63581347,3.54971433,3.21237087,2.96176219,3.18468714,3.81872201,2.8927927,2.18613315
Qatar,QAT,"Unemployment, total (% of total labor force) (national estimate)",SL.UEM.TOTL.NE.ZS,..,..,1.48,..,0.872,0.517,0.308,0.313,0.454,0.564,0.481,0.267,0.193,0.163,0.143,0.133,0.104,0.1,0.1,0.1,0.1
Qatar,QAT,"School enrollment, primary (% gross)",SE.PRM.ENRR,95.1474914550781,96.9064788818359,93.3679122924805,96.1018829345703,94.6122207641602,98.2639617919922,98.5704574584961,103.211761474609,103.012957458666,99.263245898213,102.537557878561,100.070843605656,97.9827742520399,101.073259958727,103.68811714668,106.121974267646,107.083429224986,102.273940498665,100.984972771335,89.5694061041452,94.1971279001544
Qatar,QAT,"Agriculture, forestry, and fishing, value added (% of GDP)",NV.AGR.TOTL.ZS,0.256795868565916,0.234640393168579,0.181799293579888,0.133258478262211,0.121835107463077,0.109942753945359,0.12464786382638,0.123319456383116,0.117906662714488,0.0966101306365461,0.0941964622110214,0.0960229515645713,0.117168462919326,0.161318389310859,0.183872269651982,0.214741536757396,0.218257646242842,0.260005315111579,0.338750396492592,0.298239680088491,0.256559617750539
Qatar,QAT,Urban population (% of total population),SP.URB.TOTL.IN.ZS,96.6424497593905,96.8311182064009,97.0472579559041,97.3016654918171,97.5827378795062,97.8663125111735,98.1295193937322,98.3494885340955,98.5066232166665,98.6300610210909,98.7428010471968,98.8357621827901,98.901627838826,98.9382407681154,98.9855265345423,99.0310125265978,99.0755684762244,99.1191696672067,99.1617913833034,99.203408908243,99.243997525719
Qatar,QAT,"Foreign direct investment, net inflows (% of GDP)",BX.KLT.DINV.WD.GD.ZS,3.2221054423699,2.65541575709466,3.77817958307362,5.61413033419499,5.74881210770224,5.89624023353357,3.27807198278287,8.3076413079166,3.73261315829573,0.559389030984015,0.21188872224358,-0.422882595917482,0.504491036758769,0.662099304441699,0.510044137883475,0.612038723345893,-1.19249695201383,-1.59472537643955,-1.68550858988767,-0.608353846418717,0.0322850616403459
Qatar,QAT,Poverty headcount ratio at $3.00 a day (2021 PPP) (% of population),SI.POV.DDAY,..,..,..,..,..,..,..,..,..,..,..,..,..,..,..,0,..,..,..,..,..
Qatar,QAT,GDP per capita (current US$),NY.GDP.PCAP.CD,27226.6593510117,31602.470865136,41035.5008380177,53949.6764091147,62582.4453138755,65954.1146428814,80781.2113909506,60785.7351551657,77387.2936379616,103261.510293068,108470.378825036,103697.008372373,95840.6310094498,68985.2946961507,61253.6375482797,63279.8556949332,71039.8490579352,66841.3013484919,51683.5054376677,71751.8831257169,88701.463352273
Qatar,QAT,Access to electricity (% of population),EG.ELC.ACCS.ZS,100,100,100,100,100,100,100,100,100,100,100,100,100,100,100,100,100,100,100,100,100
Romania,ROU,GDP growth (annual %),NY.GDP.MKTP.KD.ZG,5.70299165043771,2.34114732919521,10.4281130180976,4.6681480508487,8.02881107599163,7.23380774362805,9.30746717077338,-5.51670615843011,-3.90581157302972,4.49558909946313,1.90361696799603,0.278771877470234,4.11600109267832,3.1570360543854,2.85993252302089,8.19547826641261,5.39452228185675,3.96028958497598,-3.59802546034757,5.58735072538869,4.18771305104109
Romania,ROU,"Inflation, consumer prices (annual %)",FP.CPI.TOTL.ZG,22.5398862605386,15.2734889936255,11.8743635936399,9.01491283343835,6.55851412276983,4.83732928313989,7.85080255714482,5.58742004264393,6.09141668601891,5.7892532881588,3.33492267693442,3.9847123554813,1.06830987684298,-0.594156437495203,-1.54479666813897,1.3390212110439,4.62548443137779,3.82785432599438,2.63107311184743,5.05232876096582,13.7954887432521
Romania,ROU,"Life expectancy at birth, total (years)",SP.DYN.LE00.IN,71.009756097561,71.309756097561,71.5609756097561,71.9121951219512,72.1634146341463,72.5658536585366,72.5658536585366,73.309756097561,73.4585365853659,74.409756097561,74.4121951219512,75.0634146341463,74.909756097561,74.9121951219512,75.209756097561,75.209756097561,75.3585365853659,75.6073170731707,74.2536585365854,72.809756097561,75.1536585365854
Romania,ROU,"Government expenditure on education, total (% of GDP)",SE.XPD.TOTL.GD.ZS,3.50411009788513,3.54397010803223,3.31273007392883,3.50038003921509,4.30650997161865,4.14953994750977,4.09722995758057,4.00193023681641,3.41647005081177,2.91359996795654,2.8234601020813,3.06785011291504,3.12494993209839,3.10693001747131,3.0255401134491,3.11819005012512,3.31710004806519,3.55761003494263,3.57968997955322,3.31562995910644,3.2788200378418
Romania,ROU,Individuals using the Internet (% of population),IT.NET.USER.ZS,6.58,8.9,15,21.5,24.66,28.3,32.42,36.6,39.93,40.0099967810008,45.8799942529424,49.7645,54.0783206550943,55.7631556336233,59.5039512852713,63.7472821822484,70.6812779273268,73.6574757545465,78.45526895,83.5904265,85.50309124
Romania,ROU,Current health expenditure (% of GDP),SH.XPD.CHEX.GD.ZS,4.57694626,5.37136793,5.47733593,5.52778196,5.07106066,5.02223349,5.02277184,5.27816248,5.63882685,4.47503996,4.50939083,5.2240696,5.0276823,4.94292021,5.08012772,5.18878555,5.51454878,5.69924641,6.20959711,6.45246983,5.79823256
Romania,ROU,"Unemployment, total (% of total labor force) (national estimate)",SL.UEM.TOTL.NE.ZS,8.112,6.95,7.719,7.174,7.27,6.413,5.787,6.859,6.959,7.177,6.794,7.096,6.802,6.812,5.901,4.927,4.187,3.912,5.035,5.59,5.614
Romania,ROU,"School enrollment, primary (% gross)",SE.PRM.ENRR,105.530220031738,102.830619812012,105.122337341309,102.187843322754,101.634002685547,100.085487365723,98.5809478759766,100.860786437988,99.9739990234375,98.3790512084961,96.2415466308594,..,..,89.0534133911133,87.5895919799805,87.2723999023438,91.3751220703125,92.6139984130859,91.9047393798828,90.7731704711914,84.8812789916992
Romania,ROU,"Agriculture, forestry, and fishing, value added (% of GDP)",NV.AGR.TOTL.ZS,11.3424376853187,11.9143840898386,12.7055114609076,8.48610428920676,7.82080658741648,5.50150097100926,6.30193056572848,6.11614263251912,5.1772466335768,5.95088848587022,4.54079724771484,5.50972556892124,4.94834094527624,4.42592968395419,4.2921753725524,4.43884283682194,4.50660889280427,4.31147831319992,4.07184426240682,4.616339720378,3.8180329334627
Romania,ROU,Urban population (% of total population),SP.URB.TOTL.IN.ZS,52.7466427937759,52.8023493819682,52.9175295523808,53.074507031037,53.2566380678272,53.4472789126416,53.6297858153706,53.7875150259042,53.9038227941329,53.9608874244169,53.9563092496073,53.9101758034365,53.8267187624053,53.7071839518893,53.5528171972639,53.3648643239046,53.1445711571868,52.8931835224862,52.611947245178,52.2321512130811,52.1634832477272
Romania,ROU,"Foreign direct investment, net inflows (% of GDP)",BX.KLT.DINV.WD.GD.ZS,2.48342020141655,3.18995908035532,8.59368512961184,6.60067175776297,9.02006052535516,5.78679016158104,6.37741866098849,2.66364407064905,1.88971859139686,1.23042689104897,1.70143772893217,2.03100513989555,1.9372882717301,2.42725822119064,3.37417569649644,2.8327307446025,3.03714660753952,2.94522918789332,1.43737626680298,4.12832844182863,3.88649421607456
Romania,ROU,Poverty headcount ratio at $3.00 a day (2021 PPP) (% of population),SI.POV.DDAY,9.1,7,5.3,4.2,11.1,8.1,6,5.3,6.3,7.1,8.4,8.7,8.9,7.6,5.2,4.9,3.7,3.1,2.4,2,1.5
Romania,ROU,GDP per capita (current US$),NY.GDP.PCAP.CD,2119.85509684554,2679.40626016154,3494.99056448955,4618.00350802913,5757.53127301178,8360.33775916596,10435.1561230787,8548.4543409242,8399.5374234284,9560.6755277458,8929.95366231474,9497.67411615237,10031.7710755404,8977.01748158196,9404.54005870715,10727.9822007426,12416.134317959,12909.6104013244,13009.1525348396,14908.0412813921,15503.4691366242
Romania,ROU,Access to electricity (% of population),EG.ELC.ACCS.ZS,94.9,95.1,95.3,95.6,95.9,96.1,96.5,96.8,97.1,97.4,97.8,98.1,98.4,98.8,99.1,100,99.8,100,100,100,100
Russian Federation,RUS,GDP growth (annual %),NY.GDP.MKTP.KD.ZG,4.69999190914258,7.29995234528189,7.19994786954857,6.39996544799469,8.20006825456321,8.49997776916511,5.19996926404957,-7.79999391271275,4.49999999920672,4.30002918604238,4.0240861571798,1.75542214916291,0.736267221403651,-1.9727192264298,0.193671130698817,1.82670527549192,2.80634082046656,2.19807571381982,-2.65365449695453,5.866491772979,-1.43537063467896
Russian Federation,RUS,"Inflation, consumer prices (annual %)",FP.CPI.TOTL.ZG,15.7887307914463,13.6632930228666,10.8886157326216,12.6853039507349,9.66865454789265,9.00729868861079,14.1107677840442,11.6473295764118,6.84939230255025,8.4404648593257,5.07474300799149,6.75466833903486,7.82016970013845,15.5343959935701,7.04243725413707,3.68333072334495,2.87831382614981,4.47202631837903,3.38219796948068,6.69445891957612,13.7436797398232
Russian Federation,RUS,"Life expectancy at birth, total (years)",SP.DYN.LE00.IN,65.1287804878049,65.0275609756098,65.4709756097561,65.529756097561,66.7275609756098,67.5868292682927,67.9492682926829,68.6846341463415,68.8412195121951,69.6839024390244,70.0721951219512,70.5787804878049,70.7436585365854,71.1834146341463,71.6512195121951,72.4514634146342,72.6621951219512,73.0839024390244,71.3387804878049,69.900243902439,72.5456097560976
Russian Federation,RUS,"Government expenditure on education, total (% of GDP)",SE.XPD.TOTL.GD.ZS,3.83502006530762,3.67855000495911,3.54785990715027,3.77192997932434,3.86626005172729,..,4.10174989700317,..,4.08974230526824,3.71261270253186,3.79310011863708,3.76382994651794,4.01387977600098,3.83402991294861,3.76044011116028,4.68990993499756,4.67819023132324,3.69561429198336,4.01641864383637,3.99480697864774,4.05402755323777
Russian Federation,RUS,Individuals using the Internet (% of population),IT.NET.USER.ZS,4.12827181796644,8.29886061553908,12.8593889008473,15.22669983,18.02330017,24.66,32,42.55,49,58,66,67.97,70.5175682574413,70.0992412263947,73.091434617897,76.0081385339105,80.8647218726954,82.6421618670668,84.99466978,88.21384578,90.41799163
Russian Federation,RUS,Current health expenditure (% of GDP),SH.XPD.CHEX.GD.ZS,5.52166557,5.16368914,4.7603755,4.77177477,4.76654387,4.74792528,4.90364122,5.64392471,4.97111797,4.79491472,4.93637276,5.08104849,5.1820941,5.29604626,5.28970337,5.35890055,5.35520792,5.64849091,8.04076004,7.0299139,6.8788662
Russian Federation,RUS,"Unemployment, total (% of total labor force) (national estimate)",SL.UEM.TOTL.NE.ZS,7.876,8.232,7.779,7.167,7.162,6.105,6.325,8.458,7.407,6.571,5.484,5.513,5.212,5.615,5.591,5.238,4.871,4.513,5.62,4.749,3.867
Russian Federation,RUS,"School enrollment, primary (% gross)",SE.PRM.ENRR,122.04638671875,126.574638366699,..,96.7937927246094,96.5280838012695,96.1058807373047,95.3222122192383,95.5198287963867,..,96.133405106655,97.262229693837,96.9484148725836,97.4962712179576,98.3827760103169,98.3341307364642,100.767602587422,102.018364437962,101.832335105065,101.731047648404,100.890349270112,100.122558846483
Russian Federation,RUS,"Agriculture, forestry, and fishing, value added (% of GDP)",NV.AGR.TOTL.ZS,5.56571375282766,5.50294605214831,4.90444194797732,4.25591600597494,3.86131247123383,3.7789017062609,3.75334118813491,4.08444869718417,3.34389824902191,3.1507257212962,2.92603087775353,2.99360048776678,3.36060548804252,3.87310448732299,3.84021728459951,3.55363208990976,3.3942533806976,3.53030291392166,4.00635163401546,3.67156378990517,3.41890901633034
Russian Federation,RUS,Urban population (% of total population),SP.URB.TOTL.IN.ZS,73.2929008030615,73.4057388305664,73.3065795898438,73.1613922119141,73.2439193725586,73.3856048583984,73.4822463989258,73.5288696289062,73.6696307887624,73.8534851074219,73.97265625,74.0762949770228,74.1776476748791,74.275919065527,74.3703138709243,74.460036813029,74.5442926137992,74.6222859951926,74.6932216791674,74.7516840220252,74.8544893625017
Russian Federation,RUS,"Foreign direct investment, net inflows (% of GDP)",BX.KLT.DINV.WD.GD.ZS,1.00553594478556,1.84237888462157,2.60618528064118,2.02980703784767,3.7977120943899,4.29895594841933,4.50269424864822,2.99212552042529,2.8308286983175,2.69236118071968,2.29079869889368,3.01940211363344,1.0698764102333,0.502607961400285,2.54849998807899,1.81409297475419,0.530060790633169,1.88851731564914,0.634851184443604,2.21136527873962,-1.73614086534944
Russian Federation,RUS,Poverty headcount ratio at $3.00 a day (2021 PPP) (% of population),SI.POV.DDAY,2,2.1,1.8,1.4,0.9,0.4,0.2,0.2,0.2,0.1,0.1,0.1,0.4,0.4,0.4,0.4,0.2,0.3,0.1,0.2,0.1
Russian Federation,RUS,GDP per capita (current US$),NY.GDP.PCAP.CD,2377.52954101563,2975.123046875,4102.36474609375,5323.455078125,6920.19970703125,9101.2392578125,11635.2841796875,8562.82421875,10674.990234375,14305.33203125,15401.8515625,15941.4482421875,14055.47265625,9277.7138671875,8663.158203125,10658.9130859375,11211.8876953125,11447.701171875,10108.3271484375,12425.029296875,15625.6328125
Russian Federation,RUS,Access to electricity (% of population),EG.ELC.ACCS.ZS,97.9,97.9,98,98,98.1,98.2,98.3,98.4,99.3,99.2,100,100,100,95.5,99.4,100,100,99.8,99.9,100,100
Rwanda,RWA,GDP growth (annual %),NY.GDP.MKTP.KD.ZG,13.1920736288433,2.2023875095978,7.44766737037035,9.37789916585375,9.22707576994632,7.63329819042882,11.161247324054,6.24825750704265,7.33465645016436,7.95838869909085,8.64150815708138,4.71984856950924,5.66845354233575,8.87036752872743,5.65874584202778,4.70393439751061,8.07084254621641,9.28613387454543,-2.77710485515125,8.41140448646523,9.82497394651698
Rwanda,RWA,"Inflation, consumer prices (annual %)",FP.CPI.TOTL.ZG,1.99258542453993,7.44970014007366,12.2507102894391,9.01408918092339,8.88282654777923,9.08072205873158,15.4382138709255,12.9443978401712,-0.246128693436934,3.0801706924026,10.2710182318876,5.92426867984854,2.35449052820358,2.52850284192421,7.17434301982009,8.27953672260832,-0.311210160390699,3.34787655037648,9.85039902274207,-0.391346748300791,17.6892095588153
Rwanda,RWA,"Life expectancy at birth, total (years)",SP.DYN.LE00.IN,51.262,53.529,55.52,56.968,58.342,59.504,60.641,61.813,62.804,63.476,64.189,64.651,65.088,65.419,65.733,66.14,66.354,66.691,66.953,66.85,67.528
Rwanda,RWA,"Government expenditure on education, total (% of GDP)",SE.XPD.TOTL.GD.ZS,..,..,..,..,..,3.98502993583679,3.50215005874634,..,4.63126993179321,4.38346004486084,4.42103004455566,4.7421498298645,4.19644021987915,3.64713001251221,3.43482995033264,3.1247398853302,3.07376003265381,3.23821222605582,3.33309745728459,5.58984994888306,4.74213981628418
Rwanda,RWA,Individuals using the Internet (% of population),IT.NET.USER.ZS,0.292784718792575,0.356918467272361,0.43085424337006,0.555999994,..,2.115400076,4.5,7.7,8,7,8.023900032,9,10.60000038,12.45600033,14.63710022,17.2,19.16659927,21.3579998,23.8,24.4416008,28.01679993
Rwanda,RWA,Current health expenditure (% of GDP),SH.XPD.CHEX.GD.ZS,3.12787294,6.92888737,7.50856972,7.71997023,7.60511971,7.86262226,7.55971909,7.79951382,8.08185482,7.93233776,8.1021471,6.77388763,6.98448992,6.65061283,5.968925,5.37623835,5.45722818,4.91471481,5.79862261,6.23147202,5.92842579
Rwanda,RWA,"Unemployment, total (% of total labor force) (national estimate)",SL.UEM.TOTL.NE.ZS,0.895,..,..,..,..,..,..,..,..,..,3.438,..,1.169,..,..,11.875,10.759,11.236,11.829,15.775,15.084
Rwanda,RWA,"School enrollment, primary (% gross)",SE.PRM.ENRR,123.550239562988,123.162269592285,131.434463500977,138.091659545898,148.047485351562,154.816009521484,154.724563598633,156.6142578125,155.315788762649,154.129639895033,153.371821344578,123.706003554374,138.315807313314,137.243191055886,140.620022753129,139.309946965821,137.129353849659,138.020075127914,..,151.063571867834,148.752482099863
Rwanda,RWA,"Agriculture, forestry, and fishing, value added (% of GDP)",NV.AGR.TOTL.ZS,30.1946865741942,33.0353672438095,33.895261824051,33.7756165293022,29.0520795791522,25.1019154407025,23.9109185815143,24.4107030429923,23.4080982541515,22.9164629891831,23.7888658574855,23.8917103230198,23.6787751489992,23.1107918816185,24.2954788777688,25.6342490728521,23.2642496908276,21.5583090597452,24.1891694102271,21.4316327202507,21.9285537380026
Rwanda,RWA,Urban population (% of total population),SP.URB.TOTL.IN.ZS,16.8778847116752,16.8947432312369,16.9020099536792,16.9072114459454,16.9110139245047,16.9140836058266,16.9170867063804,16.9206894426355,16.9255580310614,16.9323586881273,16.9410248882148,17.0742206053612,17.5020716539756,18.1953149858416,19.1213951786548,20.2477568101111,21.5418444579064,22.9711026997362,24.5029761132966,26.1049092762833,27.7806702737761
Rwanda,RWA,"Foreign direct investment, net inflows (% of GDP)",BX.KLT.DINV.WD.GD.ZS,0.0762969152415173,0.219807223769547,0.324006427230548,0.271318643761601,0.935920091556034,2.04787532696933,1.99759586428198,2.11782169516035,3.57208683219563,1.64828569312654,3.56791329338291,3.03027485323662,3.86221109540585,1.91881841411753,3.25408209196111,2.99013161776386,3.79467565710856,2.50181125622142,1.45524928576719,2.07399909664917,2.21934152301495
Rwanda,RWA,Poverty headcount ratio at $3.00 a day (2021 PPP) (% of population),SI.POV.DDAY,..,..,..,74.2,..,..,..,..,70.2,..,..,65.2,..,..,63.8,..,..,..,..,..,..
Rwanda,RWA,GDP per capita (current US$),NY.GDP.PCAP.CD,234.043016755733,249.012274982252,269.540446333402,324.016863847189,352.093916578347,420.733580702508,522.288339420679,556.97399621739,586.599950359877,643.356138618166,697.760143509565,695.397140963607,715.36808783393,725.691418696952,721.258515833094,751.049039527547,772.754982959354,823.355304065304,802.638686936204,842.581492947672,1007.05989322914
Rwanda,RWA,Access to electricity (% of population),EG.ELC.ACCS.ZS,6,7.4,8.7,4.8,11.4,12.8,6,15.6,9.7,10.8,17.5,15.2,19.8,22.8,29.4,34.1,38,46.6,45.2,48.7,50.6
Samoa,WSM,GDP growth (annual %),NY.GDP.MKTP.KD.ZG,5.65195919890348,5.21262892634149,3.0872602379675,6.63920361300734,2.13212714677351,0.485982550017255,3.55610467395,-0.541677601834593,6.1247199226125,3.84907794660396,-3.73213020890266,0.107293276488932,0.659923768782861,3.8503618166494,7.9838628784713,1.40628239971301,-0.609647103380141,4.45185891688691,-3.10864485863991,-5.04350589708287,2.26705310780669
Samoa,WSM,"Inflation, consumer prices (annual %)",FP.CPI.TOTL.ZG,8.0503144654087,0.115830115830107,16.3131507905901,1.85676392572949,3.70008680555553,5.57706393219629,11.565906838454,6.32495336235228,0.777007268777692,5.23541591478434,2.0490188352116,0.61008572090503,-0.40681608842489,0.724470134874729,1.30471869303179,1.74989677484705,4.19745888663752,0.982326569888117,-1.56891247740895,3.13320473174494,10.9618822286844
Samoa,WSM,"Life expectancy at birth, total (years)",SP.DYN.LE00.IN,71.233,71.441,71.508,71.487,71.62,71.605,71.531,69.486,71.451,71.393,71.159,71.229,71.142,71.06,71.003,70.991,71.052,70.269,70.727,71.096,71.55
Samoa,WSM,"Government expenditure on education, total (% of GDP)",SE.XPD.TOTL.GD.ZS,3.93932008743286,..,..,..,..,..,5.11659002304077,..,..,4.77426341839114,4.89170722777607,4.61486064947671,5.41392159958726,4.42452121728174,3.98114991188049,4.18871569584785,4.47214854040471,4.58404753905646,4.50316850152178,5.2162847162306,6.15978780645853
Samoa,WSM,Individuals using the Internet (% of population),IT.NET.USER.ZS,2.24483267578443,2.79963044878076,3.07552941044897,3.35259211246829,4.46917387320954,4.75,5.031599998,6,7,11,12.92249966,15.30000019,21.20000076,..,..,..,..,..,..,..,..
Samoa,WSM,Current health expenditure (% of GDP),SH.XPD.CHEX.GD.ZS,4.49205494,4.17237139,4.52578545,4.63365459,4.88451385,4.7446332,4.53258085,5.12732029,5.15268326,5.38357162,4.9883461,6.21823883,6.36147165,6.01321936,5.63959885,5.16343021,4.77525806,5.64761591,6.09105825,7.19651461,6.93412352
Samoa,WSM,"Unemployment, total (% of total labor force) (national estimate)",SL.UEM.TOTL.NE.ZS,..,..,..,..,1.294,..,..,..,..,5.677,8.752,..,8.723,..,..,9.4,1.045,..,..,..,5.048
Samoa,WSM,"School enrollment, primary (% gross)",SE.PRM.ENRR,100.272598266602,101.360877990723,102.40113067627,102.360328674316,102.457702636719,103.185127258301,..,102.942909240723,107.650732168777,104.303479903574,104.036920795239,..,106.647163211452,107.081187816349,107.318115040963,106.410464540724,103.775300035196,103.104626360701,101.994834813153,104.730628904914,103.30974754162
Samoa,WSM,"Agriculture, forestry, and fishing, value added (% of GDP)",NV.AGR.TOTL.ZS,11.9922593594911,10.9888775430945,11.7403681062885,12.4865750417539,10.9860021831847,10.6649895462053,10.0298576357923,11.2374050203296,10.1420948693988,8.74914768052862,8.99062542491428,9.36698695177158,8.97743064055918,8.32395364948745,8.64439767739187,9.90757564175906,9.14766033843446,9.10454875149409,9.53642989262121,9.67170140141047,9.35673735856576
Samoa,WSM,Urban population (% of total population),SP.URB.TOTL.IN.ZS,21.9431903680112,21.7806875309864,21.5282844040566,21.2352904191687,20.9567957063672,20.6944481303605,20.4038457706991,20.1045321482817,19.8302101862085,19.6174273708146,19.478718368689,19.3865949620667,19.3126679480432,19.2340105383551,19.126462366749,18.9657191879831,18.7241267935467,18.4147344481283,18.0516608994722,17.5672426452007,17.5007949951039
Samoa,WSM,"Foreign direct investment, net inflows (% of GDP)",BX.KLT.DINV.WD.GD.ZS,0.567585520505441,0.817062394804595,0.60844907406956,0.78935616966683,4.3862032048739,1.18938989753826,7.15667986967314,1.57134083023162,0.0494567694984404,2.0416002953816,2.69957638721683,1.72885382959682,2.86810154101309,3.26002743040368,0.298684612802242,1.04146807605773,1.90261035583233,-0.238656491573744,0.509397965194954,1.04090555935629,0.539647016745273
Samoa,WSM,Poverty headcount ratio at $3.00 a day (2021 PPP) (% of population),SI.POV.DDAY,5.9,..,..,..,..,..,3.7,..,..,..,..,4.5,..,..,..,..,..,..,..,..,..
Samoa,WSM,GDP per capita (current US$),NY.GDP.PCAP.CD,1527.55790455937,1798.12429714048,2189.26042607992,2550.04221437511,2663.29135939532,3038.61904093377,3373.60639884263,3279.18269477295,3524.2479246203,3821.50678264479,3934.60320799981,4023.5254013825,3982.68080202084,4084.36083819933,4147.07097674888,4307.59381964907,4231.81409469194,4351.94234943706,4099.59660548583,4021.55934894283,4132.44717734444
Samoa,WSM,Access to electricity (% of population),EG.ELC.ACCS.ZS,89.3,89.9,90.5,91.1,96.4,92.5,98.1,97.9,96.4,96.7,96.8,97,97.9,98.2,98.9,96.8,99.8,99.2,100,98.3,98.3
San Marino,SMR,GDP growth (annual %),NY.GDP.MKTP.KD.ZG,0.310800310800303,3.87296669248644,4.5488441461596,2.42510699001426,3.83008356545962,7.10932260228034,-0.500939261114581,-10.3209565764632,-5.47368421052632,-8.3147735708983,-7.04453441295546,-0.78397212543554,-0.702370500438988,2.29150309460655,2.34441211810459,0.258259899709444,1.49390399796074,2.06569082920953,-6.64791226034481,13.8977857594089,7.89844678230362
San Marino,SMR,"Inflation, consumer prices (annual %)",FP.CPI.TOTL.ZG,..,..,1.43083868527343,1.68548890528347,2.09525935611432,2.49894575725803,4.29320249287704,2.19959237046011,2.58541815582587,2.89979584300123,2.8273322422258,1.60439298078082,1.11296303373851,0.145686073241066,0.644075340346552,1.01413313194508,1.16333522293158,0.472651967352852,-0.133368898372915,1.61551411551421,5.32545321311365
San Marino,SMR,"Life expectancy at birth, total (years)",SP.DYN.LE00.IN,81.061,81.33,81.592,81.926,82.258,82.605,82.894,83.224,83.464,83.713,83.943,84.175,84.394,84.596,84.775,84.933,85.095,85.257,82.65,83.539,85.708
San Marino,SMR,"Government expenditure on education, total (% of GDP)",SE.XPD.TOTL.GD.ZS,..,..,..,..,..,..,..,..,2.62883996963501,2.70296001434326,..,3.26723534651899,3.19357628015873,3.11914279579368,3.02697977142855,3.36997008323669,3.55516004562378,3.37969994544983,3.4246199131012,3.10892009735107,2.89753007888794
San Marino,SMR,Individuals using the Internet (% of population),IT.NET.USER.ZS,50.8348399446985,50.003453038674,50.5663430420712,..,50.2086593635889,50.3648221088655,54.52,54.21,..,49.6,..,..,..,..,55,60.18230057,..,67.85070038,77.94999695,81.66999817,97.32790375
San Marino,SMR,Current health expenditure (% of GDP),SH.XPD.CHEX.GD.ZS,5.39155769,4.77200127,4.86479282,4.88683653,4.91361904,5.09587288,5.41110897,6.18409586,6.20853519,8.0707283,8.98883724,8.23800278,8.30091763,8.43315315,8.4219532,8.25972271,8.2778492,8.14801598,8.48147392,7.51272249,7.22336292
San Marino,SMR,"Unemployment, total (% of total labor force) (national estimate)",SL.UEM.TOTL.NE.ZS,..,..,2.819,3.227,1.63,2.598,3.14,4.023,4.373,5.057,..,..,..,7.383,6.445,8.464,8.402,8.11,7.912,6.307,4.915
San Marino,SMR,"School enrollment, primary (% gross)",SE.PRM.ENRR,..,..,98.2324905395508,..,..,..,94.248046875,92.9460601806641,92.4384525205158,92.0494699646643,93.3017190278601,..,..,..,..,..,95.1260504201681,94.6193474527762,94.4051825677267,93.5735735735736,93.9375
San Marino,SMR,"Agriculture, forestry, and fishing, value added (% of GDP)",NV.AGR.TOTL.ZS,..,..,..,..,..,..,..,..,..,..,..,..,..,0.020057836294131,0.0136219857493072,0.020478235906765,0.0164085436290334,0.0152797446966611,0.0141007868342573,0.01662495341762,0.0114865425782792
San Marino,SMR,Urban population (% of total population),SP.URB.TOTL.IN.ZS,93.9488167294543,94,94.2143791763566,94.6454896824635,95.2084276028853,95.8182890221867,96.3901700249324,96.8391666956869,97.074615769187,97.0999984741211,97.0999984741211,97.0999984741211,97.0999984741211,97.0999984741211,97.0999984741211,97.0999984741211,97.0999984741211,97.0999984741211,97.0999984741211,97.1035668453272,97.1141889380465
San Marino,SMR,"Foreign direct investment, net inflows (% of GDP)",BX.KLT.DINV.WD.GD.ZS,..,..,..,..,..,..,..,..,..,..,..,..,..,..,..,..,..,..,..,6.75426980183027,3.92356223325983
San Marino,SMR,Poverty headcount ratio at $3.00 a day (2021 PPP) (% of population),SI.POV.DDAY,..,..,..,..,..,..,..,..,..,..,..,..,..,..,..,..,..,..,..,..,..
San Marino,SMR,GDP per capita (current US$),NY.GDP.PCAP.CD,41790.8434204136,52529.9136967576,58232.0431338765,59877.7862692185,63270.7994496499,70124.4249984768,75902.1677701187,62429.0202738462,56543.190562068,55601.4008139955,47945.8917557105,50807.8206340193,51260.4804236805,43146.8035302005,44359.4574206971,45192.0530047599,47950.7076296808,46626.9998571568,44426.6259613672,54168.9744311193,54264.5837022908
San Marino,SMR,Access to electricity (% of population),EG.ELC.ACCS.ZS,100,100,100,100,100,100,100,100,100,100,100,100,100,100,100,100,100,100,100,100,100
Sao Tome and Principe,STP,GDP growth (annual %),NY.GDP.MKTP.KD.ZG,3.360188168222,8.29151946119818,3.5379059435684,6.61462475033599,8.86610935944026,3.64147185166024,6.2287850696102,3.30239966645061,1.44845522890635,1.99943210333259,2.94294277416023,5.11967735428513,4.90621048664867,1.5397042826735,5.17682468684113,4.11297966281954,4.37812808264972,2.01431672129407,2.62485949543812,1.89929891337832,0.168698492216564
Sao Tome and Principe,STP,"Inflation, consumer prices (annual %)",FP.CPI.TOTL.ZG,10.128724672229,9.79241974934509,13.2858860871796,17.1522049354354,23.0770373451381,18.5485136325779,31.9901039492573,16.9574758025945,13.34005235378,14.3271667616801,10.6379353431628,8.10583270875476,6.99849943966421,5.24587835022454,5.43051966119156,5.6902961992902,7.86859628873909,7.72024525213248,9.81932791540146,8.13777038378732,18.0056351122841
Sao Tome and Principe,STP,"Life expectancy at birth, total (years)",SP.DYN.LE00.IN,61.826,62.158,62.56,62.434,63.041,63.336,63.448,63.669,63.867,64.122,64.505,64.93,65.478,66.023,66.563,67.074,67.602,68.043,67.979,68.026,69.237
Sao Tome and Principe,STP,"Government expenditure on education, total (% of GDP)",SE.XPD.TOTL.GD.ZS,2.72058010101318,3.24692988395691,3.23470997810364,4.85645008087158,4.27118015289307,6.28682994842529,5.5544900894165,9.99429035186768,9.9882698059082,8.79410245042467,6.92846012115479,6.68509006500244,4.4321699142456,4.69794988632202,6.11515998840332,5.87489986419678,5.62454986572266,6.10573891896978,5.02931173372591,5.53985041124283,5.19392101712613
Sao Tome and Principe,STP,Individuals using the Internet (% of population),IT.NET.USER.ZS,7.580665168911,10.1618443069961,13.3228526892178,13.75949955,14.18200016,14.5904831987414,15.47999954,16.40999985,18.75,20.16119957,21.57239914,23,24.40999985,25.81999969,28,32.61640167,37.99380112,44.25790024,51.55469894,54.94950104,58.56779861
Sao Tome and Principe,STP,Current health expenditure (% of GDP),SH.XPD.CHEX.GD.ZS,9.49860477,11.46527386,10.7211771,10.35199738,7.10559654,7.00608587,5.97009039,5.75177002,5.80827904,5.65160036,7.07299662,8.94060898,7.91452122,6.53226852,7.60211611,7.46631384,5.91960287,5.48078823,7.32044411,7.85889721,5.7744813
Sao Tome and Principe,STP,"Unemployment, total (% of total labor force) (national estimate)",SL.UEM.TOTL.NE.ZS,17.625,16.361,16.118,16.471,16.65,..,..,..,..,..,13.594,..,..,..,..,6.657,..,..,..,..,..
Sao Tome and Principe,STP,"School enrollment, primary (% gross)",SE.PRM.ENRR,120.207168579102,122.29955291748,123.559432983398,125.522186279297,..,122.611000061035,122.417999267578,122.308692932129,119.253356933594,119.297409057617,111.31436920166,110.589996337891,106.902000427246,107.803779602051,108.677742004395,110.377998352051,..,..,..,..,..
Sao Tome and Principe,STP,"Agriculture, forestry, and fishing, value added (% of GDP)",NV.AGR.TOTL.ZS,..,..,..,..,..,..,9.47767452078513,10.4916229997386,11.6318930270323,12.3319074378557,12.8657292793474,13.4069603438231,13.2795768636645,14.1348690685509,13.0514022257346,12.7475187137291,11.8181222110283,11.9296548194696,14.1470498019151,15.2661766239364,13.9317577053548
Sao Tome and Principe,STP,Urban population (% of total population),SP.URB.TOTL.IN.ZS,55.0882710997103,56.4128470868097,57.8774845467458,59.4188016908917,60.9734167306206,62.4779478773056,63.8690133423199,65.0832313370367,66.0572200728291,66.7275977610702,67.0335889448132,67.1306686401367,67.2606735229492,67.3915710449219,67.5218887329102,67.6520004272461,67.7828826904297,67.9129943847656,68.0436706542969,68.1738967895508,68.3720919798341
Sao Tome and Principe,STP,"Foreign direct investment, net inflows (% of GDP)",BX.KLT.DINV.WD.GD.ZS,4.22678714274198,3.3305327757187,3.05544616526837,11.4796071529221,26.6263783885012,24.156401012097,42.0928084101522,7.72419866486855,26.6286088078235,14.1981181119688,9.79700698442145,4.55447319839345,9.03727468460171,10.7400374911446,7.98279155418215,10.6236604862763,6.17598418618007,5.85791781434652,9.99771582880853,11.250926099997,10.2819916432401
Sao Tome and Principe,STP,Poverty headcount ratio at $3.00 a day (2021 PPP) (% of population),SI.POV.DDAY,..,..,..,..,..,..,..,..,18.9,..,..,..,..,..,..,13,..,..,..,..,..
Sao Tome and Principe,STP,GDP per capita (current US$),NY.GDP.PCAP.CD,568.10257252271,663.696211810494,726.560882130444,844.169181884274,861.970707697664,878.885791918745,1081.8684584729,1128.28046213305,1045.20958234528,1219.80189089671,1210.7926479817,1382.5757842916,1489.67633417608,1298.10946596396,1434.87018050521,1555.79477812888,1825.59971753966,1935.2931816596,2167.22001796925,2362.58827248102,2389.73729784737
Sao Tome and Principe,STP,Access to electricity (% of population),EG.ELC.ACCS.ZS,52.5,53.6,54.7,55.8,56.9,58,59.1,56.9,61.4,62.6,57.9,65,68.6,67.3,69.4,74.3,71,75.1,76.8,78.5,78
Saudi Arabia,SAU,GDP growth (annual %),NY.GDP.MKTP.KD.ZG,-0.688390130317757,8.76873381743964,8.63100545880309,5.94489623934835,3.31348473625901,2.21365396372528,6.2379875365458,-1.06671711240203,5.0395150823517,11.758820686671,5.76157382270968,2.94563789152025,4.02467158380668,4.65512316652699,1.70404739202878,1.18210705878283,3.2269508901591,1.65158925617395,-3.80478901996312,6.51959698325419,12.0005874752929
Saudi Arabia,SAU,"Inflation, consumer prices (annual %)",FP.CPI.TOTL.ZG,0.247186492339686,0.612195358172966,0.5155078977673,0.479231671630955,2.20902314069647,4.16782358431579,9.87024816760266,5.0572227614833,5.33941733020905,5.8262163739404,2.86627029905053,3.51104209799866,2.24185348779063,1.22269318552328,2.05347076823965,-0.834845735027162,2.46594308994843,-1.19298644533328,3.37234961012303,3.06328988941548,2.47407371925372
Saudi Arabia,SAU,"Life expectancy at birth, total (years)",SP.DYN.LE00.IN,73.296,73.657,74.027,74.4,74.762,75.066,75.301,75.447,75.616,75.808,76.09,76.517,77.116,77.776,78.354,78.721,78.75,78.313,77.596,77.089,77.31
Saudi Arabia,SAU,"Government expenditure on education, total (% of GDP)",SE.XPD.TOTL.GD.ZS,7.63688993453979,7.10509014129639,6.27747011184692,5.43093013763428,5.89117002487183,..,5.13781023025513,..,..,..,..,..,..,..,..,..,..,..,..,..,..
Saudi Arabia,SAU,Individuals using the Internet (% of population),IT.NET.USER.ZS,6.38470501955932,8.00158289090878,10.2345329969583,12.7050359882849,19.4595543513634,30,36,38,41,47.5,54,60.5,64.713657369019,69.6162358014004,74.8792746891625,94.1755996113911,93.3100018480347,95.7247355953812,97.8623325,100,100
Saudi Arabia,SAU,Current health expenditure (% of GDP),SH.XPD.CHEX.GD.ZS,4.2493763,3.97909737,3.58400965,3.4186728,3.61922002,3.56229162,2.97100711,4.29042768,3.64786148,3.68218255,3.98779845,4.42293596,5.15800905,5.8620224,6.24142838,6.03126049,5.34063101,5.46743011,6.64630127,5.93033648,5.31400585
Saudi Arabia,SAU,"Unemployment, total (% of total labor force) (national estimate)",SL.UEM.TOTL.NE.ZS,5.265,5.563,5.822,6.051,6.254,5.734,5.085,5.377,5.55,..,5.622,5.6,5.877,5.6,5.6,5.89,6.029,5.636,7.66,6.621,5.589
Saudi Arabia,SAU,"School enrollment, primary (% gross)",SE.PRM.ENRR,..,..,..,115.50853729248,..,120.881187438965,123.49730682373,125.763481140137,128.086135732352,128.024230557425,129.348001204547,99.3784710993113,100.7677674866,101.594836340679,103.42068748908,106.381546527147,105.80186450639,102.737519761619,103.151902576284,100.895579929087,102.13902539092
Saudi Arabia,SAU,"Agriculture, forestry, and fishing, value added (% of GDP)",NV.AGR.TOTL.ZS,5.03753751642003,4.47188176141973,3.86835593326895,3.1854016709851,2.91996194095464,2.74276747836675,2.29269078480924,2.83043433137553,2.61912238524459,2.15288829129967,2.06209514825132,2.14783287096443,2.27940419211986,2.75387031670143,2.91802299444676,2.83525700890872,2.41396154385256,2.45384656461481,2.95556974627207,2.44812792691627,2.21479159080364
Saudi Arabia,SAU,Urban population (% of total population),SP.URB.TOTL.IN.ZS,80.3438134074234,80.5414456330177,80.7542316538166,80.9775503092999,81.2008588083072,81.4230015549063,81.6441431042994,81.8644480116889,82.0791668544465,82.2543876159947,82.4311918025358,82.6071884619102,82.7822571294871,82.9562773406163,83.129128630626,83.300690534822,83.4708425884849,83.6394643268678,83.8064352851942,83.9716349986538,84.1349430023993
Saudi Arabia,SAU,"Foreign direct investment, net inflows (% of GDP)",BX.KLT.DINV.WD.GD.ZS,-0.323899963714203,-0.271772775519938,-0.129209725410009,1.33515850333851,1.58553602335569,1.48457884530209,1.05925699592349,0.10169038708409,0.923670092367435,0.688133631504519,0.669626013751334,0.437984195574321,0.191711517264834,0.572622097928938,3.18518611850268,0.136801407151884,1.36945683303735,0.346411455797861,0.211115523412857,2.8850612174452,2.1556449627378
Saudi Arabia,SAU,Poverty headcount ratio at $3.00 a day (2021 PPP) (% of population),SI.POV.DDAY,..,..,..,..,..,..,..,..,..,..,..,..,..,..,..,..,..,..,..,..,..
Saudi Arabia,SAU,GDP per capita (current US$),NY.GDP.PCAP.CD,10586.0543471363,11487.220410693,13154.4978989446,15975.7473782258,17563.6145370639,18596.1502627898,22320.4888964331,17718.3911648365,22028.3901426586,27126.7498747702,28733.4375513452,27865.465604962,27805.4850319422,23256.1549553531,22267.7217050387,23929.2907135982,29360.0658968566,29566.7933827436,24338.8307301067,31920.7653655643,38510.2276211037
Saudi Arabia,SAU,Access to electricity (% of population),EG.ELC.ACCS.ZS,100,100,100,100,100,100,100,100,100,100,100,100,100,100,99.9,100,99.9,100,100,100,100
Senegal,SEN,GDP growth (annual %),NY.GDP.MKTP.KD.ZG,0.0686965747419066,5.59395094456143,4.64329393683312,4.31023852639633,2.33077098330239,2.82711920133374,3.70316906391386,2.75210448455053,3.39088925336209,1.33409107961258,4.00299555090457,2.41238527605579,6.22407443790986,6.36704365066983,6.35606857208136,7.40748618589598,6.20924103388887,4.6136280976221,1.34207377285524,6.5440010991951,3.85043193752725
Senegal,SEN,"Inflation, consumer prices (annual %)",FP.CPI.TOTL.ZG,2.33730187454299,-0.0519970242714495,0.514781781023016,1.71133325855502,2.11228583877117,5.85330428467681,7.34720236578406,-2.2480214785534,1.22868119673344,3.40322829786971,1.41822871177854,0.710245486695176,-1.09025507446895,0.135211933635165,0.837284942557434,1.31815314847789,0.460985642464188,1.76011151192939,2.54314685681662,2.18032278088147,9.69681899081073
Senegal,SEN,"Life expectancy at birth, total (years)",SP.DYN.LE00.IN,58.912,59.474,60.308,60.98,61.801,62.653,63.201,63.751,64.221,64.799,65.229,65.638,66.001,66.451,66.724,67.059,67.379,67.668,67.496,66.868,67.788
Senegal,SEN,"Government expenditure on education, total (% of GDP)",SE.XPD.TOTL.GD.ZS,2.59441995620727,2.75125002861023,3.07778000831604,4.06443023681641,3.82138991355896,..,4.02568006515503,4.92072010040283,0.544770002365112,4.90302991867065,4.77698993682861,5.68656015396118,5.72907018661499,5.45634984970093,5.11309003829956,4.74007987976074,5.11019992828369,5.03525018692017,5.6869797706604,5.61201000213623,5.95222997665405
Senegal,SEN,Individuals using the Internet (% of population),IT.NET.USER.ZS,1.00645453672323,2.10143642986685,4.38602398008563,4.78668408310535,5.61173865217952,6.889999866,7.119999886,7.5,8,9.800000191,10.80000019,13.10000038,17.70000076,21.70000076,25.66480064,29.64310074,35.29999924,43.37969971,53.30879974,55.04040146,56.82830048
Senegal,SEN,Current health expenditure (% of GDP),SH.XPD.CHEX.GD.ZS,3.95294404,4.29703569,4.56856203,3.67466521,3.76337624,3.41496587,3.50687575,3.841573,4.02764368,4.21416712,4.26688004,4.38573599,4.38962269,4.37789631,4.25606871,4.16359377,4.43182087,4.49531031,5.15119171,4.44256258,4.0444808
Senegal,SEN,"Unemployment, total (% of total labor force) (national estimate)",SL.UEM.TOTL.NE.ZS,5.654,..,..,..,11.1,..,..,..,..,2.853,..,..,..,6.757,4.455,4.078,..,2.863,..,..,5.062
Senegal,SEN,"School enrollment, primary (% gross)",SE.PRM.ENRR,71.6134872436523,75.9179763793945,78.7173461914062,80.6679611206055,80.4989929199219,83.9038162231445,84.4092330932617,84.0063171386719,83.8549053927634,86.5724487304688,86.4115600585938,82.6985436490722,83.6844563893552,84.8970794677734,..,..,..,83.2568728212779,84.9031291477371,84.0612276417736,84.2733198273584
Senegal,SEN,"Agriculture, forestry, and fishing, value added (% of GDP)",NV.AGR.TOTL.ZS,13.3807801250726,15.4910998381045,14.2017995388,15.1803964143562,13.3951515867003,12.2459105728806,14.6866270243556,16.1077336169075,15.945261535619,12.9470610352017,14.0976923523704,13.7248803755401,13.3687650760268,14.2825767344045,14.4140203888971,15.0045395764691,14.9875195578847,14.8962721234445,16.1487794824433,15.5512646222076,16.3333231968406
Senegal,SEN,Urban population (% of total population),SP.URB.TOTL.IN.ZS,41.1081471561292,41.35893934855,41.6248193895895,41.9057599695838,42.2046413043069,42.524343609533,42.867747101036,43.23773199459,43.6371785059692,44.0689668509475,44.5359772452989,45.0398750539456,45.6020905341588,46.2747669629858,47.0553579909929,47.9338349639053,48.9001692274485,49.9443321273477,51.0562950093282,52.2260292191155,53.4435061024348
Senegal,SEN,"Foreign direct investment, net inflows (% of GDP)",BX.KLT.DINV.WD.GD.ZS,1.18024440779397,0.986458285223565,1.36534663159615,1.52551294776184,2.47770837743402,2.51145667497291,2.70404739796078,2.05299535843601,1.68778336701059,1.90106996405963,1.56368019565039,1.64581763022307,2.03613121185767,2.30194934655844,2.48110320660753,2.80606270309874,3.6676580901097,4.55247618583033,7.52395708111684,9.40426405095026,10.5411241953817
Senegal,SEN,Poverty headcount ratio at $3.00 a day (2021 PPP) (% of population),SI.POV.DDAY,..,..,..,53.6,..,..,..,..,..,53.3,..,..,..,..,..,..,19.1,..,..,17.9,..
Senegal,SEN,GDP per capita (current US$),NY.GDP.PCAP.CD,669.430447319209,817.888034221442,918.102079522155,979.846101520171,1017.20196747987,1188.93877808175,1398.79218010021,1308.69404336205,1275.88357492357,1374.67591873844,1326.83798848379,1379.83196553924,1398.89137601382,1218.00613555438,1266.43957151587,1354.77007193387,1452.55612562445,1431.18128932159,1461.08720350553,1598.10676952274,1574.0281059306
Senegal,SEN,Access to electricity (% of population),EG.ELC.ACCS.ZS,36.8,41.9,36.8,47.1,49.9,48.1,49.7,53.5,56.5,56.5,56.5,57,61,60.5,64.5,61.7,66,70.4,64.3,68,67.9
Serbia,SRB,GDP growth (annual %),NY.GDP.MKTP.KD.ZG,6.54104600309256,4.55968997935088,6.68686836863701,5.90349622935489,3.90066644620993,7.83207023027602,5.16089327231823,-3.14261075416574,1.61097281449412,0.0542724836581954,-0.443956070983248,0.451578805330726,-1.80427041681132,1.2957386351958,2.97519807160826,2.3634031250553,4.64935035491007,4.75020793899014,-0.950023991851594,7.94905650472278,2.70347705543654
Serbia,SRB,"Inflation, consumer prices (annual %)",FP.CPI.TOTL.ZG,19.4908321579689,9.87617889729578,11.0263627183464,16.1199806482826,11.7240229980834,6.39170644391413,12.410986775178,8.11695092238082,6.14255360247248,11.1373976342129,7.33038589596646,7.69426362896655,2.08244793880154,1.39235822000187,1.12231397417769,3.13106248590115,1.95984076293801,1.84922984511086,1.57553290083415,4.08510285335102,11.9815117344703
Serbia,SRB,"Life expectancy at birth, total (years)",SP.DYN.LE00.IN,72.2853658536585,72.4365853658537,72.6829268292683,72.8341463414634,73.3853658536585,73.6317073170732,73.8853658536585,73.9853658536585,74.3365853658537,74.5365853658537,74.8365853658537,75.1853658536585,75.3365853658537,75.2878048780488,75.6878048780488,75.5390243902439,75.890243902439,75.9365853658537,74.4780487804878,72.780487804878,75.2365853658537
Serbia,SRB,"Government expenditure on education, total (% of GDP)",SE.XPD.TOTL.GD.ZS,..,..,..,..,..,4.04881000518799,..,4.3127498626709,..,4.0735502243042,..,..,..,..,3.50275993347168,3.56539011001587,3.43663001060486,3.45865988731384,..,3.14615988731384,3.08255004882812
Serbia,SRB,Individuals using the Internet (% of population),IT.NET.USER.ZS,..,..,23.5,26.29999924,27.2,33.15,35.6,38.1,40.9,42.2,48.09999847,53.450364175,62.0750804639377,65.3170254003801,67.0568413716938,70.3308355269141,73.360709154564,77.4167736219802,78.36804864,81.16588116,83.53825397
Serbia,SRB,Current health expenditure (% of GDP),SH.XPD.CHEX.GD.ZS,7.24950886,7.30602598,7.63644934,8.09346867,8.28575706,9.01782608,9.12807178,8.98933506,9.15153027,8.75940418,8.95716667,8.93188286,8.85966778,8.46289921,8.15184307,7.89965153,8.18469906,8.28762531,8.30643559,9.23441029,8.58397198
Serbia,SRB,"Unemployment, total (% of total labor force) (national estimate)",SL.UEM.TOTL.NE.ZS,13.8,15.2,18.503,20.846,20.851,18.063,13.67,16.116,19.204,22.959,24,22.154,19.223,17.66,15.257,13.477,12.733,10.395,9.011,9.843,8.439
Serbia,SRB,"School enrollment, primary (% gross)",SE.PRM.ENRR,102.119522094727,101.065238952637,101.55493927002,102.747093200684,101.839546203613,100.971687316895,100.629577636719,97.6857986450195,95.8957595825195,101.493446350098,100.571311950684,100.895538330078,101.131156921387,101.342918395996,100.571273803711,100.312927246094,100.301933288574,99.6447067260742,97.7058486938477,96.8112564086914,96.6279678344727
Serbia,SRB,"Agriculture, forestry, and fishing, value added (% of GDP)",NV.AGR.TOTL.ZS,8.51013913494866,7.02904112121838,7.62709744796992,6.16013694013165,6.22223200235689,5.50486565149148,6.35977347846117,5.99159503176742,6.11650941889437,6.34800451775273,6.04364014215639,6.29965191728962,6.11737533592784,5.60595319138529,5.70664096571472,5.05778606525606,5.20468651078978,4.76474851493196,5.05373769401741,5.15586469879064,5.33794223775032
Serbia,SRB,Urban population (% of total population),SP.URB.TOTL.IN.ZS,56.462901503343,56.8784264526306,57.3144555999278,57.7508909888183,58.1709152910668,58.5577111784378,58.8944613226962,59.1643483956067,59.3505550689338,59.4349187787267,59.3468437194824,59.6111068725586,59.8779373168945,60.1388092041016,60.3853870034026,60.621208190918,60.8433609008789,61.0492248535156,61.223201751709,61.363899230957,61.9013813540396
Serbia,SRB,"Foreign direct investment, net inflows (% of GDP)",BX.KLT.DINV.WD.GD.ZS,..,..,..,..,..,9.85383583099953,7.48017377130846,6.23823937763422,3.88925451665989,9.6203440965999,2.82759932149649,4.08141056622247,4.07119376860245,5.67381755834409,5.57770746372387,6.29636171721257,7.71374568954873,7.92487427143519,6.23865408002072,6.95312089132574,6.90354140371273
Serbia,SRB,Poverty headcount ratio at $3.00 a day (2021 PPP) (% of population),SI.POV.DDAY,0.4,0.9,1.2,1.6,0.9,0.6,0.3,0.6,0.3,..,7.1,7.8,8.9,8.4,8.1,6.6,4.2,2.7,2,1.7,2
Serbia,SRB,GDP per capita (current US$),NY.GDP.PCAP.CD,2390.73459447107,3153.9011312754,3597.08798057009,3807.97417321786,4492.7136699046,6081.08765700202,7376.73517910716,6414.0448463847,5970.92660940072,7082.2861666075,6263.04086072815,7040.41812068781,6886.67809068704,5820.3215576888,5982.37030126471,6548.03653824187,7559.86165747394,7755.632986437,8098.70955668849,9680.52798074468,10024.8191112596
Serbia,SRB,Access to electricity (% of population),EG.ELC.ACCS.ZS,100,99.7,99.6,99.7,99.6,99.6,99.6,99.6,99.7,99.7,99.8,99.9,99.7,99.9,99.9,100,100,99.8,100,100,100
Seychelles,SYC,GDP growth (annual %),NY.GDP.MKTP.KD.ZG,1.21283290259314,-5.88712848764477,-2.8504539768538,9.0057617374238,9.40612855732827,8.87606645570879,-2.72594626154864,-2.47937594726137,4.50513204312067,9.5097833517957,3.1106784939243,1.25373496242949,4.0636918123521,8.9140088750469,12.1175272453913,6.95416218794271,4.93947272254312,5.5142920737342,-11.7398608281732,0.552281631207279,9.88048366355446
Seychelles,SYC,"Inflation, consumer prices (annual %)",FP.CPI.TOTL.ZG,0.174999999999924,3.30255386407089,3.85730391367399,0.907187718073944,-0.353465498693756,5.32060027285142,36.9647582875289,31.7544407744178,-2.40463875108227,2.55926772230953,7.11037062326403,4.33893848329099,1.38583454581263,4.04194410725617,-1.01548191697626,2.85679575568437,3.70291839111568,1.80709400809982,1.20266463987123,9.76909936973542,2.6260363285129
Seychelles,SYC,"Life expectancy at birth, total (years)",SP.DYN.LE00.IN,71.0878048780488,71.0292682926829,72.6609756097561,72.1317073170732,72.2170731707317,73.1439024390244,73.1634146341463,73.0829268292683,73.1975609756098,72.7243902439024,74.2756097560976,73.119512195122,73.2292682926829,74.2951219512195,74.309756097561,74.3,72.8414634146341,74.0463414634146,77.2365853658537,73.3975609756097,74.509756097561
Seychelles,SYC,"Government expenditure on education, total (% of GDP)",SE.XPD.TOTL.GD.ZS,4.88109016418457,5.05177021026611,..,..,4.48331022262573,..,..,..,..,3.62995004653931,2.54216003417969,3.61840009689331,3.95247006416321,4.91460990905762,4.0213098526001,3.34617325657655,3.59446940668662,3.5588555711461,4.18704837049316,4.86547351368626,3.65858904774836
Seychelles,SYC,Individuals using the Internet (% of population),IT.NET.USER.ZS,14.3041708309972,14.5925043169492,24.2721392249906,25.4132681462836,34.95197117065,38.38,40.44,..,41,43.16400146,47.07600021,50.40000153,51.25469971,54.25960159,56.51470184,62.55310059,69.23660278,76.63420105,79.25170135,81.99530029,84.83380127
Seychelles,SYC,Current health expenditure (% of GDP),SH.XPD.CHEX.GD.ZS,4.19562864,4.86075974,4.66628933,4.44606543,4.33191252,3.79315019,3.51518679,3.43580508,4.40148449,4.35539675,5.2896843,4.19129515,4.43609142,4.24428654,4.71349716,4.47661018,4.41706038,4.25269794,5.83709192,5.2088151,4.39909697
Seychelles,SYC,"Unemployment, total (% of total labor force) (national estimate)",SL.UEM.TOTL.NE.ZS,9.806,..,..,5.5,..,..,..,..,..,4.114,..,..,3.841,4.151,3.965,3.715,3.528,2.966,4.311,..,..
Seychelles,SYC,"School enrollment, primary (% gross)",SE.PRM.ENRR,105.388236999512,107.546531677246,106.238822937012,115.599098205566,117.426132202148,125.339370727539,130.722076416016,127.479667663574,111.253689208264,111.588809034908,113.471570161711,113.371637503265,118.250134192163,119.9411921946,126.219170403587,132.235879426397,123.720432981425,119.315869786368,114.153661464586,109.626103111937,97.7654776547765
Seychelles,SYC,"Agriculture, forestry, and fishing, value added (% of GDP)",NV.AGR.TOTL.ZS,2.69362339108723,2.46144781055938,3.22710437515749,3.03800915305174,2.78226337941348,2.62790252151546,2.53632156141561,2.24128896994315,2.23545934618328,2.19346218388635,1.99985279931942,2.71276034719474,2.33075493440682,2.05307446564115,1.9149122831203,2.13180786598013,2.0783484846252,2.12955445087691,1.96124535557297,2.44466263831241,2.45808085762332
Seychelles,SYC,Urban population (% of total population),SP.URB.TOTL.IN.ZS,43.0948464521927,43.0049328648162,42.9237756892027,42.8510349075107,42.7880431397027,42.7361330057413,42.696637125589,42.6708881192085,42.660307244583,42.6739844860866,42.7261758463169,42.815069634181,42.9386256186342,43.094803568632,43.2815632531296,43.4968644410824,43.7386669014459,44.0049304031754,44.2936147152263,44.6026796065539,44.9108209981157
Seychelles,SYC,"Foreign direct investment, net inflows (% of GDP)",BX.KLT.DINV.WD.GD.ZS,6.42979491804749,7.78128204836837,4.25692407405115,8.25542388019619,12.997071189638,16.3299180561317,18.3570766112751,19.7733389965627,16.2787980957365,13.5270690867223,56.2882654419862,4.29723724959436,7.80896304548278,7.39272196242003,4.35742188671966,11.7771697387857,17.1030662941746,13.7575701960234,5.79027015191072,7.52808883301193,9.4918981662406
Seychelles,SYC,Poverty headcount ratio at $3.00 a day (2021 PPP) (% of population),SI.POV.DDAY,..,..,..,..,0.6,..,..,..,..,..,..,1.6,..,..,..,..,0.7,..,..,..,..
Seychelles,SYC,GDP per capita (current US$),NY.GDP.PCAP.CD,8864.16919495467,9070.28460757013,10827.671636033,11802.1118276833,12782.9938926475,12669.3026687222,11265.4376270005,9747.09180546291,10934.79494629,12110.0937461973,12337.1554669388,14821.2921476077,15188.1902175113,15333.1051727105,16566.9946042294,17480.3651911372,18440.2340460932,19141.5118743615,14041.4754074575,14982.9111487767,16682.6990711785
Seychelles,SYC,Access to electricity (% of population),EG.ELC.ACCS.ZS,96.1,94.9,95.2,95.5,99,96.1,96.5,96.8,97,98.1,98.3,98,100,100,100,100,100,100,100,100,100
Sierra Leone,SLE,GDP growth (annual %),NY.GDP.MKTP.KD.ZG,26.5241350674409,9.48363126885343,6.47884588417347,4.3534998069981,4.28311062264335,3.74975804751641,3.68605969932123,1.53080323958716,6.35566595800495,8.10065518714917,10.578331663387,14.6633238075229,-7.81501512457241,-4.36333262093788,6.43743652764257,3.20786087715987,2.8938564123677,5.50270937378153,-1.2533490322766,5.8968527047094,5.3135546141915
Sierra Leone,SLE,"Inflation, consumer prices (annual %)",FP.CPI.TOTL.ZG,..,..,..,..,..,11.6499744518106,8.21112432289608,7.46901898540982,7.18566275668163,6.79138291952621,6.58776239392585,5.52412877994266,4.63931171409667,6.68943562498681,10.8860609413903,18.2215094003386,16.0295447693699,14.8049990906021,13.4468711101052,11.8739588840234,27.2082883814653
Sierra Leone,SLE,"Life expectancy at birth, total (years)",SP.DYN.LE00.IN,46.174,46.784,47.485,48.306,49.547,50.024,50.693,51.312,51.927,52.594,53.159,54.051,54.281,55.454,56.937,57.761,59.059,59.593,59.694,60.26,61.275
Sierra Leone,SLE,"Government expenditure on education, total (% of GDP)",SE.XPD.TOTL.GD.ZS,2.29766988754273,2.10887002944946,2.01167011260986,1.81370997428894,..,1.52012002468109,1.4541300535202,1.72441005706787,1.56553995609283,1.61538004875183,1.77787005901337,1.56069004535675,1.73754000663757,3.21786273563993,1.84832000732422,3.0150101184845,4.46809005737305,4.65177011489868,5.34702014923096,5.59322023391724,4.90762996673584
Sierra Leone,SLE,Individuals using the Internet (% of population),IT.NET.USER.ZS,0.176198956814076,0.190173281668183,0.203007680592588,0.215399995,0.227699995,0.239800006,0.25,0.25999999,0.579999983,0.899999976,2.5,4,6.057300091,6.344399929,7.680099964,9.297100067,14.42230034,15.71370029,17.12080002,18.65390015,21.50880051
Sierra Leone,SLE,Current health expenditure (% of GDP),SH.XPD.CHEX.GD.ZS,5.55388832,5.06219816,5.23798943,5.23005009,5.29913139,5.31662989,5.60332584,6.27075481,5.64204741,6.60636759,5.92764187,8.45845032,15.11886978,12.3831234,10.05438519,6.00532055,5.29927444,5.7052846,5.66489744,5.07244635,4.80377436
Sierra Leone,SLE,"Unemployment, total (% of total labor force) (national estimate)",SL.UEM.TOTL.NE.ZS,..,4.295,2.8,..,..,..,..,..,..,..,..,..,4.678,..,..,..,1.646,..,..,..,..
Sierra Leone,SLE,"School enrollment, primary (% gross)",SE.PRM.ENRR,..,..,..,..,..,..,..,..,..,114.580513591833,117.716124289972,119.788073464671,..,120.700737828928,123.03165757627,126.863918148513,114.58023823864,145.617495471991,142.792124647639,157.709757576001,163.173554667055
Sierra Leone,SLE,"Agriculture, forestry, and fishing, value added (% of GDP)",NV.AGR.TOTL.ZS,46.8536780758378,46.9023173495907,49.1070997045261,50.1028757149925,27.5403133675948,28.3984316094981,28.9974768705335,30.4719745904755,30.542621858137,31.5846615609542,30.6570937162864,30.1232322468759,31.9043952976079,34.3025554909897,32.5776913387757,33.3320506947837,34.9852345791337,34.547180978919,35.1293857770036,33.6443431144422,33.7568527151259
Sierra Leone,SLE,Urban population (% of total population),SP.URB.TOTL.IN.ZS,36.0082791496616,36.2690511597053,36.5491283814755,36.8485519672439,37.1703805343647,37.5122859420526,37.8725951588418,38.2496351532666,38.6417328938613,39.0472153491602,39.4644094876975,39.8916422780075,40.3272406886245,40.7669565187099,41.229411538771,41.7106682105058,42.2011025267803,42.7018444914441,43.2129659123546,43.7345385973699,44.2666343543487
Sierra Leone,SLE,"Foreign direct investment, net inflows (% of GDP)",BX.KLT.DINV.WD.GD.ZS,0.538476849671278,0.402080514728161,2.73329141184343,3.56470945553037,1.80375615409317,2.6278911435046,1.27696981909264,2.79329478350427,5.59265918271249,19.5505875068329,11.7630516727995,5.72675143806855,4.88007878489104,3.71866092366771,2.27663664378768,7.19540249608134,2.90502880166707,1.86680073560006,0.762524725903042,2.98593617782997,2.0361950444072
Sierra Leone,SLE,Poverty headcount ratio at $3.00 a day (2021 PPP) (% of population),SI.POV.DDAY,..,72.4,..,..,..,..,..,..,..,53.7,..,..,..,..,..,..,41.5,..,..,..,..
Sierra Leone,SLE,GDP per capita (current US$),NY.GDP.PCAP.CD,388.995111216836,413.817607346927,417.749983329227,462.633324427945,580.26796974773,631.889926264998,705.359014080005,652.845806767943,685.039673490948,761.146365577281,937.504428180231,1117.47183075115,1117.7586465721,964.575980888989,844.416411175476,779.186007841728,845.914540460932,843.71251730417,845.277558236182,885.396401613729,860.371067874555
Sierra Leone,SLE,Access to electricity (% of population),EG.ELC.ACCS.ZS,9.2,9.9,16.8,11.3,12.2,13,12.1,14.6,11.5,14.2,17.2,13.5,18.8,19.7,20.3,23.4,26.1,22.7,26.3,27.5,29.4
Singapore,SGP,GDP growth (annual %),NY.GDP.MKTP.KD.ZG,3.92336076702013,4.54825542643229,9.93998268434957,7.36632239250758,9.00676607871758,9.02151951268893,1.86348345462035,0.127953382778088,14.5197497108994,6.21493416858989,4.43549759378537,4.81763099120676,3.93554027709007,2.97679931634806,3.91095306322606,4.32679370770501,3.18660848474074,1.15877947300108,-3.61084281729929,10.1410845197192,4.01027884472296
Singapore,SGP,"Inflation, consumer prices (annual %)",FP.CPI.TOTL.ZG,-0.391676866585049,0.507905300237551,1.66272719863072,0.425106276569107,0.965657519018511,2.10980166714574,6.63544058395309,0.589142019610516,2.82884527612958,5.25115624639373,4.58084479423094,2.36439793742726,1.03316955857629,-0.521975611895763,-0.529809760375464,0.576763191179996,0.438784215129623,0.567829988405447,-0.172111865925382,2.31610315765146,6.13095418919732
Singapore,SGP,"Life expectancy at birth, total (years)",SP.DYN.LE00.IN,78.5512195121951,79.0390243902439,79.490243902439,79.990243902439,80.1414634146341,80.4414634146342,80.790243902439,81.2414634146342,81.5414634146342,81.7439024390244,81.9951219512195,82.2463414634147,82.4951219512195,82.7439024390244,82.8463414634146,83.0951219512195,83.2975609756098,83.5951219512195,83.5439024390244,83.0926829268293,82.8951219512195
Singapore,SGP,"Government expenditure on education, total (% of GDP)",SE.XPD.TOTL.GD.ZS,3.87852001190186,3.98194003105164,3.65276002883911,3.19596004486084,2.85911989212036,2.94673991203308,2.76460003852844,3.01012992858887,3.08044004440308,3.03077006340027,3.07084989547729,2.85435009002686,3.01358665503678,2.99161870509909,2.94466258946576,2.87916382421742,2.85314011573792,2.72783994674683,2.69227004051208,2.82732009887695,2.47478008270264
Singapore,SGP,Individuals using the Internet (% of population),IT.NET.USER.ZS,47,53.8379432881911,62,61,59,69.9,69,69,71,71,72,80.90209961,79.0292358633435,79.0129570025584,84.4522678893074,84.4522678893074,88.1656360313447,88.9492526850762,92.00434653,96.92468156,95.95386476
Singapore,SGP,Current health expenditure (% of GDP),SH.XPD.CHEX.GD.ZS,3.358464,3.60699272,3.15019798,3.03367925,2.9347465,2.83749056,3.19488454,3.39370513,3.1982615,3.1539185,3.32392788,3.68225336,3.87132597,4.18061399,4.37989521,4.35978413,4.07275724,4.40746737,5.70015287,5.14599705,4.33121586
Singapore,SGP,"Unemployment, total (% of total labor force) (national estimate)",SL.UEM.TOTL.NE.ZS,5.65,5.93,5.84,3.4,4.48,3.9,3.96,5.86,4.12,3.89,3.718,3.862,3.743,3.785,4.084,4.163,3.878,3.125,5.231,4.64,3.591
Singapore,SGP,"School enrollment, primary (% gross)",SE.PRM.ENRR,..,..,..,..,..,..,..,..,..,..,..,..,..,..,100.773205741627,100.626953870432,100.261866636903,100.692578354355,100.53590938338,99.8746450408043,99.5780376637324
Singapore,SGP,"Agriculture, forestry, and fishing, value added (% of GDP)",NV.AGR.TOTL.ZS,0.0710328000140014,0.0611340723110266,0.0556489896262466,0.0550481142142599,0.0488654244516825,0.0428679973714474,0.0414321884664469,0.0406877612701381,0.0361489888834213,0.0346076007512354,0.033272726533169,0.0343752167938134,0.0345408510735362,0.0326135138026483,0.0313442414603302,0.030663495025163,0.0300492085211082,0.0321757269350714,0.0326659815683798,0.0301708500316389,0.0256846779118822
Singapore,SGP,Urban population (% of total population),SP.URB.TOTL.IN.ZS,100,100,100,100,100,100,100,100,100,100,100,100,100,100,100,100,100,100,100,100,100
Singapore,SGP,"Foreign direct investment, net inflows (% of GDP)",BX.KLT.DINV.WD.GD.ZS,6.65366588247055,17.4624153696896,21.2027237505542,15.1133588478775,26.3271523046735,26.1619888768056,7.02328608228286,12.0710944143275,23.0694716770802,17.5960314065854,18.7435244231802,20.9344810446532,21.8184880782679,22.6541826890491,20.3059406285478,29.5741008560154,22.7862106121625,28.1758142041642,22.5843942948636,32.2624851402185,28.0305519383786
Singapore,SGP,Poverty headcount ratio at $3.00 a day (2021 PPP) (% of population),SI.POV.DDAY,..,..,..,..,..,..,..,..,..,..,..,..,..,..,..,..,..,..,..,..,..
Singapore,SGP,GDP per capita (current US$),NY.GDP.PCAP.CD,22159.8373710639,23730.3840054566,27608.080013423,29961.3172812732,33768.4528234651,39432.8860198877,40008.5720489092,38926.8054365453,47236.683084953,53891.4570264372,55547.5553077786,56967.4257940383,57564.8023114977,55645.6068614606,57204.0340105222,61436.1325502558,67032.8225769734,66068.7003106378,61772.5036492256,80884.8565369236,91227.6970426492
Singapore,SGP,Access to electricity (% of population),EG.ELC.ACCS.ZS,100,100,100,100,100,100,100,100,100,100,100,100,100,100,100,100,100,100,100,100,100
Sint Maarten (Dutch part),SXM,GDP growth (annual %),NY.GDP.MKTP.KD.ZG,..,..,..,..,..,..,..,..,3.19999269219366,4.60000341415395,1.39054456773131,1.30673103459678,1.58038221539113,0.105813149997005,0.96775836306881,-7.53521399882428,-6.85698299227944,10.9650009352392,-13.3167887221567,4.57759677933345,13.9000012614164
Sint Maarten (Dutch part),SXM,"Inflation, consumer prices (annual %)",FP.CPI.TOTL.ZG,..,..,..,..,0.300601202404805,4.43245754245754,-0.417929020080758,5.95763688760801,1.33857621672882,4.58475435650401,4.01518421081576,2.5286478853837,1.88675466275266,0.330027165141066,0.111682655737579,2.19201010962985,..,..,..,..,..
Sint Maarten (Dutch part),SXM,"Life expectancy at birth, total (years)",SP.DYN.LE00.IN,74.585,74.588,74.618,74.681,74.779,74.812,74.852,74.796,74.821,74.868,75.125,75.391,75.735,75.899,75.952,75.455,75.693,75.68,75.002,74.505,76.18
Sint Maarten (Dutch part),SXM,"Government expenditure on education, total (% of GDP)",SE.XPD.TOTL.GD.ZS,..,..,..,..,..,..,..,..,..,..,4.61834872782909,..,3.06759489680727,..,..,..,..,..,..,..,4.27420508508285
Sint Maarten (Dutch part),SXM,Individuals using the Internet (% of population),IT.NET.USER.ZS,..,..,..,..,..,..,..,..,..,..,..,..,..,..,..,..,..,..,..,..,..
Sint Maarten (Dutch part),SXM,Current health expenditure (% of GDP),SH.XPD.CHEX.GD.ZS,..,..,..,..,..,..,..,..,..,..,..,..,..,..,..,..,..,..,..,..,..
Sint Maarten (Dutch part),SXM,"Unemployment, total (% of total labor force) (national estimate)",SL.UEM.TOTL.NE.ZS,..,..,..,..,..,..,..,..,..,..,..,..,..,..,..,..,..,..,..,..,..
Sint Maarten (Dutch part),SXM,"School enrollment, primary (% gross)",SE.PRM.ENRR,..,..,..,..,..,..,..,..,..,..,116.358325219085,..,122.771285475793,..,..,..,..,..,..,..,..
Sint Maarten (Dutch part),SXM,"Agriculture, forestry, and fishing, value added (% of GDP)",NV.AGR.TOTL.ZS,..,..,..,..,..,..,..,..,..,0.11936022917164,0.119000396667989,0.0764609503003823,..,..,..,..,..,..,..,..,..
Sint Maarten (Dutch part),SXM,Urban population (% of total population),SP.URB.TOTL.IN.ZS,100,100,100,100,100,100,100,100,100,100,100,100,100,100,100,100,100,100,100,100,100
Sint Maarten (Dutch part),SXM,"Foreign direct investment, net inflows (% of GDP)",BX.KLT.DINV.WD.GD.ZS,..,..,..,..,..,..,..,..,..,-5.17904034375746,1.37020456734856,4.62971054068815,3.50338478659669,1.95861278993458,2.91188308245256,4.74783634858124,-3.80519905244473,5.24677633401135,1.79286284699262,1.98179684518215,1.0725730171288
Sint Maarten (Dutch part),SXM,Poverty headcount ratio at $3.00 a day (2021 PPP) (% of population),SI.POV.DDAY,..,..,..,..,..,..,..,..,..,..,..,..,..,..,..,..,..,..,..,..,..
Sint Maarten (Dutch part),SXM,GDP per capita (current US$),NY.GDP.PCAP.CD,..,..,..,..,..,..,..,25528.412619483,26403.8143692163,27317.5178881974,28149.0997855041,28529.7324687053,37134.912423099,37839.6283815163,37308.6147795736,34701.3058494468,31708.3110124742,34861.469528968,30150.8998380477,32548.4366854902,37793.1283815826
Sint Maarten (Dutch part),SXM,Access to electricity (% of population),EG.ELC.ACCS.ZS,99.9,99.8,99.8,99.7,99.7,99.7,99.7,99.7,100,100,100,100,100,100,100,100,100,100,100,100,100
Slovak Republic,SVK,GDP growth (annual %),NY.GDP.MKTP.KD.ZG,4.41725348271514,4.85669851591319,5.38949856996771,6.48493222274386,8.92568704770216,10.8186295074904,5.36337721231949,-5.50533790972226,6.79058159142423,2.56242473215553,1.56917104702706,0.703323545247201,2.70795151449488,5.17687909722133,1.94781841524558,2.87473327453695,4.06211981896483,2.27589910019393,-2.58551241733207,5.6558588065555,0.544591632137454
Slovak Republic,SVK,"Inflation, consumer prices (annual %)",FP.CPI.TOTL.ZG,3.12714222984609,8.55414305406653,7.54850088183423,2.70908494588383,4.48333120449615,2.75672371638135,4.59817976325028,1.61510464058236,0.957018132975174,3.91928599146291,3.6061026352289,1.40047368963025,-0.0761653295419871,-0.325219777427765,-0.520010196278358,1.31194588223247,2.51403712883803,2.6645613342544,1.93694126694223,3.1496062992126,12.7741463637611
Slovak Republic,SVK,"Life expectancy at birth, total (years)",SP.DYN.LE00.IN,73.6048780487805,73.6048780487805,73.9585365853659,73.9048780487805,74.2048780487805,74.2073170731707,74.7048780487805,74.909756097561,75.1121951219512,75.9585365853659,76.109756097561,76.4121951219512,76.8121951219512,76.5634146341463,77.1658536585366,77.1658536585366,77.2658536585366,77.6658536585366,76.8658536585366,74.6146341463415,76.9658536585366
Slovak Republic,SVK,"Government expenditure on education, total (% of GDP)",SE.XPD.TOTL.GD.ZS,4.25193023681641,4.23699998855591,4.11747980117798,3.77565002441406,3.70850992202759,3.52223992347717,3.52339005470276,4.00893020629883,4.04704999923706,3.90686988830566,3.85490989685059,4.06078004837036,4.20446014404297,4.56416988372803,3.88375997543335,3.91876006126404,3.93534994125366,4.26779985427856,4.720290184021,4.71766996383667,4.65688991546631
Slovak Republic,SVK,Individuals using the Internet (% of population),IT.NET.USER.ZS,40.14,43.04,52.89,55.19,56.08,61.8,66.05,70,75.71,74.4399971746757,76.7099901181121,77.8826,79.9843017656729,77.6346820339875,80.475857275668,81.6256675172655,80.4489224826099,82.8536605021784,89.92090413,88.92560523,89.06766196
Slovak Republic,SVK,Current health expenditure (% of GDP),SH.XPD.CHEX.GD.ZS,5.51793909,5.48400879,6.39662457,6.61619043,6.8522706,7.17538357,6.95978355,7.95280409,7.67065239,7.31452227,7.52780581,7.48013163,6.86543369,6.74109745,7.06081343,6.73388767,6.63677502,6.91102982,7.06027794,7.62857914,7.70245218
Slovak Republic,SVK,"Unemployment, total (% of total labor force) (national estimate)",SL.UEM.TOTL.NE.ZS,18.541,17.549,18.206,16.276,13.395,11.16,9.514,12.023,14.387,13.634,13.966,14.226,11.536,11.492,9.679,8.142,6.544,5.761,6.719,6.894,6.143
Slovak Republic,SVK,"School enrollment, primary (% gross)",SE.PRM.ENRR,104.180992126465,104.272399902344,104.143577575684,102.934013366699,102.14640045166,102.25048828125,102.774559020996,102.228988647461,101.638298034668,100.502960205078,99.1328735351562,98.6928482055664,98.5119476318359,98.3121109008789,97.6210403442383,98.2659530639648,97.0244369506836,97.9945983886719,99.9172286987305,100.064170837402,100.326721191406
Slovak Republic,SVK,"Agriculture, forestry, and fishing, value added (% of GDP)",NV.AGR.TOTL.ZS,1.9090155227557,1.67051880193861,1.50647353218952,1.47125970663954,1.69161295680886,2.13456038332977,2.36047432017713,1.90942987698677,1.4985946805378,1.79373080653758,1.79463304702131,2.07432555568651,2.6149279736894,2.04596984034113,2.06264218897129,1.84814166887456,2.00932916157168,1.6170097133415,1.72917824309886,1.87136287988656,1.930396226685
Slovak Republic,SVK,Urban population (% of total population),SP.URB.TOTL.IN.ZS,55.8776140379959,55.7386007222942,55.5843833415875,55.4189847597721,55.2464278407442,55.0707354484001,54.895930446636,54.7260356993483,54.5650740704331,54.4167387988534,54.2764528316182,54.1384024098892,54.0029125499893,53.8700628001622,53.7399327086517,53.6126018237016,53.4881496935559,53.3666558664583,53.2481998906526,53.1901479870605,53.1902831072528
Slovak Republic,SVK,"Foreign direct investment, net inflows (% of GDP)",BX.KLT.DINV.WD.GD.ZS,17.0074822919687,2.87070802571882,9.45863522150628,8.03605835400406,9.98305386037355,6.56747727493293,4.79998733472882,1.7025214117002,2.32222893370545,5.44765747649664,1.87551069035637,1.01266878582834,-0.356803047431846,1.70487122540291,5.27770700739813,4.39986424621101,2.11269531583982,2.15394548631737,-1.05975666677956,2.25677867211963,4.16872005912019
Slovak Republic,SVK,Poverty headcount ratio at $3.00 a day (2021 PPP) (% of population),SI.POV.DDAY,..,..,0.2,0.3,0.3,0.6,0.5,0.6,0.6,0.6,0.5,0.4,0.9,0.8,1.5,0.6,0.5,0.2,0.3,0.3,0.7
Slovak Republic,SVK,GDP per capita (current US$),NY.GDP.PCAP.CD,4606.38793538107,6283.15169311309,7996.74076556872,9087.20357002472,10629.1782325838,14330.2064943926,17973.8436435514,16586.7527805228,16899.448680529,18469.4354316836,17516.9691054078,18312.7805149823,18770.9289896545,16442.0760860018,16636.0769133073,17645.5298716761,19573.3717031314,19406.0589683582,19735.4858280801,22123.3342114545,21317.7943982363
Slovak Republic,SVK,Access to electricity (% of population),EG.ELC.ACCS.ZS,100,100,100,99.9,99.9,100,100,100,100,100,100,100,100,100,100,100,100,100,100,100,100
Slovenia,SVN,GDP growth (annual %),NY.GDP.MKTP.KD.ZG,3.28258371393918,3.19503117236037,4.54602214352336,3.8541277114569,5.90878130011174,7.1392312914716,3.37223866114127,-7.59058614046387,1.11213719306735,0.655438128379743,-2.91553782040462,-0.823776417691676,2.76283327639742,2.39330621338168,3.03441486663654,5.17440215579958,4.37908347331195,3.50525332381912,-4.08500094942896,8.41686457725321,2.66850555542486
Slovenia,SVN,"Inflation, consumer prices (annual %)",FP.CPI.TOTL.ZG,7.48077770703761,5.54416421752897,3.5929759424951,2.45150132316477,2.45792444195863,3.657495632841,5.64742380573939,0.839262246793805,1.80117022137138,1.8028517194191,2.59741386039003,1.76920085881897,0.199343826570844,-0.525552285820783,-0.0549995416705683,1.42910743319306,1.7386086198818,1.63052260754335,-0.05485681576061,1.91706506089269,8.83369886749452
Slovenia,SVN,"Life expectancy at birth, total (years)",SP.DYN.LE00.IN,76.0073170731707,76.8585365853659,77.2073170731707,77.6121951219512,78.0865853658537,78.5609756097561,78.7658536585366,78.9707317073171,79.4219512195122,79.9707317073171,80.1243902439024,80.3219512195122,81.0780487804878,80.7756097560976,81.1756097560976,81.0292682926829,81.3780487804878,81.5292682926829,80.5317073170732,80.6756097560976,81.2829268292683
Slovenia,SVN,"Government expenditure on education, total (% of GDP)",SE.XPD.TOTL.GD.ZS,5.74013996124268,5.75657987594604,5.68693017959595,5.64437007904053,5.62207984924316,5.13660001754761,5.13438987731934,5.62079000473022,5.59362983703613,5.58290004730225,5.6702299118042,5.46767997741699,5.34328985214233,4.95528984069824,4.84419012069702,4.82381010055542,4.97948980331421,4.93479013442993,5.41901016235352,5.39167022705078,5.28065013885498
Slovenia,SVN,Individuals using the Internet (% of population),IT.NET.USER.ZS,27.8388854180687,31.8547930120441,40.81,46.81,54.01,56.74,58,64,70,67.3399948092396,68.3499745287825,72.6756,71.5862515855601,73.0986599745829,75.4985042610791,78.8854263554775,79.7499765956562,83.1083578026717,86.60130109,89.00399524,88.91248552
Slovenia,SVN,Current health expenditure (% of GDP),SH.XPD.CHEX.GD.ZS,8.11632538,8.17447376,7.99959517,8.0534668,7.8671999,7.54076052,7.89287567,8.6420126,8.63941956,8.60054302,8.79263687,8.84043884,8.58487225,8.57742882,8.5691185,8.2588892,8.35228634,8.56564522,9.48984432,9.52724361,9.62683296
Slovenia,SVN,"Unemployment, total (% of total labor force) (national estimate)",SL.UEM.TOTL.NE.ZS,5.922,6.479,6.012,6.506,5.95,4.818,4.371,5.858,7.236,8.166,8.841,10.103,9.668,8.962,8,6.564,5.108,4.446,4.971,4.744,4.011
Slovenia,SVN,"School enrollment, primary (% gross)",SE.PRM.ENRR,105.333992004395,110.09203338623,96.6843719482422,98.2098770141602,100.249351501465,96.4375076293945,97.1056976318359,97.7083587646484,98.0614013671875,97.9861526489258,98.2142868041992,98.6006774902344,98.5871734619141,98.381591796875,97.9815826416016,98.1781311035156,99.4630966186523,99.8418197631836,100.231536865234,99.7762680053711,100.639137268066
Slovenia,SVN,"Agriculture, forestry, and fishing, value added (% of GDP)",NV.AGR.TOTL.ZS,2.89427967530958,2.21614657272353,2.40213653237473,2.42413132120213,2.09205852541218,2.03283295611526,1.75871456280572,1.76138111297772,1.81942536718625,2.04087230966772,1.82601354087255,1.8307708216806,1.82135489758977,1.97361186480213,1.85129615497703,1.69303673263207,1.99134296260198,1.77040651705792,1.89729714128329,1.51147755118796,1.62480238565618
Slovenia,SVN,Urban population (% of total population),SP.URB.TOTL.IN.ZS,50.7744556266555,50.7553842628349,50.7124410611224,50.648781400021,50.5672552816963,50.4707127083144,50.3620036820409,50.2439782050416,50.1194862794826,49.9463818748723,49.7619476318359,50.0466580754027,50.983470916748,53.6612160294144,53.647274017334,55.2451133728027,55.1913430955675,55.4523277282715,55.384391784668,55.3046289429588,55.3377817873563
Slovenia,SVN,"Foreign direct investment, net inflows (% of GDP)",BX.KLT.DINV.WD.GD.ZS,7.96826357828918,1.82421495294141,2.23412471685355,2.70057223244549,1.76264658794015,3.93587276921145,1.94695512755549,-0.694282375481298,0.667761282375457,1.71085960342006,0.072644638587861,0.217315881641324,2.05875310395561,4.05096848349793,3.26541395278807,2.4842141360232,2.86489909951597,3.99098612082388,0.948340847721794,3.60613978687237,3.64010857871706
Slovenia,SVN,Poverty headcount ratio at $3.00 a day (2021 PPP) (% of population),SI.POV.DDAY,0.1,0,0.1,0.1,0.1,0,0,0,0,0,0,0,0,0,0,0,0,0,0,0,0
Slovenia,SVN,GDP per capita (current US$),NY.GDP.PCAP.CD,11639.1297780477,14711.674874253,17103.8297783905,17969.7095907161,19563.005059144,23725.1596001515,27461.9764165315,24501.7897290425,23329.8417691156,24940.6284841605,22442.1417859955,23236.9655321695,24013.0682060959,20697.2748530619,21447.8377796036,23303.077705959,25888.0481065655,25814.1687167572,25392.0651093612,29192.8401933019,28360.3041467268
Slovenia,SVN,Access to electricity (% of population),EG.ELC.ACCS.ZS,100,100,100,100,100,100,100,100,100,100,100,100,100,100,100,100,100,100,100,100,100
Solomon Islands,SLB,GDP growth (annual %),NY.GDP.MKTP.KD.ZG,-2.7999838935951,6.52346760921694,7.68364102152745,7.35907917681935,4.13726239664898,3.63973499569106,6.22590636247851,2.86486309630651,9.70817235491481,7.43023752099302,2.46591837712438,5.23744704670068,1.18945509547778,1.67578612030815,5.55494348257992,3.07546176144591,2.74585244829055,1.74925244485951,-3.38125925839405,-0.227975292792024,-2.58448361755723
Solomon Islands,SLB,"Inflation, consumer prices (annual %)",FP.CPI.TOTL.ZG,10.9296341872692,8.26946349334406,6.98584202682567,7.33066341633299,11.2199870214146,7.66602013484806,17.3200651968774,7.09271716876286,1.05148163321038,7.34270706018,5.91200602491155,5.3913638858756,5.16590237925171,-0.57446928635949,0.512485626268792,0.488686760261083,3.46147484973729,1.63485544012247,2.96354992076065,-0.115437894412839,5.51812928576938
Solomon Islands,SLB,"Life expectancy at birth, total (years)",SP.DYN.LE00.IN,67.35,67.479,67.628,67.79,67.968,67.845,68.336,68.397,68.669,68.824,68.961,69.007,68.984,69.323,69.501,69.652,69.806,69.981,69.258,68.89,70.409
Solomon Islands,SLB,"Government expenditure on education, total (% of GDP)",SE.XPD.TOTL.GD.ZS,..,..,..,..,..,7.33327007293701,6.89515018463135,6.6585898399353,7.47837018966675,..,..,..,..,..,..,..,..,..,9.64354620369343,8.33232704380039,8.48737829731105
Solomon Islands,SLB,Individuals using the Internet (% of population),IT.NET.USER.ZS,0.501919843401009,0.555609881855115,0.64967267325146,0.844299972,1.646299958,2,3,4,5,6,6.997399807,8,9,10.00049973,11.00090027,15.14840031,20.8593998,22.48880005,24.1984005,26.03790092,28.01729965
Solomon Islands,SLB,Current health expenditure (% of GDP),SH.XPD.CHEX.GD.ZS,10.10627556,7.07724714,7.72556639,9.01794529,8.00802231,7.18583059,5.50656271,6.6096673,4.66862011,5.03008652,4.88045692,4.58030891,4.88962364,4.45310211,4.52952909,4.16556406,3.86440825,4.43728065,4.89478445,4.94795895,4.82418394
Solomon Islands,SLB,"Unemployment, total (% of total labor force) (national estimate)",SL.UEM.TOTL.NE.ZS,..,..,..,..,..,..,..,2.016,..,..,..,0.694,..,..,..,..,..,..,..,..,..
Solomon Islands,SLB,"School enrollment, primary (% gross)",SE.PRM.ENRR,90.8631210327148,..,..,98.3559722900391,104.057861328125,105.483810424805,..,..,114.760983533349,114.164307756346,110.128024198969,110.310354621437,108.983168803493,108.53733598305,108.672249064372,106.573590544667,100.189113095468,98.2067225777189,89.6007986762942,..,..
Solomon Islands,SLB,"Agriculture, forestry, and fishing, value added (% of GDP)",NV.AGR.TOTL.ZS,30.0235634042157,35.8267848648847,35.5410581367329,31.2455081834652,30.6960533721701,30.8166648760638,31.5381811872725,30.4318174315741,32.4643247305045,32.8222868801178,33.3378659699208,33.6180259322108,34.7578947381245,33.2230640760498,34.4468095703573,33.2802067308765,33.968525917344,32.6714892883641,34.1195267292323,34.4855546012102,31.9698479049908
Solomon Islands,SLB,Urban population (% of total population),SP.URB.TOTL.IN.ZS,16.4026212138182,16.7733115757749,17.172863006512,17.6001415877737,18.0540134013038,18.5333445288467,19.0370010521463,19.5633740998673,20.1194058206257,20.7284892962955,21.3906964219987,22.1027262484765,22.8612778264703,23.6630502067213,24.5047424399707,25.3830535769599,26.2946826684302,27.275106750276,28.0327555150022,28.6889396820578,29.3511689856806
Solomon Islands,SLB,"Foreign direct investment, net inflows (% of GDP)",BX.KLT.DINV.WD.GD.ZS,0.04208946552377,-0.24166681936572,-0.642148336511867,0.099144118861877,7.17813029275399,12.3665456662597,9.68358178998539,6.03099456453907,18.4740701129879,11.2842365456827,2.01494633587355,4.15538562986034,1.5740038730018,2.46368311219347,2.70706733520786,2.91769302207799,1.54707244532947,2.02495638459342,0.584583885803386,1.79162262618701,2.77627597762606
Solomon Islands,SLB,Poverty headcount ratio at $3.00 a day (2021 PPP) (% of population),SI.POV.DDAY,..,..,..,62.2,..,..,..,..,..,..,40.3,..,..,..,..,..,..,..,..,..,..
Solomon Islands,SLB,GDP per capita (current US$),NY.GDP.PCAP.CD,756.890296490792,895.984242546501,986.070953503889,1144.49233397681,1255.62447417684,1390.14870956707,1525.84666261203,1554.70671006386,1685.14535823757,1924.05795643133,2066.25738638356,2161.38627543917,2164.95289873002,2045.47721526649,2082.62383124213,2143.57670489272,2278.19908624102,2223.65890942466,2063.32780991967,2043.44413170658,1877.78104490956
Solomon Islands,SLB,Access to electricity (% of population),EG.ELC.ACCS.ZS,10.5,13.4,16.3,19.2,14.4,12.9,28.1,21.2,35.4,39.1,42.9,44.7,50.5,55.1,58.2,62.9,65.8,69.4,72.9,76.3,76
"Somalia, Fed. Rep.",SOM,GDP growth (annual %),NY.GDP.MKTP.KD.ZG,7.63026729331047,7.63026729332455,7.11031431125608,7.1103143113146,6.48637073273908,6.69435192552552,6.69435192582009,6.69435192556188,6.69435192550543,6.69435192567755,6.69435192556698,10.9592986164311,8.97800590574617,10.4621881235147,7.03487260042162,14.7357956045195,2.05431507261069,2.80033312513012,-2.76455696202532,3.44719850031242,2.71821202053759
"Somalia, Fed. Rep.",SOM,"Inflation, consumer prices (annual %)",FP.CPI.TOTL.ZG,..,..,..,..,..,..,..,..,..,..,..,..,..,..,..,..,..,..,..,..,..
"Somalia, Fed. Rep.",SOM,"Life expectancy at birth, total (years)",SP.DYN.LE00.IN,50.82,50.721,50.685,50.894,50.915,50.885,51.456,52.101,48.9,32.453,49.138,54.016,54.442,55.056,55.283,52.19,54.767,57.249,57.095,55.703,53.931
"Somalia, Fed. Rep.",SOM,"Government expenditure on education, total (% of GDP)",SE.XPD.TOTL.GD.ZS,..,..,..,..,..,..,..,..,..,..,..,..,..,..,..,..,4.00990834307E-06,5.73281247182E-06,6.12054361034E-06,6.75308344309E-06,7.21674775437E-06
"Somalia, Fed. Rep.",SOM,Individuals using the Internet (% of population),IT.NET.USER.ZS,0.115614213354469,0.376198002539086,1.05345474358422,1.077299953,1.100200057,1.122200012,1.142699957,1.160599947,..,1.25,1.376700044,1.5,1.629999995,1.75999999,1.879999995,..,..,2.731400013,15.02369976,23.87479973,27.6
"Somalia, Fed. Rep.",SOM,Current health expenditure (% of GDP),SH.XPD.CHEX.GD.ZS,..,..,..,..,..,..,..,..,..,..,..,3.36953735,3.02053761,2.94074512,2.2842648,2.44348097,2.50873256,2.40617251,2.47010517,2.73509169,2.8469162
"Somalia, Fed. Rep.",SOM,"Unemployment, total (% of total labor force) (national estimate)",SL.UEM.TOTL.NE.ZS,..,..,..,..,..,..,..,..,..,..,..,..,..,..,..,..,..,18.828,..,..,11.086
"Somalia, Fed. Rep.",SOM,"School enrollment, primary (% gross)",SE.PRM.ENRR,..,..,..,..,..,22.7854194641113,..,..,..,..,..,..,..,..,..,..,..,..,..,..,..
"Somalia, Fed. Rep.",SOM,"Agriculture, forestry, and fishing, value added (% of GDP)",NV.AGR.TOTL.ZS,..,..,..,..,..,..,..,..,..,..,..,..,..,..,..,..,..,..,..,..,..
"Somalia, Fed. Rep.",SOM,Urban population (% of total population),SP.URB.TOTL.IN.ZS,33.9872055053711,34.4719665654476,34.9620706047618,35.4674928136211,35.9982083823331,36.5641925012053,37.1754203605454,37.8418671506609,38.5735080618592,39.380318284448,40.2722730087349,41.2593474250273,42.3515167236328,43.8618107408479,45.942842729174,48.3639630032265,50.9506215336872,51.6421170703225,52.286318011754,52.9060649733324,53.5010115886789
"Somalia, Fed. Rep.",SOM,"Foreign direct investment, net inflows (% of GDP)",BX.KLT.DINV.WD.GD.ZS,0.00638486856320524,-0.0299641380218025,-0.124106356083442,0.51246502261239,1.90978521507055,2.5963438148083,1.47118001648448,3.66276197282804,4.16696585149836,3.50997923598382,2.45906325256211,5.09591217775954,4.55624629490798,4.92510820324606,4.9896102178043,4.84156553446397,5.18226851263813,5.16404805914972,6.18915159944367,6.33765685964357,6.23346074683917
"Somalia, Fed. Rep.",SOM,Poverty headcount ratio at $3.00 a day (2021 PPP) (% of population),SI.POV.DDAY,..,..,..,..,..,..,..,..,..,..,..,..,..,..,..,..,..,..,..,..,..
"Somalia, Fed. Rep.",SOM,GDP per capita (current US$),NY.GDP.PCAP.CD,229.598918310039,286.273025198975,375.410326225387,439.979907805478,457.996662206659,479.635628065289,507.03744334738,246.513251675105,219.202453852397,235.325945610434,350.261946720512,393.398703952979,429.431656725102,445.583080073396,460.928490585175,510.939952317726,509.497273804534,539.954816211694,518.16113333875,549.056994756254,573.141165798229
"Somalia, Fed. Rep.",SOM,Access to electricity (% of population),EG.ELC.ACCS.ZS,7.4,9.8,12.4,15,15.2,20.2,22.9,25.5,52.3,52,51.8,51.5,51.4,51.2,51.1,52.1,50.7,49.2,49.9,49.3,48.9
South Africa,ZAF,GDP growth (annual %),NY.GDP.MKTP.KD.ZG,3.70037440406668,2.94907546754213,4.55455990721774,5.27705197295467,5.60380645895889,5.36047405394162,3.1910438863288,-1.53808913525583,3.03973288127956,3.16855627858818,2.39623238465745,2.48546800826588,1.41382645223793,1.32186223678229,0.664552307858116,1.15794695181735,1.55678384721676,0.25993557687633,-6.1689177146757,4.85864865060148,2.05813661692193
South Africa,ZAF,"Inflation, consumer prices (annual %)",FP.CPI.TOTL.ZG,9.494713780996,5.67942414068799,-0.692039437857687,2.06285308223427,3.2439076541923,6.17781214809388,9.90998456005467,7.23809523809527,4.06749555950263,5.0008533879502,5.73797139141739,5.78016910069176,6.13282953059149,4.51869094892506,6.60290842394872,5.18618655524149,4.50987264867388,4.10285075461156,3.23238831615113,4.61874544887136,7.03987272546482
South Africa,ZAF,"Life expectancy at birth, total (years)",SP.DYN.LE00.IN,55.58,54.245,53.963,53.914,54.22,54.948,55.982,57.413,58.886,60.602,61.737,62.388,63.184,64.053,64.749,65.422,65.726,66.071,65.15,62.01,65.454
South Africa,ZAF,"Government expenditure on education, total (% of GDP)",SE.XPD.TOTL.GD.ZS,4.54569005966187,4.35209989547729,4.50897979736328,4.5245099067688,4.52652978897095,4.44668006896973,4.37424993515015,4.76118993759155,5.13496017456055,5.28899002075195,5.52322006225586,5.35070991516113,5.48977994918823,5.48285007476807,5.4442400932312,5.59868001937866,5.64401006698608,5.91159009933472,6.17067003250122,6.5551700592041,6.15599012374878
South Africa,ZAF,Individuals using the Internet (% of population),IT.NET.USER.ZS,6.71032243705404,7.00769172611251,8.4251186825406,7.48854252992921,7.60713967477381,8.06537517355504,8.43,10,24,33.97,41,46.5,49,51.91910172,54,56.16740036,62.40000153,69.69689941,72.1128006,74.96859741,78.29319763
South Africa,ZAF,Current health expenditure (% of GDP),SH.XPD.CHEX.GD.ZS,6.67774487,7.04098177,6.938416,6.86216164,6.87650871,6.90510845,7.14832258,7.64941454,7.79358244,7.94434404,8.00428867,8.10322285,7.87136555,8.05304241,8.07959366,7.97711372,8.0819664,8.24652863,9.02174091,8.6645031,8.74512291
South Africa,ZAF,"Unemployment, total (% of total labor force) (national estimate)",SL.UEM.TOTL.NE.ZS,33.291,32.31,29.453,29.122,28.342,26.54,22.407,23.523,24.683,24.639,24.727,24.561,24.89,25.149,26.536,27.035,26.906,28.468,29.217,34.007,33.268
South Africa,ZAF,"School enrollment, primary (% gross)",SE.PRM.ENRR,95.7393798828125,96.9286880493164,97.8168182373047,97.5326766967773,98.6235504150391,101.155158996582,102.36882019043,102.598709106445,103.439766353826,104.046046582293,104.707209964618,104.091085183075,104.198023633162,107.31211891045,103.418217474354,101.580084478322,100.424313489355,101.120463910543,101.300342707463,101.741377795018,102.402386766287
South Africa,ZAF,"Agriculture, forestry, and fishing, value added (% of GDP)",NV.AGR.TOTL.ZS,2.95697182549084,2.65397752870021,2.411716114862,2.08511798972012,2.05097651238464,2.35591400504256,2.57248876696489,2.39949613487755,2.10778749314158,2.04389308620297,1.97670959546361,1.92684924597199,2.12574854869936,2.23397839045912,2.41418607394576,2.49379863849766,2.2607038266992,1.9503211452698,2.57866122238783,2.45787199667371,2.60577484985618
South Africa,ZAF,Urban population (% of total population),SP.URB.TOTL.IN.ZS,57.6723587528482,58.3724341232066,59.0977390950102,59.8241758378997,60.5276465215157,61.1840533154988,61.7692983894896,62.2592839131287,62.6299120560569,62.850627754452,62.9616560303263,63.0524024097034,63.1352327065742,63.2096349937231,63.2750973439347,63.3311078299936,63.3771545246841,63.4127255007908,63.4373088310982,63.4503925883909,63.4766699210327
South Africa,ZAF,"Foreign direct investment, net inflows (% of GDP)",BX.KLT.DINV.WD.GD.ZS,1.14635726911695,0.397492744432543,0.274199790569949,2.25781874505445,0.205125538574008,1.97755772219349,3.12686614310453,2.31217470344994,0.884904611686012,0.903381424332556,1.06492249485696,2.05358095229684,1.51932743753979,0.438735792056356,0.684612553455795,0.539673956759456,1.3742911715346,1.31407752293306,0.933073684352391,9.68098022663018,2.26670277731613
South Africa,ZAF,Poverty headcount ratio at $3.00 a day (2021 PPP) (% of population),SI.POV.DDAY,..,..,..,40.7,..,..,37,..,27.8,..,..,..,27.9,..,..,..,..,..,..,..,17.4
South Africa,ZAF,GDP per capita (current US$),NY.GDP.PCAP.CD,2688.23676032806,4062.21755993786,5221.46333731721,5836.87663325127,6077.38293388876,6591.85535960564,6184.75474328399,6374.70560042992,7973.47195771517,8646.05571071635,8076.97678479741,7331.65467384919,6856.73137092522,6112.27382485974,5651.20585165749,6618.33508255701,6914.1780318076,6533.71121032856,5580.60383075189,6828.75624590017,6534.24867783397
South Africa,ZAF,Access to electricity (% of population),EG.ELC.ACCS.ZS,76.7,78.8,80.6,80.8,80.7,82,81.9,82.6,82.8,83.6,85.2,85.2,85.9,85.3,83.9,84.4,84.7,85,90,89.3,86.5
South Sudan,SSD,GDP growth (annual %),NY.GDP.MKTP.KD.ZG,..,..,..,..,..,..,..,5.04164187983342,5.49341639529945,-4.64031673600859,-46.0821223743007,13.1297311406943,3.37364847715736,-10.7933646271143,..,..,..,..,..,..,..
South Sudan,SSD,"Inflation, consumer prices (annual %)",FP.CPI.TOTL.ZG,..,..,..,..,..,..,..,5.00627361534047,1.16962180301108,46.8521757193597,45.5258978371706,-0.0580909784225664,1.6742990629552,52.7663304192143,379.999585624026,187.851630279442,83.5015294922,87.2413641500032,29.6758435538572,10.5167158294358,-6.68732094212668
South Sudan,SSD,"Life expectancy at birth, total (years)",SP.DYN.LE00.IN,49.394,52.324,53.052,53.965,54.653,55.425,56.28,56.848,57.485,57.674,58.241,58.285,45.625,39.757,36.72,35.351,51.905,58.129,57.648,57.047,57.203
South Sudan,SSD,"Government expenditure on education, total (% of GDP)",SE.XPD.TOTL.GD.ZS,..,..,..,..,..,..,..,..,1.04533007934585,0.962890028953552,1.57674938085481,1.02450001239777,1.23246002197266,1.46555995941162,1.56539228959694,..,..,..,..,..,..
South Sudan,SSD,Individuals using the Internet (% of population),IT.NET.USER.ZS,..,..,..,..,..,..,..,..,..,..,1.5,2.200000048,2.599999905,3,3.5,4.1,4.800000191,6.671000004,..,..,..
South Sudan,SSD,Current health expenditure (% of GDP),SH.XPD.CHEX.GD.ZS,..,..,..,..,..,..,..,..,..,..,..,..,..,..,..,22.11322403,11.69539356,9.06570053,9.35116673,6.30117083,6.57254314
South Sudan,SSD,"Unemployment, total (% of total labor force) (national estimate)",SL.UEM.TOTL.NE.ZS,..,..,..,..,..,..,12.298,..,..,..,..,..,..,..,..,..,..,..,..,..,..
South Sudan,SSD,"School enrollment, primary (% gross)",SE.PRM.ENRR,..,..,..,..,..,..,..,..,..,90.4091110229492,..,..,..,70.3178024291992,..,..,..,..,..,..,..
South Sudan,SSD,"Agriculture, forestry, and fishing, value added (% of GDP)",NV.AGR.TOTL.ZS,..,..,..,..,..,..,4.19544282441311,5.22004160956288,5.29379348275505,4.67693681681883,6.17613217428162,9.635809346303,7.59650844428456,10.3550274477245,..,..,..,..,..,..,..
South Sudan,SSD,Urban population (% of total population),SP.URB.TOTL.IN.ZS,16.447645411794,16.6154472307377,16.7569099090725,16.8695760318857,16.9509881842643,16.9986889512954,17.0301141193955,17.2937284639317,17.535620199576,17.7817678106789,18.0321885447664,18.2868996493633,18.5459183719929,18.8092619601773,19.0769476614377,19.3489927232944,19.6254143932663,19.9062299188719,20.1914565476286,20.4811115270532,20.7752121046616
South Sudan,SSD,"Foreign direct investment, net inflows (% of GDP)",BX.KLT.DINV.WD.GD.ZS,..,..,..,..,..,..,..,..,..,..,1.34937246395858,-4.30359174766787,0.00741877910985015,0.0012502291294692,..,..,..,..,..,..,..
South Sudan,SSD,Poverty headcount ratio at $3.00 a day (2021 PPP) (% of population),SI.POV.DDAY,..,..,..,..,..,..,..,44.9,..,..,..,..,..,..,76.5,..,..,..,..,..,..
South Sudan,SSD,GDP per capita (current US$),NY.GDP.PCAP.CD,..,..,..,..,..,..,1654.21153546555,1323.22068747862,1498.27034985194,1448.98435006408,1109.26050083408,1650.18943353528,1242.73450181032,1080.14718624765,..,..,..,..,..,..,..
South Sudan,SSD,Access to electricity (% of population),EG.ELC.ACCS.ZS,..,..,..,..,..,0.8,1.3,3,1.5,2.8,3.3,3.8,4.3,4.8,5.3,4.2,6.3,6.8,7.3,7.7,8.4
Spain,ESP,GDP growth (annual %),NY.GDP.MKTP.KD.ZG,2.75545611564098,2.9392895953076,3.1145314799161,3.5512255846125,4.04343515605099,3.53350013165972,0.767165748290694,-3.76813306940053,0.0941223116369514,-0.639920636520344,-2.86511368637748,-1.42732224757626,1.52048593647231,4.06086672473866,2.91515598595787,2.89604207865007,2.39541124478878,1.96117850841711,-10.9400706350371,6.68314420473001,6.37031712129601
Spain,ESP,"Inflation, consumer prices (annual %)",FP.CPI.TOTL.ZG,3.06565685902211,3.03888839396661,3.03924881090924,3.36881409750383,3.51557576832123,2.7867974580495,4.0753433595734,-0.287813083535241,1.79986457728769,3.19610188833792,2.44612782366809,1.40858109183009,-0.151114837527235,-0.500365709903243,-0.202598000426358,1.95607633363954,1.67498136863799,0.699518994458648,-0.322753017299649,3.09313511976402,8.39057634118637
Spain,ESP,"Life expectancy at birth, total (years)",SP.DYN.LE00.IN,79.5682926829268,79.619512195122,79.8707317073171,80.1707317073171,80.8219512195122,80.8731707317073,81.1756097560976,81.4756097560976,81.6268292682927,82.4756097560976,82.4268292682927,83.0780487804878,83.2292682926829,82.8317073170732,83.3292682926829,83.2829268292683,83.4317073170732,83.8317073170732,82.2317073170732,83.1780487804878,83.1341463414634
Spain,ESP,"Government expenditure on education, total (% of GDP)",SE.XPD.TOTL.GD.ZS,4.13351011276245,4.17126989364624,4.15485000610352,4.14090013504028,4.17999982833862,4.24615001678467,4.51630020141602,4.89520978927612,4.83606004714966,4.71897983551025,4.46012020111084,4.32852983474731,4.27524995803833,4.24903011322021,4.19327020645142,4.17846012115479,4.15045022964478,4.20255994796753,4.85118007659912,4.81316995620728,4.58553981781006
Spain,ESP,Individuals using the Internet (% of population),IT.NET.USER.ZS,20.39,39.93,44.01,47.88,50.37,55.11,59.6,62.4,65.8,67.0899993926581,69.8099999420024,71.635,76.1867089778712,78.6896318703515,80.5613329432179,84.6022457016524,86.107235525659,90.718665325267,93.20564892,93.89752157,94.4855432
Spain,ESP,Current health expenditure (% of GDP),SH.XPD.CHEX.GD.ZS,6.79878616,7.59223175,7.68447876,7.77807474,7.87072468,7.96241188,8.4290638,9.1530304,9.16992569,9.21749687,9.2189045,9.13714981,9.1512289,9.17553329,8.88084984,9.0217495,9.07122517,9.21539497,10.79479218,10.34419918,9.6799593
Spain,ESP,"Unemployment, total (% of total labor force) (national estimate)",SL.UEM.TOTL.NE.ZS,11.146,11.283,11.09,9.146,8.452,8.232,11.254,17.857,19.86,21.39,24.789,26.094,24.441,22.057,19.635,17.224,15.255,14.104,15.532,14.914,13.033
Spain,ESP,"School enrollment, primary (% gross)",SE.PRM.ENRR,105.450859069824,105.158348083496,105.000923156738,104.357879638672,103.610877990723,103.025680541992,102.449981689453,102.095718383789,101.211227416992,100.813041687012,100.473442077637,103.246879577637,102.77628326416,102.487281799316,102.526252746582,102.921058654785,103.118812561035,103.661293029785,103.884178161621,103.363586425781,102.984786987305
Spain,ESP,"Agriculture, forestry, and fishing, value added (% of GDP)",NV.AGR.TOTL.ZS,3.48212189760772,3.42077756723389,3.11780935959045,2.75836581828682,2.40075384884813,2.4946614560374,2.35367195478016,2.24960158062983,2.41740898393438,2.3625185975353,2.39776671776239,2.60946207875576,2.52697678134345,2.72327046339292,2.81522075003094,2.80344676690393,2.70128254621885,2.51980122994951,2.78468031745976,2.76824927112995,2.36964000049424
Spain,ESP,Urban population (% of total population),SP.URB.TOTL.IN.ZS,76.4934217249538,76.709335590859,76.9549627547133,77.2206801920294,77.4968648783202,77.7738937890987,78.0421438998777,78.2919921861701,78.5138156234888,78.695397956495,78.8455680301618,78.9858086902112,79.1196713833488,79.2454892743023,79.3615955277997,79.4663233085683,79.5580057813361,79.6349761108307,79.6955674617799,79.7846242983598,79.9548794567814
Spain,ESP,"Foreign direct investment, net inflows (% of GDP)",BX.KLT.DINV.WD.GD.ZS,5.54556177892168,3.41488423629312,2.39691740423512,2.44941913037175,2.80982337619077,4.7599135539395,4.36076294618522,0.505306851587762,2.51885825626411,1.73938048405349,1.44631700014204,3.4608559063245,2.31642230011085,1.97131692755332,3.61722479660389,2.54039212306223,4.46748509754483,2.16052375036307,2.92165980781023,4.42272902452136,4.65609043363165
Spain,ESP,Poverty headcount ratio at $3.00 a day (2021 PPP) (% of population),SI.POV.DDAY,..,0.9,1,0.9,0.9,0.6,0.6,0.9,0.7,1.3,1,1.3,0.9,1.1,1.3,0.8,1,0.9,1.1,0.7,0.8
Spain,ESP,GDP per capita (current US$),NY.GDP.PCAP.CD,17111.0685058941,21522.0170990262,24925.0267844576,26450.9530130382,28421.686527407,32652.015594702,35603.248328071,32279.8208476151,30658.7422282912,31824.6219134777,28456.4438151477,29228.846559842,29707.765509467,25982.4416197775,26755.6061149398,28381.3425596906,30602.4212881113,29786.5245689007,27233.9426461608,30799.4775937775,30319.4987196616
Spain,ESP,Access to electricity (% of population),EG.ELC.ACCS.ZS,100,100,100,100,100,100,100,100,100,100,100,100,100,100,100,100,100,100,100,100,100
Sri Lanka,LKA,GDP growth (annual %),NY.GDP.MKTP.KD.ZG,3.96467568513113,5.9402690780223,5.44506127885352,6.24174804376447,7.66829190107919,6.79682611892866,5.95008814473897,3.53891205317842,8.01596737040464,8.66948301160571,8.6321813769906,4.0517463303875,6.37797889684965,4.20595547501601,5.05362488993089,6.46068127080994,2.31008425504933,-0.220483886824823,-4.62451503712715,4.2074764950026,-7.34919311146656
Sri Lanka,LKA,"Inflation, consumer prices (annual %)",FP.CPI.TOTL.ZG,9.55103167007251,6.31463787051174,7.57592582995856,11.6396860971118,10.0201836057035,15.8421114924843,22.5644955300126,3.46496322106074,6.2176488930462,6.7167684358854,7.54291373239437,6.90845034828452,3.1790022823606,3.76836783062096,3.9588884659307,7.70413767850602,2.135037737132,3.52839358231811,6.15394508391738,7.01478071238195,49.7211021114327
Sri Lanka,LKA,"Life expectancy at birth, total (years)",SP.DYN.LE00.IN,72.271,72.442,68.022,73.073,72.825,72.983,72.556,70.298,74.463,74.74,75.187,75.546,75.757,75.99,76.136,76.239,76.485,76.698,76.928,76.278,77.3
Sri Lanka,LKA,"Government expenditure on education, total (% of GDP)",SE.XPD.TOTL.GD.ZS,..,..,..,..,..,..,..,2.05590009689331,1.66176998615265,1.74292004108429,1.45343005657196,1.5645899772644,1.85859000682831,2.10998010635376,3.22929000854492,2.59316992759705,1.98781001567841,..,1.55792392223723,1.50650579603928,1.20397218661186
Sri Lanka,LKA,Individuals using the Internet (% of population),IT.NET.USER.ZS,1.05042270585318,1.45858022842408,1.44615998041486,1.792000055,2.53756612897332,3.88,4.824500084,5.868500233,6.912399769,7.956399918,9.00039959,10.04440022,10.5000026214106,15.26249981,22.19,25.07550049,28.33620071,32.02090073,36.18473435,44.45308724,48.3
Sri Lanka,LKA,Current health expenditure (% of GDP),SH.XPD.CHEX.GD.ZS,4.03715754,3.64646697,4.03912592,3.87908745,3.85019565,3.82258177,3.85482955,4.05676842,3.7414515,3.5819521,3.30659294,3.69365358,3.46786141,3.6826396,3.61788416,3.33093429,3.6418879,3.70119572,4.27431631,5.19427729,3.98300457
Sri Lanka,LKA,"Unemployment, total (% of total labor force) (national estimate)",SL.UEM.TOTL.NE.ZS,..,8.221,8.383,7.672,6.476,5.96,5.206,5.853,4.784,4.118,3.974,4.186,4.157,4.519,4.242,4.046,4.318,4.67,5.364,4.981,4.528
Sri Lanka,LKA,"School enrollment, primary (% gross)",SE.PRM.ENRR,100.614151000977,97.2239837646484,92.1975326538086,94.2228393554688,94.2331619262695,94.312141418457,94.1940231323242,92.6846313476562,97.4528586032738,97.2173193437696,97.1213977626125,97.2127527169757,97.433058484166,97.4508545353363,96.9411621819868,96.6249037351597,95.9343814573526,95.4735034890634,95.2338733103182,94.459178502415,92.9846466705678
Sri Lanka,LKA,"Agriculture, forestry, and fishing, value added (% of GDP)",NV.AGR.TOTL.ZS,14.2793225360883,13.230514884212,12.5438041438828,11.8194768226447,11.3362802346632,11.6831643328505,13.379200767591,12.691971303497,9.04833700695796,9.53315934995748,7.91028886801456,7.9246041166418,8.08070792377259,8.21693887934065,7.26171847766503,7.43067877940601,7.5920639513666,7.2562466999024,8.25132326034921,8.78994016441411,8.4479528697634
Sri Lanka,LKA,Urban population (% of total population),SP.URB.TOTL.IN.ZS,14.6107836754127,14.7256630416211,14.9130061059922,15.167273918248,15.4829275281105,15.8544279853018,16.2762363395441,16.7428136405592,17.2486209380693,17.7881192817964,18.2617686748284,18.4323136480916,18.6153877203724,18.796256612131,18.9747679368162,19.1507693078088,19.3241083384127,19.4946326418437,19.6621898312161,19.8266275195269,19.9877933196367
Sri Lanka,LKA,"Foreign direct investment, net inflows (% of GDP)",BX.KLT.DINV.WD.GD.ZS,1.1882779089504,1.21132740876657,1.12667735136244,1.11612854301768,1.6970072277349,1.8639738781084,1.84752962305149,0.960390452698523,0.814446067583227,1.41088360151362,1.33591734742632,1.21148000059153,1.08277813405104,0.798746316666859,1.01937184801285,1.45462805110061,1.70888696252064,0.835367460265196,0.514700553944402,0.668825708548416,1.19249322162632
Sri Lanka,LKA,Poverty headcount ratio at $3.00 a day (2021 PPP) (% of population),SI.POV.DDAY,20.7,..,..,..,12.2,..,..,7.8,..,..,6.4,..,..,..,3.8,..,..,2.7,..,..,..
Sri Lanka,LKA,GDP per capita (current US$),NY.GDP.PCAP.CD,834.936014905338,946.382255128072,1028.62068132555,1207.21994764165,1388.89739119932,1578.63451125392,1973.58476901287,2026.65939950702,2808.36245207687,3224.95745082305,3327.77612404326,3739.43182292825,3972.04377042271,4057.71582716521,4149.19189391879,4398.88828786059,4358.56095905888,4081.94772178134,3847.60136741182,3996.96240531688,3342.63650438046
Sri Lanka,LKA,Access to electricity (% of population),EG.ELC.ACCS.ZS,80.7,75,76.5,78.1,82,80,82.9,87.1,85.3,87.8,87,90.2,92.7,94.3,97.5,97.5,99.6,99.8,100,100,100
St. Kitts and Nevis,KNA,GDP growth (annual %),NY.GDP.MKTP.KD.ZG,1.36771507253633,-3.93339486032939,3.99634666125431,9.73282070298016,3.15038119968223,0.600602326543751,11.3170358267109,-3.40474015376245,-0.0541942065330545,1.61660730423688,-0.737636737448398,5.72728087234704,7.57696602328922,0.694135527876625,3.93270319273282,0.220941147299996,2.00352549800972,2.93824658056356,-15.3018891740649,0.367606879216311,10.4804941546807
St. Kitts and Nevis,KNA,"Inflation, consumer prices (annual %)",FP.CPI.TOTL.ZG,2.04109102620208,2.23543664374553,2.31455462238093,3.37781903988238,8.48748575845879,4.48088608614726,5.30029675072584,2.05793709041836,0.850878649795844,5.8351651957086,0.816089281562459,1.10698554000129,0.247865392364942,-2.30187563045616,-0.687037123294039,0.694916711613604,-1.03712214131572,-0.329562063663977,-1.16724501769353,1.195688870384,2.66817533111249
St. Kitts and Nevis,KNA,"Life expectancy at birth, total (years)",SP.DYN.LE00.IN,70.194,70.614,70.92,71.151,71.356,71.437,71.479,71.488,71.452,71.4,71.362,71.29,71.228,71.211,71.227,71.284,71.336,71.54,71.181,69.271,70.313
St. Kitts and Nevis,KNA,"Government expenditure on education, total (% of GDP)",SE.XPD.TOTL.GD.ZS,3.92051005363464,3.79099011421204,3.9713499546051,3.83144998550415,4.05925989151001,4.1938099861145,..,..,2.54554015619203,2.49706527276352,2.49200145387318,3.26205857202123,2.85307503792741,2.54938006401062,3.00076147453842,2.77100327979144,3.03524983830349,2.72889566429639,3.10568635584663,2.78379011154175,3.5579615526858
St. Kitts and Nevis,KNA,Individuals using the Internet (% of population),IT.NET.USER.ZS,21.152381758186,22.9697842928439,24.7376775443732,34,38.5,43.5,49.20000076,55.70000076,63,63.20000076,64,64.59999847,65.38179779,66.17310333,66.97389984,67.78440094,68.60479736,69.43499756,70.27529907,74.37159729,75.76229858
St. Kitts and Nevis,KNA,Current health expenditure (% of GDP),SH.XPD.CHEX.GD.ZS,4.45210552,4.75159693,4.49067402,4.72803831,4.98203421,4.79733467,5.30566025,5.28673744,5.21727514,5.17247772,5.01866484,5.05167818,4.75296593,5.12752008,5.42923307,5.2735939,4.89670897,5.19201469,5.66130447,6.16912127,5.52634287
St. Kitts and Nevis,KNA,"Unemployment, total (% of total labor force) (national estimate)",SL.UEM.TOTL.NE.ZS,..,..,..,..,..,..,..,..,..,..,..,..,..,..,..,..,..,..,..,..,..
St. Kitts and Nevis,KNA,"School enrollment, primary (% gross)",SE.PRM.ENRR,106.870231628418,108.583549499512,109.938102722168,109.709739685059,..,108.432891845703,116.000717163086,116.262847900391,118.555717468262,117.532852172852,116.379661560059,114.317863464355,114.983367919922,117.220672607422,125.304527282715,124.003707136237,130.084546735557,129.53181272509,129.318854886476,138.731674194336,127.689992475545
St. Kitts and Nevis,KNA,"Agriculture, forestry, and fishing, value added (% of GDP)",NV.AGR.TOTL.ZS,1.78559043163971,1.78005018226578,1.78207404484777,1.66096991437951,1.18856039358131,1.15524939953897,1.22394357477247,1.12219809235891,1.26846576046116,1.33469179826796,1.16601837961175,1.08373424583277,0.937876842883261,0.848520023215322,0.789799919806063,0.902993860903204,0.916165522176504,0.899635933284524,1.12671217092169,1.23971220042445,1.18610039775686
St. Kitts and Nevis,KNA,Urban population (% of total population),SP.URB.TOTL.IN.ZS,32.4368354358251,32.2808981467536,32.1287199225823,31.9804975781124,31.8364279281447,31.6967077874804,31.5615339709202,31.4311032932653,31.3056125693165,31.2000648379646,31.2035138804223,31.2131485582887,31.2290015317909,31.2513929695583,31.2806171906169,31.3169642505921,31.3607229995076,31.4121818392285,31.4716289738952,31.5393525093972,31.6156404983167
St. Kitts and Nevis,KNA,"Foreign direct investment, net inflows (% of GDP)",BX.KLT.DINV.WD.GD.ZS,15.7414536616028,16.0706237869386,9.07455659677946,9.90185105493234,15.5984629925169,18.2275138957072,19.2570726755219,17.2637807805493,15.7969193594166,10.5862643242429,13.793834368349,16.4870548666494,16.4538142918271,13.4009221512864,12.0592980087624,4.54372053093376,3.72038789959679,5.63784923158187,0.321150763222841,2.23512681815828,4.1869384420309
St. Kitts and Nevis,KNA,Poverty headcount ratio at $3.00 a day (2021 PPP) (% of population),SI.POV.DDAY,..,..,..,..,..,..,..,..,..,..,..,..,..,..,..,..,..,..,..,..,..
St. Kitts and Nevis,KNA,GDP per capita (current US$),NY.GDP.PCAP.CD,10453.6587064313,10175.6295449989,10944.6183741768,11783.7867154145,13837.8495311219,14757.9579751035,16604.9448615905,16503.4119292794,16622.9457908577,17832.4572919975,17532.0559008608,18580.1301949935,20219.3954237956,20328.8003530109,21387.5415511103,22464.9899633959,22901.3816403197,23595.4923231291,18859.0190361046,18361.1449697886,21011.5744209816
St. Kitts and Nevis,KNA,Access to electricity (% of population),EG.ELC.ACCS.ZS,95.8,96,96.3,96.5,96.7,97,97.3,97.6,99.8,100,100,100,100,100,100,100,100,100,100,100,100
St. Lucia,LCA,GDP growth (annual %),NY.GDP.MKTP.KD.ZG,0.416450493043214,4.26461148738223,7.2674088699471,-0.410304726290235,6.19525729141048,1.69161857433913,4.94932194028057,-2.82889954830628,0.330018546071486,4.32694280532142,-0.108756148262358,-1.81877603735991,1.32809022110105,0.101917836412952,3.42787214525211,3.37982617272246,2.88677902171601,-1.0293678947917,-22.9005138634176,11.1466993240856,19.3456795355342
St. Lucia,LCA,"Inflation, consumer prices (annual %)",FP.CPI.TOTL.ZG,-0.255536626916508,1.03425372426221,1.46036814425245,3.89827370759476,2.39562082529168,2.82310373736929,5.54954769383937,-0.156936087168669,3.25034409180129,2.76940794144093,4.17763587102515,1.46856511035428,3.51695551369241,-0.983600952696996,-3.07821765676927,0.104262078958441,1.93561893150602,0.539087559191757,-1.75580833517594,2.41070312174393,9.65268564265764
St. Lucia,LCA,"Life expectancy at birth, total (years)",SP.DYN.LE00.IN,71.707,72.188,72.453,72.544,72.794,72.86,72.963,72.946,72.768,72.962,72.86,72.687,72.676,72.932,72.552,72.522,72.655,72.249,72.308,69.119,72.67
St. Lucia,LCA,"Government expenditure on education, total (% of GDP)",SE.XPD.TOTL.GD.ZS,..,3.53449010848999,3.43646001815796,4.23895978927612,4.69669008255005,..,4.48353004455566,3.0676600933075,3.4828999042511,3.5988199710846,3.29098010063171,3.87661004066467,3.89103007316589,3.88088011741638,5.20954990386963,3.6273152206015,3.33277988433838,3.27267003059387,3.61522006988525,5.86197746335882,4.64235019683838
St. Lucia,LCA,Individuals using the Internet (% of population),IT.NET.USER.ZS,14.6418357746777,20.9824734633424,21.395212362765,21.5675829464215,24.5,27.89999962,30,31,32.5,34,45.865,49.3871994,53.17969894,57.26330185,58.22259903,59.16009903,60.11259842,61.08050156,62.06399918,63.06330109,66.95159912
St. Lucia,LCA,Current health expenditure (% of GDP),SH.XPD.CHEX.GD.ZS,5.38887024,5.24069643,4.76760817,4.86039829,5.1270175,5.54166603,5.09061956,5.24410772,5.05056047,5.06134319,4.92510271,5.07107592,4.6836338,4.57866001,4.51095486,4.45561934,4.27262402,4.290905,7.01033401,6.26193285,4.74750614
St. Lucia,LCA,"Unemployment, total (% of total labor force) (national estimate)",SL.UEM.TOTL.NE.ZS,20.39,22.182,20.976,18.7,16,14,12.72,15.37,..,18.857,19.062,22.209,..,..,16.559,18.894,19.116,15.344,20.405,19.58,15.766
St. Lucia,LCA,"School enrollment, primary (% gross)",SE.PRM.ENRR,104.274787902832,103.556831359863,101.370269775391,100.855690002441,104.720840454102,98.5636901855469,97.6221618652344,98.1285171508789,98.3890533447266,97.876091003418,96.9173278808594,97.3613510131836,96.8783264160156,95.2710037231445,94.9370727539062,95.5083618164062,96.8281097412109,97.7209014892578,98.4292526245117,..,102.964202074272
St. Lucia,LCA,"Agriculture, forestry, and fishing, value added (% of GDP)",NV.AGR.TOTL.ZS,..,..,..,..,2.98042746454348,2.91458779159669,3.58977133209373,3.64863368192877,2.69060872867551,2.34543994710244,2.36885770168429,2.62387744085513,2.21690522571356,2.15259095649537,2.07707722588586,1.56172395644149,1.62887405698184,1.73660334561951,1.95682332611288,1.63301662707838,1.60927247473538
St. Lucia,LCA,Urban population (% of total population),SP.URB.TOTL.IN.ZS,26.9383251458178,26.0119584764195,24.8459172882296,23.5419158996884,22.2016686292365,20.9268897953144,19.8192937163625,18.9805947108213,18.5125070971313,18.4743479557314,18.6193081275177,18.9258370999948,19.3915445904726,20.0204288176073,20.8164880000551,21.783720356472,22.9261241055144,24.2476974658382,25.7524386560998,27.4443458949551,29.097678526676
St. Lucia,LCA,"Foreign direct investment, net inflows (% of GDP)",BX.KLT.DINV.WD.GD.ZS,11.1010234731533,16.5934320723105,11.3957277281637,10.1698606969307,22.7795189564418,15.193420090713,13.6063864155208,9.63093050790719,11.7530170243607,6.19533348387191,7.38092558879021,7.56598774359971,3.84517869828728,8.42203722655325,8.64914217402882,4.500439600106,2.20879100094065,3.6127905089311,6.51461067977706,3.75307666270784,2.50199227293772
St. Lucia,LCA,Poverty headcount ratio at $3.00 a day (2021 PPP) (% of population),SI.POV.DDAY,..,..,..,..,..,..,..,..,..,..,..,..,..,0.1,..,..,..,..,..,..,..
St. Lucia,LCA,GDP per capita (current US$),NY.GDP.PCAP.CD,5567.89428424719,6058.60622059326,6494.60034867886,6863.43641919345,7611.17856675319,7964.38211480117,8516.96075488787,8250.52180732734,8673.68720340529,9128.99442011613,9260.30006551714,9577.21733754358,10044.8218377677,10334.9860823918,10638.1269396653,11333.1123822102,11642.6984727769,11764.3944032403,8537.11495506727,10481.1233971786,12976.1489693474
St. Lucia,LCA,Access to electricity (% of population),EG.ELC.ACCS.ZS,87.7,88.5,89.3,90.1,90.9,91.8,92.7,93.5,94.2,95.4,95.3,97.2,98.1,99,99.8,99.9,100,100,100,100,100
St. Martin (French part),MAF,GDP growth (annual %),NY.GDP.MKTP.KD.ZG,..,..,..,..,..,..,..,..,..,..,..,..,..,1,5,-8.00000324038295,-7.99999506898229,6.50000363700821,-12.500002246731,4.89999967133534,..
St. Martin (French part),MAF,"Inflation, consumer prices (annual %)",FP.CPI.TOTL.ZG,..,..,..,..,..,..,..,..,..,..,..,..,..,..,..,..,..,..,..,..,..
St. Martin (French part),MAF,"Life expectancy at birth, total (years)",SP.DYN.LE00.IN,77.219,77.419,77.612,77.802,77.989,78.16,78.326,78.513,78.752,79.016,79.302,79.528,79.727,79.829,79.885,78.762,80.029,80.078,80.085,80.206,80.236
St. Martin (French part),MAF,"Government expenditure on education, total (% of GDP)",SE.XPD.TOTL.GD.ZS,..,..,..,..,..,..,..,..,..,..,..,..,..,..,..,..,..,..,..,..,..
St. Martin (French part),MAF,Individuals using the Internet (% of population),IT.NET.USER.ZS,..,..,..,..,..,..,..,..,..,..,..,..,..,..,..,..,..,..,..,..,..
St. Martin (French part),MAF,Current health expenditure (% of GDP),SH.XPD.CHEX.GD.ZS,..,..,..,..,..,..,..,..,..,..,..,..,..,..,..,..,..,..,..,..,..
St. Martin (French part),MAF,"Unemployment, total (% of total labor force) (national estimate)",SL.UEM.TOTL.NE.ZS,..,..,..,..,..,..,..,..,..,..,..,..,..,..,..,..,..,..,..,..,..
St. Martin (French part),MAF,"School enrollment, primary (% gross)",SE.PRM.ENRR,..,..,..,..,..,..,..,..,..,..,..,..,..,..,..,..,..,..,..,..,..
St. Martin (French part),MAF,"Agriculture, forestry, and fishing, value added (% of GDP)",NV.AGR.TOTL.ZS,..,..,..,..,..,..,..,..,..,..,..,..,..,..,..,..,..,..,..,..,..
St. Martin (French part),MAF,Urban population (% of total population),SP.URB.TOTL.IN.ZS,100,100,100,100,100,100,100,100,100,100,100,100,100,100,100,100,100,100,100,100,100
St. Martin (French part),MAF,"Foreign direct investment, net inflows (% of GDP)",BX.KLT.DINV.WD.GD.ZS,..,..,..,..,..,..,..,..,..,..,..,..,..,..,..,..,..,..,..,..,..
St. Martin (French part),MAF,Poverty headcount ratio at $3.00 a day (2021 PPP) (% of population),SI.POV.DDAY,..,..,..,..,..,..,..,..,..,..,..,..,..,..,..,..,..,..,..,..,..
St. Martin (French part),MAF,GDP per capita (current US$),NY.GDP.PCAP.CD,..,..,..,..,..,..,..,..,..,20930.5821177758,..,..,20638.7705882379,..,..,..,..,19033.0649634889,..,21668.3776525323,..
St. Martin (French part),MAF,Access to electricity (% of population),EG.ELC.ACCS.ZS,99.9,99.8,99.8,99.7,99.7,99.7,99.7,99.7,100,100,100,100,100,100,100,100,100,100,100,100,100
St. Vincent and the Grenadines,VCT,GDP growth (annual %),NY.GDP.MKTP.KD.ZG,5.34212707436718,6.69133665352797,4.11469880444737,2.48855733938132,6.99692626758825,3.3229685982929,0.404640808638888,-1.3781936056056,-4.47046793507802,-0.60627665148327,1.16911218376478,2.4624841721544,1.1457271877622,2.78509791763551,4.1496810046981,1.54810173239956,3.1756114423991,0.668428481084234,-4.26892434422649,2.09340124465459,3.1108330034352
St. Vincent and the Grenadines,VCT,"Inflation, consumer prices (annual %)",FP.CPI.TOTL.ZG,1.85550399046655,0.205981708824254,2.96003946719286,3.7334291646702,2.74067516070673,7.23614701584807,10.0662418245849,0.421539125687215,0.747109026311474,3.1860311155246,2.59844414147101,0.805127804267928,0.193858560794015,-1.73361194953959,-0.149641647633284,2.15333648840511,2.32414485367921,0.91306972532459,-0.628131309354654,1.57272932500558,5.66009779226552
St. Vincent and the Grenadines,VCT,"Life expectancy at birth, total (years)",SP.DYN.LE00.IN,70.658,70.43,70.445,70.454,70.434,70.446,70.611,70.712,70.66,70.609,70.539,70.091,70.355,70.463,70.7,71.013,71.017,70.994,69.605,69.132,71.191
St. Vincent and the Grenadines,VCT,"Government expenditure on education, total (% of GDP)",SE.XPD.TOTL.GD.ZS,7.38802003860474,8.17488956451416,..,6.03082990646362,..,5.43937015533447,..,5.3761100769043,4.80839014053345,..,..,..,..,4.95614634835429,5.45265007019043,5.37974977493286,5.22357988357544,..,5.46376310406546,..,7.07575034584772
St. Vincent and the Grenadines,VCT,Individuals using the Internet (% of population),IT.NET.USER.ZS,5.54959487957379,6.46227416659743,7.37116584201749,9.19827808234299,12,16,21,31,33.70000076,36.70000076,40,43.5,47.4,49.40000153,51.5,53.70000076,56,59.57630157,63.38100052,68.83339691,74.75479889
St. Vincent and the Grenadines,VCT,Current health expenditure (% of GDP),SH.XPD.CHEX.GD.ZS,4.08079481,3.96341038,3.8710556,3.83410811,3.6556716,3.82213306,3.8878386,4.09299564,4.30325222,4.23327732,4.46855974,4.23780632,4.17431307,4.11605787,4.09760141,4.23171329,4.25346231,4.26063251,4.87071276,5.26607132,4.6054697
St. Vincent and the Grenadines,VCT,"Unemployment, total (% of total labor force) (national estimate)",SL.UEM.TOTL.NE.ZS,..,..,..,..,..,..,18.792,..,..,..,..,..,..,..,..,..,..,..,..,..,..
St. Vincent and the Grenadines,VCT,"School enrollment, primary (% gross)",SE.PRM.ENRR,110.481407165527,115.844787597656,110.721046447754,113.448951721191,..,107.057403564453,107.748870849609,106.775047302246,106.8388671875,102.390617370605,109.249149458027,110.921835520417,112.041054739653,113.448802852776,113.22846828262,113.04347826087,115.120844603438,113.97168732964,115.484843112923,114.646104474951,111.969424460432
St. Vincent and the Grenadines,VCT,"Agriculture, forestry, and fishing, value added (% of GDP)",NV.AGR.TOTL.ZS,6.98621312195398,6.10487656500833,5.85289384167699,6.59730508835995,6.14814293404524,5.95899436916071,6.0359091751918,6.34514264594716,6.26506875121356,6.33056361856909,6.15236356773518,6.54391422693896,6.55414786949357,6.26030041907991,6.75105293320355,6.76902554291306,7.10938187118093,7.00321360289631,8.64273688810065,5.2074867781098,4.63941650660287
St. Vincent and the Grenadines,VCT,Urban population (% of total population),SP.URB.TOTL.IN.ZS,45.1214266763803,45.236152710942,45.3517185236482,45.4681221654846,45.5853616874371,45.7034351404912,45.8223405756329,45.9420760438477,46.0626395961215,46.18402928344,46.3063114823836,46.4319347036311,46.5579930468544,46.6845638727475,46.8116589511271,46.9392900518098,47.0674689446123,47.1962073993512,47.3255171858432,47.4554100739049,47.585897833353
St. Vincent and the Grenadines,VCT,"Foreign direct investment, net inflows (% of GDP)",BX.KLT.DINV.WD.GD.ZS,5.38789344689429,6.85125115746727,15.120110354189,6.88174169420403,18.6436807370603,11.7815895828964,21.4509743987017,15.3014273138421,13.3089028738841,11.8576076339128,18.1986473300916,20.0776834830317,16.1399244753356,15.7495814618354,8.66074512206484,19.5953970726633,4.52412383276845,7.5606563885612,7.54647187844049,18.8915993798527,6.59514716509223
St. Vincent and the Grenadines,VCT,Poverty headcount ratio at $3.00 a day (2021 PPP) (% of population),SI.POV.DDAY,..,..,..,..,..,..,..,..,..,..,..,..,..,..,..,..,..,..,..,..,..
St. Vincent and the Grenadines,VCT,GDP per capita (current US$),NY.GDP.PCAP.CD,4303.27976789727,4499.61454193342,4873.48947742443,5157.39373878102,5744.8278621257,6398.19123532172,6598.90531450859,6463.78777336717,6551.96835992405,6527.68996854448,6713.80768643865,7072.46737188939,7168.82875342911,7353.73556054184,7656.90042881178,7988.04445019298,8428.12677153069,8740.59425232061,8351.20324040982,8641.27904024443,9693.55867833025
St. Vincent and the Grenadines,VCT,Access to electricity (% of population),EG.ELC.ACCS.ZS,82.4,83.7,84.9,86.2,87.5,88.8,90.1,91.4,92.7,94.1,95.4,96.8,98.1,99.4,99.7,100,100,100,100,100,100
Sudan,SDN,GDP growth (annual %),NY.GDP.MKTP.KD.ZG,6.0064715363132,6.28880816146516,5.14088851762675,5.64351551343631,6.5314117467792,5.73527423664484,3.84674473121058,-2.76770436599138,3.85824195230107,-3.21353209253371,-17.0046884048945,1.95514463302422,4.66137954229873,1.91017689052751,3.46764218409288,0.70925628476644,-2.6809305497999,-2.17825104530091,-3.62980082410752,-1.8685204827207,-0.957816591119183
Sudan,SDN,"Inflation, consumer prices (annual %)",FP.CPI.TOTL.ZG,22.2247241495905,6.48943208673338,9.65754628605945,8.50585075933117,7.19912990114709,14.7542770780084,14.2971224481434,11.256758706301,12.9776663898014,18.0966171221351,35.5590574147024,36.5223449139154,36.9066427863595,16.9095706050977,17.750253831196,32.3516260968437,63.2925073455888,50.9940515002965,163.257782355458,359.093040778999,138.80846024176
Sudan,SDN,"Life expectancy at birth, total (years)",SP.DYN.LE00.IN,59.308,58.319,56.773,57.226,60.4,61.442,61.261,62.676,62.979,63.181,63.427,63.443,63.99,64.375,64.677,65.146,65.501,65.803,65.124,64.46,65.695
Sudan,SDN,"Government expenditure on education, total (% of GDP)",SE.XPD.TOTL.GD.ZS,1.16425001621246,..,1.31254994869232,1.17842996120453,1.55353999137878,..,1.85150003433227,2.02213001251221,..,..,..,..,..,..,..,..,..,..,..,..,..
Sudan,SDN,Individuals using the Internet (% of population),IT.NET.USER.ZS,0.439477639075583,0.538471703150458,0.791561615446385,..,..,8.66,..,..,..,..,..,..,..,12,14.0999999446534,18.60000038,..,..,..,..,..
Sudan,SDN,Current health expenditure (% of GDP),SH.XPD.CHEX.GD.ZS,3.30010891,3.89187932,4.15593481,4.09418154,4.88544321,5.66269159,5.42313576,6.39496326,5.05810165,5.61579561,5.68827009,6.96487474,5.67619705,5.81112576,5.68438482,5.91767406,4.46172857,4.59967566,3.04323435,2.9669323,3.79416442
Sudan,SDN,"Unemployment, total (% of total labor force) (national estimate)",SL.UEM.TOTL.NE.ZS,..,..,..,..,..,..,15.566,13,..,17.44,..,..,..,..,..,..,..,..,..,..,7.53
Sudan,SDN,"School enrollment, primary (% gross)",SE.PRM.ENRR,55.170108795166,56.535831451416,58.0592002868652,59.3962097167969,63.7515182495117,63.5354995727539,68.9424591064453,68.2343368530273,67.3397827148438,64.9761810302734,66.0605392456055,66.95703125,67.05712890625,67.6649703979492,69.8550796508789,70.3664779663086,72.0317687988281,72.3981094360352,..,..,..
Sudan,SDN,"Agriculture, forestry, and fishing, value added (% of GDP)",NV.AGR.TOTL.ZS,37.662742261404,38.416611009222,34.0060768565709,33.199920468691,31.8201079594306,35.6675143701418,36.1831633212385,33.5066805707755,30.6000000071348,30.599999994069,30.5999999961027,30.6000000025472,31.9000000019741,31.3999999994923,31.6000000015638,31.7999999982698,21.999999999848,20.19999999954,20.4,20.1999999999641,26.4
Sudan,SDN,Urban population (% of total population),SP.URB.TOTL.IN.ZS,32.4038820246832,32.4271684741748,32.4459598296403,32.4603150404146,32.4702930558327,32.4759528252296,32.4816230749746,32.5774622972843,32.7174026591513,32.9059760141986,33.1425561614901,33.4264777958103,33.7624582408117,34.0914394628597,34.1881958841213,34.2872225663509,34.382054222005,34.4727685824236,34.5594433789246,34.6421563427994,34.7209852053086
Sudan,SDN,"Foreign direct investment, net inflows (% of GDP)",BX.KLT.DINV.WD.GD.ZS,3.93215499570306,6.31782319761386,5.67090591014718,4.4387993666553,4.06910716037147,2.53091571467554,2.54980980762297,3.3441756822644,3.50004539535845,3.15234852962884,6.14212434699966,3.92312074519106,2.52698516017578,3.34135261447755,2.49532759301928,2.58043876395005,3.51269523880448,2.55226968828806,2.65193447042229,1.52754029838982,1.11000421594226
Sudan,SDN,Poverty headcount ratio at $3.00 a day (2021 PPP) (% of population),SI.POV.DDAY,..,..,..,..,..,..,..,13.1,..,..,..,..,10.1,..,..,..,..,..,..,..,..
Sudan,SDN,GDP per capita (current US$),NY.GDP.PCAP.CD,506.262634277344,580.320251464844,705.113342285156,905.543640136719,1132.474609375,1444.37219238281,1527.58239746094,1178.22180175781,1305.63598632813,1332.6572265625,1019.22210693359,1138.62780761719,1275.43835449219,1292.37963867188,1033.21594238281,966.505676269531,731.027465820313,709.975280761719,577.795227050781,712.122009277344,1046.24084472656
Sudan,SDN,Access to electricity (% of population),EG.ELC.ACCS.ZS,29.7,29.9,30.2,30.5,30.8,31.1,20,29,36,38.3,40.7,43.1,44.9,48,50.5,53,55.3,57.6,59.7,61.8,63.2
Suriname,SUR,GDP growth (annual %),NY.GDP.MKTP.KD.ZG,2.80000068850687,6.29999943314137,8.50000018479413,4.50000021086888,5.79354358463304,5.11148777773458,4.14340681165626,3.01369898266211,5.16882515225814,5.84936767173009,2.69034974668847,2.9334416518612,0.255503031645475,-3.41304268067621,-4.91166050905851,1.56603782534897,4.94827108468886,1.16758977233877,-15.9751917148622,-2.43538583612838,2.40622235601218
Suriname,SUR,"Inflation, consumer prices (annual %)",FP.CPI.TOTL.ZG,15.5273989185702,23.0022321778219,9.98632511974878,9.89800489561465,11.2813043273975,6.42627934470524,14.6671427437912,-0.133636646714877,6.94108221639996,17.7117796414558,5.00686319367273,1.92343604108305,3.38341272749477,6.89390359168238,55.4123879763196,21.9969430173304,..,..,34.889784309078,59.1196626251977,52.446027276241
Suriname,SUR,"Life expectancy at birth, total (years)",SP.DYN.LE00.IN,65.274,65.778,66.362,66.997,67.643,68.307,68.873,69.323,69.626,69.82,69.957,70.11,70.33,70.567,70.979,71.247,71.468,71.773,72.321,68.943,73.254
Suriname,SUR,"Government expenditure on education, total (% of GDP)",SE.XPD.TOTL.GD.ZS,..,..,..,..,..,..,..,..,..,..,..,..,..,5.53479610522553,5.64051904970974,5.45861311514349,4.92259355761269,6.77857289012664,4.58425708265782,4.13154972947739,3.43460841988051
Suriname,SUR,Individuals using the Internet (% of population),IT.NET.USER.ZS,4.1615687449541,4.71987539528956,6.0760478144456,6.40308628759062,9.49960041,14.11,21.05999947,31.36,31.59,32,34.68119812,37.40000153,40.08000183,42.76380157,45.40000153,48.94520187,55.10210037,62.03350067,..,..,..
Suriname,SUR,Current health expenditure (% of GDP),SH.XPD.CHEX.GD.ZS,5.32991552,4.88878393,5.4608078,5.2439642,5.85598755,5.22148609,4.74699593,4.97810316,4.6978569,4.40932178,4.28435707,4.48738098,4.52127838,5.80808163,5.99283743,5.32285929,6.60567093,8.38353634,6.03425598,5.01704168,5.93297768
Suriname,SUR,"Unemployment, total (% of total labor force) (national estimate)",SL.UEM.TOTL.NE.ZS,..,..,9.487,..,..,..,..,8.711,7.154,7.545,8.1,6.602,6.945,7.222,7.917,..,..,..,..,..,..
Suriname,SUR,"School enrollment, primary (% gross)",SE.PRM.ENRR,106.396446228027,..,..,104.257690429688,102.543380737305,98.4763565063477,103.520378112793,104.568260192871,102.471636358299,101.072891797094,102.775590258689,105.284141540527,106.412658691406,109.042251586914,106.808013710057,102.229217428152,100.726147342995,101.247626796854,102.277236938477,94.7700129358323,95.4135457093626
Suriname,SUR,"Agriculture, forestry, and fishing, value added (% of GDP)",NV.AGR.TOTL.ZS,6.70477450484455,6.47972387648306,5.22488058560067,4.91937130026536,9.99167360532889,10.1476243642228,8.92967622190142,9.84207557811619,9.47219211206537,8.73235538333795,8.38505537300718,8.48595489076026,9.38475771944027,10.4081572411936,10.7661271900991,10.9177598208742,10.0324669859288,8.59607814021171,8.1360284150591,9.67766403232661,7.29566179490095
Suriname,SUR,Urban population (% of total population),SP.URB.TOTL.IN.ZS,66.7320549534773,66.7404073281911,66.743604713168,66.7321826490881,66.6967982269052,66.6433180134835,66.5776961831642,66.5058869102882,66.4338443691967,66.3675227342307,66.3132562693376,66.2683575134509,66.2249266178037,66.1828815074718,66.1426466980469,66.1046467051207,66.0693060442846,66.0370492311305,66.00830078125,65.9853973388672,65.8985443115234
Suriname,SUR,"Foreign direct investment, net inflows (% of GDP)",BX.KLT.DINV.WD.GD.ZS,-6.73022296587416,-5.97242023566089,-2.51332036478539,1.56127119820371,-6.22149014709964,-8.40083736509118,-6.54973190348526,-2.41006768189509,-5.85344056449596,3.28538383339053,3.40245351551791,3.62949532348678,-1.13866864622319,3.5828587235507,6.9833403838341,2.67494793416759,3.27713336345246,2.09560541663346,0.0357132024302943,8.23142955004276,6.70743268543142
Suriname,SUR,Poverty headcount ratio at $3.00 a day (2021 PPP) (% of population),SI.POV.DDAY,..,..,..,..,..,..,..,..,..,..,..,..,..,..,..,..,..,..,..,..,2.2
Suriname,SUR,GDP per capita (current US$),NY.GDP.PCAP.CD,2202.340682196,2516.10404020956,2887.7721728844,3453.42865937765,5002.65798695759,5530.17615638309,6576.08546307249,7129.5768626291,7943.60482816915,7949.88867218383,8851.24050668908,9043.19281529222,9108.18905406764,8813.61705392067,5644.2061057532,6049.52128553675,6665.74180472239,6629.66775248603,4755.39221710693,5029.84838543953,6084.43876736445
Suriname,SUR,Access to electricity (% of population),EG.ELC.ACCS.ZS,95.2,95.1,95,94.9,91,94.7,94.7,94.6,91.2,94.6,94.6,94.6,94.6,95,95.8,96.6,97.4,97.9,98.4,98.8,99
Sweden,SWE,GDP growth (annual %),NY.GDP.MKTP.KD.ZG,2.27772867861897,1.88102769675844,4.17958419343711,2.79313782840156,4.67607488877992,3.22486814096095,-0.923113250067971,-4.25561384207619,5.75076477579255,3.16388567406926,-0.414397702454409,1.13766671801426,2.29577238758284,4.38824673608589,2.13117914731151,1.88282184966646,1.7702553546772,2.60823012869524,-1.93379704032216,5.2258643028773,1.25543620445816
Sweden,SWE,"Inflation, consumer prices (annual %)",FP.CPI.TOTL.ZG,2.15848213589266,1.92565534892383,0.373659828721824,0.453170852576138,1.36021468627693,2.21216883436733,3.43704910602875,-0.494460544378051,1.15798802715626,2.9611507382214,0.888377506923735,-0.044292970148682,-0.179638494114635,-0.0467847449832812,0.984269244577992,1.79449904665599,1.95353530127028,1.78415097403835,0.497367318853572,2.16319736447143,8.36929098869189
Sweden,SWE,"Life expectancy at birth, total (years)",SP.DYN.LE00.IN,79.8463414634146,80.0951219512195,80.4975609756098,80.5463414634146,80.7487804878049,80.9,81.1,81.3512195121951,81.4512195121951,81.8024390243903,81.7048780487805,81.9560975609756,82.2536585365854,82.2048780487805,82.3073170731707,82.409756097561,82.5585365853659,83.109756097561,82.3560975609756,83.0560975609756,83.0585365853659
Sweden,SWE,"Government expenditure on education, total (% of GDP)",SE.XPD.TOTL.GD.ZS,6.91077995300293,6.79678010940552,6.6729998588562,6.51516008377075,6.37277984619141,6.18673992156982,6.38263988494873,6.78425979614258,6.56318998336792,6.40655994415283,7.57456016540527,7.6465802192688,7.62924003601074,7.49442005157471,7.63991022109985,7.63849020004272,7.69825983047485,7.66307020187378,7.95333003997803,7.60224008560181,7.31909990310669
Sweden,SWE,Individuals using the Internet (% of population),IT.NET.USER.ZS,70.57,79.13,83.89,84.83,87.76,82.01,90,91,90,92.7699860554046,93.1799880065108,94.7836,92.5236065037579,90.6101966398616,89.6509476102355,93.0062669652127,89.2469631588137,94.4934434072202,94.53943122,94.6703163,95.00970335
Sweden,SWE,Current health expenditure (% of GDP),SH.XPD.CHEX.GD.ZS,8.18597412,8.31654263,8.1428194,8.15987301,8.0421772,7.9882226,8.22603607,8.77742958,8.32384682,10.50179005,10.834198,10.9872179,11.07212639,10.93069172,10.95692444,10.94730949,11.09132671,10.93444347,11.42458725,11.23013592,10.85505676
Sweden,SWE,"Unemployment, total (% of total labor force) (national estimate)",SL.UEM.TOTL.NE.ZS,4.965,5.555,6.693,7.81,7.066,6.161,6.235,8.351,8.61,7.804,7.976,8.052,7.954,7.432,6.99,6.718,6.365,6.833,8.291,8.803,7.417
Sweden,SWE,"School enrollment, primary (% gross)",SE.PRM.ENRR,107.147102355957,107.762382507324,100.143241882324,100.282669067383,100.304191589355,100.05542755127,100.137687683105,99.485237121582,99.1634674072266,97.7859420776367,99.5537185668945,118.135437011719,118.02986907959,119.62419128418,121.448799133301,122.896057128906,123.754661560059,120.596801757812,119.500106811523,117.347633361816,116.425392150879
Sweden,SWE,"Agriculture, forestry, and fishing, value added (% of GDP)",NV.AGR.TOTL.ZS,1.75199842361626,1.71155063466856,1.68061695988586,1.1603186332537,1.24032116770527,1.43883024091711,1.259569565252,1.13933399215134,1.36161648243538,1.41167566441203,1.252545647128,1.23062537056738,1.25159385276156,1.30311590626755,1.2811871059035,1.32101626320131,1.25008450476649,1.25718377928626,1.19622450679304,1.15942751247748,1.23876992958721
Sweden,SWE,Urban population (% of total population),SP.URB.TOTL.IN.ZS,84.1342508376823,84.1954289653543,84.2670710494849,84.3499984741211,84.4553200620359,84.5906875454778,84.7517366727063,84.9341031919813,85.1334228515625,85.3600748880524,85.6250668883122,85.9249771259894,86.2563838747314,86.6158654081858,87,87.237373786911,87.4737430925296,87.7088420242759,87.9424046895699,88.1741651958315,88.4038576504809
Sweden,SWE,"Foreign direct investment, net inflows (% of GDP)",BX.KLT.DINV.WD.GD.ZS,6.87493521047709,1.79831756030611,4.38300602347958,5.30592267942897,5.21921287841886,9.41612400200535,8.05196630424181,2.06323507354771,0.126859666003955,1.22329216394859,0.777373680569339,0.2546975094246,-1.0454392642501,1.94926707461038,3.01534061830454,4.54156677126576,-0.129928906336359,2.9559286166832,3.36375559523307,9.17868162234424,9.35228228785513
Sweden,SWE,Poverty headcount ratio at $3.00 a day (2021 PPP) (% of population),SI.POV.DDAY,0.1,0.4,0.5,1.1,0.4,0.5,0.7,0.5,0.6,0.7,0.5,0.7,0.5,0.6,0.4,0.3,0.9,0.4,0.5,0.6,1.3
Sweden,SWE,GDP per capita (current US$),NY.GDP.PCAP.CD,29957.7776664916,37292.2419727801,42758.0048564929,43378.4077394363,46531.3762240485,53568.3057787832,55817.1759726485,46707.6425044751,52542.5759090299,60379.4814599322,57749.5615420853,60843.9888799369,59583.4584491714,51188.1652120493,51703.5088332851,53210.2233318965,54018.4554391861,51648.9892820514,52568.5726980146,60647.5416365347,54836.8907235124
Sweden,SWE,Access to electricity (% of population),EG.ELC.ACCS.ZS,100,100,100,100,100,100,100,100,100,100,100,100,100,100,100,100,100,100,100,100,100
Switzerland,CHE,GDP growth (annual %),NY.GDP.MKTP.KD.ZG,0.380410134195273,-0.284222357857615,2.58692895529093,2.95208487460334,4.13432251467916,3.98319384807056,2.53159615417233,-1.93490944903913,3.26063082122047,1.40766067483813,1.12413575027705,1.83612392927999,2.54342347675991,1.45450336491099,1.91159094214852,1.42034612231261,3.32743256101493,1.11532187197474,-2.2552579425106,6.17622836050151,3.53430286842426
Switzerland,CHE,"Inflation, consumer prices (annual %)",FP.CPI.TOTL.ZG,0.642711506543278,0.63827293088719,0.802908730955226,1.17195420333703,1.05950928324805,0.732350603122236,2.42604117060157,-0.480481936423305,0.688238707219975,0.2313492076509,-0.692552018105163,-0.217323155115673,-0.0132025387515946,-1.14390867228178,-0.434618664285815,0.533787839825876,0.936335464113572,0.362886179940674,-0.725874933313403,0.581814168489856,2.83502798644451
Switzerland,CHE,"Life expectancy at birth, total (years)",SP.DYN.LE00.IN,80.3853658536585,80.5365853658537,81.0878048780488,81.2365853658537,81.490243902439,81.7414634146342,81.9926829268293,82.0439024390244,82.2463414634147,82.6951219512195,82.6975609756098,82.7975609756098,83.1975609756098,82.8975609756098,83.6024390243903,83.5512195121951,83.7536585365854,83.9048780487805,83,83.7512195121951,83.6048780487805
Switzerland,CHE,"Government expenditure on education, total (% of GDP)",SE.XPD.TOTL.GD.ZS,5.17882013320923,5.38400983810425,5.3142900466919,5.08472013473511,4.84120988845825,4.58396005630493,4.75724983215332,4.92561006546021,4.80210018157959,4.85663986206055,4.89862012863159,4.91392993927002,4.93057012557983,4.99560022354126,4.98164987564087,5.01765012741089,4.9300799369812,5.01438999176025,5.27676010131836,5.02535009384155,4.86427021026611
Switzerland,CHE,Individuals using the Internet (% of population),IT.NET.USER.ZS,61.4,65.1,67.8,70.1,75.7,77.2,79.2,81.3,83.9,85.1930281804854,85.2,86.34,83.6172512621702,87.4790555978675,89.1346877351392,89.6861476710225,91.80000305,93.1460869535177,94.34999847,95.56937154,96.45279694
Switzerland,CHE,Current health expenditure (% of GDP),SH.XPD.CHEX.GD.ZS,9.88000107,10.13696766,10.22576523,10.05823421,9.5802002,9.41693783,9.53167725,10.1415062,9.9907856,10.10393143,10.33511066,10.59444523,10.6751194,10.97983074,11.20248795,11.37471581,11.19891071,11.42588997,11.98960876,11.95855618,11.59911823
Switzerland,CHE,"Unemployment, total (% of total labor force) (national estimate)",SL.UEM.TOTL.NE.ZS,2.924,4.117,4.316,4.437,3.995,3.641,3.35,4.109,4.808,4.409,4.491,4.747,4.826,4.801,4.918,4.797,4.713,4.394,4.817,5.013,4.122
Switzerland,CHE,"School enrollment, primary (% gross)",SE.PRM.ENRR,104.001480102539,104.157531738281,104.152870178223,103.919097900391,104.123817443848,103.956550598145,104.087661743164,103.63484954834,103.392906188965,102.482177734375,102.130638122559,102.437759399414,102.470817565918,102.15592956543,101.902526855469,101.83332824707,101.837242126465,101.593048095703,101.731712341309,101.478240966797,101.363067626953
Switzerland,CHE,"Agriculture, forestry, and fishing, value added (% of GDP)",NV.AGR.TOTL.ZS,0.929053938229138,0.832692201439406,0.93271953434793,0.814668099563013,0.74902602666042,0.770668450694314,0.781886159727224,0.721425305061788,0.660915423473041,0.676018757141646,0.633709414014706,0.660494448808131,0.704200947707509,0.616778703156649,0.654422804507368,0.63541491743859,0.631437161415847,0.642940291854216,0.696554620330853,0.61398916783592,0.59797791296259
Switzerland,CHE,Urban population (% of total population),SP.URB.TOTL.IN.ZS,73.4195324136588,73.4518762174754,73.4761317507392,73.4951000915434,73.5115823179813,73.5283795081459,73.5482927401305,73.5741230920283,73.6086716419323,73.65058748615,73.7522629583622,74.1121384785551,74.7402679059582,75.6044960143169,76.6726675773771,77.9126273688843,79.2922201625844,80.7792907322229,82.3416838515457,84.2006477608879,84.9206266284521
Switzerland,CHE,"Foreign direct investment, net inflows (% of GDP)",BX.KLT.DINV.WD.GD.ZS,2.63053078099282,5.37997633214374,1.73644742922473,0.627760062642509,11.9904120847301,9.75729400131519,0.5204308601517,8.45520486310627,2.8968438323572,2.85527784754459,5.72352684333341,-3.46803774147053,2.83378237216102,17.0946761521558,24.4555901017489,20.7708262545671,-21.8417322340093,3.03579308743079,-31.5520454460584,-14.366241892487,-1.44605128264693
Switzerland,CHE,Poverty headcount ratio at $3.00 a day (2021 PPP) (% of population),SI.POV.DDAY,0,..,0.1,..,0.1,0.1,0.1,0,0.1,0,0,0,0,0,0,0,0,0,0.1,0,0.2
Switzerland,CHE,GDP per capita (current US$),NY.GDP.PCAP.CD,43094.2492848494,49947.3910175152,55349.6164595028,57080.0704338193,59910.293405504,66082.1233977532,75147.5376709155,72788.2049524379,77956.1262043942,91910.3964565203,87269.5594780124,88851.2374497983,90511.6484558843,85265.06205193,83432.4111596314,83610.248611484,87002.3382293532,85872.9702303454,87529.7016394892,96582.8687080693,97809.095567203
Switzerland,CHE,Access to electricity (% of population),EG.ELC.ACCS.ZS,100,100,100,100,100,100,100,100,100,100,100,100,100,100,100,100,100,100,100,100,100
Syrian Arab Republic,SYR,GDP growth (annual %),NY.GDP.MKTP.KD.ZG,7.85855098148016,0.590781711933914,6.9025333036284,6.21550444795768,5.04600280095076,5.6747382107833,4.47662154277957,5.91229460524147,5.19150915015936,2.8502205980333,-26.338904668983,-26.3002577493205,-10.3103412087823,-4.17969204561759,-6.40568496867387,-0.723346297115341,1.39323324059961,1.22072818348491,0.954914586675713,1.7896919997567,-0.20247264200475
Syrian Arab Republic,SYR,"Inflation, consumer prices (annual %)",FP.CPI.TOTL.ZG,-0.130505282417402,5.79682944905841,4.43314136719839,7.24034939348535,10.0241105377571,3.90770950443607,15.7453252219709,2.92089711805367,4.3974138315007,4.7531638888563,36.7022953364139,40.0318378290723,10.9271141804297,38.4611429599733,47.7051615298923,18.0752696281771,0.940983843906769,13.4175653228571,..,..,..
Syrian Arab Republic,SYR,"Life expectancy at birth, total (years)",SP.DYN.LE00.IN,71.742,72.188,72.494,72.797,73.04,73.256,73.368,73.496,73.542,72.259,66.206,65.146,65.492,63.265,65.19,65.651,67.371,70.97,71.944,72.418,72.79
Syrian Arab Republic,SYR,"Government expenditure on education, total (% of GDP)",SE.XPD.TOTL.GD.ZS,5.26983976364136,6.48086023330688,5.37147998809815,..,5.27966022491455,4.86469984054565,4.59525012969971,5.13012981414795,..,..,..,..,..,..,..,..,..,..,..,..,..
Syrian Arab Republic,SYR,Individuals using the Internet (% of population),IT.NET.USER.ZS,2.09310101861765,3.39797261356623,4.32159377785571,5.648099899,7.832600117,11.5,14,17.3,20.7,22.5,24.30010033,26.20000076,28.09000015,29.97979927,31.8696003,32.70000076,33.77000046,..,..,..,..
Syrian Arab Republic,SYR,Current health expenditure (% of GDP),SH.XPD.CHEX.GD.ZS,4.96416759,5.13501024,4.49753141,4.12713289,3.79620314,3.73920178,3.41378117,3.57431221,3.35286307,2.6616261,3.22060776,3.77518535,4.23171377,3.67464328,3.89073515,3.91299295,3.93852568,3.96978569,3.67009115,3.50403309,3.3840971
Syrian Arab Republic,SYR,"Unemployment, total (% of total labor force) (national estimate)",SL.UEM.TOTL.NE.ZS,11.682,10.279,..,..,8.168,8.422,10.94,8.141,8.613,14.896,..,..,..,..,..,..,..,..,..,..,..
Syrian Arab Republic,SYR,"School enrollment, primary (% gross)",SE.PRM.ENRR,104.690322875977,113.06861114502,114.180770874023,116.219108581543,116.517631530762,115.950576782227,115.694946289062,115.827239990234,116.733467102051,119.229217529297,120.19310760498,72.3519897460938,..,..,..,..,..,..,70.3771514892578,68.5588684082031,72.1296768188477
Syrian Arab Republic,SYR,"Agriculture, forestry, and fishing, value added (% of GDP)",NV.AGR.TOTL.ZS,24.8635435252136,24.6554759380094,22.4332996039678,20.293121708002,21.4567815802916,19.4588025950103,18.7564030905377,22.7950178570023,19.4389724414256,20.6469030981773,23.432298282026,25.1049303727798,26.8601256182656,33.1304655969871,34.1668749627531,40.6356090849324,39.0098877578608,40.7410419328786,32.652890568598,38.6743054965317,42.8517272820162
Syrian Arab Republic,SYR,Urban population (% of total population),SP.URB.TOTL.IN.ZS,52.6957745699164,53.1024010548332,53.5,53.8227202374695,54.059770380523,54.2883969431774,54.5858464394493,55.0293653833552,55.6962002889119,58.4817704183521,65.0896662830335,73.0620491886137,76,75.7529067188542,75.15400963398,74.5395596323392,74.0612602381775,73.8248788261986,73.4125031102512,73.0125007629395,72.6124992370605
Syrian Arab Republic,SYR,"Foreign direct investment, net inflows (% of GDP)",BX.KLT.DINV.WD.GD.ZS,0.553230741540677,0.732998623113997,1.09618918826235,1.73256551809714,1.95248771023816,3.06919301979067,2.78858746768108,4.74859831098406,2.39318605915641,1.19065647696386,..,..,..,..,..,..,..,..,..,..,..
Syrian Arab Republic,SYR,Poverty headcount ratio at $3.00 a day (2021 PPP) (% of population),SI.POV.DDAY,..,0.5,..,..,0,..,..,0,..,..,..,..,..,..,..,..,..,..,..,..,18
Syrian Arab Republic,SYR,GDP per capita (current US$),NY.GDP.PCAP.CD,1189.98119453595,1220.179077256,1368.11263904001,1533.90017615946,1718.78469956591,1937.61199094087,2429.1247629459,2462.20127278738,2730.61487784917,2952.14372909443,1897.66115018696,985.892669221634,1060.59105887433,847.731545352582,656.349017520952,851.501972646386,1098.06667935023,1109.53933821464,593.911771822527,688.566109726934,1056.78264718197
Syrian Arab Republic,SYR,Access to electricity (% of population),EG.ELC.ACCS.ZS,86.6,92.6,92.3,92,99.5,91.5,91.3,91.1,92.7,91.5,90.7,90.4,90.2,90,89.8,89.6,86,89.2,89,88.8,89
Tajikistan,TJK,GDP growth (annual %),NY.GDP.MKTP.KD.ZG,10.8000037591665,10.9999990780572,10.2999989410117,6.69999851655409,7.00000321108996,7.80000011872161,7.89999827154939,3.90000114826496,6.49999908585235,7.40000059956711,7.49999946321525,7.39999974700379,6.70000069016253,6.01930331771186,6.89999999999999,7.10000041864309,7.5999988895536,7.40000016310556,4.40000111553493,9.39999955037523,8.00000033846364
Tajikistan,TJK,"Inflation, consumer prices (annual %)",FP.CPI.TOTL.ZG,12.2499847845885,16.3034912049491,7.14196508692253,7.09193244083773,10.0108651886461,13.1491247062982,20.4705219109964,6.44823481066697,6.44531440780658,12.4315490430406,5.83116601031462,5.00964645344951,6.10442765129667,5.7145594964971,6.00458082322139,..,..,..,..,..,..
Tajikistan,TJK,"Life expectancy at birth, total (years)",SP.DYN.LE00.IN,64.898,65.874,66.604,66.531,66.997,67.405,67.924,68.248,68.37,68.698,69.13,69.579,69.697,69.665,69.982,70.524,70.737,70.962,68.605,69.594,71.562
Tajikistan,TJK,"Government expenditure on education, total (% of GDP)",SE.XPD.TOTL.GD.ZS,2.77578997612,2.42078995704651,2.77203011512756,3.51213002204895,3.40350008010864,3.41326999664307,3.45983004570007,4.0983099937439,4.00675010681152,3.93511009216309,4.01803016662598,5.29397617900035,5.59398898966753,4.96774005889893,5.73094142576332,5.54471764262202,5.38508736377556,5.48427628435415,5.13516829187823,4.38253082077599,5.39829770599001
Tajikistan,TJK,Individuals using the Internet (% of population),IT.NET.USER.ZS,0.0554628269910006,0.0645837771508553,0.0774799071356825,0.298690023682825,3.77240620666448,7.19761951797855,8.78,10.07,11.55000019,13.02999973,14.51000023,16,17.48999977,18.97999954,20.46999931,21.95999908,32.59999847,22.68630028,27.54409981,36.70560074,48.91429901
Tajikistan,TJK,Current health expenditure (% of GDP),SH.XPD.CHEX.GD.ZS,4.43647242,4.70218658,4.79911184,5.21024704,5.03254795,5.54050112,5.91206694,5.85579777,5.73543453,5.85971785,5.98185873,6.53226423,6.6654973,6.90735912,6.96349716,6.85399008,7.01381588,6.9476676,8.8903532,8.37504482,7.62917423
Tajikistan,TJK,"Unemployment, total (% of total labor force) (national estimate)",SL.UEM.TOTL.NE.ZS,2.5,3.85,7.398,1.964,2.197,2.317,2.436,11.498,..,..,..,..,..,..,0.081,..,..,..,..,..,..
Tajikistan,TJK,"School enrollment, primary (% gross)",SE.PRM.ENRR,96.3986206054688,97.4546966552734,96.8863906860352,97.2828369140625,96.9107971191406,96.8137130737305,99.660530090332,99.2148590087891,99.0505828857422,96.7038269042969,92.8905410766602,91.7747421264648,90.3201599121094,91.2645874023438,93.281982421875,95.7704162597656,..,..,100.404687742152,100.368730862382,99.9668886016055
Tajikistan,TJK,"Agriculture, forestry, and fishing, value added (% of GDP)",NV.AGR.TOTL.ZS,22.2320978875952,24.1945646238501,19.222350137013,21.1916853994949,21.4510669294712,19.4347255630877,19.8672841249223,18.5520032964103,19.5866775137511,23.8355098416752,23.3268165616333,21.32088784652,23.7737836738595,21.5905747207608,20.8569765086156,20.2832963188861,19.7719647842925,20.8670733588001,22.6904308448361,22.4490805460825,22.9348537040845
Tajikistan,TJK,Urban population (% of total population),SP.URB.TOTL.IN.ZS,26.5336513960096,26.5331204386766,26.5327772632159,26.5324878262051,26.5321180842215,26.5315339938424,26.5306015116451,26.529186594207,26.5274312963978,26.4792213439941,26.4102249145508,26.4883155822754,26.5633735656738,26.478832244873,26.3718509674072,26.2731513977051,26.2338752746582,26.1300735473633,26.1925442328719,26.1991525151375,26.1957126615618
Tajikistan,TJK,"Foreign direct investment, net inflows (% of GDP)",BX.KLT.DINV.WD.GD.ZS,2.95358416825764,2.03493399294115,13.1022122444311,2.35601238535648,11.9647283955266,9.67777994325544,9.42813566158299,2.993500899093,1.6649590356128,2.23653413214552,3.16697499395782,3.351407966942,3.58397838530001,5.48892076080458,3.45540459636672,2.46572647891723,2.84433010113639,2.5637213527723,1.30975252279444,0.94025522151091,1.62432287476597
Tajikistan,TJK,Poverty headcount ratio at $3.00 a day (2021 PPP) (% of population),SI.POV.DDAY,..,56,37.2,..,..,24.2,..,15.7,..,..,..,..,..,13.3,..,..,..,..,..,9.1,8.9
Tajikistan,TJK,GDP per capita (current US$),NY.GDP.PCAP.CD,186.951638285222,233.58124845289,305.745158587502,333.927150941684,401.018403316427,516.997210618914,703.327375898643,664.795655734657,737.338883219356,833.601978202852,952.452819695469,1028.19704279396,1081.54402932039,956.916310930656,788.710481734485,829.45714764957,834.288404578801,871.022372934846,834.311715460625,896.748053372182,1052.17949484894
Tajikistan,TJK,Access to electricity (% of population),EG.ELC.ACCS.ZS,99,100,98.5,99.3,98.6,98.6,98.6,99,98.8,98.9,99.1,99,99.1,98,99.3,99.3,99.3,99.4,99.5,99.6,100
Tanzania,TZA,GDP growth (annual %),NY.GDP.MKTP.KD.ZG,7.09319498355502,6.67278983053497,7.50381465859829,7.47631925974784,6.53222138847813,6.76853520293716,5.68641685905224,5.26910524873463,6.33652342666889,7.67215543486064,4.50015356010131,6.78158560065316,6.73246186832483,6.16062877406682,6.86711619644551,6.72726996832438,5.50267599384966,5.79999999996723,1.99196460647855,4.32138429480482,4.56600576430955
Tanzania,TZA,"Inflation, consumer prices (annual %)",FP.CPI.TOTL.ZG,5.31783366118203,5.30356621509782,4.73580143949058,5.03457009267163,7.25097262082546,7.02551436974771,10.2783937621135,12.1422278742988,6.20015595647403,12.6909694699162,16.0010938506338,7.87072364573959,6.13161432988012,5.58816952959298,5.17476629301493,5.31871605228931,3.49445848856181,3.46428057999021,3.29029062798325,3.69091958802199,4.35027204269101
Tanzania,TZA,"Life expectancy at birth, total (years)",SP.DYN.LE00.IN,54.94,55.929,56.836,57.675,58.512,59.26,59.896,60.494,61.127,61.618,62.286,62.788,63.364,63.928,64.404,64.963,65.488,66.007,66.771,66.131,66.879
Tanzania,TZA,"Government expenditure on education, total (% of GDP)",SE.XPD.TOTL.GD.ZS,..,..,3.56245994567871,3.54747009277344,3.00991988182068,4.0334300994873,4.18591022491455,3.96075010299683,4.54169988632202,4.57789905920015,4.22964300342458,4.63769446369719,3.38488006591797,4.19486548285076,4.10196721791864,4.43052005767822,3.69962000846863,3.59683638888648,3.23097255920833,3.11515335288784,3.2382450375764
Tanzania,TZA,Individuals using the Internet (% of population),IT.NET.USER.ZS,0.222484413923909,0.676962856510303,0.87757497099259,1.100000024,1.299999952,1.6,1.899999976,2.400000095,2.900000095,3.200000048,3.950000048,4.400000095,7,10,13.5042328468919,14.46339989,15.49069977,16.59090042,19.48139954,22.87540054,26.86059952
Tanzania,TZA,Current health expenditure (% of GDP),SH.XPD.CHEX.GD.ZS,4.68907642,5.34231472,5.7373414,6.32282543,7.598279,6.88427973,5.55704737,5.06306362,5.22392178,5.0559845,5.01779366,4.64643383,4.01492071,3.64969945,3.96350336,4.02325726,4.32775831,4.02347755,3.05028677,3.46963334,3.13497496
Tanzania,TZA,"Unemployment, total (% of total labor force) (national estimate)",SL.UEM.TOTL.NE.ZS,3.6,..,..,..,3.299,..,0.343,2.5,1.314,3.474,1.437,2.935,2.125,..,..,..,..,..,1.792,..,..
Tanzania,TZA,"School enrollment, primary (% gross)",SE.PRM.ENRR,90.610237121582,96.8610763549805,101.592483520508,105.037376403809,107.455772399902,108.751991271973,109.176727294922,103.463706970215,100.14820098877,95.0884666333147,91.9735025482608,88.8300914467545,85.9364790514687,84.2207717895508,85.2800976460579,89.5967210005503,94.9840282240997,97.6456520812412,98.5753622403869,98.6999541804178,90.6152672281358
Tanzania,TZA,"Agriculture, forestry, and fishing, value added (% of GDP)",NV.AGR.TOTL.ZS,25.1717362899073,24.9192926509551,25.7058139887433,24.6488410843814,23.6693107278646,23.245488236772,24.7654938768997,26.0351903601219,25.582406886144,24.9768644460885,26.5509265207861,26.7908679172376,25.8025774475571,26.745885729563,27.4441425717754,28.7534809528128,27.868599477377,26.5943119516018,25.254901665343,24.7884506158783,24.2569694569552
Tanzania,TZA,Urban population (% of total population),SP.URB.TOTL.IN.ZS,23.0306918214565,23.5202087261949,24.0832469119457,24.7061884538741,25.3741033202009,26.0720614791471,26.7851328989335,27.498387547781,28.1968953939105,28.865726405543,29.4878764597911,30.0725108782502,30.6443077170742,31.2061566592472,31.7577303242916,32.2987013317296,32.8287423010834,33.3475258518752,33.8547246036273,34.3500111758619,34.8234736377147
Tanzania,TZA,"Foreign direct investment, net inflows (% of GDP)",BX.KLT.DINV.WD.GD.ZS,2.79955328638088,2.09316343526651,2.65421873789577,5.08562696835774,2.16456512450246,2.66011088834969,4.94943766923668,3.24017488387777,5.66396796617806,3.54720849735785,4.53878496380622,4.57242839319348,2.8329281892962,3.17633492826527,1.73591210997565,1.76011643802415,1.70440979499363,1.99459353959393,1.42845965174632,1.68494347865961,1.89781100350604
Tanzania,TZA,Poverty headcount ratio at $3.00 a day (2021 PPP) (% of population),SI.POV.DDAY,..,..,..,..,..,61.9,..,..,..,51.5,..,..,..,..,..,..,51.3,..,..,..,..
Tanzania,TZA,GDP per capita (current US$),NY.GDP.PCAP.CD,402.649047851563,422.18359375,450.385284423828,483.334869384766,475.746734619141,543.198303222656,675.977233886719,693.823547363281,736.530151367188,775.392761230469,861.969909667969,963.05712890625,1022.74841308594,939.127319335938,953.0107421875,986.674011230469,1023.10626220703,1063.32250976563,1117.41528320313,1159.85656738281,1207.52062988281
Tanzania,TZA,Access to electricity (% of population),EG.ELC.ACCS.ZS,10.7,11.1,11.4,13.8,14.9,15.9,11.5,11.2,14.8,14.2,15.3,16.4,23.5,26.2,32.8,32.1,34.9,37.7,39.9,42.7,45.8
Thailand,THA,GDP growth (annual %),NY.GDP.MKTP.KD.ZG,6.14903605210036,7.18924330340971,6.28934214285795,4.18763842884337,4.96781089246107,5.43515169050809,1.72569884866334,-0.690618232300579,7.51339053261624,0.840132083053334,7.24279620249642,2.68749556320556,0.984468863619426,3.13404724911635,3.43515771692182,4.1776810321001,4.22287028746071,2.11455779628278,-6.09306312966953,1.55858232076893,2.63784213566305
Thailand,THA,"Inflation, consumer prices (annual %)",FP.CPI.TOTL.ZG,0.697308976625449,1.80434994635718,2.75914926231082,4.54036919634536,4.63747436011764,2.24154095286802,5.46848949649846,-0.845716092316721,3.24758842443725,3.81191694558332,3.00948610403357,2.18617704418967,1.89455652481545,-0.898143410569433,0.186235191075453,0.664415139830893,1.06683487370758,0.705524801910317,-0.846087518861799,1.23104516549814,6.07589952842433
Thailand,THA,"Life expectancy at birth, total (years)",SP.DYN.LE00.IN,71.775,72.101,72.1,72.894,73.341,73.779,74.221,74.669,75.012,75.302,75.59,75.96,76.279,76.563,76.769,76.989,77.19,77.197,77.331,77.606,75.291
Thailand,THA,"Government expenditure on education, total (% of GDP)",SE.XPD.TOTL.GD.ZS,3.86491990089417,3.72561001777649,4.03088998794556,3.93859004974365,4.05038022994995,3.60314989089966,3.50850009918213,3.86193990707398,3.50846004486084,4.80556011199951,4.53672981262207,4.12401008605957,3.91917751852112,3.86397622727286,3.76761756770937,3.46532147640365,3.19769395901619,3.02221411183282,3.15314171737183,2.98212428478268,2.61187022798634
Thailand,THA,Individuals using the Internet (% of population),IT.NET.USER.ZS,7.53125033488567,9.29902723805965,10.6773033237281,15.0260043588909,17.1607147169285,20.03,18.2,20.1,22.4,23.669925618731,26.46,28.94,34.8860535783465,39.3161267365004,47.5049656215909,52.8919293439676,56.8174809301456,66.6524194587528,77.84374066,85.26956666,87.97724503
Thailand,THA,Current health expenditure (% of GDP),SH.XPD.CHEX.GD.ZS,3.334723,3.24312782,3.13893151,3.15972233,3.09970832,3.19277525,3.45933938,3.61939645,3.39009809,3.56825495,3.5229404,3.45313334,3.68448091,3.8522861,3.93900609,3.85276842,3.87040329,3.78911877,4.35724688,5.15399981,5.35471153
Thailand,THA,"Unemployment, total (% of total labor force) (national estimate)",SL.UEM.TOTL.NE.ZS,..,1.54,1.512,1.346,1.22,1.176,1.176,1.489,0.622,0.662,0.579,0.249,0.576,0.597,0.688,0.83,0.765,0.716,1.099,1.215,0.94
Thailand,THA,"School enrollment, primary (% gross)",SE.PRM.ENRR,96.070182800293,..,97.9626998901367,98.4672393798828,98.4360427856445,97.8308029174805,96.5354995727539,93.5188827514648,89.2488479614258,95.6526031494141,96.4982681274414,97.1840591430664,103.479377746582,103.333457946777,104.941299438477,101.863590810489,102.013545184574,103.012241063391,103.859900460568,103.619796585158,104.833004394528
Thailand,THA,"Agriculture, forestry, and fishing, value added (% of GDP)",NV.AGR.TOTL.ZS,8.6921781801026,9.44135495796228,9.29111013904814,9.19435528237181,9.40199346621521,9.3476847010693,10.0724338253633,9.78703375942043,10.5221756369849,11.5917917775207,11.5041001535767,11.3222153379773,10.0889216151042,8.87272364786793,8.47807696285562,8.40641258665047,8.20181926195524,8.1285680400948,8.70610471503835,8.69539558179486,8.71589001488812
Thailand,THA,Urban population (% of total population),SP.URB.TOTL.IN.ZS,34.0732781018222,35.4270354382579,36.785516284484,38.1301594392881,39.4424037014582,40.7036878697821,41.8954507430475,42.9991311200422,44.0018736622496,44.8048723557374,45.373565813715,45.8321343847773,46.3138799467897,46.9521043776171,47.8801095551247,49.2311973571777,54.5843734741211,55.9266166687012,57.2358779907227,58.5087776184082,59.742374420166
Thailand,THA,"Foreign direct investment, net inflows (% of GDP)",BX.KLT.DINV.WD.GD.ZS,2.48815301889834,3.43593984811892,3.38947495269123,4.33958708070528,4.0212567065949,3.28356939351343,2.93824905393328,2.27590224065624,4.32320928209171,0.667087644548593,3.24456444314608,3.79126450872817,1.22145318013998,2.22468548959784,0.843364340718618,1.81550260101987,2.71279835138662,1.01734877580041,-0.858310188764945,3.04112326260094,2.39157096115532
Thailand,THA,Poverty headcount ratio at $3.00 a day (2021 PPP) (% of population),SI.POV.DDAY,4.7,..,3.1,..,2.2,1.3,1,0.8,0.7,0.3,0.4,0.2,0.2,0.1,0.1,0.1,0.1,0.1,0.1,0,0
Thailand,THA,GDP per capita (current US$),NY.GDP.PCAP.CD,2089.75183111554,2347.54001286066,2641.56268717857,2867.70383436062,3331.32043511773,3918.52817434581,4309.13509292986,4135.43986952819,4973.86288823778,5373.6232832898,5725.52802835463,6018.08244729255,5801.1978916205,5688.85335397884,5833.57715617098,6413.09182530343,7099.77650081458,7605.69657797759,6983.03412836245,7055.18760721422,6910.00995211206
Thailand,THA,Access to electricity (% of population),EG.ELC.ACCS.ZS,91,91.6,92.2,92.8,99.1,94.1,94.8,99,99.7,99.3,99.1,99.4,99.5,99.6,99.9,99.9,99.8,99.9,100,100,99.9
Timor-Leste,TLS,GDP growth (annual %),NY.GDP.MKTP.KD.ZG,-6.70069541098115,-2.18226413236545,0.400003981151968,2.98457963807486,-4.11609268942114,10.2653884542201,11.3948048266465,10.1469544183475,9.33149490201264,5.95855605611087,4.86062186827468,3.10436683211147,4.47249846569638,2.48004040218397,3.00993062553351,-3.18241522489195,-0.466502170658785,24.2128840085001,31.7257416721413,5.36980119392668,-20.5224802314812
Timor-Leste,TLS,"Inflation, consumer prices (annual %)",FP.CPI.TOTL.ZG,..,7.16515891441839,3.23751394003321,1.11167400387198,3.93616259929866,10.3009020174895,9.06423621948942,0.669681185965433,6.76597680236481,13.499840238577,11.8003096701544,11.0849085109954,0.726275016139465,0.552796026277853,-1.33853876185163,0.557215537430361,2.63647201015892,0.958812739703141,0.495499215459571,3.69792094666786,7.00530945399787
Timor-Leste,TLS,"Life expectancy at birth, total (years)",SP.DYN.LE00.IN,59.477,60.13,60.743,61.272,61.881,62.396,62.858,63.265,63.66,64.022,64.384,64.719,65.027,65.326,65.61,65.898,66.204,66.496,66.919,66.199,67.368
Timor-Leste,TLS,"Government expenditure on education, total (% of GDP)",SE.XPD.TOTL.GD.ZS,..,..,..,..,..,..,8.67014980316162,12.9024801254272,11.1065797805786,10.1935195922852,7.16214990615845,5.66632986068726,7.51430988311768,8.46706962585449,8.12837982177734,7.17093992233276,6.848060131073,4.17968913742937,3.65287360437751,2.97389404101318,..
Timor-Leste,TLS,Individuals using the Internet (% of population),IT.NET.USER.ZS,0,..,..,0.0990317678179026,0.5,1,1.5,2,3,4,7,11,17.5,18.60000038,21.20000076,24.20000076,27.60000038,28.00460052,32.01269913,35.04199982,..
Timor-Leste,TLS,Current health expenditure (% of GDP),SH.XPD.CHEX.GD.ZS,..,2.84187031,4.26103544,5.28044748,6.00192022,5.64793253,6.96563959,7.30931807,6.47058821,6.86541462,6.99215221,8.5323782,7.59958553,7.69146681,6.94250727,6.80442286,6.40227413,4.99218798,7.26445007,4.9192977,7.46371841
Timor-Leste,TLS,"Unemployment, total (% of total labor force) (national estimate)",SL.UEM.TOTL.NE.ZS,..,..,..,..,..,5.646,..,..,3.301,..,..,4.05,..,3.678,4.657,..,..,..,..,2.344,1.537
Timor-Leste,TLS,"School enrollment, primary (% gross)",SE.PRM.ENRR,138.640762329102,129.396530151367,126.797088623047,121.387603759766,..,..,123.960227966309,125.8955078125,128.029085001864,130.796519519568,129.969976978814,128.884641566738,127.791979258318,126.646454350675,123.315981015137,117.545590260011,113.613823069409,111.537505941321,110.606703667428,123.584941487948,119.036719326581
Timor-Leste,TLS,"Agriculture, forestry, and fishing, value added (% of GDP)",NV.AGR.TOTL.ZS,24.6752674108622,24.8736693301982,30.7884121495921,28.912513952945,32.2042854838468,29.9974170746473,30.1555101464311,24.9628647732997,25.5964077031504,22.160242931026,25.7964939188578,21.3199869831315,21.0507074370281,17.8277581390576,17.0630746923768,17.1293898636009,17.7713577078907,14.1291551737167,13.2621545207774,8.67018187988423,10.324624768579
Timor-Leste,TLS,Urban population (% of total population),SP.URB.TOTL.IN.ZS,24.8506108883184,25.2611540807581,25.7040830077802,26.3097308948751,27.121697883382,28.0011655196859,28.8076745459306,29.4007657042596,29.6398840020416,29.633352306451,29.6136082349605,29.5836906253246,29.5463092024041,29.5043315008419,29.4462907628171,29.3600996787092,29.248617510057,29.1148755245217,28.9619049897647,28.7927371734472,28.5857292288968
Timor-Leste,TLS,"Foreign direct investment, net inflows (% of GDP)",BX.KLT.DINV.WD.GD.ZS,..,0.921419193534936,..,0.196422854275009,1.86827378816856,1.60190408547442,6.1212839058885,6.5968162145372,3.43944743183908,4.70566334584962,3.47958036025867,4.00200681164531,2.3422913323763,2.70363930330864,0.33397246121617,0.42375096203898,3.08007812980224,-7.79447350305257,-16.2053007941191,-6.5936436488535,1.67248574731989
Timor-Leste,TLS,Poverty headcount ratio at $3.00 a day (2021 PPP) (% of population),SI.POV.DDAY,..,..,..,..,..,60.1,..,..,..,..,..,..,44,..,..,..,..,..,..,..,..
Timor-Leste,TLS,GDP per capita (current US$),NY.GDP.PCAP.CD,533.982476434866,534.901153697657,474.420767344689,487.464555404292,464.667001844159,540.154584237662,628.153219252849,686.579295832381,813.060177250597,939.045241112693,1022.61903188429,1204.56841532931,1224.74957758801,1319.59297370991,1335.54390089814,1266.17767952941,1219.46598597604,1562.36458881813,1630.86935439232,2684.92673717299,2343.24955542816
Timor-Leste,TLS,Access to electricity (% of population),EG.ELC.ACCS.ZS,24.1,27.7,30.4,33.5,36.7,36.6,43.1,46.3,38,52.7,56,59.2,62.4,67.3,76.5,79.5,85.2,90.6,96,100,99.7
Togo,TGO,GDP growth (annual %),NY.GDP.MKTP.KD.ZG,3.82662257675142,6.72017142336034,-0.978665332738743,-4.66629938413338,2.65013209943473,-1.1751368996605,4.03561315398862,5.45381096920332,5.85433399076879,5.82325622135289,6.30271426865185,5.82425069283059,5.63323739145223,5.4680413807304,4.21490387414525,4.00791259566937,4.79518333086139,4.91949260488683,2.15900131150536,5.13562929064506,6.29443692019429
Togo,TGO,"Inflation, consumer prices (annual %)",FP.CPI.TOTL.ZG,3.05981857535884,-0.930000884072214,0.393078681031669,6.78292893028314,2.22897779414027,0.945673271705214,8.69482814363902,3.71360592035809,1.44594517430864,3.5635147290396,2.57718174055848,1.82539475909162,0.19087507624975,2.58500390801595,1.28544847051417,-0.981889868943119,0.927755426457183,0.674652770077525,1.69928463299399,4.1862150652352,7.96757361617945
Togo,TGO,"Life expectancy at birth, total (years)",SP.DYN.LE00.IN,55.044,55.312,55.608,55.931,56.154,56.395,56.663,56.94,57.24,57.624,57.953,58.356,58.776,59.23,59.677,60.145,60.608,61.061,61.14,61.337,62.292
Togo,TGO,"Government expenditure on education, total (% of GDP)",SE.XPD.TOTL.GD.ZS,2.46951007843018,2.35525989532471,2.20198011398315,2.23748993873596,2.43236994743347,2.48604011535644,2.38472008705139,2.76807999610901,2.95976996421814,3.07750010490417,3.37651991844177,3.17475008964539,3.4237699508667,3.71096992492676,3.6624801158905,3.76526999473572,4.09162998199463,4.20164196626882,4.08528017372931,4.22702442483079,3.77811083266775
Togo,TGO,Individuals using the Internet (% of population),IT.NET.USER.ZS,1,1.2,1.5,1.799999952,2,2.200000048,2.400000095,2.599999905,3,3.5,4,4.5,5.699999809,7.119999886,11.31000042,12.3602249692905,15.5,20.72730064,29.02370071,30.33839989,35.60749817
Togo,TGO,Current health expenditure (% of GDP),SH.XPD.CHEX.GD.ZS,3.44502354,3.44513917,3.48131895,3.98242044,4.30967808,3.67734432,3.74071932,3.92726755,4.33284378,4.38927078,4.64366484,4.78670263,4.90473413,6.24738503,6.58550072,6.50210476,6.16073656,5.91268635,6.18928432,5.6165967,6.24094057
Togo,TGO,"Unemployment, total (% of total labor force) (national estimate)",SL.UEM.TOTL.NE.ZS,..,..,..,..,4.229,..,..,..,10.624,1.982,..,..,..,2.204,..,3.744,..,2.036,..,..,1.965
Togo,TGO,"School enrollment, primary (% gross)",SE.PRM.ENRR,113.691993713379,111.294708251953,110.338851928711,109.478187561035,113.06999206543,107.236228942871,107.988212585449,121.990951538086,124.709514209282,122.784071157596,125.758046516929,126.10501578594,122.304207926362,125.602691931749,121.476913528699,119.405694248485,117.836324490464,117.747746676497,119.266830948762,116.971385859009,118.42316752898
Togo,TGO,"Agriculture, forestry, and fishing, value added (% of GDP)",NV.AGR.TOTL.ZS,15.7403641419633,14.5723915809563,15.4058695261762,17.3325641240129,16.9609148487036,16.9297833739432,20.68166838543,21.3483480008088,21.077801220787,19.8649717432319,20.975947911624,19.1395466909651,19.3388381580273,18.9218601496344,20.385078914717,20.3155597844213,19.6494784155019,19.5287220037284,19.1736551821772,20.550806619999,21.2198485197121
Togo,TGO,Urban population (% of total population),SP.URB.TOTL.IN.ZS,34.0011370438307,34.4513989657696,34.9007435603688,35.3487650305291,35.795057579151,36.2392154091353,36.6808327233827,37.1195037247939,37.5545882975638,37.9872305648732,38.4194359598204,38.8516767884103,39.2839506458368,39.7162551272934,40.1485878279739,40.5809463430719,41.013328267781,41.445731197295,41.8781527268075,42.3105904515122,42.7332327975627
Togo,TGO,"Foreign direct investment, net inflows (% of GDP)",BX.KLT.DINV.WD.GD.ZS,2.39840389095673,1.53192291487705,2.50559738999836,2.97971035930976,2.75216144371014,1.65977178667302,1.11146694137374,0.980635149082811,2.63493273204289,13.4388023170829,2.24458540176674,3.04894540679557,0.844950465027458,4.48026975109969,-0.76275824996834,1.38645400988561,-2.57457902571647,4.94352054229764,-0.79089727996859,-1.59478801736582,-2.00429827129667
Togo,TGO,Poverty headcount ratio at $3.00 a day (2021 PPP) (% of population),SI.POV.DDAY,..,..,..,..,67.6,..,..,..,..,65.5,..,..,..,61.7,..,..,35.3,..,..,34.7,..
Togo,TGO,GDP per capita (current US$),NY.GDP.PCAP.CD,479.438373869587,579.728195854724,604.311329116751,595.200212014134,596.249203137762,654.083697666439,771.351190404751,770.172869777254,750.323421086121,834.14671980279,813.611525037432,885.698522723929,921.539748631461,813.894676975085,843.114204338675,872.076408845752,942.480774393154,917.718016777619,961.219781201934,1076.29520076949,1071.61539220759
Togo,TGO,Access to electricity (% of population),EG.ELC.ACCS.ZS,21.3,23,24.8,26.5,27.9,30,31.8,33.7,30.8,39.7,39.1,41,45.7,44.7,46.8,48,50,52.5,54.1,55.7,57.2
Tonga,TON,GDP growth (annual %),NY.GDP.MKTP.KD.ZG,4.4292235994526,0.0518054450729011,-1.96794740326561,-0.657650703495165,-2.16566342680382,-2.46430779100223,4.86284132376997,-5.12917819150532,0.824396914081831,6.70369746238768,0.919761024923076,0.393922530137331,1.99053769890816,1.11374402398066,6.59869879417958,3.20231976224244,0.527828083180253,-0.285210784299821,1.80618715298932,-0.934919892094683,-2.12854876486114
Tonga,TON,"Inflation, consumer prices (annual %)",FP.CPI.TOTL.ZG,10.3590607918507,11.6386219580734,10.9734053679554,8.66569221131751,6.14911606456568,5.8422487490138,10.4469875128223,1.42685972070539,3.53491239189831,6.27075302995692,1.14753853706055,0.77562932236742,2.51087633253696,-1.05399831971283,2.57815515245081,7.51706283551116,5.03209691984883,1.17954334821801,-0.349737696727419,5.64051140636743,10.9713652903022
Tonga,TON,"Life expectancy at birth, total (years)",SP.DYN.LE00.IN,70.03,70.228,70.433,70.56,70.71,70.887,71.041,70.949,71.319,71.437,71.546,71.65,71.721,71.851,71.951,72.066,72.169,72.292,72.379,72.13,72.635
Tonga,TON,"Government expenditure on education, total (% of GDP)",SE.XPD.TOTL.GD.ZS,3.79500007629394,4.15951013565063,3.91376996040344,..,..,..,..,..,..,..,..,..,..,..,..,4.63626808288478,4.71514397196975,4.86170396202671,5.04883511346915,5.162544372426,5.31016278046634
Tonga,TON,Individuals using the Internet (% of population),IT.NET.USER.ZS,2.90729731626382,2.98581736750435,3.95237389457043,4.907800198,5.853899956,7.179900169,8.11076994380395,10,16,25,30,32.75400162,35.95439911,38.65129852,39.95000076,46.20080185,48.80789948,51.56299973,54.47370148,57.549,61.60739899
Tonga,TON,Current health expenditure (% of GDP),SH.XPD.CHEX.GD.ZS,3.58957744,3.43583083,4.50741625,4.38560247,5.47225046,4.73330021,6.05759716,3.97380877,4.81632328,4.73990822,8.13786125,4.16768837,5.19583178,4.78137636,5.22591066,5.62952805,6.12240648,5.74527884,5.55919838,7.06254101,7.95276737
Tonga,TON,"Unemployment, total (% of total labor force) (national estimate)",SL.UEM.TOTL.NE.ZS,..,5.182,..,..,1.087,..,..,..,..,..,..,..,..,..,1.054,..,2.248,..,..,2.111,..
Tonga,TON,"School enrollment, primary (% gross)",SE.PRM.ENRR,113.150756835938,117.967819213867,112.474533081055,111.582809448242,110.631492614746,110.225120544434,112.813049316406,113.065528869629,113.930206298828,115.24356842041,117.420058635031,117.891068133671,117.461517317207,117.3600552868,..,..,116.087775982768,113.312034078807,112.25483743583,107.017315453717,106.535737282679
Tonga,TON,"Agriculture, forestry, and fishing, value added (% of GDP)",NV.AGR.TOTL.ZS,18.1062295253149,19.1629815067882,20.2479896638834,17.7608711887512,15.7717863584054,16.7079851952487,14.7436009055831,15.5131326816281,16.4379858757354,17.0659562210843,16.6359974823467,17.0733080496623,16.3195876391853,16.8506590508632,16.6067373060163,16.8193728219433,17.2484083539677,18.5717274171571,17.0936649170189,16.5218701236255,17.4256295666446
Tonga,TON,Urban population (% of total population),SP.URB.TOTL.IN.ZS,23.071428585567,23.0943621775072,23.1191794451059,23.1473956500293,23.1801421282521,23.2239976577967,23.2889000757567,23.3612068183251,23.4243619099178,23.46075468367,23.4589062635692,23.4170795020344,23.3431040935971,23.2434422818439,23.1277038505921,22.9711300654966,22.7017138925547,22.3288155626206,21.8766206823411,21.258003897665,21.147219451842
Tonga,TON,"Foreign direct investment, net inflows (% of GDP)",BX.KLT.DINV.WD.GD.ZS,2.56728501801885,0.0901243029612134,2.39886931834874,2.29371409620501,3.75983551599556,5.89035555053906,6.24719241143554,0.0790635732994994,1.27041874988286,1.8451444721178,-0.178618753397925,1.38770980540009,3.00261122409292,3.37347751536217,3.95057720592388,-3.40708332363142,4.70301153504077,-1.20711455147001,0.75496647808531,0.0497755463114463,0.523176247000647
Tonga,TON,Poverty headcount ratio at $3.00 a day (2021 PPP) (% of population),SI.POV.DDAY,..,..,..,..,..,..,..,3.6,..,..,..,..,..,4,..,..,..,..,..,0.4,..
Tonga,TON,GDP per capita (current US$),NY.GDP.PCAP.CD,1759.4805324576,1936.04104012389,2195.44890047673,2477.72620144825,2750.34778600857,2797.06560109144,3218.45303993196,2914.23774004564,3416.08356601207,3849.99375750134,4384.17058724217,4219.24670113014,4136.59010898445,4123.90347238813,3987.98618837043,4365.92929788648,4675.04776047973,4788.83350468584,4792.35872413906,4922.8015864044,5298.01942454298
Tonga,TON,Access to electricity (% of population),EG.ELC.ACCS.ZS,87,87.6,88.3,89,92.3,90.5,91.2,92,92.8,92.2,92.8,95.1,95.9,100,97,98.2,99,98.4,99.9,100,100
Trinidad and Tobago,TTO,GDP growth (annual %),NY.GDP.MKTP.KD.ZG,7.93670968715332,14.4409895389734,7.95005151069972,6.20893787954175,13.2080586051735,4.75420970092722,3.39173707807387,-4.3917292474614,3.32322471027371,-0.294354409043763,6.71074625448722,3.36819291689019,3.67086851032413,-0.406283288730492,-7.53636305379372,-4.87274946918724,-0.945449700943314,0.467734528855885,-8.78879817831519,-0.716740625909793,0.86126082651883
Trinidad and Tobago,TTO,"Inflation, consumer prices (annual %)",FP.CPI.TOTL.ZG,4.1500586166472,3.8111062439687,3.72154938995965,6.87453459583516,8.32960351465347,7.89438834757299,12.0303445477177,6.97808725251547,10.5492003179988,5.1071328926456,9.26028137068292,5.19981740465611,5.68441814595659,4.66121598098264,3.07066742464024,1.88038440183532,1.01856930188822,1.00054293027237,0.598986330824643,2.05922746915458,5.82838638517959
Trinidad and Tobago,TTO,"Life expectancy at birth, total (years)",SP.DYN.LE00.IN,69.232,69.454,69.879,70.185,70.437,70.797,71.117,71.404,71.809,72.232,72.513,72.785,72.898,72.882,72.935,72.984,72.658,72.836,72.645,71.111,73.331
Trinidad and Tobago,TTO,"Government expenditure on education, total (% of GDP)",SE.XPD.TOTL.GD.ZS,3.54300999641419,3.13660001754761,..,..,..,..,..,..,4.21155458844183,3.85078840215008,3.57398000577018,3.75275872925405,3.59013796983043,4.42459330779419,4.21428227509361,3.3293687903123,3.47141762674052,3.55386116245268,4.22041988372803,3.04397988319397,2.81801009178162
Trinidad and Tobago,TTO,Individuals using the Internet (% of population),IT.NET.USER.ZS,21.9986754804449,25.9717641091609,27.0242700782714,28.97669983,30.00370026,32.3,34.8,44.3,48.5,55.2,57.5,59.90000153,62.40000153,65.09999847,67.80000305,70.59999847,72.76029968,74.98670197,77.28130341,84.36576986,81.69760132
Trinidad and Tobago,TTO,Current health expenditure (% of GDP),SH.XPD.CHEX.GD.ZS,4.72302485,4.18767118,4.30805206,4.43451166,4.15431976,4.1536026,3.6575706,5.48676443,5.08042908,4.72197914,4.62851572,4.80224705,4.87381697,5.6525383,6.47465849,6.56562996,6.65089417,6.90704823,7.47677326,7.20521307,6.64416027
Trinidad and Tobago,TTO,"Unemployment, total (% of total labor force) (national estimate)",SL.UEM.TOTL.NE.ZS,10.389,..,..,7.951,6.268,5.544,4.627,5.28,4.033,3.425,3.718,2.683,2.477,2.428,3.207,..,..,3.523,4.206,4.446,4.383
Trinidad and Tobago,TTO,"School enrollment, primary (% gross)",SE.PRM.ENRR,92.7311096191406,95.7435531616211,96.1885528564453,93.3887710571289,..,97.8049774169922,99.6391372680664,100.591651916504,101.466957092285,..,..,..,..,..,..,..,..,..,..,..,..
Trinidad and Tobago,TTO,"Agriculture, forestry, and fishing, value added (% of GDP)",NV.AGR.TOTL.ZS,1.39847219754841,0.947884612682488,0.761483945963904,0.483999190377517,0.566876991369423,0.371661707526332,0.365514424327618,0.595145826393538,0.52014610527508,0.456542570355529,0.623861527345923,0.712770738302384,0.668563339608001,0.922053426020572,0.992434424479726,1.08634326162954,0.964517699370851,0.765052940992269,1.06202921275842,0.908362622380658,0.762815650228413
Trinidad and Tobago,TTO,Urban population (% of total population),SP.URB.TOTL.IN.ZS,55.8298121439974,55.7188050758235,55.5711241312409,55.3898955519853,55.1782455797922,54.9393004563973,54.6761864235364,54.3920297229449,54.0899565963587,53.9253615474727,53.9254053431618,53.9255789963372,53.9259699537793,53.926665238022,53.9277523084951,53.9293186833833,53.9314518934907,53.9342394732739,53.9377689584806,53.9421278853848,53.9474037904998
Trinidad and Tobago,TTO,"Foreign direct investment, net inflows (% of GDP)",BX.KLT.DINV.WD.GD.ZS,11.1874626530467,7.14964286416839,7.51564800520554,5.87959659171048,4.80528416565147,3.83520271627024,10.0489432656806,3.69859111717232,2.47947454143897,0.161394418487235,-7.01485652796411,-3.95638927717075,2.24404378789224,0.658801127950337,-0.0998893521188151,-1.97594519661626,-2.93172548825317,0.783604895019003,5.0552618910961,-3.85907284846354,4.1369722626234
Trinidad and Tobago,TTO,Poverty headcount ratio at $3.00 a day (2021 PPP) (% of population),SI.POV.DDAY,..,..,..,..,..,..,..,..,..,..,..,..,..,..,..,..,..,..,..,..,..
Trinidad and Tobago,TTO,GDP per capita (current US$),NY.GDP.PCAP.CD,6762.93080808096,8445.04653518298,9871.03419820086,12346.4373094075,14152.6607422113,16606.675360681,21298.9945258063,14634.0565003912,16815.424737361,19151.0870229722,20332.1389531925,21304.9777496628,21908.3014555644,19887.2327716498,17449.1538801956,17566.0999700656,17571.498737278,17212.6128892163,15283.6270531554,17712.5674104655,20750.5202434652
Trinidad and Tobago,TTO,Access to electricity (% of population),EG.ELC.ACCS.ZS,96.5,96.7,96.8,95,100,100,100,99,100,97.5,100,100,100,100,100,100,100,100,100,100,100
Tunisia,TUN,GDP growth (annual %),NY.GDP.MKTP.KD.ZG,1.32255714828946,4.70239953285241,6.23579072222647,3.4865455430439,5.24409983246916,6.70952097453554,4.23778147502819,3.04345012371552,2.97113275066512,-2.04663389535644,4.21667711535632,2.42993096446429,3.09032803070775,0.967834205635981,1.117231963992,2.25261437620587,2.60696965356362,1.55009304966742,-8.97512622934723,4.73603648206102,2.75228761004381
Tunisia,TUN,"Inflation, consumer prices (annual %)",FP.CPI.TOTL.ZG,2.72103284850455,2.71259247474352,3.63228004956625,2.01778641357144,3.22525337438917,2.96694432477349,4.34502807623045,3.66490330642919,3.33897963601069,3.24002842009531,4.6118443220664,5.31623531326689,4.62555099534031,4.437371273215,3.62939937384381,5.30884839565844,7.30759176031652,6.72007532863799,5.63415115897625,5.706350208307,8.30646124447623
Tunisia,TUN,"Life expectancy at birth, total (years)",SP.DYN.LE00.IN,73.07,73.304,73.519,73.712,73.888,74.039,74.192,74.32,74.438,74.471,74.599,74.674,74.784,74.875,75.007,75.177,75.37,75.599,75.004,72.893,76.05
Tunisia,TUN,"Government expenditure on education, total (% of GDP)",SE.XPD.TOTL.GD.ZS,5.79006004333496,6.81675004959106,6.72078990936279,6.4515700340271,6.43879985809326,6.46451997756958,6.27157020568848,6.528480052948,5.96306991577148,..,5.95086002349854,..,..,6.22044992446899,..,..,..,6.17373240410185,7.26507545467782,6.67984656240779,6.8049896073928
Tunisia,TUN,Individuals using the Internet (% of population),IT.NET.USER.ZS,5.25288729548421,6.49084579532797,8.52881775162591,9.655099869,12.98639965,17.1,27.53,34.07,36.8,39.1,41.4416008,43.79999924,46.15999985,46.4999943435776,49.5999948415756,55.5001550633671,64.1908102327387,66.6999983024144,68.55639648,68.31552226,..
Tunisia,TUN,Current health expenditure (% of GDP),SH.XPD.CHEX.GD.ZS,5.12036419,5.20888519,5.19890785,5.14555788,5.13109922,5.17542839,5.1644063,5.40595293,5.60950756,6.12299299,6.28984737,6.51394987,6.45006084,6.21339941,6.24778175,6.18557453,5.9375186,6.02461243,7.05612612,7.34183979,7.51270723
Tunisia,TUN,"Unemployment, total (% of total labor force) (national estimate)",SL.UEM.TOTL.NE.ZS,14.547,14.514,14.237,12.872,12.51,12.365,12.444,13.29,13.049,18.334,17.63,15.934,14.259,15.159,15.557,15.33,15.459,17.153,..,6.492,15.3
Tunisia,TUN,"School enrollment, primary (% gross)",SE.PRM.ENRR,112.205703735352,111.29524230957,110.606986999512,109.876342773438,107.92707824707,103.860992431641,102.377777099609,102.455841064453,103.629150390625,103.612007141113,105.188629150391,106.021850585938,106.861503601074,106.851280212402,106.044746398926,105.552917480469,105.109878540039,..,103.975509643555,104.342628479004,104.063652038574
Tunisia,TUN,"Agriculture, forestry, and fishing, value added (% of GDP)",NV.AGR.TOTL.ZS,8.29848151435206,9.2914975178949,9.90254515493647,9.16983114804996,9.28070949947767,8.64201987385816,7.8486499786515,8.45660665471427,6.846146170059,7.57684450427472,8.30025725587419,7.96930864809374,8.57165956609159,9.20589918732503,8.52541115305462,8.986045690927,9.88852551876126,9.76625873287072,10.3917002295357,10.0900379034943,10.8217247722212
Tunisia,TUN,Urban population (% of total population),SP.URB.TOTL.IN.ZS,64.2822554892505,64.6055972687544,64.9272741461338,65.2340901739004,65.5209809651521,65.8000030517578,66.0676053984361,66.3362197875977,66.6280059814453,66.9191886197857,67.2098922729492,67.4999542236328,67.7524643379101,67.8807907104492,68.0623356528248,68.2877807617188,68.5485240272509,68.8206382576031,69.1043166438476,69.3997523770568,69.707138648303
Tunisia,TUN,"Foreign direct investment, net inflows (% of GDP)",BX.KLT.DINV.WD.GD.ZS,3.41507220577273,1.96504647635127,1.89888949723214,2.20844919497596,9.42473369729129,3.89395159860218,5.79738619600755,3.50988118042442,2.88814231758981,0.899077534980039,3.28518933963283,2.1744128074392,2.03842746868013,2.11999260597179,1.40344558640993,1.9233125677007,2.32248034984414,1.94487649950903,1.46634304906862,1.16289301361367,1.43159199894021
Tunisia,TUN,Poverty headcount ratio at $3.00 a day (2021 PPP) (% of population),SI.POV.DDAY,..,..,..,5.9,..,..,..,..,3.1,..,..,..,..,0.7,..,..,..,..,..,0.7,..
Tunisia,TUN,GDP per capita (current US$),NY.GDP.PCAP.CD,2320.7723805785,2725.8643148859,3067.41936376975,3146.8260743927,3322.56933570096,3726.91672935667,4255.05008019523,4080.09032448781,4291.86120891575,4420.64772206537,4297.26782454273,4369.79345826358,4458.97895464547,4014.94773686432,3847.80354448809,3619.03247319953,3628.10366464236,3528.87213306798,3548.65363663803,3906.93926319391,3707.29283414381
Tunisia,TUN,Access to electricity (% of population),EG.ELC.ACCS.ZS,97.8,98.4,99,99.2,99.4,99.4,99.4,99.5,99.5,99.5,99.5,99.7,99.8,99.9,100,100,99.8,100,99.9,99.9,100
Turkiye,TUR,GDP growth (annual %),NY.GDP.MKTP.KD.ZG,6.43550883793114,5.79909321038525,9.92540551918624,9.11157745861635,7.06762607623939,5.10818513903604,0.920118221365883,-4.88269401706633,8.54219848467686,10.9799625273598,4.80762696633448,8.48825689298511,4.60079447270559,5.80557386628684,3.32366508200445,7.82585730002594,3.46815306092219,1.30162365464503,1.80306247087255,11.811094450607,5.44122511322401
Turkiye,TUR,"Inflation, consumer prices (annual %)",FP.CPI.TOTL.ZG,44.964120947985,21.6024384490573,8.59826168115262,8.17916036802008,9.59724212288446,8.75618090972632,10.4441283764885,6.25097663090626,8.56644420552976,6.471879671151,8.89156996512163,7.49309030547693,8.85457271364316,7.67085364845885,7.7751341532833,11.1443110840764,16.3324638988929,15.1768215720022,12.2789574462574,19.5964926913324,72.3088359891207
Turkiye,TUR,"Life expectancy at birth, total (years)",SP.DYN.LE00.IN,72.605,72.906,73.223,73.51,73.804,74.129,74.38,74.679,74.964,74.823,75.552,76.171,76.452,76.539,76.595,77.037,77.454,77.737,76.525,75.722,77.591
Turkiye,TUR,"Government expenditure on education, total (% of GDP)",SE.XPD.TOTL.GD.ZS,..,..,..,..,..,..,..,..,..,4.22150993347168,4.38721990585327,4.34479999542236,4.41256999969482,4.30550003051758,4.62773990631104,4.32369995117188,4.29729986190796,4.44776010513306,4.03382015228271,3.53787994384766,3.09571003913879
Turkiye,TUR,Individuals using the Internet (% of population),IT.NET.USER.ZS,11.38,12.33,14.58,15.46,18.24,28.63,34.37,36.4,39.82,43.065710430925,45.13,46.25,51.0373665521645,53.7449791423583,58.3477340145685,64.6846176835371,71.0427608433809,73.9767022871511,77.6695605,81.40843745,83.43716576
Turkiye,TUR,Current health expenditure (% of GDP),SH.XPD.CHEX.GD.ZS,5.06227875,5.01427698,4.9096446,4.89389706,5.14591694,5.23760796,5.21761751,5.49438715,5.02053452,4.6530509,4.44444656,4.37099934,4.32517862,4.11690426,4.28469229,4.17974997,4.12101603,4.35954332,4.61640215,4.56065559,3.70338893
Turkiye,TUR,"Unemployment, total (% of total labor force) (national estimate)",SL.UEM.TOTL.NE.ZS,10.345,10.546,10.831,10.634,10.233,10.281,10.97,14.024,11.881,9.784,9.21,9.717,9.912,10.302,10.905,10.916,10.958,13.731,13.155,11.979,10.432
Turkiye,TUR,"School enrollment, primary (% gross)",SE.PRM.ENRR,107.681411743164,104.261337280273,104.270729064941,104.605560302734,104.943740844727,105.445426940918,102.862808227539,101.92414855957,104.570068359375,105.751289367676,104.708396911621,114.724349975586,111.935722351074,107.29418182373,105.28328704834,97.4918975830078,100.931251525879,103.962959289551,103.296417236328,102.596397399902,102.487701416016
Turkiye,TUR,"Agriculture, forestry, and fishing, value added (% of GDP)",NV.AGR.TOTL.ZS,10.1712688801184,9.77425990072158,9.30334217653319,9.1349746278064,8.06197674009426,7.41825141005247,7.38022403324347,8.01952664747498,8.90737962747164,8.1265846445357,7.658344974583,6.64997261417217,6.53828042868413,6.87689834308907,6.26556196399699,6.19642323537778,6.00418639185492,6.6541535628227,6.89122590909685,5.70488171636816,6.69360961922604
Turkiye,TUR,Urban population (% of total population),SP.URB.TOTL.IN.ZS,60.7385342729423,61.5845060653258,62.4388481173262,63.3302470273874,64.2873893939536,65.3389618154687,66.513650890377,67.8401432171223,69.3471253941487,71.0028723528334,73.7788680234324,78.5218368384696,83.6024850744433,87.2167107972537,88.1020958581776,88.0320472717286,88.1655749576173,88.6618152857124,88.9303114965222,89.1762048153239,89.0381164550781
Turkiye,TUR,"Foreign direct investment, net inflows (% of GDP)",BX.KLT.DINV.WD.GD.ZS,0.449376588359619,0.539644361182156,0.679008638958041,1.97338571270823,3.60660172381881,3.21746696332257,2.56004537243285,1.31290302296241,1.16274364749147,1.91686136260632,1.55241965245755,1.40962960980578,1.41530142282668,2.225752648523,1.58873607703875,1.29532700760314,1.57923380202967,1.22536076199392,1.02531493703228,1.50891969619413,1.48839623728753
Turkiye,TUR,Poverty headcount ratio at $3.00 a day (2021 PPP) (% of population),SI.POV.DDAY,7.6,10,6.6,6.5,4.8,4,3.3,3,2.8,2,1.7,1.5,1,1.3,0.9,1.1,1,1.3,1.1,0.9,0.5
Turkiye,TUR,GDP per capita (current US$),NY.GDP.PCAP.CD,3591.08628982587,4649.63668068586,5979.6054216148,7331.85429430255,7990.08251407245,9766.91734545294,10913.4079047769,9076.92472236977,10698.9699409757,11373.6355760885,11776.7593362033,12635.5570016068,12209.3862327674,11064.6494504662,10984.3643169061,10756.3877677883,9684.11819884721,9395.23378001368,8798.11791709313,9981.76398411336,10897.8397861365
Turkiye,TUR,Access to electricity (% of population),EG.ELC.ACCS.ZS,99.8,99.8,99.7,99.7,99.7,99.7,99.7,99.7,100,100,100,100,100,100,100,100,100,100,100,100,100
Turkmenistan,TKM,GDP growth (annual %),NY.GDP.MKTP.KD.ZG,0.257179997445405,3.2688286670479,5.00040735874585,13.0340347988606,10.9733082952862,11.0592995865825,14.7000000144534,6.10000001746145,9.20000007329543,14.7183120474814,11.0508311776258,10.1628450365084,10.3497353947965,6.45254918531575,6.22909997062793,6.45138358820188,6.20602363832646,6.33169567608873,5.87065623130427,6.15115785574542,6.23491365071671
Turkmenistan,TKM,"Inflation, consumer prices (annual %)",FP.CPI.TOTL.ZG,..,..,..,..,..,..,..,..,..,..,..,..,..,..,..,..,..,..,..,..,..
Turkmenistan,TKM,"Life expectancy at birth, total (years)",SP.DYN.LE00.IN,65.593,65.854,66.055,66.275,66.574,67.02,67.584,68.155,68.608,68.87,68.961,68.968,69.001,69.061,69.142,69.19,69.272,69.405,68.846,69.353,69.913
Turkmenistan,TKM,"Government expenditure on education, total (% of GDP)",SE.XPD.TOTL.GD.ZS,..,..,..,..,..,..,..,..,..,..,3.04924988746643,..,..,..,..,..,..,3.12054991722107,3.76267004013061,3.8489100933075,3.58004999160767
Turkmenistan,TKM,Individuals using the Internet (% of population),IT.NET.USER.ZS,0.302132016152841,0.425182631884743,0.754053982724623,0.997300029,1.3195731180963,1.40636068812023,1.75,1.950000048,3,5,7.195799828,9.600000381,12.19999981,14.99680042,17.99029922,..,..,..,..,..,..
Turkmenistan,TKM,Current health expenditure (% of GDP),SH.XPD.CHEX.GD.ZS,4.10696697,4.97849178,6.18652296,5.58886814,4.92075682,3.09328628,3.45380449,2.81471276,3.20879436,3.22296,3.34203553,3.96929264,4.25741673,5.01652908,5.58718491,5.82361221,5.55298042,5.5522337,5.57226086,5.49196625,5.37103748
Turkmenistan,TKM,"Unemployment, total (% of total labor force) (national estimate)",SL.UEM.TOTL.NE.ZS,..,..,..,..,..,..,..,..,4,..,..,..,..,..,..,..,..,..,..,..,..
Turkmenistan,TKM,"School enrollment, primary (% gross)",SE.PRM.ENRR,..,..,..,..,..,..,..,..,..,..,..,..,..,..,..,..,..,99.5392692978993,100.048094898202,99.148014910553,97.8101295641932
Turkmenistan,TKM,"Agriculture, forestry, and fishing, value added (% of GDP)",NV.AGR.TOTL.ZS,20.9328028293546,19.1196027270432,18.3554592251422,18.5319970886289,17.1978740617556,18.8548148148148,10.7216494845361,10.5153529707868,11.3405425561667,8.88435455800276,8.50146680237083,8.47439420658294,8.2954435522879,9.30653875928778,10.5274383259738,11.1178074761568,11.0415688363389,10.8735150244584,11.5838634249365,11.9345152162615,11.0661103129735
Turkmenistan,TKM,Urban population (% of total population),SP.URB.TOTL.IN.ZS,46.5924846062154,46.7000007629395,46.7375427392139,46.7728683922582,46.8060040482349,46.8369760333063,46.8658106736347,46.8925342953825,46.9171732247121,46.9397537877858,46.9603023107661,46.9788451198152,46.9954085410955,47.0100189007695,47.0227025249994,47.0334857399476,47.0423948717765,47.0494562466485,47.0546961907259,47.0581410301711,47.0592103414926
Turkmenistan,TKM,"Foreign direct investment, net inflows (% of GDP)",BX.KLT.DINV.WD.GD.ZS,6.18552665782493,3.78088241730494,5.17229951232728,5.16047701696434,7.11222302125938,6.75922962962963,6.62635738831615,22.5235632084151,16.0841101892421,11.6000011402509,8.90000000898042,7.30000002103605,8.8000010883235,8.49997845154391,6.73339600135868,6.25428099410887,6.17076671493352,6.24118562289562,5.25123989729465,4.8884551850333,2.49053286789766
Turkmenistan,TKM,Poverty headcount ratio at $3.00 a day (2021 PPP) (% of population),SI.POV.DDAY,..,..,..,..,..,..,..,..,..,..,..,..,..,..,..,..,..,..,..,..,..
Turkmenistan,TKM,GDP per capita (current US$),NY.GDP.PCAP.CD,935.540801478466,1228.94870289404,1379.23009682692,1604.01618452312,1996.59310717308,2414.96071986964,3605.50395120549,3707.97850699617,4058.53937000739,5143.61929334647,6053.8748468749,6599.64529055481,7164.14536184006,5759.497903834,5238.00827202546,5125.54920055808,3911.98557297865,4365.1152919542,3935.37749365223,3713.20113171765,5198.18947409551
Turkmenistan,TKM,Access to electricity (% of population),EG.ELC.ACCS.ZS,99.6,99.6,99.5,99.5,99.8,99.6,99.6,99.7,100,99.8,99.9,99.9,100,100,100,100,100,99.9,100,100,100
Turks and Caicos Islands,TCA,GDP growth (annual %),NY.GDP.MKTP.KD.ZG,..,..,..,..,..,..,8.27189312486149,-19.5502467595022,0.984924853810682,4.62049892978239,-2.66655562053364,1.07088049554032,8.71129580824217,11.3148293929929,7.25118627570265,74.5879880544188,6.75264845178367,4.98170549382992,-33.8170973434652,29.6293781722414,14.0871234168153
Turks and Caicos Islands,TCA,"Inflation, consumer prices (annual %)",FP.CPI.TOTL.ZG,..,..,..,..,..,..,..,..,..,..,..,..,..,..,..,..,..,..,..,..,..
Turks and Caicos Islands,TCA,"Life expectancy at birth, total (years)",SP.DYN.LE00.IN,74.843,75.262,75.63,75.954,76.197,76.427,76.084,76.672,76.784,76.87,76.969,77.1,77.212,77.321,77.437,77.505,77.596,77.691,77.499,77.234,77.918
Turks and Caicos Islands,TCA,"Government expenditure on education, total (% of GDP)",SE.XPD.TOTL.GD.ZS,5.06913995742798,4.72877979278565,..,2.54099988937378,..,..,..,..,..,3.16663368961357,2.69749326490282,2.80478695053816,2.74654631561921,3.09093999862671,2.90744573120893,2.47278207606746,2.7437698841095,2.12170004844665,2.46213795190062,3.27759003639221,2.77640008926392
Turks and Caicos Islands,TCA,Individuals using the Internet (% of population),IT.NET.USER.ZS,..,..,..,..,..,..,..,..,..,..,..,..,..,..,..,..,..,..,..,..,..
Turks and Caicos Islands,TCA,Current health expenditure (% of GDP),SH.XPD.CHEX.GD.ZS,..,..,..,..,..,..,..,..,..,..,..,..,..,..,..,..,..,..,..,..,..
Turks and Caicos Islands,TCA,"Unemployment, total (% of total labor force) (national estimate)",SL.UEM.TOTL.NE.ZS,6.182,7.766,9.858,8.035,7.447,5.427,8.299,..,..,..,..,..,..,..,..,..,..,..,..,..,..
Turks and Caicos Islands,TCA,"School enrollment, primary (% gross)",SE.PRM.ENRR,103.838676452637,85.6196823120117,95.791862487793,95.3198776245117,..,..,..,104.898399353027,..,..,..,..,97.2804107666016,93.802102210946,..,107.507820646507,129.213485717773,119.198606271777,122.129144851658,119.731262207031,120.817047119141
Turks and Caicos Islands,TCA,"Agriculture, forestry, and fishing, value added (% of GDP)",NV.AGR.TOTL.ZS,1.08173289967301,1.28001315912783,1.28338455531603,1.14828449459065,0.972514567632394,0.898524867806953,0.568806190911156,0.70082027828026,0.611251215804586,0.552233193070452,0.515940483737729,0.531547685236666,0.513482576403009,0.411861920068554,0.367779794655588,0.377058294197292,0.342988703741605,0.296536471507569,0.437506192923027,0.355127019982062,0.433018459416548
Turks and Caicos Islands,TCA,Urban population (% of total population),SP.URB.TOTL.IN.ZS,86.0142597030394,86.671565520254,87.3041883072325,87.908436065312,88.4806167958296,89.0170385001222,89.5140091795268,89.9678368353804,90.3748294690201,90.7312950817828,91.0352667584286,91.3168927865286,91.5971200472541,91.8737937193851,92.1466904484552,92.4155868799755,92.6802596594323,92.9404854322845,93.1960408439605,93.4467025398547,93.6922471653237
Turks and Caicos Islands,TCA,"Foreign direct investment, net inflows (% of GDP)",BX.KLT.DINV.WD.GD.ZS,..,..,..,..,..,..,..,..,..,..,..,..,-7.26872638131726,-6.48146945952513,1.38011010932735,1.84213469921316,3.21281809957781,1.96536835982091,3.31220825207674,2.3203583782398,2.44052271812869
Turks and Caicos Islands,TCA,Poverty headcount ratio at $3.00 a day (2021 PPP) (% of population),SI.POV.DDAY,..,..,..,..,..,..,..,..,..,..,..,..,..,..,..,..,..,..,..,..,..
Turks and Caicos Islands,TCA,GDP per capita (current US$),NY.GDP.PCAP.CD,17803.9471767733,18859.1890274773,21246.00980049,24122.3028180757,28734.2873064523,29443.8523030072,31453.8228752689,24596.8938015951,23093.8498268267,27327.4006354146,25923.6156503875,25653.819867471,27292.5820256776,29457.0140691162,31373.5612684327,30014.2309523213,31625.616593277,31780.5217068989,20690.9160546118,27329.2885087196,31280.5418020808
Turks and Caicos Islands,TCA,Access to electricity (% of population),EG.ELC.ACCS.ZS,95.2,95.4,95.7,96,96.2,96.6,96.9,100,100,100,93.1,100,100,100,100,100,100,100,99.4,100,99.9
Tuvalu,TUV,GDP growth (annual %),NY.GDP.MKTP.KD.ZG,8.31734087106138,-4.35078593434982,-1.88813964522959,-3.74664896498648,1.30103846348952,6.90547330117343,6.57919977159274,-5.61992222980298,-2.46826250374198,7.52010985962886,-2.8527626821171,3.80502330116951,1.66722583350807,9.37896384662504,4.77650497336539,3.26802914033142,1.38668386152332,13.4465048163198,-3.03030303030303,0,-10.9375
Tuvalu,TUV,"Inflation, consumer prices (annual %)",FP.CPI.TOTL.ZG,..,..,..,..,..,..,..,..,..,0.5005807431527,..,..,..,..,..,..,..,..,..,..,..
Tuvalu,TUV,"Life expectancy at birth, total (years)",SP.DYN.LE00.IN,63.825,63.897,63.989,64.096,64.247,64.402,64.516,64.693,64.834,64.96,65.079,65.171,65.278,65.365,65.51,65.683,65.871,66.109,66.357,65.824,66.852
Tuvalu,TUV,"Government expenditure on education, total (% of GDP)",SE.XPD.TOTL.GD.ZS,..,..,..,..,..,..,..,..,..,..,..,..,..,..,..,..,..,..,14.5482776139014,15.5155119679441,13.7621912480198
Tuvalu,TUV,Individuals using the Internet (% of population),IT.NET.USER.ZS,6.3,6.9,7.6,8.300000191,9.100000381,10,11.19999981,12.80000019,14.60000038,16.5,18.70000076,21.20000076,24.10000038,27.29999924,31,35.20000076,..,..,..,..,..
Tuvalu,TUV,Current health expenditure (% of GDP),SH.XPD.CHEX.GD.ZS,11.83691788,13.70337105,9.33149719,10.06694317,12.17554379,10.45884991,10.33977222,13.0113821,16.21352577,14.74390411,13.87374306,13.80392075,14.52762222,13.44188595,18.32539177,24.45763206,18.42199898,22.22294044,17.88715363,18.57411194,21.28792
Tuvalu,TUV,"Unemployment, total (% of total labor force) (national estimate)",SL.UEM.TOTL.NE.ZS,6.526,..,..,..,..,..,..,..,5.525,..,..,..,..,..,8.489,26.553,..,..,..,..,7.318
Tuvalu,TUV,"School enrollment, primary (% gross)",SE.PRM.ENRR,90.4795532226562,94.1836013793945,97.9079513549805,101.186317443848,102.600143432617,..,..,..,..,..,..,..,103.576751117735,105.26706231454,100,..,94.9784774780273,96.4860907759883,102.034664657121,113.292117465224,110.604870384918
Tuvalu,TUV,"Agriculture, forestry, and fishing, value added (% of GDP)",NV.AGR.TOTL.ZS,16.1369528449126,16.1830837599592,17.5855684418957,19.4873131908721,21.5004730662448,22.0038866596124,21.1910405214949,23.5276986707214,26.2526592133255,25.5213358263488,19.8429043536568,18.9401127073419,18.2998089541933,15.940855929328,..,..,..,..,..,..,..
Tuvalu,TUV,Urban population (% of total population),SP.URB.TOTL.IN.ZS,46.7435481854875,47.4986511586165,48.4012126478499,49.4209790930126,50.5229861226256,51.6722693652096,52.8338644492855,53.9728070033742,55.0541326559964,56.0428770356731,56.8964903305448,57.6314336806359,58.2999596618832,58.9148502652344,59.4744768348285,59.9531274910912,60.5596409590777,61.2406529218636,61.9212610534937,62.6098296425994,63.3065768081154
Tuvalu,TUV,"Foreign direct investment, net inflows (% of GDP)",BX.KLT.DINV.WD.GD.ZS,-0.0587724556098604,-0.0560298235361852,-0.0511250358461142,-0.0499734537812019,-0.043594920721361,-0.0387208225772853,5.3406464444253,6.28714512515329,1.40394280483796,-0.300230898812277,3.40514233110323,0.869283616097776,0.776333879956053,0.816209023681338,0.726284247807996,0.662414580900645,0.622275097378807,0.558327535090909,0.191195394736842,0.323763417463415,0.368603912205128
Tuvalu,TUV,Poverty headcount ratio at $3.00 a day (2021 PPP) (% of population),SI.POV.DDAY,..,..,..,..,..,..,..,..,9,..,..,..,..,..,..,..,..,..,..,..,..
Tuvalu,TUV,GDP per capita (current US$),NY.GDP.PCAP.CD,1729.16968588975,2020.10103886055,2330.77403351989,2298.44257265761,2413.97836453913,2803.75365477849,3062.00125965971,2662.42865634448,3054.96154183353,3679.5325726267,3558.89749224226,3524.00277634143,3518.13249227107,3352.66722400181,3779.15293916285,4166.79162422818,4467.21144027065,5058.85266607659,5029.57159284173,6042.51983141155,5414.74642912412
Tuvalu,TUV,Access to electricity (% of population),EG.ELC.ACCS.ZS,94.6,95.1,95.3,95.5,95.7,96.7,96.2,96.5,96.7,97,97.7,97.6,97.9,98.1,97.3,98.7,99,99.7,99.4,99.7,100
Uganda,UGA,GDP growth (annual %),NY.GDP.MKTP.KD.ZG,8.73268576440127,6.47325867166543,6.80723334361883,6.33256511623156,10.7847443857453,8.41242596551071,8.70875190154499,6.80151734860395,5.63761163749757,9.3916554927176,3.83745560605229,3.58690582623025,5.10630732539796,5.18785986002466,4.78100029254482,3.13140551723596,6.30392378262997,6.43874503276439,2.95130642218098,3.53658034070898,4.58802192181773
Uganda,UGA,"Inflation, consumer prices (annual %)",FP.CPI.TOTL.ZG,-0.287508511765196,8.68047651566884,3.72128743978228,8.44872642299532,7.31067613561864,6.1385108328505,12.0508555482886,13.0172561889185,3.97655288478168,16.5643496174515,12.6790377224659,4.90520875694557,3.07570668958641,5.58968606251725,5.70637504616212,5.20971705914209,2.61601190952274,2.867588034469,3.31332289544502,2.20457204757414,7.1957888597581
Uganda,UGA,"Life expectancy at birth, total (years)",SP.DYN.LE00.IN,51.443,52.414,53.699,54.926,56.118,57.248,58.253,59.157,59.959,60.791,61.579,62.353,63.057,63.831,64.494,65.174,65.775,66.354,66.41,66.45,67.675
Uganda,UGA,"Government expenditure on education, total (% of GDP)",SE.XPD.TOTL.GD.ZS,..,..,4.95237016677856,..,..,..,..,..,1.72739994525909,2.29890990257263,1.79746997356415,1.87114000320435,1.91472005844116,2.32152009010315,2.13789010047913,2.25362992286682,2.13052010536194,2.30828081242322,2.57222181308255,2.63593612308533,2.56105027176925
Uganda,UGA,Individuals using the Internet (% of population),IT.NET.USER.ZS,0.384093504951945,0.464849840113968,0.719970679914031,1.742200017,2.52940011,3.67196535074744,3.880000114,4.099999905,4.300000191,4.599999905,4.800000191,5.099999905,5.400000095,5.699999809,5.9,7.417900085,9.326299667,11.72579956,7.4,10,9.636899948
Uganda,UGA,Current health expenditure (% of GDP),SH.XPD.CHEX.GD.ZS,4.77136898,4.2991581,4.70022202,5.80516291,6.463305,6.11309004,5.45474958,5.78845549,6.80890226,6.6959095,6.10853958,5.78252411,5.33653069,4.99643135,5.01553297,3.99852037,4.02153397,3.79341364,5.23865509,5.47374916,4.45071125
Uganda,UGA,"Unemployment, total (% of total labor force) (national estimate)",SL.UEM.TOTL.NE.ZS,3.5,3.602,..,1.9,..,..,..,3.6,1.401,0.881,3.551,1.914,1.566,..,..,3.428,..,2.563,..,3.416,..
Uganda,UGA,"School enrollment, primary (% gross)",SE.PRM.ENRR,135.938568115234,136.626251220703,127.906692504883,121.473258972168,120.099899291992,119.325012207031,122.437309265137,123.943656921387,121.312210083008,113.871620178223,113.70002746582,112.329948425293,..,104.249229431152,106.540283203125,106.169578552246,..,..,..,..,..
Uganda,UGA,"Agriculture, forestry, and fishing, value added (% of GDP)",NV.AGR.TOTL.ZS,23.4334280026675,24.5070225774825,21.6703526422179,25.0749361336647,24.0349329838703,22.2781136788689,21.3845985625607,34.872859937466,32.8680090776536,28.9692474777902,27.177257747558,26.0303237402959,24.8199759353437,23.4723696930371,22.6603227869887,23.4588353827426,23.2502935412734,22.9455088065564,23.9290337205103,23.8418038272172,24.0117220529553
Uganda,UGA,Urban population (% of total population),SP.URB.TOTL.IN.ZS,12.202793574555,12.5904136719317,13.1221118400615,13.7907239496723,14.5851520274647,15.494298100139,16.5070641943955,17.6123523369348,18.7990645544572,20.0561028736631,21.372369321253,22.7367659239271,24.1938503391826,24.9777856560427,25.6953567134098,26.4139260579546,27.1280475018884,27.8369781799403,28.5399752271502,29.2362957789022,29.9251969709665
Uganda,UGA,"Foreign direct investment, net inflows (% of GDP)",BX.KLT.DINV.WD.GD.ZS,2.98852729237692,3.06033199910157,3.72085072270846,4.11082611076276,6.45705802026041,6.65659725038112,5.04737190164171,3.3491615513943,2.03900471067451,3.2086060344385,4.41438584859015,3.79031709675384,3.24589612959273,2.27760507458345,2.1425304891559,2.61088918011351,3.20512810607337,3.68569218154174,3.16881317773755,4.06673785760736,6.48067616265599
Uganda,UGA,Poverty headcount ratio at $3.00 a day (2021 PPP) (% of population),SI.POV.DDAY,78.6,..,..,72.4,..,..,..,63.5,..,..,56.2,..,..,..,60.1,..,..,59.8,..,..,..
Uganda,UGA,GDP per capita (current US$),NY.GDP.PCAP.CD,241.984688408335,250.71543664681,292.38185796262,330.405402707025,346.518255310647,401.389130865581,472.842681495852,798.947089938247,823.488144282,835.620060555838,795.222867553127,818.285427416713,896.054795546394,862.934610355811,752.696571725656,765.218332297361,792.16570022814,822.171150036357,845.766463890124,882.791717542504,963.067314117178
Uganda,UGA,Access to electricity (% of population),EG.ELC.ACCS.ZS,7.8,10.5,11.6,8.9,9,14.8,15.9,10,12.1,14.6,20.5,13.9,20.4,18.5,26.7,32.4,41.9,41.3,42.1,45.2,47.1
Ukraine,UKR,GDP growth (annual %),NY.GDP.MKTP.KD.ZG,5.33964720719075,9.51660986436364,11.7953525281136,3.07123039245209,7.57142076322967,8.21584445165715,2.24349159628288,-15.1364679101502,4.09200436668087,5.44528081048476,0.152314967200653,0.045439094492707,-10.0788949840953,-9.7729872128676,2.44098194492067,2.35997228099491,3.48836234022659,3.19950386354134,-3.75281793983162,3.44562065945944,-28.7585842155085
Ukraine,UKR,"Inflation, consumer prices (annual %)",FP.CPI.TOTL.ZG,0.75742084639286,5.17967781908315,9.04806786050888,13.5695764909248,9.05252491133248,12.8387796190181,25.226461707384,15.8811924594476,9.37293105078978,7.95572466274652,0.568727971803862,-0.238948626045407,12.0718562874251,48.6998646434424,13.9127101997797,14.4383227488749,10.9518559353178,7.88671745611133,2.73249209419427,9.36313917695223,20.1836366617478
Ukraine,UKR,"Life expectancy at birth, total (years)",SP.DYN.LE00.IN,67.699,67.638,67.472,67.517,67.49,67.715,68.262,69.159,70.188,70.711,71.09,71.474,71.803,72.686,73.389,73.993,73.569,73.92,73.283,71.631,72.658
Ukraine,UKR,"Government expenditure on education, total (% of GDP)",SE.XPD.TOTL.GD.ZS,5.24006986618042,5.4001898765564,5.12376022338867,5.84819984436035,5.97945976257324,5.90244007110596,6.15242004394531,7.05074977874756,..,5.93769979476929,6.44267988204956,6.41987991333008,5.87491989135742,5.33951727495092,5.00976991653442,5.41706991195679,5.3199200630188,5.44129991531372,5.38230991363525,5.14010000228882,..
Ukraine,UKR,Individuals using the Internet (% of population),IT.NET.USER.ZS,1.87388511643427,3.14812758815439,3.4894778812677,3.749799967,4.50612456357379,6.55,11,17.9,23.3,28.7082628400713,35.27,40.954128997,46.2359754571651,48.8846436813218,53.0009695981884,58.8894794459775,62.5531553933869,70.1248442995263,75.03790912,79.21829353,80.47429657
Ukraine,UKR,Current health expenditure (% of GDP),SH.XPD.CHEX.GD.ZS,5.99220037,6.54574108,6.16856956,6.3461585,6.4171896,6.01776791,5.49754429,6.60991716,6.81387615,6.81669855,7.11789227,6.94358015,7.19506168,7.78352833,7.55205393,7.44610357,7.52051353,7.09389353,7.56217051,8.2027483,..
Ukraine,UKR,"Unemployment, total (% of total labor force) (national estimate)",SL.UEM.TOTL.NE.ZS,9.629,9.057,8.59,7.18,6.81,6.351,6.363,8.84,8.1,7.856,7.529,7.17,9.27,9.14,9.35,9.5,8.799,8.194,9.475,9.834,..
Ukraine,UKR,"School enrollment, primary (% gross)",SE.PRM.ENRR,127.055168151855,99.2439193725586,98.8630523681641,109.224052429199,103.984046936035,102.665367126465,101.713829040527,100.661819458008,100.067630734888,98.9314565375041,97.1419917645414,96.3140767527901,95.4720427707137,87.8509930688999,87.4091952779085,88.2140898931621,88.5728806539141,90.6809653278847,91.1122134493007,91.1487047246428,92.7711634493634
Ukraine,UKR,"Agriculture, forestry, and fishing, value added (% of GDP)",NV.AGR.TOTL.ZS,12.6032510741528,10.4995403003371,10.4370371199069,8.87530749467009,7.23906141043294,6.28300133403275,6.53540152136768,6.90539595920772,7.40220509822994,8.15022183877887,7.76131248389414,8.69230562102956,10.1546081548161,12.0593761063371,11.7257009089167,10.1776550393512,10.1395331070229,8.96518101437243,9.31015109807472,10.8857721063269,8.57297627041519
Ukraine,UKR,Urban population (% of total population),SP.URB.TOTL.IN.ZS,67.2672733350904,67.419679868405,67.5970968423685,67.8136046317755,68.0293347798948,68.2102322372037,68.3752085755346,68.5251442249547,68.637397133357,68.7234299826222,68.8241983107739,68.9326288082226,69.0554339301313,69.1587317201337,69.2102241609089,69.2633108489282,69.3157992777909,69.3527648708735,69.3839100516745,69.4027032653896,69.42345912103
Ukraine,UKR,"Foreign direct investment, net inflows (% of GDP)",BX.KLT.DINV.WD.GD.ZS,1.57657070830023,2.73791628490563,2.55131815944331,8.7495509827803,5.00872538573992,6.8531805098082,5.68814936936009,3.9234187670663,4.56840018285092,4.256089748054,4.47720109403357,2.36694390135139,0.634438528402592,-0.217508398305494,4.42178946686191,3.28306130596563,3.80086991777664,3.76649676088543,0.194103193490519,3.98166133947207,0.136428578229067
Ukraine,UKR,Poverty headcount ratio at $3.00 a day (2021 PPP) (% of population),SI.POV.DDAY,6.3,3.2,2.8,1.1,0.7,0.5,0.1,0.3,0.1,0.1,0.1,0.1,0,0.3,0.2,0.1,0.2,0.2,0,..,..
Ukraine,UKR,GDP per capita (current US$),NY.GDP.PCAP.CD,903.011901855469,1076.48156738281,1401.01806640625,1875.33508300781,2366.494140625,3160.32763671875,4017.806640625,2607.08764648438,3039.63232421875,3656.69799804688,3951.34228515625,4129.89697265625,3054.908203125,2094.47387695313,2158.46118164063,2604.28759765625,3059.0517578125,3619.86157226563,3709.76928710938,4775.94580078125,4199.6708984375
Ukraine,UKR,Access to electricity (% of population),EG.ELC.ACCS.ZS,99.3,99.3,99.4,99.9,99.5,99.8,99.8,99.9,100,100,99.9,100,100,100,100,100,100,100,100,100,100
United Arab Emirates,ARE,GDP growth (annual %),NY.GDP.MKTP.KD.ZG,2.43337487237925,8.80057809996346,9.56652626277928,4.85513657996815,9.83727922860218,3.18441281459761,3.19181235452885,-5.2429219073683,1.60285004336325,6.73651167897515,4.68325642918792,4.9184505919085,4.63291785879667,7.08766622657654,5.65790147196586,-1.06137114472548,1.53720634021511,1.27129120536284,-8.69343363776639,4.55280140106356,7.51452414254605
United Arab Emirates,ARE,"Inflation, consumer prices (annual %)",FP.CPI.TOTL.ZG,..,..,..,..,..,..,12.2504202448139,1.5618131744907,0.877983288285867,0.87734659568512,0.662268900269009,1.1011183637571,2.34626865671643,4.06996608361593,1.61748808904198,1.96682557818842,3.06863379251997,-1.93108114782173,-2.07940317940944,0.179935336174431,5.29122604376849
United Arab Emirates,ARE,"Life expectancy at birth, total (years)",SP.DYN.LE00.IN,78.721,79.6,80.272,80.779,81.155,81.438,81.591,81.679,81.886,81.898,81.913,81.95,81.99,82.076,82.195,82.388,82.449,82.596,81.936,79.083,80.487
United Arab Emirates,ARE,"Government expenditure on education, total (% of GDP)",SE.XPD.TOTL.GD.ZS,..,..,..,..,..,..,..,..,..,..,..,..,..,..,..,..,..,3.86019992828369,3.98417997360229,3.89404010772705,..
United Arab Emirates,ARE,Individuals using the Internet (% of population),IT.NET.USER.ZS,28.3164853110439,29.4779534120864,30.1312961695367,40,52,61,63,64,68,78,84.9999915049492,88,90.4000107121939,90.5,90.6000073180483,94.8199225383446,98.4500017817194,99.1499979561243,100,100,100
United Arab Emirates,ARE,Current health expenditure (% of GDP),SH.XPD.CHEX.GD.ZS,2.71770859,2.64634395,2.46225643,2.3202107,2.3254137,2.56602693,2.92857623,4.05000162,3.74433136,3.56666398,3.33596373,3.50222182,3.53405499,3.46609354,3.89580107,4.00854969,4.09854221,4.40291262,5.82477045,5.30494308,4.56536388
United Arab Emirates,ARE,"Unemployment, total (% of total labor force) (national estimate)",SL.UEM.TOTL.NE.ZS,..,..,..,3.118,..,..,4.007,..,..,..,..,..,..,..,1.636,2.462,2.236,2.331,4.294,3.105,2.872
United Arab Emirates,ARE,"School enrollment, primary (% gross)",SE.PRM.ENRR,118.775428771973,117.259651184082,110.694122314453,105.719909667969,100.258071899414,..,..,..,..,..,..,..,..,..,..,..,105.675358079069,107.533197014116,108.069803864287,106.652834923572,107.287431527388
United Arab Emirates,ARE,"Agriculture, forestry, and fishing, value added (% of GDP)",NV.AGR.TOTL.ZS,2.20343142455223,1.92764969241608,1.6654481417792,1.39543999107146,1.09428885881102,0.976706775849298,0.827305489980101,1.03685999938512,0.732325154252682,0.65018165697003,0.627730308351473,0.631291108343877,0.625619164911727,0.716283676441238,0.740828105142589,0.753711714951803,0.705621193856789,0.734600479758574,0.96297291257111,0.890366137304479,0.740907378602023
United Arab Emirates,ARE,Urban population (% of total population),SP.URB.TOTL.IN.ZS,80.2705602850306,80.8489432668434,81.4729199268812,82.2122832763517,82.5588968646829,82.758608500318,82.9658963549658,83.1701992996163,83.3714299144178,83.5695007795347,83.7643244751488,83.9558135814626,84.1438806787019,84.3284383471193,84.5093991669984,84.686675718659,84.8601805824625,85.0298263388195,85.1955255681984,85.3571908511355,85.5147347682487
United Arab Emirates,ARE,"Foreign direct investment, net inflows (% of GDP)",BX.KLT.DINV.WD.GD.ZS,0.0867814534864356,3.42265945986557,6.76715762322028,6.03481604158141,5.76543776330766,5.50043939000967,1.60487460713893,0.447367365846913,2.85854098227163,1.93886244385384,2.43554180804761,2.3838227555723,2.60546090290076,2.23861341413826,2.51620120421066,2.5669608321193,2.35729206588897,4.11928554446951,5.56735667729859,4.89230595097426,4.44591398367961
United Arab Emirates,ARE,Poverty headcount ratio at $3.00 a day (2021 PPP) (% of population),SI.POV.DDAY,..,..,..,..,..,..,..,..,..,..,..,0,..,..,..,..,0,..,..,..,..
United Arab Emirates,ARE,GDP per capita (current US$),NY.GDP.PCAP.CD,27753.5810466782,29659.5710296993,33376.6880534412,38719.3138285388,44342.603055045,45854.7352436978,50054.1700685968,37803.0663737818,44795.2846234991,51921.8890746408,53141.6251661086,53247.2278745159,52725.2307981936,44910.3458860776,42721.1136110991,43733.6242018215,47135.3478795605,45938.6084572227,37991.738387966,44118.4936214315,50759.7590190204
United Arab Emirates,ARE,Access to electricity (% of population),EG.ELC.ACCS.ZS,100,100,100,100,100,100,100,100,100,100,100,100,100,100,100,100,100,100,100,100,100
United Kingdom,GBR,GDP growth (annual %),NY.GDP.MKTP.KD.ZG,1.70902736258567,3.21851612669614,2.32601853325993,2.7906547174688,2.18982132415704,2.93091133582351,-0.0494116727402769,-4.58740819226323,2.26054460931586,0.851437739020326,1.52826034721852,1.71846961308464,3.16017351468152,2.14040560033371,2.20652020635357,3.02322219840339,1.55133095078786,1.25629899760824,-10.047896637362,8.5431118453255,5.14970388522993
United Kingdom,GBR,"Inflation, consumer prices (annual %)",FP.CPI.TOTL.ZG,1.52040245947455,1.37650038542013,1.39039756680422,2.0891364902507,2.4556616643929,2.38656150773327,3.52140856342539,1.96173173560109,2.49265472467065,3.8561124468282,2.5732347965453,2.29166666666659,1.45112016293279,0.36804684232536,1.0084173681141,2.55775577557747,2.29283990345938,1.73810460086513,0.989486703772491,2.51837109614213,7.92204883147902
United Kingdom,GBR,"Life expectancy at birth, total (years)",SP.DYN.LE00.IN,78.1439024390244,78.4463414634146,78.7463414634146,79.0487804878049,79.2487804878049,79.4487804878049,79.6,80.0512195121951,80.4024390243902,80.9512195121951,80.9048780487805,81.0048780487805,81.3048780487805,80.9560975609756,81.1560975609756,81.2560975609756,81.2560975609756,81.3691219512195,80.331756097561,80.6473170731707,81.0112195121951
United Kingdom,GBR,"Government expenditure on education, total (% of GDP)",SE.XPD.TOTL.GD.ZS,4.61190986633301,4.8012900352478,4.73555994033813,4.92975997924805,4.97648000717163,4.9244499206543,4.90972995758057,5.06263017654419,5.69868993759155,5.57219982147217,..,5.52529001235962,5.60134983062744,5.55453014373779,5.42795991897583,5.45254993438721,5.20438003540039,5.26116991043091,5.43936014175415,5.90681982040405,..
United Kingdom,GBR,Individuals using the Internet (% of population),IT.NET.USER.ZS,56.48,64.82,65.61,70,68.82,75.09,78.39,83.56,85,85.3799985496322,87.4799984242111,89.8441,91.6133009176453,92.0002998740234,94.7758006318882,90.4245504868553,90.692008988783,92.5166285497138,94.81820132,96.19650269,95.46530151
United Kingdom,GBR,Current health expenditure (% of GDP),SH.XPD.CHEX.GD.ZS,7.85946798,8.05214596,8.32219028,8.38108349,8.53970814,8.76035309,9.03295708,9.83944035,9.78799534,9.79682636,9.89332199,9.99087143,9.97686195,9.94044876,9.87085724,9.70468903,9.79496574,9.97954082,12.10388088,12.08347321,11.09679794
United Kingdom,GBR,"Unemployment, total (% of total labor force) (national estimate)",SL.UEM.TOTL.NE.ZS,5.037,4.807,4.594,4.884,5.472,5.399,5.748,7.683,7.973,8.195,8.279,7.752,6.398,5.552,4.909,4.501,4.145,3.657,4.518,4.864,3.768
United Kingdom,GBR,"School enrollment, primary (% gross)",SE.PRM.ENRR,100.692192077637,100.598121643066,105.93807220459,105.804710388184,104.354072570801,103.104919433594,105.741943359375,105.421241760254,105.673240661621,105.026260375977,105.805061340332,105.356399536133,100.012603759766,100.21656036377,100.397789001465,100.803619384766,101.355537414551,101.944190979004,102.265762329102,102.243896484375,102.48095703125
United Kingdom,GBR,"Agriculture, forestry, and fishing, value added (% of GDP)",NV.AGR.TOTL.ZS,0.899764449050179,0.831206604029142,0.741442331384033,0.547158772249259,0.575070361550119,0.553318266269432,0.669821878060213,0.680900728162344,0.565712301782542,0.704214809469773,0.62478654917094,0.640890919985333,0.737947357586346,0.633552833586443,0.590496095532871,0.606135163563991,0.563097756036101,0.576929649470186,0.683760683760684,0.698210493866494,0.681106058275464
United Kingdom,GBR,Urban population (% of total population),SP.URB.TOTL.IN.ZS,80.1146062677742,80.2331593332802,80.3423284929998,80.4455938127627,80.5464353583991,80.6483331957387,80.7547673906116,80.8692180088478,80.995165116277,81.1359685592627,81.2905667759508,81.4573768694887,81.6355750750722,81.8243772295647,82.0229991698295,82.23065673273,82.4465657551295,82.6699420738913,82.9000015258789,82.9886431523641,83.0753982997505
United Kingdom,GBR,"Foreign direct investment, net inflows (% of GDP)",BX.KLT.DINV.WD.GD.ZS,5.01305498138785,1.74707721568844,3.58303251413023,9.90268786448172,7.4878491502754,6.74831602886359,8.60551599075423,0.598804602454409,2.67286674184503,1.00957357920277,1.71895853790766,1.94762104828418,1.90870445734316,1.53903424150931,11.9998637298189,4.64443540147576,-0.864867036878713,0.688204352262878,5.77039185007421,3.20643815254935,2.91635435189931
United Kingdom,GBR,Poverty headcount ratio at $3.00 a day (2021 PPP) (% of population),SI.POV.DDAY,0.3,0.3,0.3,0.3,0.3,0.3,0.4,0.4,0.3,0.3,0.4,0.2,0.4,0.3,0.4,0.4,0.4,0.4,0.5,0.4,..
United Kingdom,GBR,GDP per capita (current US$),NY.GDP.PCAP.CD,30158.7017807858,34556.7726095905,40504.4118103928,42240.2462987547,44695.161023424,50629.0799172887,47652.4030691881,39009.3715547821,39778.3220528565,42295.9273835322,42688.3263728372,43607.6636827371,47746.9810645521,45256.040227057,41258.5374285695,40918.0520870944,43704.3162296687,43160.6843971799,40815.1255364787,47695.6491523474,47034.7795621476
United Kingdom,GBR,Access to electricity (% of population),EG.ELC.ACCS.ZS,100,100,100,100,100,100,100,100,100,100,100,100,100,100,100,100,100,100,100,100,100
United States,USA,GDP growth (annual %),NY.GDP.MKTP.KD.ZG,1.70044733078285,2.79560596378604,3.84777169267127,3.48354993710312,2.78453963674239,2.0038583039496,0.113587247501258,-2.5765002366652,2.69519258673525,1.56440685205419,2.28911339009767,2.11783009443471,2.52381981757846,2.94555045227337,1.81945147909089,2.45762230126449,2.96650506701943,2.58382533052225,-2.081375977796,6.15202247867526,2.52421385073222
United States,USA,"Inflation, consumer prices (annual %)",FP.CPI.TOTL.ZG,1.58603162650601,2.27009497336115,2.67723669309172,3.3927468454955,3.22594410070404,2.85267248150138,3.839100296651,-0.355546266299747,1.6400434423899,3.156841568622,2.06933726526067,1.46483265562717,1.62222297740817,0.118627135552451,1.26158320570536,2.13011000365961,2.44258329692817,1.81221007526021,1.23358439630629,4.69785886363742,8.00279982052121
United States,USA,"Life expectancy at birth, total (years)",SP.DYN.LE00.IN,76.9365853658537,77.0365853658537,77.4878048780488,77.4878048780488,77.6878048780488,77.9878048780488,78.0390243902439,78.390243902439,78.5414634146342,78.6414634146341,78.7414634146342,78.7414634146342,78.8414634146341,78.690243902439,78.5390243902439,78.5390243902439,78.6390243902439,78.7878048780488,76.9804878048781,76.3292682926829,77.4341463414634
United States,USA,"Government expenditure on education, total (% of GDP)",SE.XPD.TOTL.GD.ZS,..,..,..,..,..,..,..,..,..,..,..,..,..,4.93064022064209,4.78327989578247,5.09296989440918,4.89502000808716,4.95746994018555,5.39530992507935,5.42038011550903,..
United States,USA,Individuals using the Internet (% of population),IT.NET.USER.ZS,58.7854038836952,61.6971171244207,64.7582564759896,67.9681015,68.93119812,75,74,71,71.69,69.7294607619268,74.7,71.4,73,74.5542024462761,85.5444212887222,87.2748891687657,88.498903165152,89.4302848575712,90.34470367,91.2684021,92.72850037
United States,USA,Current health expenditure (% of GDP),SH.XPD.CHEX.GD.ZS,13.99535275,14.50557518,14.55123138,14.57946205,14.70878792,14.91832542,15.20723629,16.20067596,16.19722366,16.14000511,16.11975479,15.95227051,16.1415844,16.40155411,16.69203949,16.63827515,16.51312637,16.54486084,18.51597404,17.35207748,16.52875137
United States,USA,"Unemployment, total (% of total labor force) (national estimate)",SL.UEM.TOTL.NE.ZS,5.783,5.989,5.529,5.084,4.623,4.622,5.784,9.254,9.633,8.949,8.069,7.375,6.168,5.28,4.869,4.355,3.896,3.669,8.055,5.349,3.65
United States,USA,"School enrollment, primary (% gross)",SE.PRM.ENRR,..,..,..,101.8740234375,..,..,..,..,..,..,..,99.455436706543,99.6733779907227,100.299911499023,101.362861633301,101.821441650391,101.256561279297,100.981300354004,100.305793762207,98.3054885864258,96.9717330932617
United States,USA,"Agriculture, forestry, and fishing, value added (% of GDP)",NV.AGR.TOTL.ZS,0.973712301131986,1.1210468251509,1.26548334003973,1.15050675283148,1.00948747512139,1.07512389607238,1.05300030562235,0.960285754997542,1.02943688973818,1.20055880447177,1.14932980065793,1.31815003575389,1.16824049198161,1.02890409132672,0.937140437714336,0.940362226343714,0.898498260790929,0.83262086291437,0.934873150907349,0.942961672907101,..
United States,USA,Urban population (% of total population),SP.URB.TOTL.IN.ZS,79.5461039768657,79.7773350255284,79.9960936968363,80.1961581748464,80.3713066436159,80.5153172872016,80.6219682896606,80.6850378350499,80.6997744673366,80.6957554256024,80.6837493386238,80.660889281215,80.6242231779766,80.5707989535091,80.4976645324131,80.4018678392891,80.2804567987377,80.1304793353594,79.997451762548,80.0074765140272,80.0324978239707
United States,USA,"Foreign direct investment, net inflows (% of GDP)",BX.KLT.DINV.WD.GD.ZS,1.01613965201918,1.0221840098809,1.74869094348654,1.09166231632209,2.16033590475335,2.39469075656401,2.30937838146355,1.11260018343609,1.75453192115262,1.68911235141732,1.54020833064168,1.70686814034716,1.43033863092168,2.79548220201356,2.52268117379751,1.94177554246862,1.03945408799819,1.46696501417689,0.641236014628299,2.01451214498067,1.60006208497274
United States,USA,Poverty headcount ratio at $3.00 a day (2021 PPP) (% of population),SI.POV.DDAY,0.9,1,1.1,1,1.1,1,1.1,1,1.1,1.1,1.1,1.1,1.3,1.2,1.2,1.3,1.1,1,0.4,0.3,1.4
United States,USA,GDP per capita (current US$),NY.GDP.PCAP.CD,37997.7424300242,39490.3023903176,41724.6411982614,44123.3996470026,46301.9876485519,48050.227412195,48570.0594269601,47194.9500893872,48642.6312088213,50024.8812320773,51708.3940614082,53297.3862901595,55153.3940182967,56849.4697923159,57976.628204291,60047.7190728307,62875.6661382728,65227.9565911038,64465.2971415748,71441.2319805947,78008.6895811877
United States,USA,Access to electricity (% of population),EG.ELC.ACCS.ZS,100,100,100,100,100,100,100,100,100,100,100,100,100,100,100,100,100,100,100,100,100
Uruguay,URY,GDP growth (annual %),NY.GDP.MKTP.KD.ZG,-7.73200721540044,0.805283915893824,5.00416035564457,7.4601321302473,4.09857735445401,6.54151084504817,7.17614466455107,4.24349419462426,7.8034096507169,5.16213302463606,3.53817872056869,4.63753862902416,3.23879122952364,0.370741257681345,1.68979822971775,1.74037649141989,0.164777608846705,0.928351027546341,-7.35732706897301,5.84427325018082,4.60623000920732
Uruguay,URY,"Inflation, consumer prices (annual %)",FP.CPI.TOTL.ZG,13.9724725913515,19.3797301743995,9.15760507540997,4.6992773903564,6.39764974385131,8.11464561179313,7.87707374730888,7.06221874388574,6.69870886978132,8.0928320630299,8.09776580573602,8.57513504005397,8.87735333229828,8.66626987079328,9.6394134763508,6.2180938256186,7.60653360377047,7.88198870879619,9.75640636078194,7.74791402314762,9.10437983075437
Uruguay,URY,"Life expectancy at birth, total (years)",SP.DYN.LE00.IN,74.979,75.086,75.319,75.829,75.888,76.15,76.275,76.67,76.691,76.614,76.691,76.953,77.194,77.285,77.351,77.618,77.527,77.503,78.381,75.434,76.468
Uruguay,URY,"Government expenditure on education, total (% of GDP)",SE.XPD.TOTL.GD.ZS,2.32220005989075,2.0682098865509,2.49954009056091,2.71476006507873,2.85664010047913,..,..,..,..,4.14937019348145,4.09353338283242,4.23893022537231,4.26735019683838,4.20636987686157,4.36420011520386,4.41787004470825,4.60361003875732,4.62834978103638,4.55217981338501,4.46211004257202,4.4795298576355
Uruguay,URY,Individuals using the Internet (% of population),IT.NET.USER.ZS,11.4194701966853,15.9371367159756,17.0630983403661,20.0881895579305,29.39999962,34,39.3,41.8,46.4,51.4046610563616,54.453768680746,57.69,61.4624951684405,64.5707870971624,66.40000153,70.3223543994698,80.7268428795854,83.3515337667548,85.47100067,87.64440155,89.87304314
Uruguay,URY,Current health expenditure (% of GDP),SH.XPD.CHEX.GD.ZS,9.64023018,9.57667351,8.26618195,7.72390509,7.70998907,7.46167231,8.09081745,7.91611385,7.87757301,7.91521358,8.03330803,8.0844841,8.038908,8.25703716,8.63852501,8.71702194,8.9001112,9.240695,9.08774948,8.91955471,8.89015961
Uruguay,URY,"Unemployment, total (% of total labor force) (national estimate)",SL.UEM.TOTL.NE.ZS,16.648,16.661,12.98,12.009,10.844,9.403,8.025,7.74,7.158,6.307,6.451,6.444,6.547,7.488,7.841,7.89,8.336,8.836,10.413,9.328,7.877
Uruguay,URY,"School enrollment, primary (% gross)",SE.PRM.ENRR,111.093246459961,111.055969238281,111.088363647461,110.983726501465,111.688217163086,111.181259155273,110.917297363281,110.820098876953,109.976485423214,109.464016342435,108.71352566009,108.655161774964,108.393033302718,108.159318212376,108.082291663033,107.146529019901,105.119927660277,104.354154032747,105.236604559537,107.99080657959,108.822761535645
Uruguay,URY,"Agriculture, forestry, and fishing, value added (% of GDP)",NV.AGR.TOTL.ZS,7.52965904535852,9.63878300629108,10.9967908719866,8.74583674336276,8.91384522998833,8.49936418864264,9.16892403649034,7.88699609562802,7.20206450749149,8.82916199856249,8.12177248512393,7.61620062705491,6.73546217242537,6.13144194290358,6.67871972637662,5.40639556316395,5.82386636841924,6.50279444770078,7.20670354093992,7.73427066102582,6.86639189064101
Uruguay,URY,Urban population (% of total population),SP.URB.TOTL.IN.ZS,91.4886084712534,91.6260094228609,91.8009434091917,92.0812710048572,92.4845482788191,92.9603688038713,93.45975578621,93.9337324320314,94.3333219475319,94.6036824756941,94.7606597546186,94.8844735142936,94.9897821210514,95.0800002298303,95.1585424955685,95.2288235732042,95.2942581176758,95.3479309082031,95.3997650146484,95.4497146606445,95.4977416992188
Uruguay,URY,"Foreign direct investment, net inflows (% of GDP)",BX.KLT.DINV.WD.GD.ZS,1.32180928215272,3.34326299269857,2.57711736584849,4.76089085880271,7.64053554410063,5.70951115694377,6.88302281006264,4.89964589428753,5.22300143125049,5.34359480768242,11.7901578728278,1.60901257578737,6.6430584199945,4.6342339444993,-0.897082488190792,4.13270730118374,2.64222389301977,2.35703298196688,1.81750761000671,8.50404500730576,12.367138051104
Uruguay,URY,Poverty headcount ratio at $3.00 a day (2021 PPP) (% of population),SI.POV.DDAY,1.1,1.5,1.7,1.5,1,0.7,0.4,0.4,0.3,0.2,0.3,0.3,0.2,0.2,0.1,0.1,0.1,0.1,0.3,0.2,0.2
Uruguay,URY,GDP per capita (current US$),NY.GDP.PCAP.CD,4149.76140312687,3671.12329256883,4168.66065438387,5284.25677987129,6001.33294783172,7222.05403645877,9423.96562595893,9881.39573127081,12641.0576849008,15132.2675725587,16259.5940814256,18335.2594772322,18322.4276767157,17125.9016800298,17009.7584207276,19184.6626114272,19249.9404677501,18315.7350377437,15757.5341990356,17881.8119616753,21009.2883798725
Uruguay,URY,Access to electricity (% of population),EG.ELC.ACCS.ZS,97.8,97.9,98,98,98.5,98.7,98.8,99.1,99.3,99.2,99.6,99.6,99.7,99.7,99.7,99.8,99.8,99.9,100,100,100
Uzbekistan,UZB,GDP growth (annual %),NY.GDP.MKTP.KD.ZG,3.97348819235708,4.23262738154382,7.4490006055965,6.95000719569107,7.45141847621767,9.47300530544537,9.02916101784781,8.05093332733964,7.5971679610016,8.12793681625645,7.35682138899483,7.9217749261021,7.71373911707978,7.94477659311639,6.71108022628,4.70027401956061,5.72368380757618,6.79331098484522,1.62162281640448,8.20448512353877,6.08592335737373
Uzbekistan,UZB,"Inflation, consumer prices (annual %)",FP.CPI.TOTL.ZG,..,..,..,..,..,..,..,..,..,13.7797446476602,13.2088026688373,11.8414333622049,9.28309356162695,8.75188196737508,8.130886695236,13.8757425441635,17.5241796514055,14.5257359560687,12.8677297362606,10.8492397508122,11.4466436998836
Uzbekistan,UZB,"Life expectancy at birth, total (years)",SP.DYN.LE00.IN,66.376,66.852,67.203,67.481,67.905,68.483,69.035,69.517,69.836,70.143,70.411,70.692,70.973,71.33,71.58,71.737,71.999,72.093,71.461,71.681,72.147
Uzbekistan,UZB,"Government expenditure on education, total (% of GDP)",SE.XPD.TOTL.GD.ZS,..,..,..,..,..,..,..,..,..,..,..,5.74191999435425,5.71325016021729,5.49444007873535,5.38089990615845,4.48249006271362,4.83589298172277,6.29534678547216,4.44021987915039,4.13580989837646,5.23477171022152
Uzbekistan,UZB,Individuals using the Internet (% of population),IT.NET.USER.ZS,1.08193974248733,1.91259517784997,2.59372542084924,3.34350988825952,6.38832196706805,7.49060468138629,9.0801145234501,11.9,15.89999962,18.6,23.60000038,26.79999924,35.5,42.79999924,46.79130173,48.6999988524556,55.2000006732722,70.3999986481458,71.09999824,76.59043014,83.90000012
Uzbekistan,UZB,Current health expenditure (% of GDP),SH.XPD.CHEX.GD.ZS,5.14164925,5.1882515,4.84063768,4.781991,4.75141335,4.54267979,4.70447445,4.79649639,5.29938841,5.26245499,5.54822111,5.71896601,4.43092394,4.73596573,4.71504498,4.30888557,4.55261564,4.83520985,6.08597755,6.92742586,6.61703825
Uzbekistan,UZB,"Unemployment, total (% of total labor force) (national estimate)",SL.UEM.TOTL.NE.ZS,0.4,0.002,0.005,0.3,0.2,4.99,4.89,5,5.4,5,4.9,4.9,5.1,5.2,5.2,5.8,9.3,9,5.293,..,..
Uzbekistan,UZB,"School enrollment, primary (% gross)",SE.PRM.ENRR,97.9825592041016,97.2714996337891,96.9909362792969,96.85986328125,96.1964797973633,96.3551483154297,96.6052932739258,96.9954833984375,96.5092245610272,95.3840203093902,95.1214838175598,95.4464545934085,96.7769517984519,96.8469627244173,97.6622984985898,98.0486526909282,98.2866521653154,98.2569298360836,98.615310525126,97.9289255849279,93.9099780290139
Uzbekistan,UZB,"Agriculture, forestry, and fishing, value added (% of GDP)",NV.AGR.TOTL.ZS,30.1226812703015,28.4620073141,26.4440094608923,26.3310599495083,25.0794086599227,23.235899255055,19.6896057973097,18.6326849699042,24.0815269392886,26.469076721652,25.9172267873847,24.5690997967973,25.3540246715931,25.7597922930163,25.7139411156526,24.7588478005735,22.962221977009,21.1335355089228,21.5708620304833,21.4018272914351,20.3856963443599
Uzbekistan,UZB,Urban population (% of total population),SP.URB.TOTL.IN.ZS,49.2574592650723,49.9566881481443,50.5696510233382,51.0781236333777,51.4638817209862,51.7087010288873,51.7943572998047,51.6105041503906,51.3321647644043,51.3395500183105,51.3359680175781,51.1276969909668,50.8868713378906,50.6597328186035,50.6572189331055,50.6787376403809,50.5814971923828,50.5920104980469,50.7670402526855,50.9269905090332,50.9847412109375
Uzbekistan,UZB,"Foreign direct investment, net inflows (% of GDP)",BX.KLT.DINV.WD.GD.ZS,0.674044441759953,0.815041487200325,1.46799380148438,1.49216056466347,1.19530557570436,2.99176207276698,1.85438789059302,1.81985173937585,2.99355724160322,2.39605562355834,0.988125260232837,0.836508133232868,0.885698410750819,1.06718996650784,1.69905310280349,2.4880865313219,1.01875982438812,3.30121289679898,2.46444977604592,2.80927561208071,2.81838908878173
Uzbekistan,UZB,Poverty headcount ratio at $3.00 a day (2021 PPP) (% of population),SI.POV.DDAY,93.1,93.3,..,..,..,..,..,..,..,..,..,..,..,..,..,..,..,..,..,4.4,4.4
Uzbekistan,UZB,GDP per capita (current US$),NY.GDP.PCAP.CD,381.409296889283,394.164028897235,462.171492867885,542.835808692209,649.118167003925,824.028192334768,1074.72928796701,1205.7993547038,1956.78127255673,2338.55462817306,2573.95586785056,2781.38869470315,3021.00331668049,3172.89899391083,3128.42307170099,2271.4730109511,1894.09088741408,2128.66067138334,2087.96374711792,2370.36480555669,2698.60262953369
Uzbekistan,UZB,Access to electricity (% of population),EG.ELC.ACCS.ZS,99.7,99.5,99.5,99.4,99.5,99.5,99.5,99.5,99.6,99.7,99.7,99.8,99.8,99.9,99.9,100,100,100,100,99.9,100
Vanuatu,VUT,GDP growth (annual %),NY.GDP.MKTP.KD.ZG,-5.19831875936025,4.28833511695457,3.98739280216959,5.30532647259227,8.46069747205426,2.87589228775376,5.60099182147225,3.03730354099639,1.25886720329254,3.13980290023437,1.01004768692017,0.463390415135436,3.10512947273315,3.50101268962098,3.61980830670927,4.22332192519966,2.51532789491979,3.27677257380314,-5.72530282073851,-1.16332488626091,5.59195729750803
Vanuatu,VUT,"Inflation, consumer prices (annual %)",FP.CPI.TOTL.ZG,1.96356754199195,3.01624129930394,1.41891891891893,1.19920053297801,2.04081632653062,3.93548387096774,4.84171322160149,4.29706572955357,2.76269469477348,0.8737931047811,1.34740362877658,1.45893371757921,0.798863838097023,2.48326875660439,0.842069084035061,3.08452624403546,2.33096379566866,2.76252019386111,5.32935073101715,2.34328358208953,6.67930581887121
Vanuatu,VUT,"Life expectancy at birth, total (years)",SP.DYN.LE00.IN,68.836,68.933,68.985,69.166,69.126,69.144,69.302,69.422,69.57,69.729,69.898,69.986,70.043,70.163,70.397,70.5,70.626,70.783,70.385,69.952,71.302
Vanuatu,VUT,"Government expenditure on education, total (% of GDP)",SE.XPD.TOTL.GD.ZS,8.13197994232178,8.44151020050049,..,..,..,..,5.95150995254517,5.16051006317139,..,..,..,..,5.17257022857666,5.39081001281738,7.67742589514444,4.53353023529053,8.60634669948001,1.77407002449036,2.17358994483948,10.1102406419734,10.7033456499063
Vanuatu,VUT,Individuals using the Internet (% of population),IT.NET.USER.ZS,3.51003871071264,3.90329584542948,4.74660261917533,5.082300186,5.850599766,6.800000191,7.26911992337492,7.5,8,9.199999809,10.59799957,11.30000019,18.79999924,22.35140038,..,..,..,..,..,..,..
Vanuatu,VUT,Current health expenditure (% of GDP),SH.XPD.CHEX.GD.ZS,3.90437746,3.50691938,3.53991532,3.30490398,3.32229328,3.10786796,3.13883376,3.25181413,3.52637076,3.59770703,3.93631458,4.39240074,3.64018846,4.1583128,2.98904061,2.88118052,3.44049001,3.49615431,4.12128973,4.58828115,4.05895281
Vanuatu,VUT,"Unemployment, total (% of total labor force) (national estimate)",SL.UEM.TOTL.NE.ZS,..,..,..,..,8.006,..,..,4.565,1.848,..,..,..,..,..,..,..,..,5.444,4.046,..,..
Vanuatu,VUT,"School enrollment, primary (% gross)",SE.PRM.ENRR,114.861137390137,120.06706237793,118.650260925293,117.433708190918,112.991249084473,114.875457763672,116.41520690918,115.380256652832,122.730741733738,..,..,123.926397496944,..,121.881393432617,..,..,..,125.506535236654,125.124809265137,122.872890234772,118.366532355349
Vanuatu,VUT,"Agriculture, forestry, and fishing, value added (% of GDP)",NV.AGR.TOTL.ZS,24.2661341066397,22.8288874430709,23.5987549935054,22.2744970798183,20.9849622513423,20.9592045067866,20.0140320398243,19.3907393648134,19.5427410917595,20.8591539075539,21.6186956898294,23.1527878171594,25.5565710536183,23.3757039420756,22.5921642623816,22.954961314472,22.8862270194375,22.8278897154211,24.9982962483388,25.570905932076,26.9665542778012
Vanuatu,VUT,Urban population (% of total population),SP.URB.TOTL.IN.ZS,22.2011458912344,22.4641372404641,22.7291073078871,23.0020186653551,23.2888338847199,23.5955155378332,23.9280261965467,24.2861753285463,24.742504119873,24.7861634049013,24.8183551383933,24.8407362750263,24.8549637694775,24.8626945764242,24.8654875642873,24.7644441456437,24.2729727045038,23.5024668917075,22.4186852094794,22.2501822422475,22.2541249733107
Vanuatu,VUT,"Foreign direct investment, net inflows (% of GDP)",BX.KLT.DINV.WD.GD.ZS,5.3932717652808,5.72730354776944,5.4358941630547,3.35516527658254,9.88873620776164,6.61419496414564,6.38080367466041,5.42349577313271,9.40930036151551,7.93578473613464,8.07506480226511,6.87779085112741,1.50891522206548,3.62668783714477,4.861596683834,3.82787242864458,3.63334895201297,4.97857435213258,4.04549044655896,3.93623079389475,0.928493742927241
Vanuatu,VUT,Poverty headcount ratio at $3.00 a day (2021 PPP) (% of population),SI.POV.DDAY,..,..,..,..,..,..,..,..,25.7,..,..,..,..,..,..,..,..,19.5,..,..,..
Vanuatu,VUT,GDP per capita (current US$),NY.GDP.PCAP.CD,1340.71537528287,1566.51396790858,1774.31867585894,1873.99142640619,2034.79289624351,2333.70506748914,2603.60883136724,2546.38324565986,2815.18828985779,3163.1861645138,3004.78416664293,3392.56675091682,3378.36411965135,3214.41948587141,3339.83436471043,3585.31798081216,3626.18862522473,3635.62344878185,3404.30359167624,3576.13770954363,3679.53524327491
Vanuatu,VUT,Access to electricity (% of population),EG.ELC.ACCS.ZS,25.7,27.5,29.2,31,26.4,33.6,36.5,33.3,44.1,42,43.9,31.7,49.1,52.3,57.8,62.8,61.6,64.5,67.3,70,70
"Venezuela, RB",VEN,GDP growth (annual %),NY.GDP.MKTP.KD.ZG,-8.72641509433961,-7.75193798449614,18.2072829131653,10.1895734597156,9.89247311827957,8.80626223091976,5.21582733812949,-3.07692307692308,-1.5873015873016,4.12186379928315,5.67986230636832,1.30293159609121,-3.85852090032154,-6.18729096989966,-17.1122994652406,-15.6989247311828,-19.6428571428571,-27.6190476190476,-29.8245614035088,0.625000000000014,8.07453416149069
"Venezuela, RB",VEN,"Inflation, consumer prices (annual %)",FP.CPI.TOTL.ZG,..,..,..,..,..,..,..,27.080941446613,28.1874647092039,26.0902123160959,21.0689956331876,40.6394275161589,62.1686499794829,121.738085297503,254.948534781816,..,..,..,..,..,..
"Venezuela, RB",VEN,"Life expectancy at birth, total (years)",SP.DYN.LE00.IN,72.823,72.056,72.752,73.075,72.972,73.348,72.578,72.785,73.092,73.09,73.086,73.076,72.837,73.004,72.002,71.903,72.641,72.766,72.369,71.536,72.566
"Venezuela, RB",VEN,"Government expenditure on education, total (% of GDP)",SE.XPD.TOTL.GD.ZS,..,..,..,..,3.66905999183655,3.62732005119324,..,6.87467002868652,..,..,..,..,..,..,..,..,..,..,..,..,..
"Venezuela, RB",VEN,Individuals using the Internet (% of population),IT.NET.USER.ZS,4.91044632720325,7.49996346522407,8.40446959241215,12.5529979098299,15.2247114771787,20.83,25.88,32.7,37.37,40.22,49.0500830729861,54.90000153,57,58,60,..,..,49.05009842,72.44110107,74.11219788,75.82180023
"Venezuela, RB",VEN,Current health expenditure (% of GDP),SH.XPD.CHEX.GD.ZS,..,..,..,..,..,..,..,..,..,..,..,..,..,..,..,..,2.41691327,2.18563724,4.11615133,4.1022191,4.55045986
"Venezuela, RB",VEN,"Unemployment, total (% of total labor force) (national estimate)",SL.UEM.TOTL.NE.ZS,16.171,16.779,..,10.663,8.606,7.279,6.245,6.097,7.112,6.902,6.601,..,..,..,5.319,5.045,..,..,7.526,..,..
"Venezuela, RB",VEN,"School enrollment, primary (% gross)",SE.PRM.ENRR,104.676307678223,102.77710723877,102.658088684082,102.275398254395,102.063499450684,103.891387939453,101.032890319824,101.235862731934,100.685157775879,100.664756774902,100.787887573242,101.162292480469,100.276649475098,99.8761825561523,97.506591796875,95.0507202148438,..,..,..,..,109.259559631348
"Venezuela, RB",VEN,"Agriculture, forestry, and fishing, value added (% of GDP)",NV.AGR.TOTL.ZS,0,0,0,0,0,0,0,0,0,0,..,..,..,..,..,..,..,..,..,..,..
"Venezuela, RB",VEN,Urban population (% of total population),SP.URB.TOTL.IN.ZS,88.4553810951083,88.522274342774,88.5835546444319,88.638673298371,88.6870816028803,88.7282308562487,88.7615723567652,88.7865574027187,88.8026372923982,88.8079278904659,88.8401868543141,88.8786817039721,88.9163913525251,88.9539804079292,88.9914428378712,89.0287726100378,89.0659636921159,89.1030100517924,89.1399056567545,89.1766444746891,89.2132204732836
"Venezuela, RB",VEN,"Foreign direct investment, net inflows (% of GDP)",BX.KLT.DINV.WD.GD.ZS,0.819216932585212,1.88111477594963,1.32412757366554,1.68369269808689,0.107915126446007,1.89178854425804,0.659274461280102,-0.344767329112459,0.402601927997842,1.85002511047875,1.3408754748511,0.829747443727892,0.528303191797945,2.36008093597098,1.40507091871539,-0.257997767399151,0.609881197528909,0.77245293562574,3.51090433021444,2.14254073533861,2.63893293757608
"Venezuela, RB",VEN,Poverty headcount ratio at $3.00 a day (2021 PPP) (% of population),SI.POV.DDAY,22.1,27.1,22.8,18.1,9.7,..,..,..,..,..,..,..,..,..,..,..,..,..,..,..,..
"Venezuela, RB",VEN,GDP per capita (current US$),NY.GDP.PCAP.CD,3652.09896501865,3229.50557082079,4269.08970872392,5432.4854184654,6739.38065342218,8331.62096991844,11262.4514256759,11596.6021921731,13646.3046622664,10843.9229703167,12582.0125686037,8642.37380007027,7101.15006382986,4096.61989137473,3671.23004093383,3791.63262049576,3421.51341607593,2523.11527549578,1506.04169391285,2004.93572921136,3155.04190923584
"Venezuela, RB",VEN,Access to electricity (% of population),EG.ELC.ACCS.ZS,99.8,95.7,99.1,98.8,99.3,98.9,98.9,99,99.1,98.8,99.3,99.4,100,100,99.4,99.2,99.9,99.8,99.9,100,100
Viet Nam,VNM,GDP growth (annual %),NY.GDP.MKTP.KD.ZG,6.32082099160833,6.89906349055258,7.53641060890386,7.54724772895918,6.97795481056711,7.12950448605439,5.66177120891362,5.39789754014181,6.42324482239482,6.41316889681683,5.5045447041189,5.55351081026072,6.42224312118567,6.98715430598611,6.69000892660424,6.94019037359206,7.46500685572751,7.35926270105006,2.86541320912272,2.55372852648131,8.53750041218142
Viet Nam,VNM,"Inflation, consumer prices (annual %)",FP.CPI.TOTL.ZG,3.83082838168468,3.23464817293925,7.75494748709606,8.28457243128667,7.41801715108469,8.34444889773847,23.1154483474477,6.71698269988631,9.20746648778413,18.6777322770706,9.09470339557193,6.59267475899192,4.08455446637625,0.631200905175685,2.66824816969082,3.52025688811618,3.53962805942641,2.79582367452244,3.22093436652515,1.83471554810462,3.15650749963112
Viet Nam,VNM,"Life expectancy at birth, total (years)",SP.DYN.LE00.IN,73.138,73.236,73.062,73.198,73.293,73.385,73.455,73.525,73.611,73.713,73.762,73.821,73.886,73.955,73.984,74.026,74.1,74.211,75.383,74.145,74.502
Viet Nam,VNM,"Government expenditure on education, total (% of GDP)",SE.XPD.TOTL.GD.ZS,..,..,..,..,..,..,4.8867301940918,4.81650018692017,4.04594993591309,3.7802300453186,4.40817022323608,4.52833986282349,3.54012312110584,3.41660449674943,3.46906995773315,3.41865686539527,3.29537010192871,3.08499832693462,3.21652900152514,2.94517488804327,2.88738689372749
Viet Nam,VNM,Individuals using the Internet (% of population),IT.NET.USER.ZS,1.85499923592581,3.78028081370641,7.64240852842363,12.7399292907031,17.2545617186662,20.7554447679753,23.92,26.55,30.65,35.07,36.79999924,38.5,41,45,53,58.1400000036297,69.8479286837965,68.6615802057338,70.30000012,74.20999985,78.58999918
Viet Nam,VNM,Current health expenditure (% of GDP),SH.XPD.CHEX.GD.ZS,3.87075853,3.94229889,4.08791971,4.31821251,4.56979847,4.62917614,4.36028337,4.48502922,5.07146072,4.97468519,5.00178242,4.41233158,4.69078779,4.71140909,4.86994743,4.99014759,5.02678823,4.97407484,4.33219814,4.53792429,4.53809595
Viet Nam,VNM,"Unemployment, total (% of total labor force) (national estimate)",SL.UEM.TOTL.NE.ZS,2.123,2.253,2.142,..,..,2.026,..,1.737,1.114,0.999,1.027,1.316,1.256,1.848,1.848,1.874,1.161,1.681,2.103,2.383,1.57
Viet Nam,VNM,"School enrollment, primary (% gross)",SE.PRM.ENRR,109.35701751709,107.77010345459,106.744956970215,104.89729309082,103.91251373291,102.282257080078,100.98104095459,100.057693481445,100.919677734375,101.384051611447,102.054953695526,102.262367182756,103.083557760139,103.278372065069,105.947597481197,104.437659436385,104.190504718464,103.337272102979,102.847744602601,103.391282723881,104.129392785949
Viet Nam,VNM,"Agriculture, forestry, and fishing, value added (% of GDP)",NV.AGR.TOTL.ZS,23.0294421776834,22.5424367056108,21.8076993514673,19.2999788840494,18.7267854535521,18.655099701709,20.4131439246507,19.1684598670425,15.3750906872381,16.2591484896283,16.199507640393,15.2156122465127,14.8803489262722,14.4747261789547,13.8182553730866,12.9298794852362,12.3066684310428,11.7845285540387,12.6554035685556,12.6030904652745,11.8802998248459
Viet Nam,VNM,Urban population (% of total population),SP.URB.TOTL.IN.ZS,25.5540925665659,26.1745407830283,26.8021001307977,27.4285898187702,28.0458290558422,28.6456370509099,29.2198330128693,29.7581347355675,30.2504027258526,30.6996041680996,31.1222779403029,31.5334201724543,31.9480269945454,32.3810945365679,32.8476189285136,33.3625963003742,33.9410227821412,34.6239134999511,35.5706676299742,36.6540656426603,37.5478515625
Viet Nam,VNM,"Foreign direct investment, net inflows (% of GDP)",BX.KLT.DINV.WD.GD.ZS,3.99268705133996,3.66601229989583,3.54408107288199,3.39040363930871,3.61600090432522,8.65471771434805,9.6630390545572,7.16881988884276,5.4347392933443,4.30487434902161,4.27832287681174,4.16454517277325,3.94086189051961,4.93190773329022,4.90089302916746,5.01148721749681,4.99828319622328,4.821074861051,4.55836196782424,4.27314566190187,4.32947308910883
Viet Nam,VNM,Poverty headcount ratio at $3.00 a day (2021 PPP) (% of population),SI.POV.DDAY,43.3,..,30.9,..,23.7,..,17.6,..,5.2,..,3.7,..,3.4,..,2.5,..,2.2,..,1.3,..,1.6
Viet Nam,VNM,GDP per capita (current US$),NY.GDP.PCAP.CD,445.132861817313,497.117089249256,565.452284586212,710.746759994861,807.756645117054,925.640338348717,1163.83195772873,1226.16976051536,1683.16182443979,1950.92504174913,2185.11767654291,2359.51736472828,2546.38464459903,2577.56885340113,2735.0604380416,2956.10992127753,3222.31003125366,3440.90025375434,3534.03953482647,3704.1935590038,4147.69777213621
Viet Nam,VNM,Access to electricity (% of population),EG.ELC.ACCS.ZS,89.1,90.3,91,96.1,96,93.1,93.8,96.1,97.4,99,97.9,98.5,99.2,99.3,99.2,100,100,99.4,99.8,100,100
Virgin Islands (U.S.),VIR,GDP growth (annual %),NY.GDP.MKTP.KD.ZG,..,-0.396080883885759,3.28589367936377,3.4853090172239,3.50499314666143,4.01059402194477,1.21862495452891,-6.59478885893981,0.596383224317051,-8.20424555364315,-14.8125,-6.28515529469308,-1.77453027139875,-0.425079702444208,1.6008537886873,-0.735294117647058,1.87830687830687,2.90833549727343,-1.61493817814787,3.66760707873814,-1.31123206333498
Virgin Islands (U.S.),VIR,"Inflation, consumer prices (annual %)",FP.CPI.TOTL.ZG,..,..,..,..,..,..,..,..,..,..,..,..,..,..,..,..,..,..,..,..,..
Virgin Islands (U.S.),VIR,"Life expectancy at birth, total (years)",SP.DYN.LE00.IN,77.5219512195122,77.5219512195122,77.7731707317073,77.4219512195122,78.3243902439024,76.8634146341463,77.1634146341463,77.5146341463415,77.8658536585366,78.3170731707317,78.5170731707317,78.7170731707317,78.8682926829268,79.0170731707317,79.1682926829268,79.3682926829268,79.5195121951219,79.6682926829268,79.819512195122,80.0682926829268,80.319512195122
Virgin Islands (U.S.),VIR,"Government expenditure on education, total (% of GDP)",SE.XPD.TOTL.GD.ZS,..,..,..,..,..,..,..,..,..,..,..,..,..,..,..,..,..,..,..,..,..
Virgin Islands (U.S.),VIR,Individuals using the Internet (% of population),IT.NET.USER.ZS,27.4944323774436,27.4290729887632,27.3770087880198,27.3443196733265,27.3326105376325,27.3393358364014,27.3617774210613,27.3965096846662,31.22,35.6,40.5479,45.3,50.07,54.839137296,59.60831579895,64.3774942980087,..,..,..,..,..
Virgin Islands (U.S.),VIR,Current health expenditure (% of GDP),SH.XPD.CHEX.GD.ZS,..,..,..,..,..,..,..,..,..,..,..,..,..,..,..,..,..,..,..,..,..
Virgin Islands (U.S.),VIR,"Unemployment, total (% of total labor force) (national estimate)",SL.UEM.TOTL.NE.ZS,..,..,..,..,..,..,..,..,..,..,..,..,..,..,..,..,..,..,..,..,..
Virgin Islands (U.S.),VIR,"School enrollment, primary (% gross)",SE.PRM.ENRR,..,..,..,..,..,..,..,..,..,..,..,..,..,..,..,..,..,..,..,..,..
Virgin Islands (U.S.),VIR,"Agriculture, forestry, and fishing, value added (% of GDP)",NV.AGR.TOTL.ZS,..,..,..,..,..,..,..,..,..,..,..,..,..,..,..,..,..,..,..,..,..
Virgin Islands (U.S.),VIR,Urban population (% of total population),SP.URB.TOTL.IN.ZS,93.2191674762441,93.4773224233974,93.7071483863705,93.9100783822029,94.0875454279337,94.2409825406024,94.3718227372483,94.4814990349105,94.5724392667003,94.6553578863453,94.7353591077883,94.8105958193224,94.8797070702488,94.9413319098685,94.9941093874829,95.0366785523929,95.0676784538999,95.0857481413049,95.0974024521293,95.1604310610968,95.2171514724412
Virgin Islands (U.S.),VIR,"Foreign direct investment, net inflows (% of GDP)",BX.KLT.DINV.WD.GD.ZS,..,..,..,..,..,..,..,..,..,..,..,..,..,..,..,..,..,..,..,..,..
Virgin Islands (U.S.),VIR,Poverty headcount ratio at $3.00 a day (2021 PPP) (% of population),SI.POV.DDAY,..,..,..,..,..,..,..,..,..,..,..,..,..,..,..,..,..,..,..,..,..
Virgin Islands (U.S.),VIR,GDP per capita (current US$),NY.GDP.PCAP.CD,30062.0225050457,31731.2566241187,35006.3614404514,40828.7460927775,41377.1466009652,44158.5054044325,39152.3750657306,38753.1825393897,39905.1284180994,38997.1373164651,37795.3192590675,34597.9766940328,33045.3643795999,34007.3529411765,35324.9748874586,35365.0693039774,36663.2087550584,38633.5298915336,39787.3741650202,42571.0777368471,44320.909185774
Virgin Islands (U.S.),VIR,Access to electricity (% of population),EG.ELC.ACCS.ZS,100,100,100,100,100,100,100,100,100,100,100,100,100,100,100,100,100,100,100,100,100
West Bank and Gaza,PSE,GDP growth (annual %),NY.GDP.MKTP.KD.ZG,-12.4883821798129,14.0156476793996,21.9244861205987,11.2906511829271,-0.996556103477076,3.78828152085981,7.42918225547835,8.59349087893864,5.77736205629419,9.60080848913594,6.09645656326154,4.69856986552234,-0.157866650855297,3.72129967114788,8.86461881995935,1.41936756294787,1.22707737782703,1.36268746558062,-11.3184661065134,7.01198227592003,4.08276027347105
West Bank and Gaza,PSE,"Inflation, consumer prices (annual %)",FP.CPI.TOTL.ZG,5.70951585976626,4.40303221730888,3.00417498638593,4.10725070715931,3.84234125624782,1.85974379351111,9.88999788691849,2.75393485083151,3.74915727597096,2.8772435849594,2.77908768282492,1.72439933626931,1.73298510037447,1.43161145810476,-0.219106604907316,0.212570934228881,-0.195107773730735,1.58018333639455,-0.735332001092191,1.23748102831369,3.74122391852077
West Bank and Gaza,PSE,"Life expectancy at birth, total (years)",SP.DYN.LE00.IN,70.88,70.967,71.094,72.004,71.831,72.064,72.204,72.306,73.302,73.557,73.722,74.14,72.781,74.577,74.917,75.216,75.38,75.811,74.998,73.89,76.662
West Bank and Gaza,PSE,"Government expenditure on education, total (% of GDP)",SE.XPD.TOTL.GD.ZS,..,..,..,..,..,..,..,..,6.19167995452881,5.33527994155884,4.74210977554321,4.89467000961304,..,4.66321992874146,4.98296022415161,4.72153997421265,..,..,..,5.43442010879517,..
West Bank and Gaza,PSE,Individuals using the Internet (% of population),IT.NET.USER.ZS,3.10009223512517,4.13061635632919,4.40090482603223,16.00499916,18.41,21.1760006,24.3579998,32.23,37.40000153,41.08000183,43.4,46.59999847,53.6651997924171,56.70000076,59.90000153,63.29999924,64.3999937114499,70.6225837001758,76.18160248,..,88.64690554
West Bank and Gaza,PSE,Current health expenditure (% of GDP),SH.XPD.CHEX.GD.ZS,11.04674053,9.55897141,11.37928772,10.99557114,10.50240231,9.58784008,10.52610016,10.76468372,9.10499382,11.34622478,10.30110455,10.44874382,9.92015553,9.28473282,9.0039854,9.1223526,9.65617657,9.18576908,10.27610207,10.4347353,9.70613861
West Bank and Gaza,PSE,"Unemployment, total (% of total labor force) (national estimate)",SL.UEM.TOTL.NE.ZS,27.465,23.004,23.215,20.016,19.014,18.282,22.913,20.452,21.416,17.597,19.202,19.894,20.526,23.005,23.939,25.677,26.256,25.34,25.895,26.39,24.42
West Bank and Gaza,PSE,"School enrollment, primary (% gross)",SE.PRM.ENRR,97.2542495727539,96.5637435913086,93.6227035522461,92.9911575317383,91.143928527832,90.8438262939453,91.2150421142578,91.4870910644531,92.4950752375136,93.2215373459028,94.7061306249874,94.7726406972161,96.0595015055566,96.3706500890533,96.5069849798254,97.5735629387144,96.5580534271123,95.6166576244839,94.653084809438,92.7029909386815,91.451637200506
West Bank and Gaza,PSE,"Agriculture, forestry, and fishing, value added (% of GDP)",NV.AGR.TOTL.ZS,8.0319478035885,6.98084677419355,11.1403184810237,8.98999161090193,11.3867958042743,8.92583867806111,10.1280367695338,10.0213957975191,9.00273717915612,8.34249649118102,8.10589430228367,7.59868299359994,7.83505007255338,7.40889181529301,7.60382722941306,7.0405505952381,7.3596451347333,7.05401698427058,7.10160510439939,6.31674857805511,5.74521927421669
West Bank and Gaza,PSE,Urban population (% of total population),SP.URB.TOTL.IN.ZS,75.4978748965208,77.2865026687292,78.9926422349822,80.5172240645229,81.7611786265942,82.596126313073,83.0979098899913,83.5050344815957,83.8853491139676,84.2340950604341,84.5465135943222,84.8178459889593,85.0433335176723,85.2182174537886,85.3377390706351,85.3782255354,85.5351131070872,85.8136174183656,86.0741183743925,86.334956387337,86.5961423216016
West Bank and Gaza,PSE,"Foreign direct investment, net inflows (% of GDP)",BX.KLT.DINV.WD.GD.ZS,0.265481748129816,0.324395161290323,0.445786535161087,0.707064400959869,0.347548940784922,0.33694998022594,0.70458524841322,3.7160419011341,1.85860711452246,2.13515604683715,0.515918270255689,1.40253913684002,1.14163752860063,0.751035803856381,1.92447798073354,1.14056698202946,1.29446294401352,0.769720046510608,0.513433766585376,1.95194132723981,1.62179695015304
West Bank and Gaza,PSE,Poverty headcount ratio at $3.00 a day (2021 PPP) (% of population),SI.POV.DDAY,..,..,1.8,1.3,0.5,2.9,..,0.6,0.6,0.4,..,..,..,..,1.4,..,..,..,..,..,..
West Bank and Gaza,PSE,GDP per capita (current US$),NY.GDP.PCAP.CD,1156.21747345769,1257.69857009689,1422.19088643544,1543.70141392774,1570.10439962728,1664.24571669276,2035.20234121766,2191.78178736868,2557.07562356699,2880.79843707909,3067.43872735614,3315.29753909282,3352.11259506043,3272.15432360708,3527.61382413178,3620.36048715937,3562.33094270256,3656.85827137011,3233.56863835858,3678.63565662194,3799.95527015163
West Bank and Gaza,PSE,Access to electricity (% of population),EG.ELC.ACCS.ZS,99.2,99.1,99.5,99.6,99.7,98.8,99.8,99.9,99.9,99.7,99.8,99.9,99.9,99.9,100,99.9,100,100,100,100,100
"Yemen, Rep.",YEM,GDP growth (annual %),NY.GDP.MKTP.KD.ZG,3.9352315052778,3.74739818489111,3.972696401183,5.59174807563268,3.17040935922364,3.33842795605096,3.64756947012633,3.86622951587742,7.70128607527964,-12.7148969035133,2.39299021364694,4.82351908493912,-0.188690241954504,-27.9945462502541,-9.37512379736752,-5.07179568062152,0.752447592962554,..,..,..,..
"Yemen, Rep.",YEM,"Inflation, consumer prices (annual %)",FP.CPI.TOTL.ZG,12.2385339389711,10.8323607023242,12.5150951495207,11.8112639374949,10.8447986914257,7.9051177898873,18.9762574318076,5.40776098077522,11.1748338605044,19.5435617131144,9.88538714484871,10.9684421500198,8.10472583623915,..,..,..,..,..,..,..,..
"Yemen, Rep.",YEM,"Life expectancy at birth, total (years)",SP.DYN.LE00.IN,63.807,64.407,64.881,65.356,65.8,66.23,66.609,66.905,67.223,67.412,67.569,67.961,68.003,66.761,67.105,67.12,65.915,66.567,66.435,66.019,67.952
"Yemen, Rep.",YEM,"Government expenditure on education, total (% of GDP)",SE.XPD.TOTL.GD.ZS,..,..,..,..,..,..,5.15144014358521,..,..,..,..,..,..,..,..,..,..,..,..,..,..
"Yemen, Rep.",YEM,Individuals using the Internet (% of population),IT.NET.USER.ZS,0.518796032123435,0.604734100431821,0.881222988679516,1.048599958,1.24782404904485,5.01,6.89,9.96,12.35,14.90499973,17.44650078,20,22.54999924,24.08539963,24.57920074,..,..,17.49099922,..,..,..
"Yemen, Rep.",YEM,Current health expenditure (% of GDP),SH.XPD.CHEX.GD.ZS,4.83237982,5.75758314,5.5144043,5.20585251,5.52930164,5.82077599,5.76191616,5.98619986,5.15932894,4.7695322,5.19593525,4.96083164,5.8377471,6.49017286,7.71249437,8.14723873,9.08948231,10.97374439,11.6478138,9.44125366,8.81763458
"Yemen, Rep.",YEM,"Unemployment, total (% of total labor force) (national estimate)",SL.UEM.TOTL.NE.ZS,..,..,16.233,16.05,15.701,15.333,14.971,14.627,17.821,..,..,..,13.467,..,..,..,..,..,..,..,..
"Yemen, Rep.",YEM,"School enrollment, primary (% gross)",SE.PRM.ENRR,71.0542984008789,74.3863296508789,77.4495697021484,79.4165573120117,..,..,77.9195938110352,..,77.8557586669922,80.8095016479492,79.963249206543,82.0730895996094,..,..,76.9753799438477,..,..,..,..,..,..
"Yemen, Rep.",YEM,"Agriculture, forestry, and fishing, value added (% of GDP)",NV.AGR.TOTL.ZS,14.3141488130768,13.7449719708526,12.4153666524933,11.0932421339435,10.70558242967,10.419289027741,10.1968587173722,10.0190704935917,9.87370902755356,9.75264427533183,16.9903322750241,17.6849846837323,17.6765738204232,20.2059373997207,25.0909130885165,26.9610663621827,28.7451403146812,..,..,..,..
"Yemen, Rep.",YEM,Urban population (% of total population),SP.URB.TOTL.IN.ZS,27.5777619268614,28.0277061455611,28.4506523754813,28.8523786558834,29.2379493450977,29.6091538946366,29.9646637170333,30.3031502248211,30.6232848305331,30.9237389467026,31.2031839858628,31.4427187944215,31.8626162180918,32.3883178702702,32.9512008005236,33.5586912522175,34.2106045810864,34.9067561732024,35.7025604580302,36.0704951256305,36.3226310308295
"Yemen, Rep.",YEM,"Foreign direct investment, net inflows (% of GDP)",BX.KLT.DINV.WD.GD.ZS,1.06889926368752,-0.756584613746177,1.03534601615477,-1.80531053584597,5.88029989730047,4.23684804102557,5.7769623200871,0.51412085018398,0.610357927076417,-1.58233916831705,-0.0402221829314871,-0.330496410064222,-0.539237328374498,-0.0363882528160336,-1.79131212045889,-1.00531889341895,-1.30563839823089,..,..,..,..
"Yemen, Rep.",YEM,Poverty headcount ratio at $3.00 a day (2021 PPP) (% of population),SI.POV.DDAY,..,..,..,22.5,..,..,..,..,..,..,..,..,33.3,..,..,..,..,..,..,..,..
"Yemen, Rep.",YEM,GDP per capita (current US$),NY.GDP.PCAP.CD,513.241486570603,548.905883049973,627.632023395762,734.159908450927,809.713127624703,890.305768114988,1071.63583282105,969.243509864478,1155.20305261418,1186.47500581215,1245.05068272078,1378.75002954928,1430.16420964026,1362.1738120601,975.359417003225,811.165970405745,633.887202451545,..,..,..,..
"Yemen, Rep.",YEM,Access to electricity (% of population),EG.ELC.ACCS.ZS,51.5,52.6,49.6,54.8,55.8,57.2,58.4,59.6,60.8,62,52.4,75.6,66.1,67.4,68.9,79.2,62,72.8,73.9,74.9,76
Zambia,ZMB,GDP growth (annual %),NY.GDP.MKTP.KD.ZG,4.50601428032604,6.94497398221223,7.03239511515218,7.23559900655543,7.90369444480079,8.35243624447406,7.77389581542363,9.2203484058663,10.2982233241213,5.56925219263019,7.59738104901994,5.05753695047252,4.69328316376705,2.92037511217961,3.75510031678988,3.52586277149926,4.03449389667165,1.44130602603785,-2.78505506545167,6.23492204726448,5.21122360356247
Zambia,ZMB,"Inflation, consumer prices (annual %)",FP.CPI.TOTL.ZG,22.2333446430947,21.4015783901995,17.9677891087286,18.324439701174,9.01957247226486,10.6573496000153,12.4455793463192,13.3952546325895,8.50176133365265,6.4293968107234,6.57589970757698,6.97767605490307,7.80687553566333,10.1105928909618,17.8697300795268,6.57731154205644,7.4945719272852,9.15031644316296,15.7330604721369,22.0207676245777,10.9932039209136
Zambia,ZMB,"Life expectancy at birth, total (years)",SP.DYN.LE00.IN,48.461,49.616,50.54,51.615,52.693,53.73,54.835,55.886,56.896,57.843,58.704,59.445,60.109,60.728,61.129,61.564,62.138,62.914,63.361,62.363,65.279
Zambia,ZMB,"Government expenditure on education, total (% of GDP)",SE.XPD.TOTL.GD.ZS,..,..,2.46342992782593,1.73553001880646,..,1.24075996875763,1.0997200012207,..,3.41600445393739,3.35772272046971,3.69500242842903,3.71820710892018,5.15225706811611,4.62433004379272,3.74792003631592,3.72964000701904,4.73973989486694,4.4182401844799,3.94374100561712,3.11363465307753,3.65884092023983
Zambia,ZMB,Individuals using the Internet (% of population),IT.NET.USER.ZS,0.477750906947484,0.980483039426114,1.1,1.299999952,1.600000024,1.899999976,2.200000048,2.5,3,3.5,4.099999905,4.8,6.5,8.8,10.30000019,12.19999981,14.2999970950012,14.47189999,14.64579964,14.82190037,15
Zambia,ZMB,Current health expenditure (% of GDP),SH.XPD.CHEX.GD.ZS,5.88845205,5.99553585,5.46587515,6.33088684,5.5774231,4.55994081,4.49370766,5.22568512,4.13426876,3.95913363,4.04541731,4.57390451,3.82924223,4.42974281,4.46923161,4.78156233,4.76996708,6.75330257,6.3067441,6.63951397,5.21042967
Zambia,ZMB,"Unemployment, total (% of total labor force) (national estimate)",SL.UEM.TOTL.NE.ZS,..,..,..,15.9,..,..,7.934,..,13.186,..,7.855,..,..,11.888,..,4.529,5.032,5.538,6.032,5.197,5.993
Zambia,ZMB,"School enrollment, primary (% gross)",SE.PRM.ENRR,83.1586837768555,..,102.254737854004,113.556289672852,114.722457885742,115.843597412109,117.088676452637,110.933853149414,109.873668045679,111.4007333775,111.618507192772,105.88755640154,107.06889082465,103.413818253854,99.5715577511118,98.7950035279193,..,..,..,..,..
Zambia,ZMB,"Agriculture, forestry, and fishing, value added (% of GDP)",NV.AGR.TOTL.ZS,15.361429938368,15.6170996158156,15.5809428822284,14.5885513717285,13.2062710587766,12.1055962375597,11.4539997547605,11.5527836333973,9.42094610981773,9.64805782176724,9.32163953570601,8.22652318427817,6.77959785217865,4.98083656431146,6.22847198956029,4.0242711937365,3.34112399209449,2.86077493680796,2.97263384548847,3.00091831533747,3.09401583407622
Zambia,ZMB,Urban population (% of total population),SP.URB.TOTL.IN.ZS,36.0706035730014,36.3858560115875,36.8035881130253,37.2969823813059,37.8392213204204,38.4034874343601,38.9629632271162,39.4908312026796,39.9558857709992,40.3684491825881,40.7698556821596,41.1682266235825,41.5634741658525,41.9555104679652,42.3442476889162,42.7295979877011,43.1114735233156,43.4897864547552,43.8644489410157,44.2353731410926,44.5988511178469
Zambia,ZMB,"Foreign direct investment, net inflows (% of GDP)",BX.KLT.DINV.WD.GD.ZS,7.11494136195091,7.07893144253237,5.85168864010044,4.28403218909524,4.82712872237458,9.41811167277731,5.24050811284723,4.53277977632725,8.53319643791576,4.72516156867912,6.78938124085044,7.48932505567266,5.55542791808588,7.44741668984243,3.16251974813899,4.28050117059574,1.55231886738395,2.3509190433173,1.35190577412928,1.78407846118257,-0.223286755156161
Zambia,ZMB,Poverty headcount ratio at $3.00 a day (2021 PPP) (% of population),SI.POV.DDAY,68,..,68.9,..,72,..,..,..,71.4,..,..,..,..,67.9,..,..,..,..,..,..,71.7
Zambia,ZMB,GDP per capita (current US$),NY.GDP.PCAP.CD,393.864625518616,446.290104839041,548.685974566277,710.982068171696,1051.71714895686,1118.73162626953,1375.50211006997,1136.24168316848,1451.10616017155,1624.86817763443,1710.05061343728,1820.71854827391,1707.48573136694,1295.87788680068,1239.08527877713,1483.46577328065,1463.89997855593,1258.98619844462,951.644316655957,1127.16077872857,1447.12310138035
Zambia,ZMB,Access to electricity (% of population),EG.ELC.ACCS.ZS,17.4,18.5,20.3,23.3,24.1,18.5,25.7,26.6,22,28.3,29.2,30.1,27.9,31.1,35.4,40.3,40.2,43,44.6,46.7,47.8
Zimbabwe,ZWE,GDP growth (annual %),NY.GDP.MKTP.KD.ZG,-8.89401285792752,-16.9950733355763,-5.80753964196205,-5.71112541241364,-3.46140290336963,-3.653250914872,-17.6689987958491,13.2720546167979,19.6754077019323,14.1939156801139,16.6654290410337,1.98948554025198,2.37698561663417,1.77985356392176,0.75579405855224,4.73441117758482,5.00992154297603,-6.33244976028571,-7.81695060188729,8.46801676808001,6.13926327570213
Zimbabwe,ZWE,"Inflation, consumer prices (annual %)",FP.CPI.TOTL.ZG,..,..,..,..,..,..,..,..,3.02267002518892,3.4661297281749,3.72532666110646,1.63495041543822,-0.19778481012661,-2.43096842383404,-1.54366960054161,0.893962316050027,10.6188658669575,255.304990757856,557.201817362051,98.5461050920624,104.705170628667
Zimbabwe,ZWE,"Life expectancy at birth, total (years)",SP.DYN.LE00.IN,45.938,45.373,46.043,46.57,47.056,47.576,48.456,49.75,51.925,53.911,55.386,56.842,58.106,58.989,59.76,60.263,60.906,61.06,61.53,60.135,62.36
Zimbabwe,ZWE,"Government expenditure on education, total (% of GDP)",SE.XPD.TOTL.GD.ZS,..,..,..,..,..,..,..,..,1.54405574575827,..,6.07021391405834,5.99598135667974,6.13835396313315,..,..,..,..,..,..,..,..
Zimbabwe,ZWE,Individuals using the Internet (% of population),IT.NET.USER.ZS,1.1,1.8,2.1,2.400000095,2.400000095,3,3.5,4,6.400000095,8.399999619,12,15.5,16.3647399572904,22.74279976,23.12000084,24.39999962,25,26.5883007,29.29856532,32.5923996,36.25650024
Zimbabwe,ZWE,Current health expenditure (% of GDP),SH.XPD.CHEX.GD.ZS,..,..,..,..,..,..,..,..,10.47575283,8.081707,6.91838741,7.11022186,8.1335125,7.45204067,7.25845575,6.17448902,4.67327976,3.23268151,2.95440102,2.67111874,3.39519501
Zimbabwe,ZWE,"Unemployment, total (% of total labor force) (national estimate)",SL.UEM.TOTL.NE.ZS,..,..,4.394,..,..,..,..,..,..,5.368,11.069,..,4.774,..,..,..,..,7.373,..,9.459,10.001
Zimbabwe,ZWE,"School enrollment, primary (% gross)",SE.PRM.ENRR,111.599563598633,109.804222106934,..,..,..,..,..,..,..,..,100.09812912727,99.1726387639853,98.2478143871674,97.2290747819179,95.7340946958404,94.3341728822186,93.755201992062,93.4270967154238,93.6125855639325,92.7846905815791,93.1659658731937
Zimbabwe,ZWE,"Agriculture, forestry, and fishing, value added (% of GDP)",NV.AGR.TOTL.ZS,12.5684567195934,14.7936480237327,18.0640440733408,17.1493075153041,19.2316519025107,21.1955238679824,19.018786781349,10.7437375591345,9.60967815567222,8.66645403643065,8.04450024819692,7.14500739499758,8.74496936761426,8.28483096141089,7.87358488271703,7.24788152959223,7.31920056282215,22.7056524805476,20.8470510913708,21.4856530160599,17.0612308931471
Zimbabwe,ZWE,Urban population (% of total population),SP.URB.TOTL.IN.ZS,32.5631884166934,32.6003372313948,32.6278168233873,32.6482709722903,32.6640794641194,32.67762208489,32.6912786206175,32.7074288573175,32.7284525810054,32.7567295776968,32.7931752128328,32.9019343169941,33.1628075970801,33.5612641766874,34.0799460726314,34.7014953017273,35.4085538807905,36.1837638266364,37.0097671560802,37.8692058859373,38.7055207169041
Zimbabwe,ZWE,"Foreign direct investment, net inflows (% of GDP)",BX.KLT.DINV.WD.GD.ZS,0.408179346755447,0.0663118401535643,0.149780494103469,1.78526462032736,0.734382888878689,1.30128901270126,1.16794929832503,1.08574826151022,1.01750672670554,2.44028634205117,2.04309866557655,1.95306467023546,2.42393171156853,1.99867322543902,1.66841598492163,0.601908067055593,1.21217684971106,0.748407181444125,0.470490704047012,0.575182174042167,0.826253561026726
Zimbabwe,ZWE,Poverty headcount ratio at $3.00 a day (2021 PPP) (% of population),SI.POV.DDAY,..,..,..,..,..,..,..,..,..,35.7,..,..,..,..,..,44.7,..,49.2,..,..,..
Zimbabwe,ZWE,GDP per capita (current US$),NY.GDP.PCAP.CD,524.936478570323,468.471932927213,469.719298949304,461.271387547912,431.034994414964,413.521244592925,340.917447588572,735.821693871697,902.010759067388,1037.77565157218,1239.22709745709,1362.99498323368,1372.91526173161,1387.12632595026,1408.13945253431,3445.44941020134,2270.89531874302,2184.52155388801,2059.63704025274,2613.6167414057,2536.40197087505
Zimbabwe,ZWE,Access to electricity (% of population),EG.ELC.ACCS.ZS,34.2,35.1,35.6,36.1,37.2,37.2,37.7,43.4,38.9,36.9,44,40.6,32.3,33.7,42.5,44,45.4,46.7,52.7,49,50.1
Austria,AUT,GDP growth (annual %),NY.GDP.MKTP.KD.ZG,1.48436877605324,1.14156504542775,2.56525534067859,2.32036514266782,3.26933601506059,3.77522468729185,1.45330562142114,-3.58626472551299,1.80898243043663,2.92746800169145,0.628246239479637,-0.250726423318454,0.755798850316665,1.30352331826198,2.11721964494312,2.27224992038207,2.48422114080024,1.75497619649288,-6.31825509209936,4.92309171717903,5.33096379400371
Austria,AUT,"Inflation, consumer prices (annual %)",FP.CPI.TOTL.ZG,1.81035787764129,1.35555370896445,2.0612061803287,2.29913785639286,1.44154851119017,2.16855528800757,3.2159503323988,0.506308827696504,1.81353438995062,3.2865791487538,2.48567562177015,2.00015616900597,1.60581182954474,0.89656333526032,0.891591752655362,2.08126911385587,1.99837981429549,1.53089564152644,1.38191063351854,2.7666666666667,8.54686993188458
Austria,AUT,"Life expectancy at birth, total (years)",SP.DYN.LE00.IN,78.6780487804878,78.6317073170732,79.1804878048781,79.3317073170732,79.8804878048781,80.1804878048781,80.4317073170732,80.3317073170732,80.5804878048781,80.9829268292683,80.9365853658537,81.1365853658537,81.490243902439,81.190243902439,81.6414634146342,81.6439024390244,81.6926829268293,81.8951219512195,81.1926829268293,81.190243902439,81.2951219512195
Austria,AUT,"Government expenditure on education, total (% of GDP)",SE.XPD.TOTL.GD.ZS,5.56255006790161,5.39253997802734,5.34223985671997,5.28515005111694,5.26367998123169,5.17918014526367,5.2985200881958,5.76567983627319,5.73625993728638,5.62787008285522,5.51612997055054,5.59404993057251,5.49767017364502,5.49143981933594,5.50954008102417,5.40181016921997,5.25437021255493,5.23678016662598,5.57961988449097,5.48071002960205,5.27749013900757
Austria,AUT,Individuals using the Internet (% of population),IT.NET.USER.ZS,36.56,42.7,54.28,58,63.6,69.37,72.87,73.45,75.17,78.7399930986888,80.0299939169903,80.6188,80.9958249574764,83.9401419315026,84.3237425711653,87.9355865856062,87.4791372262556,87.7522047870069,87.52942813,92.52915104,93.61409139
Austria,AUT,Current health expenditure (% of GDP),SH.XPD.CHEX.GD.ZS,9.59139919,9.69844246,9.81532383,9.71779728,9.64073944,9.60482597,9.83415222,10.31152916,10.31620026,10.1370182,10.30198097,10.40574837,10.51159096,10.51688385,10.51713753,10.57132816,10.5157156,10.62530422,11.41292953,12.185215,11.22519779
Austria,AUT,"Unemployment, total (% of total labor force) (national estimate)",SL.UEM.TOTL.NE.ZS,4.852,4.779,5.969,5.682,5.32,4.909,4.198,5.371,4.883,4.637,4.909,5.367,5.674,5.802,6.064,5.561,4.933,4.56,5.201,6.459,4.992
Austria,AUT,"School enrollment, primary (% gross)",SE.PRM.ENRR,102.810722351074,102.384437561035,102.736419677734,102.08748626709,102.310897827148,102.771659851074,102.266273498535,101.361312866211,100.835540771484,100.558326721191,100.335113525391,100.746078491211,100.970321655273,101.104393005371,100.428077697754,101.104568481445,101.370300292969,101.776290893555,101.560852050781,101.644119262695,100.77562713623
Austria,AUT,"Agriculture, forestry, and fishing, value added (% of GDP)",NV.AGR.TOTL.ZS,1.59223426298384,1.4869307559019,1.4931762753994,1.28239498294254,1.32751796800624,1.46196340335606,1.38504114785417,1.17655306368833,1.29288595990855,1.46130648071081,1.41768134316306,1.27784992108872,1.27555801772568,1.14362854172989,1.14928264077268,1.19990203076681,1.10911414021412,1.04463413653499,1.07138113272871,1.2152388657488,1.34649596457301
Austria,AUT,Urban population (% of total population),SP.URB.TOTL.IN.ZS,66.8887457136458,66.9263574955092,66.9558612872944,66.9797950654143,67.0006968062814,67.0211044863084,67.0435560819078,67.0705895694924,67.1047429254747,67.1484255415056,67.2085909812279,67.2981308784247,67.4154327591781,67.5576175537383,67.7218061923556,67.9051196052802,68.1046787227623,68.3176044750522,68.5410177924001,68.773601700253,68.998085127906
Austria,AUT,"Foreign direct investment, net inflows (% of GDP)",BX.KLT.DINV.WD.GD.ZS,0.0650010498093938,2.37557550248335,1.0640170021225,25.8307026071969,3.14473468828869,17.8058113461032,1.46799597032563,3.58137196898673,-5.64539670207833,5.35812778038962,1.2830027920872,-0.302633479129545,0.389557041234778,-1.80409511056007,-7.23989904197038,3.38180275607348,-6.15119207172195,-2.85255617561831,-2.76332070661681,3.95409878611296,3.0221599256451
Austria,AUT,Poverty headcount ratio at $3.00 a day (2021 PPP) (% of population),SI.POV.DDAY,..,0.4,0.1,0.2,0.1,0.4,0.5,0.7,0.5,0.5,0.7,0.3,0.2,0.7,0.7,0.3,0.6,0.6,0.7,0.5,0.6
Austria,AUT,GDP per capita (current US$),NY.GDP.PCAP.CD,26334.862215032,32110.1159661425,36614.2506533707,38157.37022862,40382.2078298575,46622.9622913635,51581.3982361071,47857.4446635266,46611.1393420232,51116.8953522042,48250.4059142637,50305.3545774973,51314.9722616322,43915.228020857,45061.4993920192,47163.7425775142,51194.0749841299,49885.9947355204,48716.4098900349,53648.6437976214,52336.7725223758
Austria,AUT,Access to electricity (% of population),EG.ELC.ACCS.ZS,100,100,100,100,100,100,100,100,100,100,100,100,100,100,100,100,100,100,100,100,100
,,,,,,,,,,,,,,,,,,,,,,,,
,,,,,,,,,,,,,,,,,,,,,,,,
,,,,,,,,,,,,,,,,,,,,,,,,
Data from database: World Development Indicators,,,,,,,,,,,,,,,,,,,,,,,,
Last Updated: 07/13/2026,,,,,,,,,,,,,,,,,,,,,,,,
